state_id,trial_id,task_id,action_index,snapshot_match,prefix_match,arrival_stream_match,hazard_match,safe_mask_size,effective_set_size
trial_008_ep1_task005,8,5,0,True,True,True,True,28,28
trial_008_ep1_task005,8,5,1,True,True,True,True,28,28
trial_008_ep1_task005,8,5,2,True,True,True,True,28,28
trial_008_ep1_task005,8,5,3,True,True,True,True,28,28
trial_008_ep1_task005,8,5,4,True,True,True,True,28,28
trial_008_ep1_task005,8,5,5,True,True,True,True,28,28
trial_008_ep1_task005,8,5,6,True,True,True,True,28,28
trial_008_ep1_task005,8,5,7,True,True,True,True,28,28
trial_008_ep1_task005,8,5,8,True,True,True,True,28,28
trial_008_ep1_task005,8,5,9,True,True,True,True,28,28
trial_008_ep1_task005,8,5,10,True,True,True,True,28,28
trial_008_ep1_task005,8,5,11,True,True,True,True,28,28
trial_008_ep1_task005,8,5,12,True,True,True,True,28,28
trial_008_ep1_task005,8,5,13,True,True,True,True,28,28
trial_008_ep1_task005,8,5,14,True,True,True,True,28,28
trial_008_ep1_task005,8,5,15,True,True,True,True,28,28
trial_008_ep1_task005,8,5,16,True,True,True,True,28,28
trial_008_ep1_task005,8,5,17,True,True,True,True,28,28
trial_008_ep1_task005,8,5,18,True,True,True,True,28,28
trial_008_ep1_task005,8,5,19,True,True,True,True,28,28
trial_008_ep1_task005,8,5,20,True,True,True,True,28,28
trial_008_ep1_task005,8,5,21,True,True,True,True,28,28
trial_008_ep1_task005,8,5,22,True,True,True,True,28,28
trial_008_ep1_task005,8,5,23,True,True,True,True,28,28
trial_008_ep1_task005,8,5,24,True,True,True,True,28,28
trial_008_ep1_task005,8,5,25,True,True,True,True,28,28
trial_008_ep1_task005,8,5,26,True,True,True,True,28,28
trial_008_ep1_task005,8,5,27,True,True,True,True,28,28
trial_008_ep1_task009,8,9,0,True,True,True,True,28,28
trial_008_ep1_task009,8,9,1,True,True,True,True,28,28
trial_008_ep1_task009,8,9,2,True,True,True,True,28,28
trial_008_ep1_task009,8,9,3,True,True,True,True,28,28
trial_008_ep1_task009,8,9,4,True,True,True,True,28,28
trial_008_ep1_task009,8,9,5,True,True,True,True,28,28
trial_008_ep1_task009,8,9,6,True,True,True,True,28,28
trial_008_ep1_task009,8,9,7,True,True,True,True,28,28
trial_008_ep1_task009,8,9,8,True,True,True,True,28,28
trial_008_ep1_task009,8,9,9,True,True,True,True,28,28
trial_008_ep1_task009,8,9,10,True,True,True,True,28,28
trial_008_ep1_task009,8,9,11,True,True,True,True,28,28
trial_008_ep1_task009,8,9,12,True,True,True,True,28,28
trial_008_ep1_task009,8,9,13,True,True,True,True,28,28
trial_008_ep1_task009,8,9,14,True,True,True,True,28,28
trial_008_ep1_task009,8,9,15,True,True,True,True,28,28
trial_008_ep1_task009,8,9,16,True,True,True,True,28,28
trial_008_ep1_task009,8,9,17,True,True,True,True,28,28
trial_008_ep1_task009,8,9,18,True,True,True,True,28,28
trial_008_ep1_task009,8,9,19,True,True,True,True,28,28
trial_008_ep1_task009,8,9,20,True,True,True,True,28,28
trial_008_ep1_task009,8,9,21,True,True,True,True,28,28
trial_008_ep1_task009,8,9,22,True,True,True,True,28,28
trial_008_ep1_task009,8,9,23,True,True,True,True,28,28
trial_008_ep1_task009,8,9,24,True,True,True,True,28,28
trial_008_ep1_task009,8,9,25,True,True,True,True,28,28
trial_008_ep1_task009,8,9,26,True,True,True,True,28,28
trial_008_ep1_task009,8,9,27,True,True,True,True,28,28
trial_008_ep1_task011,8,11,24,True,True,True,True,3,3
trial_008_ep1_task011,8,11,26,True,True,True,True,3,3
trial_008_ep1_task011,8,11,27,True,True,True,True,3,3
trial_008_ep1_task013,8,13,0,True,True,True,True,27,27
trial_008_ep1_task013,8,13,1,True,True,True,True,27,27
trial_008_ep1_task013,8,13,2,True,True,True,True,27,27
trial_008_ep1_task013,8,13,3,True,True,True,True,27,27
trial_008_ep1_task013,8,13,4,True,True,True,True,27,27
trial_008_ep1_task013,8,13,5,True,True,True,True,27,27
trial_008_ep1_task013,8,13,6,True,True,True,True,27,27
trial_008_ep1_task013,8,13,8,True,True,True,True,27,27
trial_008_ep1_task013,8,13,9,True,True,True,True,27,27
trial_008_ep1_task013,8,13,10,True,True,True,True,27,27
trial_008_ep1_task013,8,13,11,True,True,True,True,27,27
trial_008_ep1_task013,8,13,12,True,True,True,True,27,27
trial_008_ep1_task013,8,13,13,True,True,True,True,27,27
trial_008_ep1_task013,8,13,14,True,True,True,True,27,27
trial_008_ep1_task013,8,13,15,True,True,True,True,27,27
trial_008_ep1_task013,8,13,16,True,True,True,True,27,27
trial_008_ep1_task013,8,13,17,True,True,True,True,27,27
trial_008_ep1_task013,8,13,18,True,True,True,True,27,27
trial_008_ep1_task013,8,13,19,True,True,True,True,27,27
trial_008_ep1_task013,8,13,20,True,True,True,True,27,27
trial_008_ep1_task013,8,13,21,True,True,True,True,27,27
trial_008_ep1_task013,8,13,22,True,True,True,True,27,27
trial_008_ep1_task013,8,13,23,True,True,True,True,27,27
trial_008_ep1_task013,8,13,24,True,True,True,True,27,27
trial_008_ep1_task013,8,13,25,True,True,True,True,27,27
trial_008_ep1_task013,8,13,26,True,True,True,True,27,27
trial_008_ep1_task013,8,13,27,True,True,True,True,27,27
trial_008_ep1_task015,8,15,0,True,True,True,True,28,28
trial_008_ep1_task015,8,15,1,True,True,True,True,28,28
trial_008_ep1_task015,8,15,2,True,True,True,True,28,28
trial_008_ep1_task015,8,15,3,True,True,True,True,28,28
trial_008_ep1_task015,8,15,4,True,True,True,True,28,28
trial_008_ep1_task015,8,15,5,True,True,True,True,28,28
trial_008_ep1_task015,8,15,6,True,True,True,True,28,28
trial_008_ep1_task015,8,15,7,True,True,True,True,28,28
trial_008_ep1_task015,8,15,8,True,True,True,True,28,28
trial_008_ep1_task015,8,15,9,True,True,True,True,28,28
trial_008_ep1_task015,8,15,10,True,True,True,True,28,28
trial_008_ep1_task015,8,15,11,True,True,True,True,28,28
trial_008_ep1_task015,8,15,12,True,True,True,True,28,28
trial_008_ep1_task015,8,15,13,True,True,True,True,28,28
trial_008_ep1_task015,8,15,14,True,True,True,True,28,28
trial_008_ep1_task015,8,15,15,True,True,True,True,28,28
trial_008_ep1_task015,8,15,16,True,True,True,True,28,28
trial_008_ep1_task015,8,15,17,True,True,True,True,28,28
trial_008_ep1_task015,8,15,18,True,True,True,True,28,28
trial_008_ep1_task015,8,15,19,True,True,True,True,28,28
trial_008_ep1_task015,8,15,20,True,True,True,True,28,28
trial_008_ep1_task015,8,15,21,True,True,True,True,28,28
trial_008_ep1_task015,8,15,22,True,True,True,True,28,28
trial_008_ep1_task015,8,15,23,True,True,True,True,28,28
trial_008_ep1_task015,8,15,24,True,True,True,True,28,28
trial_008_ep1_task015,8,15,25,True,True,True,True,28,28
trial_008_ep1_task015,8,15,26,True,True,True,True,28,28
trial_008_ep1_task015,8,15,27,True,True,True,True,28,28
trial_008_ep1_task016,8,16,0,True,True,True,True,28,28
trial_008_ep1_task016,8,16,1,True,True,True,True,28,28
trial_008_ep1_task016,8,16,2,True,True,True,True,28,28
trial_008_ep1_task016,8,16,3,True,True,True,True,28,28
trial_008_ep1_task016,8,16,4,True,True,True,True,28,28
trial_008_ep1_task016,8,16,5,True,True,True,True,28,28
trial_008_ep1_task016,8,16,6,True,True,True,True,28,28
trial_008_ep1_task016,8,16,7,True,True,True,True,28,28
trial_008_ep1_task016,8,16,8,True,True,True,True,28,28
trial_008_ep1_task016,8,16,9,True,True,True,True,28,28
trial_008_ep1_task016,8,16,10,True,True,True,True,28,28
trial_008_ep1_task016,8,16,11,True,True,True,True,28,28
trial_008_ep1_task016,8,16,12,True,True,True,True,28,28
trial_008_ep1_task016,8,16,13,True,True,True,True,28,28
trial_008_ep1_task016,8,16,14,True,True,True,True,28,28
trial_008_ep1_task016,8,16,15,True,True,True,True,28,28
trial_008_ep1_task016,8,16,16,True,True,True,True,28,28
trial_008_ep1_task016,8,16,17,True,True,True,True,28,28
trial_008_ep1_task016,8,16,18,True,True,True,True,28,28
trial_008_ep1_task016,8,16,19,True,True,True,True,28,28
trial_008_ep1_task016,8,16,20,True,True,True,True,28,28
trial_008_ep1_task016,8,16,21,True,True,True,True,28,28
trial_008_ep1_task016,8,16,22,True,True,True,True,28,28
trial_008_ep1_task016,8,16,23,True,True,True,True,28,28
trial_008_ep1_task016,8,16,24,True,True,True,True,28,28
trial_008_ep1_task016,8,16,25,True,True,True,True,28,28
trial_008_ep1_task016,8,16,26,True,True,True,True,28,28
trial_008_ep1_task016,8,16,27,True,True,True,True,28,28
trial_008_ep1_task017,8,17,0,True,True,True,True,28,28
trial_008_ep1_task017,8,17,1,True,True,True,True,28,28
trial_008_ep1_task017,8,17,2,True,True,True,True,28,28
trial_008_ep1_task017,8,17,3,True,True,True,True,28,28
trial_008_ep1_task017,8,17,4,True,True,True,True,28,28
trial_008_ep1_task017,8,17,5,True,True,True,True,28,28
trial_008_ep1_task017,8,17,6,True,True,True,True,28,28
trial_008_ep1_task017,8,17,7,True,True,True,True,28,28
trial_008_ep1_task017,8,17,8,True,True,True,True,28,28
trial_008_ep1_task017,8,17,9,True,True,True,True,28,28
trial_008_ep1_task017,8,17,10,True,True,True,True,28,28
trial_008_ep1_task017,8,17,11,True,True,True,True,28,28
trial_008_ep1_task017,8,17,12,True,True,True,True,28,28
trial_008_ep1_task017,8,17,13,True,True,True,True,28,28
trial_008_ep1_task017,8,17,14,True,True,True,True,28,28
trial_008_ep1_task017,8,17,15,True,True,True,True,28,28
trial_008_ep1_task017,8,17,16,True,True,True,True,28,28
trial_008_ep1_task017,8,17,17,True,True,True,True,28,28
trial_008_ep1_task017,8,17,18,True,True,True,True,28,28
trial_008_ep1_task017,8,17,19,True,True,True,True,28,28
trial_008_ep1_task017,8,17,20,True,True,True,True,28,28
trial_008_ep1_task017,8,17,21,True,True,True,True,28,28
trial_008_ep1_task017,8,17,22,True,True,True,True,28,28
trial_008_ep1_task017,8,17,23,True,True,True,True,28,28
trial_008_ep1_task017,8,17,24,True,True,True,True,28,28
trial_008_ep1_task017,8,17,25,True,True,True,True,28,28
trial_008_ep1_task017,8,17,26,True,True,True,True,28,28
trial_008_ep1_task017,8,17,27,True,True,True,True,28,28
trial_008_ep1_task018,8,18,0,True,True,True,True,28,28
trial_008_ep1_task018,8,18,1,True,True,True,True,28,28
trial_008_ep1_task018,8,18,2,True,True,True,True,28,28
trial_008_ep1_task018,8,18,3,True,True,True,True,28,28
trial_008_ep1_task018,8,18,4,True,True,True,True,28,28
trial_008_ep1_task018,8,18,5,True,True,True,True,28,28
trial_008_ep1_task018,8,18,6,True,True,True,True,28,28
trial_008_ep1_task018,8,18,7,True,True,True,True,28,28
trial_008_ep1_task018,8,18,8,True,True,True,True,28,28
trial_008_ep1_task018,8,18,9,True,True,True,True,28,28
trial_008_ep1_task018,8,18,10,True,True,True,True,28,28
trial_008_ep1_task018,8,18,11,True,True,True,True,28,28
trial_008_ep1_task018,8,18,12,True,True,True,True,28,28
trial_008_ep1_task018,8,18,13,True,True,True,True,28,28
trial_008_ep1_task018,8,18,14,True,True,True,True,28,28
trial_008_ep1_task018,8,18,15,True,True,True,True,28,28
trial_008_ep1_task018,8,18,16,True,True,True,True,28,28
trial_008_ep1_task018,8,18,17,True,True,True,True,28,28
trial_008_ep1_task018,8,18,18,True,True,True,True,28,28
trial_008_ep1_task018,8,18,19,True,True,True,True,28,28
trial_008_ep1_task018,8,18,20,True,True,True,True,28,28
trial_008_ep1_task018,8,18,21,True,True,True,True,28,28
trial_008_ep1_task018,8,18,22,True,True,True,True,28,28
trial_008_ep1_task018,8,18,23,True,True,True,True,28,28
trial_008_ep1_task018,8,18,24,True,True,True,True,28,28
trial_008_ep1_task018,8,18,25,True,True,True,True,28,28
trial_008_ep1_task018,8,18,26,True,True,True,True,28,28
trial_008_ep1_task018,8,18,27,True,True,True,True,28,28
trial_008_ep1_task019,8,19,0,True,True,True,True,28,28
trial_008_ep1_task019,8,19,1,True,True,True,True,28,28
trial_008_ep1_task019,8,19,2,True,True,True,True,28,28
trial_008_ep1_task019,8,19,3,True,True,True,True,28,28
trial_008_ep1_task019,8,19,4,True,True,True,True,28,28
trial_008_ep1_task019,8,19,5,True,True,True,True,28,28
trial_008_ep1_task019,8,19,6,True,True,True,True,28,28
trial_008_ep1_task019,8,19,7,True,True,True,True,28,28
trial_008_ep1_task019,8,19,8,True,True,True,True,28,28
trial_008_ep1_task019,8,19,9,True,True,True,True,28,28
trial_008_ep1_task019,8,19,10,True,True,True,True,28,28
trial_008_ep1_task019,8,19,11,True,True,True,True,28,28
trial_008_ep1_task019,8,19,12,True,True,True,True,28,28
trial_008_ep1_task019,8,19,13,True,True,True,True,28,28
trial_008_ep1_task019,8,19,14,True,True,True,True,28,28
trial_008_ep1_task019,8,19,15,True,True,True,True,28,28
trial_008_ep1_task019,8,19,16,True,True,True,True,28,28
trial_008_ep1_task019,8,19,17,True,True,True,True,28,28
trial_008_ep1_task019,8,19,18,True,True,True,True,28,28
trial_008_ep1_task019,8,19,19,True,True,True,True,28,28
trial_008_ep1_task019,8,19,20,True,True,True,True,28,28
trial_008_ep1_task019,8,19,21,True,True,True,True,28,28
trial_008_ep1_task019,8,19,22,True,True,True,True,28,28
trial_008_ep1_task019,8,19,23,True,True,True,True,28,28
trial_008_ep1_task019,8,19,24,True,True,True,True,28,28
trial_008_ep1_task019,8,19,25,True,True,True,True,28,28
trial_008_ep1_task019,8,19,26,True,True,True,True,28,28
trial_008_ep1_task019,8,19,27,True,True,True,True,28,28
trial_008_ep1_task020,8,20,3,True,True,True,True,11,11
trial_008_ep1_task020,8,20,6,True,True,True,True,11,11
trial_008_ep1_task020,8,20,12,True,True,True,True,11,11
trial_008_ep1_task020,8,20,17,True,True,True,True,11,11
trial_008_ep1_task020,8,20,18,True,True,True,True,11,11
trial_008_ep1_task020,8,20,21,True,True,True,True,11,11
trial_008_ep1_task020,8,20,22,True,True,True,True,11,11
trial_008_ep1_task020,8,20,23,True,True,True,True,11,11
trial_008_ep1_task020,8,20,24,True,True,True,True,11,11
trial_008_ep1_task020,8,20,26,True,True,True,True,11,11
trial_008_ep1_task020,8,20,27,True,True,True,True,11,11
trial_008_ep1_task021,8,21,0,True,True,True,True,28,28
trial_008_ep1_task021,8,21,1,True,True,True,True,28,28
trial_008_ep1_task021,8,21,2,True,True,True,True,28,28
trial_008_ep1_task021,8,21,3,True,True,True,True,28,28
trial_008_ep1_task021,8,21,4,True,True,True,True,28,28
trial_008_ep1_task021,8,21,5,True,True,True,True,28,28
trial_008_ep1_task021,8,21,6,True,True,True,True,28,28
trial_008_ep1_task021,8,21,7,True,True,True,True,28,28
trial_008_ep1_task021,8,21,8,True,True,True,True,28,28
trial_008_ep1_task021,8,21,9,True,True,True,True,28,28
trial_008_ep1_task021,8,21,10,True,True,True,True,28,28
trial_008_ep1_task021,8,21,11,True,True,True,True,28,28
trial_008_ep1_task021,8,21,12,True,True,True,True,28,28
trial_008_ep1_task021,8,21,13,True,True,True,True,28,28
trial_008_ep1_task021,8,21,14,True,True,True,True,28,28
trial_008_ep1_task021,8,21,15,True,True,True,True,28,28
trial_008_ep1_task021,8,21,16,True,True,True,True,28,28
trial_008_ep1_task021,8,21,17,True,True,True,True,28,28
trial_008_ep1_task021,8,21,18,True,True,True,True,28,28
trial_008_ep1_task021,8,21,19,True,True,True,True,28,28
trial_008_ep1_task021,8,21,20,True,True,True,True,28,28
trial_008_ep1_task021,8,21,21,True,True,True,True,28,28
trial_008_ep1_task021,8,21,22,True,True,True,True,28,28
trial_008_ep1_task021,8,21,23,True,True,True,True,28,28
trial_008_ep1_task021,8,21,24,True,True,True,True,28,28
trial_008_ep1_task021,8,21,25,True,True,True,True,28,28
trial_008_ep1_task021,8,21,26,True,True,True,True,28,28
trial_008_ep1_task021,8,21,27,True,True,True,True,28,28
trial_008_ep1_task023,8,23,0,True,True,True,True,28,28
trial_008_ep1_task023,8,23,1,True,True,True,True,28,28
trial_008_ep1_task023,8,23,2,True,True,True,True,28,28
trial_008_ep1_task023,8,23,3,True,True,True,True,28,28
trial_008_ep1_task023,8,23,4,True,True,True,True,28,28
trial_008_ep1_task023,8,23,5,True,True,True,True,28,28
trial_008_ep1_task023,8,23,6,True,True,True,True,28,28
trial_008_ep1_task023,8,23,7,True,True,True,True,28,28
trial_008_ep1_task023,8,23,8,True,True,True,True,28,28
trial_008_ep1_task023,8,23,9,True,True,True,True,28,28
trial_008_ep1_task023,8,23,10,True,True,True,True,28,28
trial_008_ep1_task023,8,23,11,True,True,True,True,28,28
trial_008_ep1_task023,8,23,12,True,True,True,True,28,28
trial_008_ep1_task023,8,23,13,True,True,True,True,28,28
trial_008_ep1_task023,8,23,14,True,True,True,True,28,28
trial_008_ep1_task023,8,23,15,True,True,True,True,28,28
trial_008_ep1_task023,8,23,16,True,True,True,True,28,28
trial_008_ep1_task023,8,23,17,True,True,True,True,28,28
trial_008_ep1_task023,8,23,18,True,True,True,True,28,28
trial_008_ep1_task023,8,23,19,True,True,True,True,28,28
trial_008_ep1_task023,8,23,20,True,True,True,True,28,28
trial_008_ep1_task023,8,23,21,True,True,True,True,28,28
trial_008_ep1_task023,8,23,22,True,True,True,True,28,28
trial_008_ep1_task023,8,23,23,True,True,True,True,28,28
trial_008_ep1_task023,8,23,24,True,True,True,True,28,28
trial_008_ep1_task023,8,23,25,True,True,True,True,28,28
trial_008_ep1_task023,8,23,26,True,True,True,True,28,28
trial_008_ep1_task023,8,23,27,True,True,True,True,28,28
trial_008_ep1_task025,8,25,6,True,True,True,True,7,7
trial_008_ep1_task025,8,25,12,True,True,True,True,7,7
trial_008_ep1_task025,8,25,21,True,True,True,True,7,7
trial_008_ep1_task025,8,25,23,True,True,True,True,7,7
trial_008_ep1_task025,8,25,24,True,True,True,True,7,7
trial_008_ep1_task025,8,25,26,True,True,True,True,7,7
trial_008_ep1_task025,8,25,27,True,True,True,True,7,7
trial_008_ep1_task027,8,27,0,True,True,True,True,28,28
trial_008_ep1_task027,8,27,1,True,True,True,True,28,28
trial_008_ep1_task027,8,27,2,True,True,True,True,28,28
trial_008_ep1_task027,8,27,3,True,True,True,True,28,28
trial_008_ep1_task027,8,27,4,True,True,True,True,28,28
trial_008_ep1_task027,8,27,5,True,True,True,True,28,28
trial_008_ep1_task027,8,27,6,True,True,True,True,28,28
trial_008_ep1_task027,8,27,7,True,True,True,True,28,28
trial_008_ep1_task027,8,27,8,True,True,True,True,28,28
trial_008_ep1_task027,8,27,9,True,True,True,True,28,28
trial_008_ep1_task027,8,27,10,True,True,True,True,28,28
trial_008_ep1_task027,8,27,11,True,True,True,True,28,28
trial_008_ep1_task027,8,27,12,True,True,True,True,28,28
trial_008_ep1_task027,8,27,13,True,True,True,True,28,28
trial_008_ep1_task027,8,27,14,True,True,True,True,28,28
trial_008_ep1_task027,8,27,15,True,True,True,True,28,28
trial_008_ep1_task027,8,27,16,True,True,True,True,28,28
trial_008_ep1_task027,8,27,17,True,True,True,True,28,28
trial_008_ep1_task027,8,27,18,True,True,True,True,28,28
trial_008_ep1_task027,8,27,19,True,True,True,True,28,28
trial_008_ep1_task027,8,27,20,True,True,True,True,28,28
trial_008_ep1_task027,8,27,21,True,True,True,True,28,28
trial_008_ep1_task027,8,27,22,True,True,True,True,28,28
trial_008_ep1_task027,8,27,23,True,True,True,True,28,28
trial_008_ep1_task027,8,27,24,True,True,True,True,28,28
trial_008_ep1_task027,8,27,25,True,True,True,True,28,28
trial_008_ep1_task027,8,27,26,True,True,True,True,28,28
trial_008_ep1_task027,8,27,27,True,True,True,True,28,28
trial_008_ep1_task028,8,28,0,True,True,True,True,28,28
trial_008_ep1_task028,8,28,1,True,True,True,True,28,28
trial_008_ep1_task028,8,28,2,True,True,True,True,28,28
trial_008_ep1_task028,8,28,3,True,True,True,True,28,28
trial_008_ep1_task028,8,28,4,True,True,True,True,28,28
trial_008_ep1_task028,8,28,5,True,True,True,True,28,28
trial_008_ep1_task028,8,28,6,True,True,True,True,28,28
trial_008_ep1_task028,8,28,7,True,True,True,True,28,28
trial_008_ep1_task028,8,28,8,True,True,True,True,28,28
trial_008_ep1_task028,8,28,9,True,True,True,True,28,28
trial_008_ep1_task028,8,28,10,True,True,True,True,28,28
trial_008_ep1_task028,8,28,11,True,True,True,True,28,28
trial_008_ep1_task028,8,28,12,True,True,True,True,28,28
trial_008_ep1_task028,8,28,13,True,True,True,True,28,28
trial_008_ep1_task028,8,28,14,True,True,True,True,28,28
trial_008_ep1_task028,8,28,15,True,True,True,True,28,28
trial_008_ep1_task028,8,28,16,True,True,True,True,28,28
trial_008_ep1_task028,8,28,17,True,True,True,True,28,28
trial_008_ep1_task028,8,28,18,True,True,True,True,28,28
trial_008_ep1_task028,8,28,19,True,True,True,True,28,28
trial_008_ep1_task028,8,28,20,True,True,True,True,28,28
trial_008_ep1_task028,8,28,21,True,True,True,True,28,28
trial_008_ep1_task028,8,28,22,True,True,True,True,28,28
trial_008_ep1_task028,8,28,23,True,True,True,True,28,28
trial_008_ep1_task028,8,28,24,True,True,True,True,28,28
trial_008_ep1_task028,8,28,25,True,True,True,True,28,28
trial_008_ep1_task028,8,28,26,True,True,True,True,28,28
trial_008_ep1_task028,8,28,27,True,True,True,True,28,28
trial_008_ep1_task029,8,29,0,True,True,True,True,28,28
trial_008_ep1_task029,8,29,1,True,True,True,True,28,28
trial_008_ep1_task029,8,29,2,True,True,True,True,28,28
trial_008_ep1_task029,8,29,3,True,True,True,True,28,28
trial_008_ep1_task029,8,29,4,True,True,True,True,28,28
trial_008_ep1_task029,8,29,5,True,True,True,True,28,28
trial_008_ep1_task029,8,29,6,True,True,True,True,28,28
trial_008_ep1_task029,8,29,7,True,True,True,True,28,28
trial_008_ep1_task029,8,29,8,True,True,True,True,28,28
trial_008_ep1_task029,8,29,9,True,True,True,True,28,28
trial_008_ep1_task029,8,29,10,True,True,True,True,28,28
trial_008_ep1_task029,8,29,11,True,True,True,True,28,28
trial_008_ep1_task029,8,29,12,True,True,True,True,28,28
trial_008_ep1_task029,8,29,13,True,True,True,True,28,28
trial_008_ep1_task029,8,29,14,True,True,True,True,28,28
trial_008_ep1_task029,8,29,15,True,True,True,True,28,28
trial_008_ep1_task029,8,29,16,True,True,True,True,28,28
trial_008_ep1_task029,8,29,17,True,True,True,True,28,28
trial_008_ep1_task029,8,29,18,True,True,True,True,28,28
trial_008_ep1_task029,8,29,19,True,True,True,True,28,28
trial_008_ep1_task029,8,29,20,True,True,True,True,28,28
trial_008_ep1_task029,8,29,21,True,True,True,True,28,28
trial_008_ep1_task029,8,29,22,True,True,True,True,28,28
trial_008_ep1_task029,8,29,23,True,True,True,True,28,28
trial_008_ep1_task029,8,29,24,True,True,True,True,28,28
trial_008_ep1_task029,8,29,25,True,True,True,True,28,28
trial_008_ep1_task029,8,29,26,True,True,True,True,28,28
trial_008_ep1_task029,8,29,27,True,True,True,True,28,28
trial_008_ep1_task031,8,31,3,True,True,True,True,20,20
trial_008_ep1_task031,8,31,4,True,True,True,True,20,20
trial_008_ep1_task031,8,31,5,True,True,True,True,20,20
trial_008_ep1_task031,8,31,6,True,True,True,True,20,20
trial_008_ep1_task031,8,31,9,True,True,True,True,20,20
trial_008_ep1_task031,8,31,10,True,True,True,True,20,20
trial_008_ep1_task031,8,31,11,True,True,True,True,20,20
trial_008_ep1_task031,8,31,12,True,True,True,True,20,20
trial_008_ep1_task031,8,31,14,True,True,True,True,20,20
trial_008_ep1_task031,8,31,17,True,True,True,True,20,20
trial_008_ep1_task031,8,31,18,True,True,True,True,20,20
trial_008_ep1_task031,8,31,19,True,True,True,True,20,20
trial_008_ep1_task031,8,31,20,True,True,True,True,20,20
trial_008_ep1_task031,8,31,21,True,True,True,True,20,20
trial_008_ep1_task031,8,31,22,True,True,True,True,20,20
trial_008_ep1_task031,8,31,23,True,True,True,True,20,20
trial_008_ep1_task031,8,31,24,True,True,True,True,20,20
trial_008_ep1_task031,8,31,25,True,True,True,True,20,20
trial_008_ep1_task031,8,31,26,True,True,True,True,20,20
trial_008_ep1_task031,8,31,27,True,True,True,True,20,20
trial_008_ep1_task032,8,32,3,True,True,True,True,15,15
trial_008_ep1_task032,8,32,5,True,True,True,True,15,15
trial_008_ep1_task032,8,32,6,True,True,True,True,15,15
trial_008_ep1_task032,8,32,9,True,True,True,True,15,15
trial_008_ep1_task032,8,32,12,True,True,True,True,15,15
trial_008_ep1_task032,8,32,17,True,True,True,True,15,15
trial_008_ep1_task032,8,32,18,True,True,True,True,15,15
trial_008_ep1_task032,8,32,20,True,True,True,True,15,15
trial_008_ep1_task032,8,32,21,True,True,True,True,15,15
trial_008_ep1_task032,8,32,22,True,True,True,True,15,15
trial_008_ep1_task032,8,32,23,True,True,True,True,15,15
trial_008_ep1_task032,8,32,24,True,True,True,True,15,15
trial_008_ep1_task032,8,32,25,True,True,True,True,15,15
trial_008_ep1_task032,8,32,26,True,True,True,True,15,15
trial_008_ep1_task032,8,32,27,True,True,True,True,15,15
trial_008_ep1_task033,8,33,0,True,True,True,True,28,28
trial_008_ep1_task033,8,33,1,True,True,True,True,28,28
trial_008_ep1_task033,8,33,2,True,True,True,True,28,28
trial_008_ep1_task033,8,33,3,True,True,True,True,28,28
trial_008_ep1_task033,8,33,4,True,True,True,True,28,28
trial_008_ep1_task033,8,33,5,True,True,True,True,28,28
trial_008_ep1_task033,8,33,6,True,True,True,True,28,28
trial_008_ep1_task033,8,33,7,True,True,True,True,28,28
trial_008_ep1_task033,8,33,8,True,True,True,True,28,28
trial_008_ep1_task033,8,33,9,True,True,True,True,28,28
trial_008_ep1_task033,8,33,10,True,True,True,True,28,28
trial_008_ep1_task033,8,33,11,True,True,True,True,28,28
trial_008_ep1_task033,8,33,12,True,True,True,True,28,28
trial_008_ep1_task033,8,33,13,True,True,True,True,28,28
trial_008_ep1_task033,8,33,14,True,True,True,True,28,28
trial_008_ep1_task033,8,33,15,True,True,True,True,28,28
trial_008_ep1_task033,8,33,16,True,True,True,True,28,28
trial_008_ep1_task033,8,33,17,True,True,True,True,28,28
trial_008_ep1_task033,8,33,18,True,True,True,True,28,28
trial_008_ep1_task033,8,33,19,True,True,True,True,28,28
trial_008_ep1_task033,8,33,20,True,True,True,True,28,28
trial_008_ep1_task033,8,33,21,True,True,True,True,28,28
trial_008_ep1_task033,8,33,22,True,True,True,True,28,28
trial_008_ep1_task033,8,33,23,True,True,True,True,28,28
trial_008_ep1_task033,8,33,24,True,True,True,True,28,28
trial_008_ep1_task033,8,33,25,True,True,True,True,28,28
trial_008_ep1_task033,8,33,26,True,True,True,True,28,28
trial_008_ep1_task033,8,33,27,True,True,True,True,28,28
trial_008_ep1_task035,8,35,0,True,True,True,True,28,28
trial_008_ep1_task035,8,35,1,True,True,True,True,28,28
trial_008_ep1_task035,8,35,2,True,True,True,True,28,28
trial_008_ep1_task035,8,35,3,True,True,True,True,28,28
trial_008_ep1_task035,8,35,4,True,True,True,True,28,28
trial_008_ep1_task035,8,35,5,True,True,True,True,28,28
trial_008_ep1_task035,8,35,6,True,True,True,True,28,28
trial_008_ep1_task035,8,35,7,True,True,True,True,28,28
trial_008_ep1_task035,8,35,8,True,True,True,True,28,28
trial_008_ep1_task035,8,35,9,True,True,True,True,28,28
trial_008_ep1_task035,8,35,10,True,True,True,True,28,28
trial_008_ep1_task035,8,35,11,True,True,True,True,28,28
trial_008_ep1_task035,8,35,12,True,True,True,True,28,28
trial_008_ep1_task035,8,35,13,True,True,True,True,28,28
trial_008_ep1_task035,8,35,14,True,True,True,True,28,28
trial_008_ep1_task035,8,35,15,True,True,True,True,28,28
trial_008_ep1_task035,8,35,16,True,True,True,True,28,28
trial_008_ep1_task035,8,35,17,True,True,True,True,28,28
trial_008_ep1_task035,8,35,18,True,True,True,True,28,28
trial_008_ep1_task035,8,35,19,True,True,True,True,28,28
trial_008_ep1_task035,8,35,20,True,True,True,True,28,28
trial_008_ep1_task035,8,35,21,True,True,True,True,28,28
trial_008_ep1_task035,8,35,22,True,True,True,True,28,28
trial_008_ep1_task035,8,35,23,True,True,True,True,28,28
trial_008_ep1_task035,8,35,24,True,True,True,True,28,28
trial_008_ep1_task035,8,35,25,True,True,True,True,28,28
trial_008_ep1_task035,8,35,26,True,True,True,True,28,28
trial_008_ep1_task035,8,35,27,True,True,True,True,28,28
trial_008_ep1_task037,8,37,0,True,True,True,True,28,28
trial_008_ep1_task037,8,37,1,True,True,True,True,28,28
trial_008_ep1_task037,8,37,2,True,True,True,True,28,28
trial_008_ep1_task037,8,37,3,True,True,True,True,28,28
trial_008_ep1_task037,8,37,4,True,True,True,True,28,28
trial_008_ep1_task037,8,37,5,True,True,True,True,28,28
trial_008_ep1_task037,8,37,6,True,True,True,True,28,28
trial_008_ep1_task037,8,37,7,True,True,True,True,28,28
trial_008_ep1_task037,8,37,8,True,True,True,True,28,28
trial_008_ep1_task037,8,37,9,True,True,True,True,28,28
trial_008_ep1_task037,8,37,10,True,True,True,True,28,28
trial_008_ep1_task037,8,37,11,True,True,True,True,28,28
trial_008_ep1_task037,8,37,12,True,True,True,True,28,28
trial_008_ep1_task037,8,37,13,True,True,True,True,28,28
trial_008_ep1_task037,8,37,14,True,True,True,True,28,28
trial_008_ep1_task037,8,37,15,True,True,True,True,28,28
trial_008_ep1_task037,8,37,16,True,True,True,True,28,28
trial_008_ep1_task037,8,37,17,True,True,True,True,28,28
trial_008_ep1_task037,8,37,18,True,True,True,True,28,28
trial_008_ep1_task037,8,37,19,True,True,True,True,28,28
trial_008_ep1_task037,8,37,20,True,True,True,True,28,28
trial_008_ep1_task037,8,37,21,True,True,True,True,28,28
trial_008_ep1_task037,8,37,22,True,True,True,True,28,28
trial_008_ep1_task037,8,37,23,True,True,True,True,28,28
trial_008_ep1_task037,8,37,24,True,True,True,True,28,28
trial_008_ep1_task037,8,37,25,True,True,True,True,28,28
trial_008_ep1_task037,8,37,26,True,True,True,True,28,28
trial_008_ep1_task037,8,37,27,True,True,True,True,28,28
trial_008_ep1_task038,8,38,0,True,True,True,True,28,28
trial_008_ep1_task038,8,38,1,True,True,True,True,28,28
trial_008_ep1_task038,8,38,2,True,True,True,True,28,28
trial_008_ep1_task038,8,38,3,True,True,True,True,28,28
trial_008_ep1_task038,8,38,4,True,True,True,True,28,28
trial_008_ep1_task038,8,38,5,True,True,True,True,28,28
trial_008_ep1_task038,8,38,6,True,True,True,True,28,28
trial_008_ep1_task038,8,38,7,True,True,True,True,28,28
trial_008_ep1_task038,8,38,8,True,True,True,True,28,28
trial_008_ep1_task038,8,38,9,True,True,True,True,28,28
trial_008_ep1_task038,8,38,10,True,True,True,True,28,28
trial_008_ep1_task038,8,38,11,True,True,True,True,28,28
trial_008_ep1_task038,8,38,12,True,True,True,True,28,28
trial_008_ep1_task038,8,38,13,True,True,True,True,28,28
trial_008_ep1_task038,8,38,14,True,True,True,True,28,28
trial_008_ep1_task038,8,38,15,True,True,True,True,28,28
trial_008_ep1_task038,8,38,16,True,True,True,True,28,28
trial_008_ep1_task038,8,38,17,True,True,True,True,28,28
trial_008_ep1_task038,8,38,18,True,True,True,True,28,28
trial_008_ep1_task038,8,38,19,True,True,True,True,28,28
trial_008_ep1_task038,8,38,20,True,True,True,True,28,28
trial_008_ep1_task038,8,38,21,True,True,True,True,28,28
trial_008_ep1_task038,8,38,22,True,True,True,True,28,28
trial_008_ep1_task038,8,38,23,True,True,True,True,28,28
trial_008_ep1_task038,8,38,24,True,True,True,True,28,28
trial_008_ep1_task038,8,38,25,True,True,True,True,28,28
trial_008_ep1_task038,8,38,26,True,True,True,True,28,28
trial_008_ep1_task038,8,38,27,True,True,True,True,28,28
trial_008_ep1_task039,8,39,6,True,True,True,True,9,9
trial_008_ep1_task039,8,39,12,True,True,True,True,9,9
trial_008_ep1_task039,8,39,17,True,True,True,True,9,9
trial_008_ep1_task039,8,39,21,True,True,True,True,9,9
trial_008_ep1_task039,8,39,22,True,True,True,True,9,9
trial_008_ep1_task039,8,39,23,True,True,True,True,9,9
trial_008_ep1_task039,8,39,24,True,True,True,True,9,9
trial_008_ep1_task039,8,39,26,True,True,True,True,9,9
trial_008_ep1_task039,8,39,27,True,True,True,True,9,9
trial_008_ep1_task040,8,40,0,True,True,True,True,28,28
trial_008_ep1_task040,8,40,1,True,True,True,True,28,28
trial_008_ep1_task040,8,40,2,True,True,True,True,28,28
trial_008_ep1_task040,8,40,3,True,True,True,True,28,28
trial_008_ep1_task040,8,40,4,True,True,True,True,28,28
trial_008_ep1_task040,8,40,5,True,True,True,True,28,28
trial_008_ep1_task040,8,40,6,True,True,True,True,28,28
trial_008_ep1_task040,8,40,7,True,True,True,True,28,28
trial_008_ep1_task040,8,40,8,True,True,True,True,28,28
trial_008_ep1_task040,8,40,9,True,True,True,True,28,28
trial_008_ep1_task040,8,40,10,True,True,True,True,28,28
trial_008_ep1_task040,8,40,11,True,True,True,True,28,28
trial_008_ep1_task040,8,40,12,True,True,True,True,28,28
trial_008_ep1_task040,8,40,13,True,True,True,True,28,28
trial_008_ep1_task040,8,40,14,True,True,True,True,28,28
trial_008_ep1_task040,8,40,15,True,True,True,True,28,28
trial_008_ep1_task040,8,40,16,True,True,True,True,28,28
trial_008_ep1_task040,8,40,17,True,True,True,True,28,28
trial_008_ep1_task040,8,40,18,True,True,True,True,28,28
trial_008_ep1_task040,8,40,19,True,True,True,True,28,28
trial_008_ep1_task040,8,40,20,True,True,True,True,28,28
trial_008_ep1_task040,8,40,21,True,True,True,True,28,28
trial_008_ep1_task040,8,40,22,True,True,True,True,28,28
trial_008_ep1_task040,8,40,23,True,True,True,True,28,28
trial_008_ep1_task040,8,40,24,True,True,True,True,28,28
trial_008_ep1_task040,8,40,25,True,True,True,True,28,28
trial_008_ep1_task040,8,40,26,True,True,True,True,28,28
trial_008_ep1_task040,8,40,27,True,True,True,True,28,28
trial_008_ep1_task043,8,43,0,True,True,True,True,28,28
trial_008_ep1_task043,8,43,1,True,True,True,True,28,28
trial_008_ep1_task043,8,43,2,True,True,True,True,28,28
trial_008_ep1_task043,8,43,3,True,True,True,True,28,28
trial_008_ep1_task043,8,43,4,True,True,True,True,28,28
trial_008_ep1_task043,8,43,5,True,True,True,True,28,28
trial_008_ep1_task043,8,43,6,True,True,True,True,28,28
trial_008_ep1_task043,8,43,7,True,True,True,True,28,28
trial_008_ep1_task043,8,43,8,True,True,True,True,28,28
trial_008_ep1_task043,8,43,9,True,True,True,True,28,28
trial_008_ep1_task043,8,43,10,True,True,True,True,28,28
trial_008_ep1_task043,8,43,11,True,True,True,True,28,28
trial_008_ep1_task043,8,43,12,True,True,True,True,28,28
trial_008_ep1_task043,8,43,13,True,True,True,True,28,28
trial_008_ep1_task043,8,43,14,True,True,True,True,28,28
trial_008_ep1_task043,8,43,15,True,True,True,True,28,28
trial_008_ep1_task043,8,43,16,True,True,True,True,28,28
trial_008_ep1_task043,8,43,17,True,True,True,True,28,28
trial_008_ep1_task043,8,43,18,True,True,True,True,28,28
trial_008_ep1_task043,8,43,19,True,True,True,True,28,28
trial_008_ep1_task043,8,43,20,True,True,True,True,28,28
trial_008_ep1_task043,8,43,21,True,True,True,True,28,28
trial_008_ep1_task043,8,43,22,True,True,True,True,28,28
trial_008_ep1_task043,8,43,23,True,True,True,True,28,28
trial_008_ep1_task043,8,43,24,True,True,True,True,28,28
trial_008_ep1_task043,8,43,25,True,True,True,True,28,28
trial_008_ep1_task043,8,43,26,True,True,True,True,28,28
trial_008_ep1_task043,8,43,27,True,True,True,True,28,28
trial_008_ep1_task044,8,44,0,True,True,True,True,28,28
trial_008_ep1_task044,8,44,1,True,True,True,True,28,28
trial_008_ep1_task044,8,44,2,True,True,True,True,28,28
trial_008_ep1_task044,8,44,3,True,True,True,True,28,28
trial_008_ep1_task044,8,44,4,True,True,True,True,28,28
trial_008_ep1_task044,8,44,5,True,True,True,True,28,28
trial_008_ep1_task044,8,44,6,True,True,True,True,28,28
trial_008_ep1_task044,8,44,7,True,True,True,True,28,28
trial_008_ep1_task044,8,44,8,True,True,True,True,28,28
trial_008_ep1_task044,8,44,9,True,True,True,True,28,28
trial_008_ep1_task044,8,44,10,True,True,True,True,28,28
trial_008_ep1_task044,8,44,11,True,True,True,True,28,28
trial_008_ep1_task044,8,44,12,True,True,True,True,28,28
trial_008_ep1_task044,8,44,13,True,True,True,True,28,28
trial_008_ep1_task044,8,44,14,True,True,True,True,28,28
trial_008_ep1_task044,8,44,15,True,True,True,True,28,28
trial_008_ep1_task044,8,44,16,True,True,True,True,28,28
trial_008_ep1_task044,8,44,17,True,True,True,True,28,28
trial_008_ep1_task044,8,44,18,True,True,True,True,28,28
trial_008_ep1_task044,8,44,19,True,True,True,True,28,28
trial_008_ep1_task044,8,44,20,True,True,True,True,28,28
trial_008_ep1_task044,8,44,21,True,True,True,True,28,28
trial_008_ep1_task044,8,44,22,True,True,True,True,28,28
trial_008_ep1_task044,8,44,23,True,True,True,True,28,28
trial_008_ep1_task044,8,44,24,True,True,True,True,28,28
trial_008_ep1_task044,8,44,25,True,True,True,True,28,28
trial_008_ep1_task044,8,44,26,True,True,True,True,28,28
trial_008_ep1_task044,8,44,27,True,True,True,True,28,28
trial_008_ep1_task045,8,45,0,True,True,True,True,28,28
trial_008_ep1_task045,8,45,1,True,True,True,True,28,28
trial_008_ep1_task045,8,45,2,True,True,True,True,28,28
trial_008_ep1_task045,8,45,3,True,True,True,True,28,28
trial_008_ep1_task045,8,45,4,True,True,True,True,28,28
trial_008_ep1_task045,8,45,5,True,True,True,True,28,28
trial_008_ep1_task045,8,45,6,True,True,True,True,28,28
trial_008_ep1_task045,8,45,7,True,True,True,True,28,28
trial_008_ep1_task045,8,45,8,True,True,True,True,28,28
trial_008_ep1_task045,8,45,9,True,True,True,True,28,28
trial_008_ep1_task045,8,45,10,True,True,True,True,28,28
trial_008_ep1_task045,8,45,11,True,True,True,True,28,28
trial_008_ep1_task045,8,45,12,True,True,True,True,28,28
trial_008_ep1_task045,8,45,13,True,True,True,True,28,28
trial_008_ep1_task045,8,45,14,True,True,True,True,28,28
trial_008_ep1_task045,8,45,15,True,True,True,True,28,28
trial_008_ep1_task045,8,45,16,True,True,True,True,28,28
trial_008_ep1_task045,8,45,17,True,True,True,True,28,28
trial_008_ep1_task045,8,45,18,True,True,True,True,28,28
trial_008_ep1_task045,8,45,19,True,True,True,True,28,28
trial_008_ep1_task045,8,45,20,True,True,True,True,28,28
trial_008_ep1_task045,8,45,21,True,True,True,True,28,28
trial_008_ep1_task045,8,45,22,True,True,True,True,28,28
trial_008_ep1_task045,8,45,23,True,True,True,True,28,28
trial_008_ep1_task045,8,45,24,True,True,True,True,28,28
trial_008_ep1_task045,8,45,25,True,True,True,True,28,28
trial_008_ep1_task045,8,45,26,True,True,True,True,28,28
trial_008_ep1_task045,8,45,27,True,True,True,True,28,28
trial_008_ep1_task047,8,47,0,True,True,True,True,28,28
trial_008_ep1_task047,8,47,1,True,True,True,True,28,28
trial_008_ep1_task047,8,47,2,True,True,True,True,28,28
trial_008_ep1_task047,8,47,3,True,True,True,True,28,28
trial_008_ep1_task047,8,47,4,True,True,True,True,28,28
trial_008_ep1_task047,8,47,5,True,True,True,True,28,28
trial_008_ep1_task047,8,47,6,True,True,True,True,28,28
trial_008_ep1_task047,8,47,7,True,True,True,True,28,28
trial_008_ep1_task047,8,47,8,True,True,True,True,28,28
trial_008_ep1_task047,8,47,9,True,True,True,True,28,28
trial_008_ep1_task047,8,47,10,True,True,True,True,28,28
trial_008_ep1_task047,8,47,11,True,True,True,True,28,28
trial_008_ep1_task047,8,47,12,True,True,True,True,28,28
trial_008_ep1_task047,8,47,13,True,True,True,True,28,28
trial_008_ep1_task047,8,47,14,True,True,True,True,28,28
trial_008_ep1_task047,8,47,15,True,True,True,True,28,28
trial_008_ep1_task047,8,47,16,True,True,True,True,28,28
trial_008_ep1_task047,8,47,17,True,True,True,True,28,28
trial_008_ep1_task047,8,47,18,True,True,True,True,28,28
trial_008_ep1_task047,8,47,19,True,True,True,True,28,28
trial_008_ep1_task047,8,47,20,True,True,True,True,28,28
trial_008_ep1_task047,8,47,21,True,True,True,True,28,28
trial_008_ep1_task047,8,47,22,True,True,True,True,28,28
trial_008_ep1_task047,8,47,23,True,True,True,True,28,28
trial_008_ep1_task047,8,47,24,True,True,True,True,28,28
trial_008_ep1_task047,8,47,25,True,True,True,True,28,28
trial_008_ep1_task047,8,47,26,True,True,True,True,28,28
trial_008_ep1_task047,8,47,27,True,True,True,True,28,28
trial_008_ep1_task051,8,51,3,True,True,True,True,21,21
trial_008_ep1_task051,8,51,4,True,True,True,True,21,21
trial_008_ep1_task051,8,51,5,True,True,True,True,21,21
trial_008_ep1_task051,8,51,6,True,True,True,True,21,21
trial_008_ep1_task051,8,51,9,True,True,True,True,21,21
trial_008_ep1_task051,8,51,10,True,True,True,True,21,21
trial_008_ep1_task051,8,51,11,True,True,True,True,21,21
trial_008_ep1_task051,8,51,12,True,True,True,True,21,21
trial_008_ep1_task051,8,51,14,True,True,True,True,21,21
trial_008_ep1_task051,8,51,16,True,True,True,True,21,21
trial_008_ep1_task051,8,51,17,True,True,True,True,21,21
trial_008_ep1_task051,8,51,18,True,True,True,True,21,21
trial_008_ep1_task051,8,51,19,True,True,True,True,21,21
trial_008_ep1_task051,8,51,20,True,True,True,True,21,21
trial_008_ep1_task051,8,51,21,True,True,True,True,21,21
trial_008_ep1_task051,8,51,22,True,True,True,True,21,21
trial_008_ep1_task051,8,51,23,True,True,True,True,21,21
trial_008_ep1_task051,8,51,24,True,True,True,True,21,21
trial_008_ep1_task051,8,51,25,True,True,True,True,21,21
trial_008_ep1_task051,8,51,26,True,True,True,True,21,21
trial_008_ep1_task051,8,51,27,True,True,True,True,21,21
trial_008_ep1_task056,8,56,0,True,True,True,True,28,28
trial_008_ep1_task056,8,56,1,True,True,True,True,28,28
trial_008_ep1_task056,8,56,2,True,True,True,True,28,28
trial_008_ep1_task056,8,56,3,True,True,True,True,28,28
trial_008_ep1_task056,8,56,4,True,True,True,True,28,28
trial_008_ep1_task056,8,56,5,True,True,True,True,28,28
trial_008_ep1_task056,8,56,6,True,True,True,True,28,28
trial_008_ep1_task056,8,56,7,True,True,True,True,28,28
trial_008_ep1_task056,8,56,8,True,True,True,True,28,28
trial_008_ep1_task056,8,56,9,True,True,True,True,28,28
trial_008_ep1_task056,8,56,10,True,True,True,True,28,28
trial_008_ep1_task056,8,56,11,True,True,True,True,28,28
trial_008_ep1_task056,8,56,12,True,True,True,True,28,28
trial_008_ep1_task056,8,56,13,True,True,True,True,28,28
trial_008_ep1_task056,8,56,14,True,True,True,True,28,28
trial_008_ep1_task056,8,56,15,True,True,True,True,28,28
trial_008_ep1_task056,8,56,16,True,True,True,True,28,28
trial_008_ep1_task056,8,56,17,True,True,True,True,28,28
trial_008_ep1_task056,8,56,18,True,True,True,True,28,28
trial_008_ep1_task056,8,56,19,True,True,True,True,28,28
trial_008_ep1_task056,8,56,20,True,True,True,True,28,28
trial_008_ep1_task056,8,56,21,True,True,True,True,28,28
trial_008_ep1_task056,8,56,22,True,True,True,True,28,28
trial_008_ep1_task056,8,56,23,True,True,True,True,28,28
trial_008_ep1_task056,8,56,24,True,True,True,True,28,28
trial_008_ep1_task056,8,56,25,True,True,True,True,28,28
trial_008_ep1_task056,8,56,26,True,True,True,True,28,28
trial_008_ep1_task056,8,56,27,True,True,True,True,28,28
trial_008_ep1_task059,8,59,0,True,True,True,True,28,28
trial_008_ep1_task059,8,59,1,True,True,True,True,28,28
trial_008_ep1_task059,8,59,2,True,True,True,True,28,28
trial_008_ep1_task059,8,59,3,True,True,True,True,28,28
trial_008_ep1_task059,8,59,4,True,True,True,True,28,28
trial_008_ep1_task059,8,59,5,True,True,True,True,28,28
trial_008_ep1_task059,8,59,6,True,True,True,True,28,28
trial_008_ep1_task059,8,59,7,True,True,True,True,28,28
trial_008_ep1_task059,8,59,8,True,True,True,True,28,28
trial_008_ep1_task059,8,59,9,True,True,True,True,28,28
trial_008_ep1_task059,8,59,10,True,True,True,True,28,28
trial_008_ep1_task059,8,59,11,True,True,True,True,28,28
trial_008_ep1_task059,8,59,12,True,True,True,True,28,28
trial_008_ep1_task059,8,59,13,True,True,True,True,28,28
trial_008_ep1_task059,8,59,14,True,True,True,True,28,28
trial_008_ep1_task059,8,59,15,True,True,True,True,28,28
trial_008_ep1_task059,8,59,16,True,True,True,True,28,28
trial_008_ep1_task059,8,59,17,True,True,True,True,28,28
trial_008_ep1_task059,8,59,18,True,True,True,True,28,28
trial_008_ep1_task059,8,59,19,True,True,True,True,28,28
trial_008_ep1_task059,8,59,20,True,True,True,True,28,28
trial_008_ep1_task059,8,59,21,True,True,True,True,28,28
trial_008_ep1_task059,8,59,22,True,True,True,True,28,28
trial_008_ep1_task059,8,59,23,True,True,True,True,28,28
trial_008_ep1_task059,8,59,24,True,True,True,True,28,28
trial_008_ep1_task059,8,59,25,True,True,True,True,28,28
trial_008_ep1_task059,8,59,26,True,True,True,True,28,28
trial_008_ep1_task059,8,59,27,True,True,True,True,28,28
trial_008_ep1_task062,8,62,0,True,True,True,True,27,27
trial_008_ep1_task062,8,62,1,True,True,True,True,27,27
trial_008_ep1_task062,8,62,2,True,True,True,True,27,27
trial_008_ep1_task062,8,62,3,True,True,True,True,27,27
trial_008_ep1_task062,8,62,4,True,True,True,True,27,27
trial_008_ep1_task062,8,62,5,True,True,True,True,27,27
trial_008_ep1_task062,8,62,6,True,True,True,True,27,27
trial_008_ep1_task062,8,62,8,True,True,True,True,27,27
trial_008_ep1_task062,8,62,9,True,True,True,True,27,27
trial_008_ep1_task062,8,62,10,True,True,True,True,27,27
trial_008_ep1_task062,8,62,11,True,True,True,True,27,27
trial_008_ep1_task062,8,62,12,True,True,True,True,27,27
trial_008_ep1_task062,8,62,13,True,True,True,True,27,27
trial_008_ep1_task062,8,62,14,True,True,True,True,27,27
trial_008_ep1_task062,8,62,15,True,True,True,True,27,27
trial_008_ep1_task062,8,62,16,True,True,True,True,27,27
trial_008_ep1_task062,8,62,17,True,True,True,True,27,27
trial_008_ep1_task062,8,62,18,True,True,True,True,27,27
trial_008_ep1_task062,8,62,19,True,True,True,True,27,27
trial_008_ep1_task062,8,62,20,True,True,True,True,27,27
trial_008_ep1_task062,8,62,21,True,True,True,True,27,27
trial_008_ep1_task062,8,62,22,True,True,True,True,27,27
trial_008_ep1_task062,8,62,23,True,True,True,True,27,27
trial_008_ep1_task062,8,62,24,True,True,True,True,27,27
trial_008_ep1_task062,8,62,25,True,True,True,True,27,27
trial_008_ep1_task062,8,62,26,True,True,True,True,27,27
trial_008_ep1_task062,8,62,27,True,True,True,True,27,27
trial_008_ep1_task065,8,65,0,True,True,True,True,27,27
trial_008_ep1_task065,8,65,1,True,True,True,True,27,27
trial_008_ep1_task065,8,65,2,True,True,True,True,27,27
trial_008_ep1_task065,8,65,3,True,True,True,True,27,27
trial_008_ep1_task065,8,65,4,True,True,True,True,27,27
trial_008_ep1_task065,8,65,5,True,True,True,True,27,27
trial_008_ep1_task065,8,65,6,True,True,True,True,27,27
trial_008_ep1_task065,8,65,8,True,True,True,True,27,27
trial_008_ep1_task065,8,65,9,True,True,True,True,27,27
trial_008_ep1_task065,8,65,10,True,True,True,True,27,27
trial_008_ep1_task065,8,65,11,True,True,True,True,27,27
trial_008_ep1_task065,8,65,12,True,True,True,True,27,27
trial_008_ep1_task065,8,65,13,True,True,True,True,27,27
trial_008_ep1_task065,8,65,14,True,True,True,True,27,27
trial_008_ep1_task065,8,65,15,True,True,True,True,27,27
trial_008_ep1_task065,8,65,16,True,True,True,True,27,27
trial_008_ep1_task065,8,65,17,True,True,True,True,27,27
trial_008_ep1_task065,8,65,18,True,True,True,True,27,27
trial_008_ep1_task065,8,65,19,True,True,True,True,27,27
trial_008_ep1_task065,8,65,20,True,True,True,True,27,27
trial_008_ep1_task065,8,65,21,True,True,True,True,27,27
trial_008_ep1_task065,8,65,22,True,True,True,True,27,27
trial_008_ep1_task065,8,65,23,True,True,True,True,27,27
trial_008_ep1_task065,8,65,24,True,True,True,True,27,27
trial_008_ep1_task065,8,65,25,True,True,True,True,27,27
trial_008_ep1_task065,8,65,26,True,True,True,True,27,27
trial_008_ep1_task065,8,65,27,True,True,True,True,27,27
trial_008_ep1_task068,8,68,0,True,True,True,True,28,28
trial_008_ep1_task068,8,68,1,True,True,True,True,28,28
trial_008_ep1_task068,8,68,2,True,True,True,True,28,28
trial_008_ep1_task068,8,68,3,True,True,True,True,28,28
trial_008_ep1_task068,8,68,4,True,True,True,True,28,28
trial_008_ep1_task068,8,68,5,True,True,True,True,28,28
trial_008_ep1_task068,8,68,6,True,True,True,True,28,28
trial_008_ep1_task068,8,68,7,True,True,True,True,28,28
trial_008_ep1_task068,8,68,8,True,True,True,True,28,28
trial_008_ep1_task068,8,68,9,True,True,True,True,28,28
trial_008_ep1_task068,8,68,10,True,True,True,True,28,28
trial_008_ep1_task068,8,68,11,True,True,True,True,28,28
trial_008_ep1_task068,8,68,12,True,True,True,True,28,28
trial_008_ep1_task068,8,68,13,True,True,True,True,28,28
trial_008_ep1_task068,8,68,14,True,True,True,True,28,28
trial_008_ep1_task068,8,68,15,True,True,True,True,28,28
trial_008_ep1_task068,8,68,16,True,True,True,True,28,28
trial_008_ep1_task068,8,68,17,True,True,True,True,28,28
trial_008_ep1_task068,8,68,18,True,True,True,True,28,28
trial_008_ep1_task068,8,68,19,True,True,True,True,28,28
trial_008_ep1_task068,8,68,20,True,True,True,True,28,28
trial_008_ep1_task068,8,68,21,True,True,True,True,28,28
trial_008_ep1_task068,8,68,22,True,True,True,True,28,28
trial_008_ep1_task068,8,68,23,True,True,True,True,28,28
trial_008_ep1_task068,8,68,24,True,True,True,True,28,28
trial_008_ep1_task068,8,68,25,True,True,True,True,28,28
trial_008_ep1_task068,8,68,26,True,True,True,True,28,28
trial_008_ep1_task068,8,68,27,True,True,True,True,28,28
trial_008_ep1_task069,8,69,0,True,True,True,True,25,25
trial_008_ep1_task069,8,69,2,True,True,True,True,25,25
trial_008_ep1_task069,8,69,3,True,True,True,True,25,25
trial_008_ep1_task069,8,69,4,True,True,True,True,25,25
trial_008_ep1_task069,8,69,5,True,True,True,True,25,25
trial_008_ep1_task069,8,69,6,True,True,True,True,25,25
trial_008_ep1_task069,8,69,8,True,True,True,True,25,25
trial_008_ep1_task069,8,69,9,True,True,True,True,25,25
trial_008_ep1_task069,8,69,10,True,True,True,True,25,25
trial_008_ep1_task069,8,69,11,True,True,True,True,25,25
trial_008_ep1_task069,8,69,12,True,True,True,True,25,25
trial_008_ep1_task069,8,69,14,True,True,True,True,25,25
trial_008_ep1_task069,8,69,15,True,True,True,True,25,25
trial_008_ep1_task069,8,69,16,True,True,True,True,25,25
trial_008_ep1_task069,8,69,17,True,True,True,True,25,25
trial_008_ep1_task069,8,69,18,True,True,True,True,25,25
trial_008_ep1_task069,8,69,19,True,True,True,True,25,25
trial_008_ep1_task069,8,69,20,True,True,True,True,25,25
trial_008_ep1_task069,8,69,21,True,True,True,True,25,25
trial_008_ep1_task069,8,69,22,True,True,True,True,25,25
trial_008_ep1_task069,8,69,23,True,True,True,True,25,25
trial_008_ep1_task069,8,69,24,True,True,True,True,25,25
trial_008_ep1_task069,8,69,25,True,True,True,True,25,25
trial_008_ep1_task069,8,69,26,True,True,True,True,25,25
trial_008_ep1_task069,8,69,27,True,True,True,True,25,25
trial_008_ep1_task070,8,70,6,True,True,True,True,8,8
trial_008_ep1_task070,8,70,12,True,True,True,True,8,8
trial_008_ep1_task070,8,70,21,True,True,True,True,8,8
trial_008_ep1_task070,8,70,22,True,True,True,True,8,8
trial_008_ep1_task070,8,70,23,True,True,True,True,8,8
trial_008_ep1_task070,8,70,24,True,True,True,True,8,8
trial_008_ep1_task070,8,70,26,True,True,True,True,8,8
trial_008_ep1_task070,8,70,27,True,True,True,True,8,8
trial_008_ep1_task071,8,71,6,True,True,True,True,8,8
trial_008_ep1_task071,8,71,12,True,True,True,True,8,8
trial_008_ep1_task071,8,71,21,True,True,True,True,8,8
trial_008_ep1_task071,8,71,22,True,True,True,True,8,8
trial_008_ep1_task071,8,71,23,True,True,True,True,8,8
trial_008_ep1_task071,8,71,24,True,True,True,True,8,8
trial_008_ep1_task071,8,71,26,True,True,True,True,8,8
trial_008_ep1_task071,8,71,27,True,True,True,True,8,8
trial_008_ep1_task073,8,73,6,True,True,True,True,9,9
trial_008_ep1_task073,8,73,12,True,True,True,True,9,9
trial_008_ep1_task073,8,73,17,True,True,True,True,9,9
trial_008_ep1_task073,8,73,21,True,True,True,True,9,9
trial_008_ep1_task073,8,73,22,True,True,True,True,9,9
trial_008_ep1_task073,8,73,23,True,True,True,True,9,9
trial_008_ep1_task073,8,73,24,True,True,True,True,9,9
trial_008_ep1_task073,8,73,26,True,True,True,True,9,9
trial_008_ep1_task073,8,73,27,True,True,True,True,9,9
trial_008_ep1_task074,8,74,0,True,True,True,True,28,28
trial_008_ep1_task074,8,74,1,True,True,True,True,28,28
trial_008_ep1_task074,8,74,2,True,True,True,True,28,28
trial_008_ep1_task074,8,74,3,True,True,True,True,28,28
trial_008_ep1_task074,8,74,4,True,True,True,True,28,28
trial_008_ep1_task074,8,74,5,True,True,True,True,28,28
trial_008_ep1_task074,8,74,6,True,True,True,True,28,28
trial_008_ep1_task074,8,74,7,True,True,True,True,28,28
trial_008_ep1_task074,8,74,8,True,True,True,True,28,28
trial_008_ep1_task074,8,74,9,True,True,True,True,28,28
trial_008_ep1_task074,8,74,10,True,True,True,True,28,28
trial_008_ep1_task074,8,74,11,True,True,True,True,28,28
trial_008_ep1_task074,8,74,12,True,True,True,True,28,28
trial_008_ep1_task074,8,74,13,True,True,True,True,28,28
trial_008_ep1_task074,8,74,14,True,True,True,True,28,28
trial_008_ep1_task074,8,74,15,True,True,True,True,28,28
trial_008_ep1_task074,8,74,16,True,True,True,True,28,28
trial_008_ep1_task074,8,74,17,True,True,True,True,28,28
trial_008_ep1_task074,8,74,18,True,True,True,True,28,28
trial_008_ep1_task074,8,74,19,True,True,True,True,28,28
trial_008_ep1_task074,8,74,20,True,True,True,True,28,28
trial_008_ep1_task074,8,74,21,True,True,True,True,28,28
trial_008_ep1_task074,8,74,22,True,True,True,True,28,28
trial_008_ep1_task074,8,74,23,True,True,True,True,28,28
trial_008_ep1_task074,8,74,24,True,True,True,True,28,28
trial_008_ep1_task074,8,74,25,True,True,True,True,28,28
trial_008_ep1_task074,8,74,26,True,True,True,True,28,28
trial_008_ep1_task074,8,74,27,True,True,True,True,28,28
trial_008_ep1_task075,8,75,2,True,True,True,True,22,22
trial_008_ep1_task075,8,75,3,True,True,True,True,22,22
trial_008_ep1_task075,8,75,4,True,True,True,True,22,22
trial_008_ep1_task075,8,75,5,True,True,True,True,22,22
trial_008_ep1_task075,8,75,6,True,True,True,True,22,22
trial_008_ep1_task075,8,75,9,True,True,True,True,22,22
trial_008_ep1_task075,8,75,10,True,True,True,True,22,22
trial_008_ep1_task075,8,75,11,True,True,True,True,22,22
trial_008_ep1_task075,8,75,12,True,True,True,True,22,22
trial_008_ep1_task075,8,75,14,True,True,True,True,22,22
trial_008_ep1_task075,8,75,16,True,True,True,True,22,22
trial_008_ep1_task075,8,75,17,True,True,True,True,22,22
trial_008_ep1_task075,8,75,18,True,True,True,True,22,22
trial_008_ep1_task075,8,75,19,True,True,True,True,22,22
trial_008_ep1_task075,8,75,20,True,True,True,True,22,22
trial_008_ep1_task075,8,75,21,True,True,True,True,22,22
trial_008_ep1_task075,8,75,22,True,True,True,True,22,22
trial_008_ep1_task075,8,75,23,True,True,True,True,22,22
trial_008_ep1_task075,8,75,24,True,True,True,True,22,22
trial_008_ep1_task075,8,75,25,True,True,True,True,22,22
trial_008_ep1_task075,8,75,26,True,True,True,True,22,22
trial_008_ep1_task075,8,75,27,True,True,True,True,22,22
trial_008_ep1_task078,8,78,0,True,True,True,True,28,28
trial_008_ep1_task078,8,78,1,True,True,True,True,28,28
trial_008_ep1_task078,8,78,2,True,True,True,True,28,28
trial_008_ep1_task078,8,78,3,True,True,True,True,28,28
trial_008_ep1_task078,8,78,4,True,True,True,True,28,28
trial_008_ep1_task078,8,78,5,True,True,True,True,28,28
trial_008_ep1_task078,8,78,6,True,True,True,True,28,28
trial_008_ep1_task078,8,78,7,True,True,True,True,28,28
trial_008_ep1_task078,8,78,8,True,True,True,True,28,28
trial_008_ep1_task078,8,78,9,True,True,True,True,28,28
trial_008_ep1_task078,8,78,10,True,True,True,True,28,28
trial_008_ep1_task078,8,78,11,True,True,True,True,28,28
trial_008_ep1_task078,8,78,12,True,True,True,True,28,28
trial_008_ep1_task078,8,78,13,True,True,True,True,28,28
trial_008_ep1_task078,8,78,14,True,True,True,True,28,28
trial_008_ep1_task078,8,78,15,True,True,True,True,28,28
trial_008_ep1_task078,8,78,16,True,True,True,True,28,28
trial_008_ep1_task078,8,78,17,True,True,True,True,28,28
trial_008_ep1_task078,8,78,18,True,True,True,True,28,28
trial_008_ep1_task078,8,78,19,True,True,True,True,28,28
trial_008_ep1_task078,8,78,20,True,True,True,True,28,28
trial_008_ep1_task078,8,78,21,True,True,True,True,28,28
trial_008_ep1_task078,8,78,22,True,True,True,True,28,28
trial_008_ep1_task078,8,78,23,True,True,True,True,28,28
trial_008_ep1_task078,8,78,24,True,True,True,True,28,28
trial_008_ep1_task078,8,78,25,True,True,True,True,28,28
trial_008_ep1_task078,8,78,26,True,True,True,True,28,28
trial_008_ep1_task078,8,78,27,True,True,True,True,28,28
trial_008_ep1_task081,8,81,0,True,True,True,True,28,28
trial_008_ep1_task081,8,81,1,True,True,True,True,28,28
trial_008_ep1_task081,8,81,2,True,True,True,True,28,28
trial_008_ep1_task081,8,81,3,True,True,True,True,28,28
trial_008_ep1_task081,8,81,4,True,True,True,True,28,28
trial_008_ep1_task081,8,81,5,True,True,True,True,28,28
trial_008_ep1_task081,8,81,6,True,True,True,True,28,28
trial_008_ep1_task081,8,81,7,True,True,True,True,28,28
trial_008_ep1_task081,8,81,8,True,True,True,True,28,28
trial_008_ep1_task081,8,81,9,True,True,True,True,28,28
trial_008_ep1_task081,8,81,10,True,True,True,True,28,28
trial_008_ep1_task081,8,81,11,True,True,True,True,28,28
trial_008_ep1_task081,8,81,12,True,True,True,True,28,28
trial_008_ep1_task081,8,81,13,True,True,True,True,28,28
trial_008_ep1_task081,8,81,14,True,True,True,True,28,28
trial_008_ep1_task081,8,81,15,True,True,True,True,28,28
trial_008_ep1_task081,8,81,16,True,True,True,True,28,28
trial_008_ep1_task081,8,81,17,True,True,True,True,28,28
trial_008_ep1_task081,8,81,18,True,True,True,True,28,28
trial_008_ep1_task081,8,81,19,True,True,True,True,28,28
trial_008_ep1_task081,8,81,20,True,True,True,True,28,28
trial_008_ep1_task081,8,81,21,True,True,True,True,28,28
trial_008_ep1_task081,8,81,22,True,True,True,True,28,28
trial_008_ep1_task081,8,81,23,True,True,True,True,28,28
trial_008_ep1_task081,8,81,24,True,True,True,True,28,28
trial_008_ep1_task081,8,81,25,True,True,True,True,28,28
trial_008_ep1_task081,8,81,26,True,True,True,True,28,28
trial_008_ep1_task081,8,81,27,True,True,True,True,28,28
trial_008_ep1_task082,8,82,0,True,True,True,True,28,28
trial_008_ep1_task082,8,82,1,True,True,True,True,28,28
trial_008_ep1_task082,8,82,2,True,True,True,True,28,28
trial_008_ep1_task082,8,82,3,True,True,True,True,28,28
trial_008_ep1_task082,8,82,4,True,True,True,True,28,28
trial_008_ep1_task082,8,82,5,True,True,True,True,28,28
trial_008_ep1_task082,8,82,6,True,True,True,True,28,28
trial_008_ep1_task082,8,82,7,True,True,True,True,28,28
trial_008_ep1_task082,8,82,8,True,True,True,True,28,28
trial_008_ep1_task082,8,82,9,True,True,True,True,28,28
trial_008_ep1_task082,8,82,10,True,True,True,True,28,28
trial_008_ep1_task082,8,82,11,True,True,True,True,28,28
trial_008_ep1_task082,8,82,12,True,True,True,True,28,28
trial_008_ep1_task082,8,82,13,True,True,True,True,28,28
trial_008_ep1_task082,8,82,14,True,True,True,True,28,28
trial_008_ep1_task082,8,82,15,True,True,True,True,28,28
trial_008_ep1_task082,8,82,16,True,True,True,True,28,28
trial_008_ep1_task082,8,82,17,True,True,True,True,28,28
trial_008_ep1_task082,8,82,18,True,True,True,True,28,28
trial_008_ep1_task082,8,82,19,True,True,True,True,28,28
trial_008_ep1_task082,8,82,20,True,True,True,True,28,28
trial_008_ep1_task082,8,82,21,True,True,True,True,28,28
trial_008_ep1_task082,8,82,22,True,True,True,True,28,28
trial_008_ep1_task082,8,82,23,True,True,True,True,28,28
trial_008_ep1_task082,8,82,24,True,True,True,True,28,28
trial_008_ep1_task082,8,82,25,True,True,True,True,28,28
trial_008_ep1_task082,8,82,26,True,True,True,True,28,28
trial_008_ep1_task082,8,82,27,True,True,True,True,28,28
trial_008_ep1_task085,8,85,24,True,True,True,True,3,3
trial_008_ep1_task085,8,85,26,True,True,True,True,3,3
trial_008_ep1_task085,8,85,27,True,True,True,True,3,3
trial_008_ep1_task090,8,90,0,True,True,True,True,28,28
trial_008_ep1_task090,8,90,1,True,True,True,True,28,28
trial_008_ep1_task090,8,90,2,True,True,True,True,28,28
trial_008_ep1_task090,8,90,3,True,True,True,True,28,28
trial_008_ep1_task090,8,90,4,True,True,True,True,28,28
trial_008_ep1_task090,8,90,5,True,True,True,True,28,28
trial_008_ep1_task090,8,90,6,True,True,True,True,28,28
trial_008_ep1_task090,8,90,7,True,True,True,True,28,28
trial_008_ep1_task090,8,90,8,True,True,True,True,28,28
trial_008_ep1_task090,8,90,9,True,True,True,True,28,28
trial_008_ep1_task090,8,90,10,True,True,True,True,28,28
trial_008_ep1_task090,8,90,11,True,True,True,True,28,28
trial_008_ep1_task090,8,90,12,True,True,True,True,28,28
trial_008_ep1_task090,8,90,13,True,True,True,True,28,28
trial_008_ep1_task090,8,90,14,True,True,True,True,28,28
trial_008_ep1_task090,8,90,15,True,True,True,True,28,28
trial_008_ep1_task090,8,90,16,True,True,True,True,28,28
trial_008_ep1_task090,8,90,17,True,True,True,True,28,28
trial_008_ep1_task090,8,90,18,True,True,True,True,28,28
trial_008_ep1_task090,8,90,19,True,True,True,True,28,28
trial_008_ep1_task090,8,90,20,True,True,True,True,28,28
trial_008_ep1_task090,8,90,21,True,True,True,True,28,28
trial_008_ep1_task090,8,90,22,True,True,True,True,28,28
trial_008_ep1_task090,8,90,23,True,True,True,True,28,28
trial_008_ep1_task090,8,90,24,True,True,True,True,28,28
trial_008_ep1_task090,8,90,25,True,True,True,True,28,28
trial_008_ep1_task090,8,90,26,True,True,True,True,28,28
trial_008_ep1_task090,8,90,27,True,True,True,True,28,28
trial_008_ep1_task091,8,91,0,True,True,True,True,28,28
trial_008_ep1_task091,8,91,1,True,True,True,True,28,28
trial_008_ep1_task091,8,91,2,True,True,True,True,28,28
trial_008_ep1_task091,8,91,3,True,True,True,True,28,28
trial_008_ep1_task091,8,91,4,True,True,True,True,28,28
trial_008_ep1_task091,8,91,5,True,True,True,True,28,28
trial_008_ep1_task091,8,91,6,True,True,True,True,28,28
trial_008_ep1_task091,8,91,7,True,True,True,True,28,28
trial_008_ep1_task091,8,91,8,True,True,True,True,28,28
trial_008_ep1_task091,8,91,9,True,True,True,True,28,28
trial_008_ep1_task091,8,91,10,True,True,True,True,28,28
trial_008_ep1_task091,8,91,11,True,True,True,True,28,28
trial_008_ep1_task091,8,91,12,True,True,True,True,28,28
trial_008_ep1_task091,8,91,13,True,True,True,True,28,28
trial_008_ep1_task091,8,91,14,True,True,True,True,28,28
trial_008_ep1_task091,8,91,15,True,True,True,True,28,28
trial_008_ep1_task091,8,91,16,True,True,True,True,28,28
trial_008_ep1_task091,8,91,17,True,True,True,True,28,28
trial_008_ep1_task091,8,91,18,True,True,True,True,28,28
trial_008_ep1_task091,8,91,19,True,True,True,True,28,28
trial_008_ep1_task091,8,91,20,True,True,True,True,28,28
trial_008_ep1_task091,8,91,21,True,True,True,True,28,28
trial_008_ep1_task091,8,91,22,True,True,True,True,28,28
trial_008_ep1_task091,8,91,23,True,True,True,True,28,28
trial_008_ep1_task091,8,91,24,True,True,True,True,28,28
trial_008_ep1_task091,8,91,25,True,True,True,True,28,28
trial_008_ep1_task091,8,91,26,True,True,True,True,28,28
trial_008_ep1_task091,8,91,27,True,True,True,True,28,28
trial_008_ep1_task093,8,93,3,True,True,True,True,13,13
trial_008_ep1_task093,8,93,6,True,True,True,True,13,13
trial_008_ep1_task093,8,93,9,True,True,True,True,13,13
trial_008_ep1_task093,8,93,12,True,True,True,True,13,13
trial_008_ep1_task093,8,93,17,True,True,True,True,13,13
trial_008_ep1_task093,8,93,18,True,True,True,True,13,13
trial_008_ep1_task093,8,93,21,True,True,True,True,13,13
trial_008_ep1_task093,8,93,22,True,True,True,True,13,13
trial_008_ep1_task093,8,93,23,True,True,True,True,13,13
trial_008_ep1_task093,8,93,24,True,True,True,True,13,13
trial_008_ep1_task093,8,93,25,True,True,True,True,13,13
trial_008_ep1_task093,8,93,26,True,True,True,True,13,13
trial_008_ep1_task093,8,93,27,True,True,True,True,13,13
trial_008_ep1_task095,8,95,24,True,True,True,True,3,3
trial_008_ep1_task095,8,95,26,True,True,True,True,3,3
trial_008_ep1_task095,8,95,27,True,True,True,True,3,3
trial_008_ep1_task096,8,96,0,True,True,True,True,28,28
trial_008_ep1_task096,8,96,1,True,True,True,True,28,28
trial_008_ep1_task096,8,96,2,True,True,True,True,28,28
trial_008_ep1_task096,8,96,3,True,True,True,True,28,28
trial_008_ep1_task096,8,96,4,True,True,True,True,28,28
trial_008_ep1_task096,8,96,5,True,True,True,True,28,28
trial_008_ep1_task096,8,96,6,True,True,True,True,28,28
trial_008_ep1_task096,8,96,7,True,True,True,True,28,28
trial_008_ep1_task096,8,96,8,True,True,True,True,28,28
trial_008_ep1_task096,8,96,9,True,True,True,True,28,28
trial_008_ep1_task096,8,96,10,True,True,True,True,28,28
trial_008_ep1_task096,8,96,11,True,True,True,True,28,28
trial_008_ep1_task096,8,96,12,True,True,True,True,28,28
trial_008_ep1_task096,8,96,13,True,True,True,True,28,28
trial_008_ep1_task096,8,96,14,True,True,True,True,28,28
trial_008_ep1_task096,8,96,15,True,True,True,True,28,28
trial_008_ep1_task096,8,96,16,True,True,True,True,28,28
trial_008_ep1_task096,8,96,17,True,True,True,True,28,28
trial_008_ep1_task096,8,96,18,True,True,True,True,28,28
trial_008_ep1_task096,8,96,19,True,True,True,True,28,28
trial_008_ep1_task096,8,96,20,True,True,True,True,28,28
trial_008_ep1_task096,8,96,21,True,True,True,True,28,28
trial_008_ep1_task096,8,96,22,True,True,True,True,28,28
trial_008_ep1_task096,8,96,23,True,True,True,True,28,28
trial_008_ep1_task096,8,96,24,True,True,True,True,28,28
trial_008_ep1_task096,8,96,25,True,True,True,True,28,28
trial_008_ep1_task096,8,96,26,True,True,True,True,28,28
trial_008_ep1_task096,8,96,27,True,True,True,True,28,28
trial_008_ep1_task097,8,97,0,True,True,True,True,25,25
trial_008_ep1_task097,8,97,2,True,True,True,True,25,25
trial_008_ep1_task097,8,97,3,True,True,True,True,25,25
trial_008_ep1_task097,8,97,4,True,True,True,True,25,25
trial_008_ep1_task097,8,97,5,True,True,True,True,25,25
trial_008_ep1_task097,8,97,6,True,True,True,True,25,25
trial_008_ep1_task097,8,97,8,True,True,True,True,25,25
trial_008_ep1_task097,8,97,9,True,True,True,True,25,25
trial_008_ep1_task097,8,97,10,True,True,True,True,25,25
trial_008_ep1_task097,8,97,11,True,True,True,True,25,25
trial_008_ep1_task097,8,97,12,True,True,True,True,25,25
trial_008_ep1_task097,8,97,14,True,True,True,True,25,25
trial_008_ep1_task097,8,97,15,True,True,True,True,25,25
trial_008_ep1_task097,8,97,16,True,True,True,True,25,25
trial_008_ep1_task097,8,97,17,True,True,True,True,25,25
trial_008_ep1_task097,8,97,18,True,True,True,True,25,25
trial_008_ep1_task097,8,97,19,True,True,True,True,25,25
trial_008_ep1_task097,8,97,20,True,True,True,True,25,25
trial_008_ep1_task097,8,97,21,True,True,True,True,25,25
trial_008_ep1_task097,8,97,22,True,True,True,True,25,25
trial_008_ep1_task097,8,97,23,True,True,True,True,25,25
trial_008_ep1_task097,8,97,24,True,True,True,True,25,25
trial_008_ep1_task097,8,97,25,True,True,True,True,25,25
trial_008_ep1_task097,8,97,26,True,True,True,True,25,25
trial_008_ep1_task097,8,97,27,True,True,True,True,25,25
trial_008_ep1_task098,8,98,0,True,True,True,True,25,25
trial_008_ep1_task098,8,98,2,True,True,True,True,25,25
trial_008_ep1_task098,8,98,3,True,True,True,True,25,25
trial_008_ep1_task098,8,98,4,True,True,True,True,25,25
trial_008_ep1_task098,8,98,5,True,True,True,True,25,25
trial_008_ep1_task098,8,98,6,True,True,True,True,25,25
trial_008_ep1_task098,8,98,8,True,True,True,True,25,25
trial_008_ep1_task098,8,98,9,True,True,True,True,25,25
trial_008_ep1_task098,8,98,10,True,True,True,True,25,25
trial_008_ep1_task098,8,98,11,True,True,True,True,25,25
trial_008_ep1_task098,8,98,12,True,True,True,True,25,25
trial_008_ep1_task098,8,98,14,True,True,True,True,25,25
trial_008_ep1_task098,8,98,15,True,True,True,True,25,25
trial_008_ep1_task098,8,98,16,True,True,True,True,25,25
trial_008_ep1_task098,8,98,17,True,True,True,True,25,25
trial_008_ep1_task098,8,98,18,True,True,True,True,25,25
trial_008_ep1_task098,8,98,19,True,True,True,True,25,25
trial_008_ep1_task098,8,98,20,True,True,True,True,25,25
trial_008_ep1_task098,8,98,21,True,True,True,True,25,25
trial_008_ep1_task098,8,98,22,True,True,True,True,25,25
trial_008_ep1_task098,8,98,23,True,True,True,True,25,25
trial_008_ep1_task098,8,98,24,True,True,True,True,25,25
trial_008_ep1_task098,8,98,25,True,True,True,True,25,25
trial_008_ep1_task098,8,98,26,True,True,True,True,25,25
trial_008_ep1_task098,8,98,27,True,True,True,True,25,25
trial_008_ep1_task099,8,99,0,True,True,True,True,28,28
trial_008_ep1_task099,8,99,1,True,True,True,True,28,28
trial_008_ep1_task099,8,99,2,True,True,True,True,28,28
trial_008_ep1_task099,8,99,3,True,True,True,True,28,28
trial_008_ep1_task099,8,99,4,True,True,True,True,28,28
trial_008_ep1_task099,8,99,5,True,True,True,True,28,28
trial_008_ep1_task099,8,99,6,True,True,True,True,28,28
trial_008_ep1_task099,8,99,7,True,True,True,True,28,28
trial_008_ep1_task099,8,99,8,True,True,True,True,28,28
trial_008_ep1_task099,8,99,9,True,True,True,True,28,28
trial_008_ep1_task099,8,99,10,True,True,True,True,28,28
trial_008_ep1_task099,8,99,11,True,True,True,True,28,28
trial_008_ep1_task099,8,99,12,True,True,True,True,28,28
trial_008_ep1_task099,8,99,13,True,True,True,True,28,28
trial_008_ep1_task099,8,99,14,True,True,True,True,28,28
trial_008_ep1_task099,8,99,15,True,True,True,True,28,28
trial_008_ep1_task099,8,99,16,True,True,True,True,28,28
trial_008_ep1_task099,8,99,17,True,True,True,True,28,28
trial_008_ep1_task099,8,99,18,True,True,True,True,28,28
trial_008_ep1_task099,8,99,19,True,True,True,True,28,28
trial_008_ep1_task099,8,99,20,True,True,True,True,28,28
trial_008_ep1_task099,8,99,21,True,True,True,True,28,28
trial_008_ep1_task099,8,99,22,True,True,True,True,28,28
trial_008_ep1_task099,8,99,23,True,True,True,True,28,28
trial_008_ep1_task099,8,99,24,True,True,True,True,28,28
trial_008_ep1_task099,8,99,25,True,True,True,True,28,28
trial_008_ep1_task099,8,99,26,True,True,True,True,28,28
trial_008_ep1_task099,8,99,27,True,True,True,True,28,28
trial_008_ep1_task100,8,100,3,True,True,True,True,13,13
trial_008_ep1_task100,8,100,6,True,True,True,True,13,13
trial_008_ep1_task100,8,100,9,True,True,True,True,13,13
trial_008_ep1_task100,8,100,12,True,True,True,True,13,13
trial_008_ep1_task100,8,100,17,True,True,True,True,13,13
trial_008_ep1_task100,8,100,18,True,True,True,True,13,13
trial_008_ep1_task100,8,100,21,True,True,True,True,13,13
trial_008_ep1_task100,8,100,22,True,True,True,True,13,13
trial_008_ep1_task100,8,100,23,True,True,True,True,13,13
trial_008_ep1_task100,8,100,24,True,True,True,True,13,13
trial_008_ep1_task100,8,100,25,True,True,True,True,13,13
trial_008_ep1_task100,8,100,26,True,True,True,True,13,13
trial_008_ep1_task100,8,100,27,True,True,True,True,13,13
trial_008_ep1_task102,8,102,0,True,True,True,True,28,28
trial_008_ep1_task102,8,102,1,True,True,True,True,28,28
trial_008_ep1_task102,8,102,2,True,True,True,True,28,28
trial_008_ep1_task102,8,102,3,True,True,True,True,28,28
trial_008_ep1_task102,8,102,4,True,True,True,True,28,28
trial_008_ep1_task102,8,102,5,True,True,True,True,28,28
trial_008_ep1_task102,8,102,6,True,True,True,True,28,28
trial_008_ep1_task102,8,102,7,True,True,True,True,28,28
trial_008_ep1_task102,8,102,8,True,True,True,True,28,28
trial_008_ep1_task102,8,102,9,True,True,True,True,28,28
trial_008_ep1_task102,8,102,10,True,True,True,True,28,28
trial_008_ep1_task102,8,102,11,True,True,True,True,28,28
trial_008_ep1_task102,8,102,12,True,True,True,True,28,28
trial_008_ep1_task102,8,102,13,True,True,True,True,28,28
trial_008_ep1_task102,8,102,14,True,True,True,True,28,28
trial_008_ep1_task102,8,102,15,True,True,True,True,28,28
trial_008_ep1_task102,8,102,16,True,True,True,True,28,28
trial_008_ep1_task102,8,102,17,True,True,True,True,28,28
trial_008_ep1_task102,8,102,18,True,True,True,True,28,28
trial_008_ep1_task102,8,102,19,True,True,True,True,28,28
trial_008_ep1_task102,8,102,20,True,True,True,True,28,28
trial_008_ep1_task102,8,102,21,True,True,True,True,28,28
trial_008_ep1_task102,8,102,22,True,True,True,True,28,28
trial_008_ep1_task102,8,102,23,True,True,True,True,28,28
trial_008_ep1_task102,8,102,24,True,True,True,True,28,28
trial_008_ep1_task102,8,102,25,True,True,True,True,28,28
trial_008_ep1_task102,8,102,26,True,True,True,True,28,28
trial_008_ep1_task102,8,102,27,True,True,True,True,28,28
trial_008_ep1_task104,8,104,24,True,True,True,True,3,3
trial_008_ep1_task104,8,104,26,True,True,True,True,3,3
trial_008_ep1_task104,8,104,27,True,True,True,True,3,3
trial_008_ep1_task105,8,105,6,True,True,True,True,8,8
trial_008_ep1_task105,8,105,12,True,True,True,True,8,8
trial_008_ep1_task105,8,105,21,True,True,True,True,8,8
trial_008_ep1_task105,8,105,22,True,True,True,True,8,8
trial_008_ep1_task105,8,105,23,True,True,True,True,8,8
trial_008_ep1_task105,8,105,24,True,True,True,True,8,8
trial_008_ep1_task105,8,105,26,True,True,True,True,8,8
trial_008_ep1_task105,8,105,27,True,True,True,True,8,8
trial_008_ep1_task107,8,107,0,True,True,True,True,28,28
trial_008_ep1_task107,8,107,1,True,True,True,True,28,28
trial_008_ep1_task107,8,107,2,True,True,True,True,28,28
trial_008_ep1_task107,8,107,3,True,True,True,True,28,28
trial_008_ep1_task107,8,107,4,True,True,True,True,28,28
trial_008_ep1_task107,8,107,5,True,True,True,True,28,28
trial_008_ep1_task107,8,107,6,True,True,True,True,28,28
trial_008_ep1_task107,8,107,7,True,True,True,True,28,28
trial_008_ep1_task107,8,107,8,True,True,True,True,28,28
trial_008_ep1_task107,8,107,9,True,True,True,True,28,28
trial_008_ep1_task107,8,107,10,True,True,True,True,28,28
trial_008_ep1_task107,8,107,11,True,True,True,True,28,28
trial_008_ep1_task107,8,107,12,True,True,True,True,28,28
trial_008_ep1_task107,8,107,13,True,True,True,True,28,28
trial_008_ep1_task107,8,107,14,True,True,True,True,28,28
trial_008_ep1_task107,8,107,15,True,True,True,True,28,28
trial_008_ep1_task107,8,107,16,True,True,True,True,28,28
trial_008_ep1_task107,8,107,17,True,True,True,True,28,28
trial_008_ep1_task107,8,107,18,True,True,True,True,28,28
trial_008_ep1_task107,8,107,19,True,True,True,True,28,28
trial_008_ep1_task107,8,107,20,True,True,True,True,28,28
trial_008_ep1_task107,8,107,21,True,True,True,True,28,28
trial_008_ep1_task107,8,107,22,True,True,True,True,28,28
trial_008_ep1_task107,8,107,23,True,True,True,True,28,28
trial_008_ep1_task107,8,107,24,True,True,True,True,28,28
trial_008_ep1_task107,8,107,25,True,True,True,True,28,28
trial_008_ep1_task107,8,107,26,True,True,True,True,28,28
trial_008_ep1_task107,8,107,27,True,True,True,True,28,28
trial_008_ep1_task110,8,110,6,True,True,True,True,8,8
trial_008_ep1_task110,8,110,12,True,True,True,True,8,8
trial_008_ep1_task110,8,110,21,True,True,True,True,8,8
trial_008_ep1_task110,8,110,22,True,True,True,True,8,8
trial_008_ep1_task110,8,110,23,True,True,True,True,8,8
trial_008_ep1_task110,8,110,24,True,True,True,True,8,8
trial_008_ep1_task110,8,110,26,True,True,True,True,8,8
trial_008_ep1_task110,8,110,27,True,True,True,True,8,8
trial_008_ep1_task111,8,111,3,True,True,True,True,13,13
trial_008_ep1_task111,8,111,6,True,True,True,True,13,13
trial_008_ep1_task111,8,111,9,True,True,True,True,13,13
trial_008_ep1_task111,8,111,12,True,True,True,True,13,13
trial_008_ep1_task111,8,111,17,True,True,True,True,13,13
trial_008_ep1_task111,8,111,18,True,True,True,True,13,13
trial_008_ep1_task111,8,111,21,True,True,True,True,13,13
trial_008_ep1_task111,8,111,22,True,True,True,True,13,13
trial_008_ep1_task111,8,111,23,True,True,True,True,13,13
trial_008_ep1_task111,8,111,24,True,True,True,True,13,13
trial_008_ep1_task111,8,111,25,True,True,True,True,13,13
trial_008_ep1_task111,8,111,26,True,True,True,True,13,13
trial_008_ep1_task111,8,111,27,True,True,True,True,13,13
trial_008_ep1_task114,8,114,6,True,True,True,True,8,8
trial_008_ep1_task114,8,114,12,True,True,True,True,8,8
trial_008_ep1_task114,8,114,21,True,True,True,True,8,8
trial_008_ep1_task114,8,114,22,True,True,True,True,8,8
trial_008_ep1_task114,8,114,23,True,True,True,True,8,8
trial_008_ep1_task114,8,114,24,True,True,True,True,8,8
trial_008_ep1_task114,8,114,26,True,True,True,True,8,8
trial_008_ep1_task114,8,114,27,True,True,True,True,8,8
trial_008_ep1_task117,8,117,0,True,True,True,True,28,28
trial_008_ep1_task117,8,117,1,True,True,True,True,28,28
trial_008_ep1_task117,8,117,2,True,True,True,True,28,28
trial_008_ep1_task117,8,117,3,True,True,True,True,28,28
trial_008_ep1_task117,8,117,4,True,True,True,True,28,28
trial_008_ep1_task117,8,117,5,True,True,True,True,28,28
trial_008_ep1_task117,8,117,6,True,True,True,True,28,28
trial_008_ep1_task117,8,117,7,True,True,True,True,28,28
trial_008_ep1_task117,8,117,8,True,True,True,True,28,28
trial_008_ep1_task117,8,117,9,True,True,True,True,28,28
trial_008_ep1_task117,8,117,10,True,True,True,True,28,28
trial_008_ep1_task117,8,117,11,True,True,True,True,28,28
trial_008_ep1_task117,8,117,12,True,True,True,True,28,28
trial_008_ep1_task117,8,117,13,True,True,True,True,28,28
trial_008_ep1_task117,8,117,14,True,True,True,True,28,28
trial_008_ep1_task117,8,117,15,True,True,True,True,28,28
trial_008_ep1_task117,8,117,16,True,True,True,True,28,28
trial_008_ep1_task117,8,117,17,True,True,True,True,28,28
trial_008_ep1_task117,8,117,18,True,True,True,True,28,28
trial_008_ep1_task117,8,117,19,True,True,True,True,28,28
trial_008_ep1_task117,8,117,20,True,True,True,True,28,28
trial_008_ep1_task117,8,117,21,True,True,True,True,28,28
trial_008_ep1_task117,8,117,22,True,True,True,True,28,28
trial_008_ep1_task117,8,117,23,True,True,True,True,28,28
trial_008_ep1_task117,8,117,24,True,True,True,True,28,28
trial_008_ep1_task117,8,117,25,True,True,True,True,28,28
trial_008_ep1_task117,8,117,26,True,True,True,True,28,28
trial_008_ep1_task117,8,117,27,True,True,True,True,28,28
trial_008_ep1_task119,8,119,24,True,True,True,True,3,3
trial_008_ep1_task119,8,119,26,True,True,True,True,3,3
trial_008_ep1_task119,8,119,27,True,True,True,True,3,3
trial_008_ep1_task127,8,127,0,True,True,True,True,28,28
trial_008_ep1_task127,8,127,1,True,True,True,True,28,28
trial_008_ep1_task127,8,127,2,True,True,True,True,28,28
trial_008_ep1_task127,8,127,3,True,True,True,True,28,28
trial_008_ep1_task127,8,127,4,True,True,True,True,28,28
trial_008_ep1_task127,8,127,5,True,True,True,True,28,28
trial_008_ep1_task127,8,127,6,True,True,True,True,28,28
trial_008_ep1_task127,8,127,7,True,True,True,True,28,28
trial_008_ep1_task127,8,127,8,True,True,True,True,28,28
trial_008_ep1_task127,8,127,9,True,True,True,True,28,28
trial_008_ep1_task127,8,127,10,True,True,True,True,28,28
trial_008_ep1_task127,8,127,11,True,True,True,True,28,28
trial_008_ep1_task127,8,127,12,True,True,True,True,28,28
trial_008_ep1_task127,8,127,13,True,True,True,True,28,28
trial_008_ep1_task127,8,127,14,True,True,True,True,28,28
trial_008_ep1_task127,8,127,15,True,True,True,True,28,28
trial_008_ep1_task127,8,127,16,True,True,True,True,28,28
trial_008_ep1_task127,8,127,17,True,True,True,True,28,28
trial_008_ep1_task127,8,127,18,True,True,True,True,28,28
trial_008_ep1_task127,8,127,19,True,True,True,True,28,28
trial_008_ep1_task127,8,127,20,True,True,True,True,28,28
trial_008_ep1_task127,8,127,21,True,True,True,True,28,28
trial_008_ep1_task127,8,127,22,True,True,True,True,28,28
trial_008_ep1_task127,8,127,23,True,True,True,True,28,28
trial_008_ep1_task127,8,127,24,True,True,True,True,28,28
trial_008_ep1_task127,8,127,25,True,True,True,True,28,28
trial_008_ep1_task127,8,127,26,True,True,True,True,28,28
trial_008_ep1_task127,8,127,27,True,True,True,True,28,28
trial_008_ep1_task128,8,128,3,True,True,True,True,15,15
trial_008_ep1_task128,8,128,5,True,True,True,True,15,15
trial_008_ep1_task128,8,128,6,True,True,True,True,15,15
trial_008_ep1_task128,8,128,9,True,True,True,True,15,15
trial_008_ep1_task128,8,128,12,True,True,True,True,15,15
trial_008_ep1_task128,8,128,17,True,True,True,True,15,15
trial_008_ep1_task128,8,128,18,True,True,True,True,15,15
trial_008_ep1_task128,8,128,20,True,True,True,True,15,15
trial_008_ep1_task128,8,128,21,True,True,True,True,15,15
trial_008_ep1_task128,8,128,22,True,True,True,True,15,15
trial_008_ep1_task128,8,128,23,True,True,True,True,15,15
trial_008_ep1_task128,8,128,24,True,True,True,True,15,15
trial_008_ep1_task128,8,128,25,True,True,True,True,15,15
trial_008_ep1_task128,8,128,26,True,True,True,True,15,15
trial_008_ep1_task128,8,128,27,True,True,True,True,15,15
trial_008_ep1_task129,8,129,24,True,True,True,True,3,3
trial_008_ep1_task129,8,129,26,True,True,True,True,3,3
trial_008_ep1_task129,8,129,27,True,True,True,True,3,3
trial_008_ep1_task134,8,134,0,True,True,True,True,28,28
trial_008_ep1_task134,8,134,1,True,True,True,True,28,28
trial_008_ep1_task134,8,134,2,True,True,True,True,28,28
trial_008_ep1_task134,8,134,3,True,True,True,True,28,28
trial_008_ep1_task134,8,134,4,True,True,True,True,28,28
trial_008_ep1_task134,8,134,5,True,True,True,True,28,28
trial_008_ep1_task134,8,134,6,True,True,True,True,28,28
trial_008_ep1_task134,8,134,7,True,True,True,True,28,28
trial_008_ep1_task134,8,134,8,True,True,True,True,28,28
trial_008_ep1_task134,8,134,9,True,True,True,True,28,28
trial_008_ep1_task134,8,134,10,True,True,True,True,28,28
trial_008_ep1_task134,8,134,11,True,True,True,True,28,28
trial_008_ep1_task134,8,134,12,True,True,True,True,28,28
trial_008_ep1_task134,8,134,13,True,True,True,True,28,28
trial_008_ep1_task134,8,134,14,True,True,True,True,28,28
trial_008_ep1_task134,8,134,15,True,True,True,True,28,28
trial_008_ep1_task134,8,134,16,True,True,True,True,28,28
trial_008_ep1_task134,8,134,17,True,True,True,True,28,28
trial_008_ep1_task134,8,134,18,True,True,True,True,28,28
trial_008_ep1_task134,8,134,19,True,True,True,True,28,28
trial_008_ep1_task134,8,134,20,True,True,True,True,28,28
trial_008_ep1_task134,8,134,21,True,True,True,True,28,28
trial_008_ep1_task134,8,134,22,True,True,True,True,28,28
trial_008_ep1_task134,8,134,23,True,True,True,True,28,28
trial_008_ep1_task134,8,134,24,True,True,True,True,28,28
trial_008_ep1_task134,8,134,25,True,True,True,True,28,28
trial_008_ep1_task134,8,134,26,True,True,True,True,28,28
trial_008_ep1_task134,8,134,27,True,True,True,True,28,28
trial_008_ep1_task136,8,136,0,True,True,True,True,28,28
trial_008_ep1_task136,8,136,1,True,True,True,True,28,28
trial_008_ep1_task136,8,136,2,True,True,True,True,28,28
trial_008_ep1_task136,8,136,3,True,True,True,True,28,28
trial_008_ep1_task136,8,136,4,True,True,True,True,28,28
trial_008_ep1_task136,8,136,5,True,True,True,True,28,28
trial_008_ep1_task136,8,136,6,True,True,True,True,28,28
trial_008_ep1_task136,8,136,7,True,True,True,True,28,28
trial_008_ep1_task136,8,136,8,True,True,True,True,28,28
trial_008_ep1_task136,8,136,9,True,True,True,True,28,28
trial_008_ep1_task136,8,136,10,True,True,True,True,28,28
trial_008_ep1_task136,8,136,11,True,True,True,True,28,28
trial_008_ep1_task136,8,136,12,True,True,True,True,28,28
trial_008_ep1_task136,8,136,13,True,True,True,True,28,28
trial_008_ep1_task136,8,136,14,True,True,True,True,28,28
trial_008_ep1_task136,8,136,15,True,True,True,True,28,28
trial_008_ep1_task136,8,136,16,True,True,True,True,28,28
trial_008_ep1_task136,8,136,17,True,True,True,True,28,28
trial_008_ep1_task136,8,136,18,True,True,True,True,28,28
trial_008_ep1_task136,8,136,19,True,True,True,True,28,28
trial_008_ep1_task136,8,136,20,True,True,True,True,28,28
trial_008_ep1_task136,8,136,21,True,True,True,True,28,28
trial_008_ep1_task136,8,136,22,True,True,True,True,28,28
trial_008_ep1_task136,8,136,23,True,True,True,True,28,28
trial_008_ep1_task136,8,136,24,True,True,True,True,28,28
trial_008_ep1_task136,8,136,25,True,True,True,True,28,28
trial_008_ep1_task136,8,136,26,True,True,True,True,28,28
trial_008_ep1_task136,8,136,27,True,True,True,True,28,28
trial_008_ep1_task137,8,137,3,True,True,True,True,17,17
trial_008_ep1_task137,8,137,5,True,True,True,True,17,17
trial_008_ep1_task137,8,137,6,True,True,True,True,17,17
trial_008_ep1_task137,8,137,9,True,True,True,True,17,17
trial_008_ep1_task137,8,137,11,True,True,True,True,17,17
trial_008_ep1_task137,8,137,12,True,True,True,True,17,17
trial_008_ep1_task137,8,137,14,True,True,True,True,17,17
trial_008_ep1_task137,8,137,17,True,True,True,True,17,17
trial_008_ep1_task137,8,137,18,True,True,True,True,17,17
trial_008_ep1_task137,8,137,20,True,True,True,True,17,17
trial_008_ep1_task137,8,137,21,True,True,True,True,17,17
trial_008_ep1_task137,8,137,22,True,True,True,True,17,17
trial_008_ep1_task137,8,137,23,True,True,True,True,17,17
trial_008_ep1_task137,8,137,24,True,True,True,True,17,17
trial_008_ep1_task137,8,137,25,True,True,True,True,17,17
trial_008_ep1_task137,8,137,26,True,True,True,True,17,17
trial_008_ep1_task137,8,137,27,True,True,True,True,17,17
trial_008_ep1_task140,8,140,6,True,True,True,True,8,8
trial_008_ep1_task140,8,140,12,True,True,True,True,8,8
trial_008_ep1_task140,8,140,21,True,True,True,True,8,8
trial_008_ep1_task140,8,140,22,True,True,True,True,8,8
trial_008_ep1_task140,8,140,23,True,True,True,True,8,8
trial_008_ep1_task140,8,140,24,True,True,True,True,8,8
trial_008_ep1_task140,8,140,26,True,True,True,True,8,8
trial_008_ep1_task140,8,140,27,True,True,True,True,8,8
trial_008_ep1_task141,8,141,0,True,True,True,True,28,28
trial_008_ep1_task141,8,141,1,True,True,True,True,28,28
trial_008_ep1_task141,8,141,2,True,True,True,True,28,28
trial_008_ep1_task141,8,141,3,True,True,True,True,28,28
trial_008_ep1_task141,8,141,4,True,True,True,True,28,28
trial_008_ep1_task141,8,141,5,True,True,True,True,28,28
trial_008_ep1_task141,8,141,6,True,True,True,True,28,28
trial_008_ep1_task141,8,141,7,True,True,True,True,28,28
trial_008_ep1_task141,8,141,8,True,True,True,True,28,28
trial_008_ep1_task141,8,141,9,True,True,True,True,28,28
trial_008_ep1_task141,8,141,10,True,True,True,True,28,28
trial_008_ep1_task141,8,141,11,True,True,True,True,28,28
trial_008_ep1_task141,8,141,12,True,True,True,True,28,28
trial_008_ep1_task141,8,141,13,True,True,True,True,28,28
trial_008_ep1_task141,8,141,14,True,True,True,True,28,28
trial_008_ep1_task141,8,141,15,True,True,True,True,28,28
trial_008_ep1_task141,8,141,16,True,True,True,True,28,28
trial_008_ep1_task141,8,141,17,True,True,True,True,28,28
trial_008_ep1_task141,8,141,18,True,True,True,True,28,28
trial_008_ep1_task141,8,141,19,True,True,True,True,28,28
trial_008_ep1_task141,8,141,20,True,True,True,True,28,28
trial_008_ep1_task141,8,141,21,True,True,True,True,28,28
trial_008_ep1_task141,8,141,22,True,True,True,True,28,28
trial_008_ep1_task141,8,141,23,True,True,True,True,28,28
trial_008_ep1_task141,8,141,24,True,True,True,True,28,28
trial_008_ep1_task141,8,141,25,True,True,True,True,28,28
trial_008_ep1_task141,8,141,26,True,True,True,True,28,28
trial_008_ep1_task141,8,141,27,True,True,True,True,28,28
trial_008_ep1_task144,8,144,0,True,True,True,True,28,28
trial_008_ep1_task144,8,144,1,True,True,True,True,28,28
trial_008_ep1_task144,8,144,2,True,True,True,True,28,28
trial_008_ep1_task144,8,144,3,True,True,True,True,28,28
trial_008_ep1_task144,8,144,4,True,True,True,True,28,28
trial_008_ep1_task144,8,144,5,True,True,True,True,28,28
trial_008_ep1_task144,8,144,6,True,True,True,True,28,28
trial_008_ep1_task144,8,144,7,True,True,True,True,28,28
trial_008_ep1_task144,8,144,8,True,True,True,True,28,28
trial_008_ep1_task144,8,144,9,True,True,True,True,28,28
trial_008_ep1_task144,8,144,10,True,True,True,True,28,28
trial_008_ep1_task144,8,144,11,True,True,True,True,28,28
trial_008_ep1_task144,8,144,12,True,True,True,True,28,28
trial_008_ep1_task144,8,144,13,True,True,True,True,28,28
trial_008_ep1_task144,8,144,14,True,True,True,True,28,28
trial_008_ep1_task144,8,144,15,True,True,True,True,28,28
trial_008_ep1_task144,8,144,16,True,True,True,True,28,28
trial_008_ep1_task144,8,144,17,True,True,True,True,28,28
trial_008_ep1_task144,8,144,18,True,True,True,True,28,28
trial_008_ep1_task144,8,144,19,True,True,True,True,28,28
trial_008_ep1_task144,8,144,20,True,True,True,True,28,28
trial_008_ep1_task144,8,144,21,True,True,True,True,28,28
trial_008_ep1_task144,8,144,22,True,True,True,True,28,28
trial_008_ep1_task144,8,144,23,True,True,True,True,28,28
trial_008_ep1_task144,8,144,24,True,True,True,True,28,28
trial_008_ep1_task144,8,144,25,True,True,True,True,28,28
trial_008_ep1_task144,8,144,26,True,True,True,True,28,28
trial_008_ep1_task144,8,144,27,True,True,True,True,28,28
trial_008_ep1_task146,8,146,3,True,True,True,True,19,19
trial_008_ep1_task146,8,146,4,True,True,True,True,19,19
trial_008_ep1_task146,8,146,5,True,True,True,True,19,19
trial_008_ep1_task146,8,146,6,True,True,True,True,19,19
trial_008_ep1_task146,8,146,9,True,True,True,True,19,19
trial_008_ep1_task146,8,146,11,True,True,True,True,19,19
trial_008_ep1_task146,8,146,12,True,True,True,True,19,19
trial_008_ep1_task146,8,146,14,True,True,True,True,19,19
trial_008_ep1_task146,8,146,17,True,True,True,True,19,19
trial_008_ep1_task146,8,146,18,True,True,True,True,19,19
trial_008_ep1_task146,8,146,19,True,True,True,True,19,19
trial_008_ep1_task146,8,146,20,True,True,True,True,19,19
trial_008_ep1_task146,8,146,21,True,True,True,True,19,19
trial_008_ep1_task146,8,146,22,True,True,True,True,19,19
trial_008_ep1_task146,8,146,23,True,True,True,True,19,19
trial_008_ep1_task146,8,146,24,True,True,True,True,19,19
trial_008_ep1_task146,8,146,25,True,True,True,True,19,19
trial_008_ep1_task146,8,146,26,True,True,True,True,19,19
trial_008_ep1_task146,8,146,27,True,True,True,True,19,19
trial_008_ep1_task148,8,148,3,True,True,True,True,17,17
trial_008_ep1_task148,8,148,5,True,True,True,True,17,17
trial_008_ep1_task148,8,148,6,True,True,True,True,17,17
trial_008_ep1_task148,8,148,9,True,True,True,True,17,17
trial_008_ep1_task148,8,148,11,True,True,True,True,17,17
trial_008_ep1_task148,8,148,12,True,True,True,True,17,17
trial_008_ep1_task148,8,148,14,True,True,True,True,17,17
trial_008_ep1_task148,8,148,17,True,True,True,True,17,17
trial_008_ep1_task148,8,148,18,True,True,True,True,17,17
trial_008_ep1_task148,8,148,20,True,True,True,True,17,17
trial_008_ep1_task148,8,148,21,True,True,True,True,17,17
trial_008_ep1_task148,8,148,22,True,True,True,True,17,17
trial_008_ep1_task148,8,148,23,True,True,True,True,17,17
trial_008_ep1_task148,8,148,24,True,True,True,True,17,17
trial_008_ep1_task148,8,148,25,True,True,True,True,17,17
trial_008_ep1_task148,8,148,26,True,True,True,True,17,17
trial_008_ep1_task148,8,148,27,True,True,True,True,17,17
trial_008_ep1_task149,8,149,3,True,True,True,True,19,19
trial_008_ep1_task149,8,149,4,True,True,True,True,19,19
trial_008_ep1_task149,8,149,5,True,True,True,True,19,19
trial_008_ep1_task149,8,149,6,True,True,True,True,19,19
trial_008_ep1_task149,8,149,9,True,True,True,True,19,19
trial_008_ep1_task149,8,149,11,True,True,True,True,19,19
trial_008_ep1_task149,8,149,12,True,True,True,True,19,19
trial_008_ep1_task149,8,149,14,True,True,True,True,19,19
trial_008_ep1_task149,8,149,17,True,True,True,True,19,19
trial_008_ep1_task149,8,149,18,True,True,True,True,19,19
trial_008_ep1_task149,8,149,19,True,True,True,True,19,19
trial_008_ep1_task149,8,149,20,True,True,True,True,19,19
trial_008_ep1_task149,8,149,21,True,True,True,True,19,19
trial_008_ep1_task149,8,149,22,True,True,True,True,19,19
trial_008_ep1_task149,8,149,23,True,True,True,True,19,19
trial_008_ep1_task149,8,149,24,True,True,True,True,19,19
trial_008_ep1_task149,8,149,25,True,True,True,True,19,19
trial_008_ep1_task149,8,149,26,True,True,True,True,19,19
trial_008_ep1_task149,8,149,27,True,True,True,True,19,19
trial_008_ep1_task150,8,150,0,True,True,True,True,28,28
trial_008_ep1_task150,8,150,1,True,True,True,True,28,28
trial_008_ep1_task150,8,150,2,True,True,True,True,28,28
trial_008_ep1_task150,8,150,3,True,True,True,True,28,28
trial_008_ep1_task150,8,150,4,True,True,True,True,28,28
trial_008_ep1_task150,8,150,5,True,True,True,True,28,28
trial_008_ep1_task150,8,150,6,True,True,True,True,28,28
trial_008_ep1_task150,8,150,7,True,True,True,True,28,28
trial_008_ep1_task150,8,150,8,True,True,True,True,28,28
trial_008_ep1_task150,8,150,9,True,True,True,True,28,28
trial_008_ep1_task150,8,150,10,True,True,True,True,28,28
trial_008_ep1_task150,8,150,11,True,True,True,True,28,28
trial_008_ep1_task150,8,150,12,True,True,True,True,28,28
trial_008_ep1_task150,8,150,13,True,True,True,True,28,28
trial_008_ep1_task150,8,150,14,True,True,True,True,28,28
trial_008_ep1_task150,8,150,15,True,True,True,True,28,28
trial_008_ep1_task150,8,150,16,True,True,True,True,28,28
trial_008_ep1_task150,8,150,17,True,True,True,True,28,28
trial_008_ep1_task150,8,150,18,True,True,True,True,28,28
trial_008_ep1_task150,8,150,19,True,True,True,True,28,28
trial_008_ep1_task150,8,150,20,True,True,True,True,28,28
trial_008_ep1_task150,8,150,21,True,True,True,True,28,28
trial_008_ep1_task150,8,150,22,True,True,True,True,28,28
trial_008_ep1_task150,8,150,23,True,True,True,True,28,28
trial_008_ep1_task150,8,150,24,True,True,True,True,28,28
trial_008_ep1_task150,8,150,25,True,True,True,True,28,28
trial_008_ep1_task150,8,150,26,True,True,True,True,28,28
trial_008_ep1_task150,8,150,27,True,True,True,True,28,28
trial_008_ep1_task152,8,152,0,True,True,True,True,28,28
trial_008_ep1_task152,8,152,1,True,True,True,True,28,28
trial_008_ep1_task152,8,152,2,True,True,True,True,28,28
trial_008_ep1_task152,8,152,3,True,True,True,True,28,28
trial_008_ep1_task152,8,152,4,True,True,True,True,28,28
trial_008_ep1_task152,8,152,5,True,True,True,True,28,28
trial_008_ep1_task152,8,152,6,True,True,True,True,28,28
trial_008_ep1_task152,8,152,7,True,True,True,True,28,28
trial_008_ep1_task152,8,152,8,True,True,True,True,28,28
trial_008_ep1_task152,8,152,9,True,True,True,True,28,28
trial_008_ep1_task152,8,152,10,True,True,True,True,28,28
trial_008_ep1_task152,8,152,11,True,True,True,True,28,28
trial_008_ep1_task152,8,152,12,True,True,True,True,28,28
trial_008_ep1_task152,8,152,13,True,True,True,True,28,28
trial_008_ep1_task152,8,152,14,True,True,True,True,28,28
trial_008_ep1_task152,8,152,15,True,True,True,True,28,28
trial_008_ep1_task152,8,152,16,True,True,True,True,28,28
trial_008_ep1_task152,8,152,17,True,True,True,True,28,28
trial_008_ep1_task152,8,152,18,True,True,True,True,28,28
trial_008_ep1_task152,8,152,19,True,True,True,True,28,28
trial_008_ep1_task152,8,152,20,True,True,True,True,28,28
trial_008_ep1_task152,8,152,21,True,True,True,True,28,28
trial_008_ep1_task152,8,152,22,True,True,True,True,28,28
trial_008_ep1_task152,8,152,23,True,True,True,True,28,28
trial_008_ep1_task152,8,152,24,True,True,True,True,28,28
trial_008_ep1_task152,8,152,25,True,True,True,True,28,28
trial_008_ep1_task152,8,152,26,True,True,True,True,28,28
trial_008_ep1_task152,8,152,27,True,True,True,True,28,28
trial_008_ep1_task153,8,153,3,True,True,True,True,18,18
trial_008_ep1_task153,8,153,5,True,True,True,True,18,18
trial_008_ep1_task153,8,153,6,True,True,True,True,18,18
trial_008_ep1_task153,8,153,9,True,True,True,True,18,18
trial_008_ep1_task153,8,153,11,True,True,True,True,18,18
trial_008_ep1_task153,8,153,12,True,True,True,True,18,18
trial_008_ep1_task153,8,153,14,True,True,True,True,18,18
trial_008_ep1_task153,8,153,17,True,True,True,True,18,18
trial_008_ep1_task153,8,153,18,True,True,True,True,18,18
trial_008_ep1_task153,8,153,19,True,True,True,True,18,18
trial_008_ep1_task153,8,153,20,True,True,True,True,18,18
trial_008_ep1_task153,8,153,21,True,True,True,True,18,18
trial_008_ep1_task153,8,153,22,True,True,True,True,18,18
trial_008_ep1_task153,8,153,23,True,True,True,True,18,18
trial_008_ep1_task153,8,153,24,True,True,True,True,18,18
trial_008_ep1_task153,8,153,25,True,True,True,True,18,18
trial_008_ep1_task153,8,153,26,True,True,True,True,18,18
trial_008_ep1_task153,8,153,27,True,True,True,True,18,18
trial_008_ep1_task156,8,156,0,True,True,True,True,28,28
trial_008_ep1_task156,8,156,1,True,True,True,True,28,28
trial_008_ep1_task156,8,156,2,True,True,True,True,28,28
trial_008_ep1_task156,8,156,3,True,True,True,True,28,28
trial_008_ep1_task156,8,156,4,True,True,True,True,28,28
trial_008_ep1_task156,8,156,5,True,True,True,True,28,28
trial_008_ep1_task156,8,156,6,True,True,True,True,28,28
trial_008_ep1_task156,8,156,7,True,True,True,True,28,28
trial_008_ep1_task156,8,156,8,True,True,True,True,28,28
trial_008_ep1_task156,8,156,9,True,True,True,True,28,28
trial_008_ep1_task156,8,156,10,True,True,True,True,28,28
trial_008_ep1_task156,8,156,11,True,True,True,True,28,28
trial_008_ep1_task156,8,156,12,True,True,True,True,28,28
trial_008_ep1_task156,8,156,13,True,True,True,True,28,28
trial_008_ep1_task156,8,156,14,True,True,True,True,28,28
trial_008_ep1_task156,8,156,15,True,True,True,True,28,28
trial_008_ep1_task156,8,156,16,True,True,True,True,28,28
trial_008_ep1_task156,8,156,17,True,True,True,True,28,28
trial_008_ep1_task156,8,156,18,True,True,True,True,28,28
trial_008_ep1_task156,8,156,19,True,True,True,True,28,28
trial_008_ep1_task156,8,156,20,True,True,True,True,28,28
trial_008_ep1_task156,8,156,21,True,True,True,True,28,28
trial_008_ep1_task156,8,156,22,True,True,True,True,28,28
trial_008_ep1_task156,8,156,23,True,True,True,True,28,28
trial_008_ep1_task156,8,156,24,True,True,True,True,28,28
trial_008_ep1_task156,8,156,25,True,True,True,True,28,28
trial_008_ep1_task156,8,156,26,True,True,True,True,28,28
trial_008_ep1_task156,8,156,27,True,True,True,True,28,28
trial_008_ep1_task159,8,159,3,True,True,True,True,13,13
trial_008_ep1_task159,8,159,6,True,True,True,True,13,13
trial_008_ep1_task159,8,159,9,True,True,True,True,13,13
trial_008_ep1_task159,8,159,12,True,True,True,True,13,13
trial_008_ep1_task159,8,159,17,True,True,True,True,13,13
trial_008_ep1_task159,8,159,18,True,True,True,True,13,13
trial_008_ep1_task159,8,159,21,True,True,True,True,13,13
trial_008_ep1_task159,8,159,22,True,True,True,True,13,13
trial_008_ep1_task159,8,159,23,True,True,True,True,13,13
trial_008_ep1_task159,8,159,24,True,True,True,True,13,13
trial_008_ep1_task159,8,159,25,True,True,True,True,13,13
trial_008_ep1_task159,8,159,26,True,True,True,True,13,13
trial_008_ep1_task159,8,159,27,True,True,True,True,13,13
trial_008_ep1_task161,8,161,0,True,True,True,True,25,25
trial_008_ep1_task161,8,161,2,True,True,True,True,25,25
trial_008_ep1_task161,8,161,3,True,True,True,True,25,25
trial_008_ep1_task161,8,161,4,True,True,True,True,25,25
trial_008_ep1_task161,8,161,5,True,True,True,True,25,25
trial_008_ep1_task161,8,161,6,True,True,True,True,25,25
trial_008_ep1_task161,8,161,8,True,True,True,True,25,25
trial_008_ep1_task161,8,161,9,True,True,True,True,25,25
trial_008_ep1_task161,8,161,10,True,True,True,True,25,25
trial_008_ep1_task161,8,161,11,True,True,True,True,25,25
trial_008_ep1_task161,8,161,12,True,True,True,True,25,25
trial_008_ep1_task161,8,161,14,True,True,True,True,25,25
trial_008_ep1_task161,8,161,15,True,True,True,True,25,25
trial_008_ep1_task161,8,161,16,True,True,True,True,25,25
trial_008_ep1_task161,8,161,17,True,True,True,True,25,25
trial_008_ep1_task161,8,161,18,True,True,True,True,25,25
trial_008_ep1_task161,8,161,19,True,True,True,True,25,25
trial_008_ep1_task161,8,161,20,True,True,True,True,25,25
trial_008_ep1_task161,8,161,21,True,True,True,True,25,25
trial_008_ep1_task161,8,161,22,True,True,True,True,25,25
trial_008_ep1_task161,8,161,23,True,True,True,True,25,25
trial_008_ep1_task161,8,161,24,True,True,True,True,25,25
trial_008_ep1_task161,8,161,25,True,True,True,True,25,25
trial_008_ep1_task161,8,161,26,True,True,True,True,25,25
trial_008_ep1_task161,8,161,27,True,True,True,True,25,25
trial_008_ep1_task162,8,162,0,True,True,True,True,28,28
trial_008_ep1_task162,8,162,1,True,True,True,True,28,28
trial_008_ep1_task162,8,162,2,True,True,True,True,28,28
trial_008_ep1_task162,8,162,3,True,True,True,True,28,28
trial_008_ep1_task162,8,162,4,True,True,True,True,28,28
trial_008_ep1_task162,8,162,5,True,True,True,True,28,28
trial_008_ep1_task162,8,162,6,True,True,True,True,28,28
trial_008_ep1_task162,8,162,7,True,True,True,True,28,28
trial_008_ep1_task162,8,162,8,True,True,True,True,28,28
trial_008_ep1_task162,8,162,9,True,True,True,True,28,28
trial_008_ep1_task162,8,162,10,True,True,True,True,28,28
trial_008_ep1_task162,8,162,11,True,True,True,True,28,28
trial_008_ep1_task162,8,162,12,True,True,True,True,28,28
trial_008_ep1_task162,8,162,13,True,True,True,True,28,28
trial_008_ep1_task162,8,162,14,True,True,True,True,28,28
trial_008_ep1_task162,8,162,15,True,True,True,True,28,28
trial_008_ep1_task162,8,162,16,True,True,True,True,28,28
trial_008_ep1_task162,8,162,17,True,True,True,True,28,28
trial_008_ep1_task162,8,162,18,True,True,True,True,28,28
trial_008_ep1_task162,8,162,19,True,True,True,True,28,28
trial_008_ep1_task162,8,162,20,True,True,True,True,28,28
trial_008_ep1_task162,8,162,21,True,True,True,True,28,28
trial_008_ep1_task162,8,162,22,True,True,True,True,28,28
trial_008_ep1_task162,8,162,23,True,True,True,True,28,28
trial_008_ep1_task162,8,162,24,True,True,True,True,28,28
trial_008_ep1_task162,8,162,25,True,True,True,True,28,28
trial_008_ep1_task162,8,162,26,True,True,True,True,28,28
trial_008_ep1_task162,8,162,27,True,True,True,True,28,28
trial_008_ep1_task165,8,165,0,True,True,True,True,27,27
trial_008_ep1_task165,8,165,1,True,True,True,True,27,27
trial_008_ep1_task165,8,165,2,True,True,True,True,27,27
trial_008_ep1_task165,8,165,3,True,True,True,True,27,27
trial_008_ep1_task165,8,165,4,True,True,True,True,27,27
trial_008_ep1_task165,8,165,5,True,True,True,True,27,27
trial_008_ep1_task165,8,165,6,True,True,True,True,27,27
trial_008_ep1_task165,8,165,8,True,True,True,True,27,27
trial_008_ep1_task165,8,165,9,True,True,True,True,27,27
trial_008_ep1_task165,8,165,10,True,True,True,True,27,27
trial_008_ep1_task165,8,165,11,True,True,True,True,27,27
trial_008_ep1_task165,8,165,12,True,True,True,True,27,27
trial_008_ep1_task165,8,165,13,True,True,True,True,27,27
trial_008_ep1_task165,8,165,14,True,True,True,True,27,27
trial_008_ep1_task165,8,165,15,True,True,True,True,27,27
trial_008_ep1_task165,8,165,16,True,True,True,True,27,27
trial_008_ep1_task165,8,165,17,True,True,True,True,27,27
trial_008_ep1_task165,8,165,18,True,True,True,True,27,27
trial_008_ep1_task165,8,165,19,True,True,True,True,27,27
trial_008_ep1_task165,8,165,20,True,True,True,True,27,27
trial_008_ep1_task165,8,165,21,True,True,True,True,27,27
trial_008_ep1_task165,8,165,22,True,True,True,True,27,27
trial_008_ep1_task165,8,165,23,True,True,True,True,27,27
trial_008_ep1_task165,8,165,24,True,True,True,True,27,27
trial_008_ep1_task165,8,165,25,True,True,True,True,27,27
trial_008_ep1_task165,8,165,26,True,True,True,True,27,27
trial_008_ep1_task165,8,165,27,True,True,True,True,27,27
trial_008_ep1_task171,8,171,0,True,True,True,True,27,27
trial_008_ep1_task171,8,171,1,True,True,True,True,27,27
trial_008_ep1_task171,8,171,2,True,True,True,True,27,27
trial_008_ep1_task171,8,171,3,True,True,True,True,27,27
trial_008_ep1_task171,8,171,4,True,True,True,True,27,27
trial_008_ep1_task171,8,171,5,True,True,True,True,27,27
trial_008_ep1_task171,8,171,6,True,True,True,True,27,27
trial_008_ep1_task171,8,171,8,True,True,True,True,27,27
trial_008_ep1_task171,8,171,9,True,True,True,True,27,27
trial_008_ep1_task171,8,171,10,True,True,True,True,27,27
trial_008_ep1_task171,8,171,11,True,True,True,True,27,27
trial_008_ep1_task171,8,171,12,True,True,True,True,27,27
trial_008_ep1_task171,8,171,13,True,True,True,True,27,27
trial_008_ep1_task171,8,171,14,True,True,True,True,27,27
trial_008_ep1_task171,8,171,15,True,True,True,True,27,27
trial_008_ep1_task171,8,171,16,True,True,True,True,27,27
trial_008_ep1_task171,8,171,17,True,True,True,True,27,27
trial_008_ep1_task171,8,171,18,True,True,True,True,27,27
trial_008_ep1_task171,8,171,19,True,True,True,True,27,27
trial_008_ep1_task171,8,171,20,True,True,True,True,27,27
trial_008_ep1_task171,8,171,21,True,True,True,True,27,27
trial_008_ep1_task171,8,171,22,True,True,True,True,27,27
trial_008_ep1_task171,8,171,23,True,True,True,True,27,27
trial_008_ep1_task171,8,171,24,True,True,True,True,27,27
trial_008_ep1_task171,8,171,25,True,True,True,True,27,27
trial_008_ep1_task171,8,171,26,True,True,True,True,27,27
trial_008_ep1_task171,8,171,27,True,True,True,True,27,27
trial_008_ep1_task172,8,172,24,True,True,True,True,3,3
trial_008_ep1_task172,8,172,26,True,True,True,True,3,3
trial_008_ep1_task172,8,172,27,True,True,True,True,3,3
trial_008_ep1_task173,8,173,0,True,True,True,True,28,28
trial_008_ep1_task173,8,173,1,True,True,True,True,28,28
trial_008_ep1_task173,8,173,2,True,True,True,True,28,28
trial_008_ep1_task173,8,173,3,True,True,True,True,28,28
trial_008_ep1_task173,8,173,4,True,True,True,True,28,28
trial_008_ep1_task173,8,173,5,True,True,True,True,28,28
trial_008_ep1_task173,8,173,6,True,True,True,True,28,28
trial_008_ep1_task173,8,173,7,True,True,True,True,28,28
trial_008_ep1_task173,8,173,8,True,True,True,True,28,28
trial_008_ep1_task173,8,173,9,True,True,True,True,28,28
trial_008_ep1_task173,8,173,10,True,True,True,True,28,28
trial_008_ep1_task173,8,173,11,True,True,True,True,28,28
trial_008_ep1_task173,8,173,12,True,True,True,True,28,28
trial_008_ep1_task173,8,173,13,True,True,True,True,28,28
trial_008_ep1_task173,8,173,14,True,True,True,True,28,28
trial_008_ep1_task173,8,173,15,True,True,True,True,28,28
trial_008_ep1_task173,8,173,16,True,True,True,True,28,28
trial_008_ep1_task173,8,173,17,True,True,True,True,28,28
trial_008_ep1_task173,8,173,18,True,True,True,True,28,28
trial_008_ep1_task173,8,173,19,True,True,True,True,28,28
trial_008_ep1_task173,8,173,20,True,True,True,True,28,28
trial_008_ep1_task173,8,173,21,True,True,True,True,28,28
trial_008_ep1_task173,8,173,22,True,True,True,True,28,28
trial_008_ep1_task173,8,173,23,True,True,True,True,28,28
trial_008_ep1_task173,8,173,24,True,True,True,True,28,28
trial_008_ep1_task173,8,173,25,True,True,True,True,28,28
trial_008_ep1_task173,8,173,26,True,True,True,True,28,28
trial_008_ep1_task173,8,173,27,True,True,True,True,28,28
trial_008_ep1_task175,8,175,0,True,True,True,True,28,28
trial_008_ep1_task175,8,175,1,True,True,True,True,28,28
trial_008_ep1_task175,8,175,2,True,True,True,True,28,28
trial_008_ep1_task175,8,175,3,True,True,True,True,28,28
trial_008_ep1_task175,8,175,4,True,True,True,True,28,28
trial_008_ep1_task175,8,175,5,True,True,True,True,28,28
trial_008_ep1_task175,8,175,6,True,True,True,True,28,28
trial_008_ep1_task175,8,175,7,True,True,True,True,28,28
trial_008_ep1_task175,8,175,8,True,True,True,True,28,28
trial_008_ep1_task175,8,175,9,True,True,True,True,28,28
trial_008_ep1_task175,8,175,10,True,True,True,True,28,28
trial_008_ep1_task175,8,175,11,True,True,True,True,28,28
trial_008_ep1_task175,8,175,12,True,True,True,True,28,28
trial_008_ep1_task175,8,175,13,True,True,True,True,28,28
trial_008_ep1_task175,8,175,14,True,True,True,True,28,28
trial_008_ep1_task175,8,175,15,True,True,True,True,28,28
trial_008_ep1_task175,8,175,16,True,True,True,True,28,28
trial_008_ep1_task175,8,175,17,True,True,True,True,28,28
trial_008_ep1_task175,8,175,18,True,True,True,True,28,28
trial_008_ep1_task175,8,175,19,True,True,True,True,28,28
trial_008_ep1_task175,8,175,20,True,True,True,True,28,28
trial_008_ep1_task175,8,175,21,True,True,True,True,28,28
trial_008_ep1_task175,8,175,22,True,True,True,True,28,28
trial_008_ep1_task175,8,175,23,True,True,True,True,28,28
trial_008_ep1_task175,8,175,24,True,True,True,True,28,28
trial_008_ep1_task175,8,175,25,True,True,True,True,28,28
trial_008_ep1_task175,8,175,26,True,True,True,True,28,28
trial_008_ep1_task175,8,175,27,True,True,True,True,28,28
trial_008_ep1_task176,8,176,0,True,True,True,True,28,28
trial_008_ep1_task176,8,176,1,True,True,True,True,28,28
trial_008_ep1_task176,8,176,2,True,True,True,True,28,28
trial_008_ep1_task176,8,176,3,True,True,True,True,28,28
trial_008_ep1_task176,8,176,4,True,True,True,True,28,28
trial_008_ep1_task176,8,176,5,True,True,True,True,28,28
trial_008_ep1_task176,8,176,6,True,True,True,True,28,28
trial_008_ep1_task176,8,176,7,True,True,True,True,28,28
trial_008_ep1_task176,8,176,8,True,True,True,True,28,28
trial_008_ep1_task176,8,176,9,True,True,True,True,28,28
trial_008_ep1_task176,8,176,10,True,True,True,True,28,28
trial_008_ep1_task176,8,176,11,True,True,True,True,28,28
trial_008_ep1_task176,8,176,12,True,True,True,True,28,28
trial_008_ep1_task176,8,176,13,True,True,True,True,28,28
trial_008_ep1_task176,8,176,14,True,True,True,True,28,28
trial_008_ep1_task176,8,176,15,True,True,True,True,28,28
trial_008_ep1_task176,8,176,16,True,True,True,True,28,28
trial_008_ep1_task176,8,176,17,True,True,True,True,28,28
trial_008_ep1_task176,8,176,18,True,True,True,True,28,28
trial_008_ep1_task176,8,176,19,True,True,True,True,28,28
trial_008_ep1_task176,8,176,20,True,True,True,True,28,28
trial_008_ep1_task176,8,176,21,True,True,True,True,28,28
trial_008_ep1_task176,8,176,22,True,True,True,True,28,28
trial_008_ep1_task176,8,176,23,True,True,True,True,28,28
trial_008_ep1_task176,8,176,24,True,True,True,True,28,28
trial_008_ep1_task176,8,176,25,True,True,True,True,28,28
trial_008_ep1_task176,8,176,26,True,True,True,True,28,28
trial_008_ep1_task176,8,176,27,True,True,True,True,28,28
trial_008_ep1_task178,8,178,0,True,True,True,True,28,28
trial_008_ep1_task178,8,178,1,True,True,True,True,28,28
trial_008_ep1_task178,8,178,2,True,True,True,True,28,28
trial_008_ep1_task178,8,178,3,True,True,True,True,28,28
trial_008_ep1_task178,8,178,4,True,True,True,True,28,28
trial_008_ep1_task178,8,178,5,True,True,True,True,28,28
trial_008_ep1_task178,8,178,6,True,True,True,True,28,28
trial_008_ep1_task178,8,178,7,True,True,True,True,28,28
trial_008_ep1_task178,8,178,8,True,True,True,True,28,28
trial_008_ep1_task178,8,178,9,True,True,True,True,28,28
trial_008_ep1_task178,8,178,10,True,True,True,True,28,28
trial_008_ep1_task178,8,178,11,True,True,True,True,28,28
trial_008_ep1_task178,8,178,12,True,True,True,True,28,28
trial_008_ep1_task178,8,178,13,True,True,True,True,28,28
trial_008_ep1_task178,8,178,14,True,True,True,True,28,28
trial_008_ep1_task178,8,178,15,True,True,True,True,28,28
trial_008_ep1_task178,8,178,16,True,True,True,True,28,28
trial_008_ep1_task178,8,178,17,True,True,True,True,28,28
trial_008_ep1_task178,8,178,18,True,True,True,True,28,28
trial_008_ep1_task178,8,178,19,True,True,True,True,28,28
trial_008_ep1_task178,8,178,20,True,True,True,True,28,28
trial_008_ep1_task178,8,178,21,True,True,True,True,28,28
trial_008_ep1_task178,8,178,22,True,True,True,True,28,28
trial_008_ep1_task178,8,178,23,True,True,True,True,28,28
trial_008_ep1_task178,8,178,24,True,True,True,True,28,28
trial_008_ep1_task178,8,178,25,True,True,True,True,28,28
trial_008_ep1_task178,8,178,26,True,True,True,True,28,28
trial_008_ep1_task178,8,178,27,True,True,True,True,28,28
trial_008_ep1_task179,8,179,0,True,True,True,True,28,28
trial_008_ep1_task179,8,179,1,True,True,True,True,28,28
trial_008_ep1_task179,8,179,2,True,True,True,True,28,28
trial_008_ep1_task179,8,179,3,True,True,True,True,28,28
trial_008_ep1_task179,8,179,4,True,True,True,True,28,28
trial_008_ep1_task179,8,179,5,True,True,True,True,28,28
trial_008_ep1_task179,8,179,6,True,True,True,True,28,28
trial_008_ep1_task179,8,179,7,True,True,True,True,28,28
trial_008_ep1_task179,8,179,8,True,True,True,True,28,28
trial_008_ep1_task179,8,179,9,True,True,True,True,28,28
trial_008_ep1_task179,8,179,10,True,True,True,True,28,28
trial_008_ep1_task179,8,179,11,True,True,True,True,28,28
trial_008_ep1_task179,8,179,12,True,True,True,True,28,28
trial_008_ep1_task179,8,179,13,True,True,True,True,28,28
trial_008_ep1_task179,8,179,14,True,True,True,True,28,28
trial_008_ep1_task179,8,179,15,True,True,True,True,28,28
trial_008_ep1_task179,8,179,16,True,True,True,True,28,28
trial_008_ep1_task179,8,179,17,True,True,True,True,28,28
trial_008_ep1_task179,8,179,18,True,True,True,True,28,28
trial_008_ep1_task179,8,179,19,True,True,True,True,28,28
trial_008_ep1_task179,8,179,20,True,True,True,True,28,28
trial_008_ep1_task179,8,179,21,True,True,True,True,28,28
trial_008_ep1_task179,8,179,22,True,True,True,True,28,28
trial_008_ep1_task179,8,179,23,True,True,True,True,28,28
trial_008_ep1_task179,8,179,24,True,True,True,True,28,28
trial_008_ep1_task179,8,179,25,True,True,True,True,28,28
trial_008_ep1_task179,8,179,26,True,True,True,True,28,28
trial_008_ep1_task179,8,179,27,True,True,True,True,28,28
trial_008_ep1_task181,8,181,0,True,True,True,True,28,28
trial_008_ep1_task181,8,181,1,True,True,True,True,28,28
trial_008_ep1_task181,8,181,2,True,True,True,True,28,28
trial_008_ep1_task181,8,181,3,True,True,True,True,28,28
trial_008_ep1_task181,8,181,4,True,True,True,True,28,28
trial_008_ep1_task181,8,181,5,True,True,True,True,28,28
trial_008_ep1_task181,8,181,6,True,True,True,True,28,28
trial_008_ep1_task181,8,181,7,True,True,True,True,28,28
trial_008_ep1_task181,8,181,8,True,True,True,True,28,28
trial_008_ep1_task181,8,181,9,True,True,True,True,28,28
trial_008_ep1_task181,8,181,10,True,True,True,True,28,28
trial_008_ep1_task181,8,181,11,True,True,True,True,28,28
trial_008_ep1_task181,8,181,12,True,True,True,True,28,28
trial_008_ep1_task181,8,181,13,True,True,True,True,28,28
trial_008_ep1_task181,8,181,14,True,True,True,True,28,28
trial_008_ep1_task181,8,181,15,True,True,True,True,28,28
trial_008_ep1_task181,8,181,16,True,True,True,True,28,28
trial_008_ep1_task181,8,181,17,True,True,True,True,28,28
trial_008_ep1_task181,8,181,18,True,True,True,True,28,28
trial_008_ep1_task181,8,181,19,True,True,True,True,28,28
trial_008_ep1_task181,8,181,20,True,True,True,True,28,28
trial_008_ep1_task181,8,181,21,True,True,True,True,28,28
trial_008_ep1_task181,8,181,22,True,True,True,True,28,28
trial_008_ep1_task181,8,181,23,True,True,True,True,28,28
trial_008_ep1_task181,8,181,24,True,True,True,True,28,28
trial_008_ep1_task181,8,181,25,True,True,True,True,28,28
trial_008_ep1_task181,8,181,26,True,True,True,True,28,28
trial_008_ep1_task181,8,181,27,True,True,True,True,28,28
trial_008_ep1_task183,8,183,0,True,True,True,True,25,25
trial_008_ep1_task183,8,183,2,True,True,True,True,25,25
trial_008_ep1_task183,8,183,3,True,True,True,True,25,25
trial_008_ep1_task183,8,183,4,True,True,True,True,25,25
trial_008_ep1_task183,8,183,5,True,True,True,True,25,25
trial_008_ep1_task183,8,183,6,True,True,True,True,25,25
trial_008_ep1_task183,8,183,8,True,True,True,True,25,25
trial_008_ep1_task183,8,183,9,True,True,True,True,25,25
trial_008_ep1_task183,8,183,10,True,True,True,True,25,25
trial_008_ep1_task183,8,183,11,True,True,True,True,25,25
trial_008_ep1_task183,8,183,12,True,True,True,True,25,25
trial_008_ep1_task183,8,183,14,True,True,True,True,25,25
trial_008_ep1_task183,8,183,15,True,True,True,True,25,25
trial_008_ep1_task183,8,183,16,True,True,True,True,25,25
trial_008_ep1_task183,8,183,17,True,True,True,True,25,25
trial_008_ep1_task183,8,183,18,True,True,True,True,25,25
trial_008_ep1_task183,8,183,19,True,True,True,True,25,25
trial_008_ep1_task183,8,183,20,True,True,True,True,25,25
trial_008_ep1_task183,8,183,21,True,True,True,True,25,25
trial_008_ep1_task183,8,183,22,True,True,True,True,25,25
trial_008_ep1_task183,8,183,23,True,True,True,True,25,25
trial_008_ep1_task183,8,183,24,True,True,True,True,25,25
trial_008_ep1_task183,8,183,25,True,True,True,True,25,25
trial_008_ep1_task183,8,183,26,True,True,True,True,25,25
trial_008_ep1_task183,8,183,27,True,True,True,True,25,25
trial_008_ep1_task184,8,184,3,True,True,True,True,12,12
trial_008_ep1_task184,8,184,6,True,True,True,True,12,12
trial_008_ep1_task184,8,184,12,True,True,True,True,12,12
trial_008_ep1_task184,8,184,17,True,True,True,True,12,12
trial_008_ep1_task184,8,184,18,True,True,True,True,12,12
trial_008_ep1_task184,8,184,21,True,True,True,True,12,12
trial_008_ep1_task184,8,184,22,True,True,True,True,12,12
trial_008_ep1_task184,8,184,23,True,True,True,True,12,12
trial_008_ep1_task184,8,184,24,True,True,True,True,12,12
trial_008_ep1_task184,8,184,25,True,True,True,True,12,12
trial_008_ep1_task184,8,184,26,True,True,True,True,12,12
trial_008_ep1_task184,8,184,27,True,True,True,True,12,12
trial_008_ep1_task185,8,185,0,True,True,True,True,28,28
trial_008_ep1_task185,8,185,1,True,True,True,True,28,28
trial_008_ep1_task185,8,185,2,True,True,True,True,28,28
trial_008_ep1_task185,8,185,3,True,True,True,True,28,28
trial_008_ep1_task185,8,185,4,True,True,True,True,28,28
trial_008_ep1_task185,8,185,5,True,True,True,True,28,28
trial_008_ep1_task185,8,185,6,True,True,True,True,28,28
trial_008_ep1_task185,8,185,7,True,True,True,True,28,28
trial_008_ep1_task185,8,185,8,True,True,True,True,28,28
trial_008_ep1_task185,8,185,9,True,True,True,True,28,28
trial_008_ep1_task185,8,185,10,True,True,True,True,28,28
trial_008_ep1_task185,8,185,11,True,True,True,True,28,28
trial_008_ep1_task185,8,185,12,True,True,True,True,28,28
trial_008_ep1_task185,8,185,13,True,True,True,True,28,28
trial_008_ep1_task185,8,185,14,True,True,True,True,28,28
trial_008_ep1_task185,8,185,15,True,True,True,True,28,28
trial_008_ep1_task185,8,185,16,True,True,True,True,28,28
trial_008_ep1_task185,8,185,17,True,True,True,True,28,28
trial_008_ep1_task185,8,185,18,True,True,True,True,28,28
trial_008_ep1_task185,8,185,19,True,True,True,True,28,28
trial_008_ep1_task185,8,185,20,True,True,True,True,28,28
trial_008_ep1_task185,8,185,21,True,True,True,True,28,28
trial_008_ep1_task185,8,185,22,True,True,True,True,28,28
trial_008_ep1_task185,8,185,23,True,True,True,True,28,28
trial_008_ep1_task185,8,185,24,True,True,True,True,28,28
trial_008_ep1_task185,8,185,25,True,True,True,True,28,28
trial_008_ep1_task185,8,185,26,True,True,True,True,28,28
trial_008_ep1_task185,8,185,27,True,True,True,True,28,28
trial_008_ep1_task186,8,186,0,True,True,True,True,28,28
trial_008_ep1_task186,8,186,1,True,True,True,True,28,28
trial_008_ep1_task186,8,186,2,True,True,True,True,28,28
trial_008_ep1_task186,8,186,3,True,True,True,True,28,28
trial_008_ep1_task186,8,186,4,True,True,True,True,28,28
trial_008_ep1_task186,8,186,5,True,True,True,True,28,28
trial_008_ep1_task186,8,186,6,True,True,True,True,28,28
trial_008_ep1_task186,8,186,7,True,True,True,True,28,28
trial_008_ep1_task186,8,186,8,True,True,True,True,28,28
trial_008_ep1_task186,8,186,9,True,True,True,True,28,28
trial_008_ep1_task186,8,186,10,True,True,True,True,28,28
trial_008_ep1_task186,8,186,11,True,True,True,True,28,28
trial_008_ep1_task186,8,186,12,True,True,True,True,28,28
trial_008_ep1_task186,8,186,13,True,True,True,True,28,28
trial_008_ep1_task186,8,186,14,True,True,True,True,28,28
trial_008_ep1_task186,8,186,15,True,True,True,True,28,28
trial_008_ep1_task186,8,186,16,True,True,True,True,28,28
trial_008_ep1_task186,8,186,17,True,True,True,True,28,28
trial_008_ep1_task186,8,186,18,True,True,True,True,28,28
trial_008_ep1_task186,8,186,19,True,True,True,True,28,28
trial_008_ep1_task186,8,186,20,True,True,True,True,28,28
trial_008_ep1_task186,8,186,21,True,True,True,True,28,28
trial_008_ep1_task186,8,186,22,True,True,True,True,28,28
trial_008_ep1_task186,8,186,23,True,True,True,True,28,28
trial_008_ep1_task186,8,186,24,True,True,True,True,28,28
trial_008_ep1_task186,8,186,25,True,True,True,True,28,28
trial_008_ep1_task186,8,186,26,True,True,True,True,28,28
trial_008_ep1_task186,8,186,27,True,True,True,True,28,28
trial_008_ep1_task187,8,187,3,True,True,True,True,20,20
trial_008_ep1_task187,8,187,4,True,True,True,True,20,20
trial_008_ep1_task187,8,187,5,True,True,True,True,20,20
trial_008_ep1_task187,8,187,6,True,True,True,True,20,20
trial_008_ep1_task187,8,187,9,True,True,True,True,20,20
trial_008_ep1_task187,8,187,10,True,True,True,True,20,20
trial_008_ep1_task187,8,187,11,True,True,True,True,20,20
trial_008_ep1_task187,8,187,12,True,True,True,True,20,20
trial_008_ep1_task187,8,187,14,True,True,True,True,20,20
trial_008_ep1_task187,8,187,17,True,True,True,True,20,20
trial_008_ep1_task187,8,187,18,True,True,True,True,20,20
trial_008_ep1_task187,8,187,19,True,True,True,True,20,20
trial_008_ep1_task187,8,187,20,True,True,True,True,20,20
trial_008_ep1_task187,8,187,21,True,True,True,True,20,20
trial_008_ep1_task187,8,187,22,True,True,True,True,20,20
trial_008_ep1_task187,8,187,23,True,True,True,True,20,20
trial_008_ep1_task187,8,187,24,True,True,True,True,20,20
trial_008_ep1_task187,8,187,25,True,True,True,True,20,20
trial_008_ep1_task187,8,187,26,True,True,True,True,20,20
trial_008_ep1_task187,8,187,27,True,True,True,True,20,20
trial_008_ep1_task193,8,193,0,True,True,True,True,28,28
trial_008_ep1_task193,8,193,1,True,True,True,True,28,28
trial_008_ep1_task193,8,193,2,True,True,True,True,28,28
trial_008_ep1_task193,8,193,3,True,True,True,True,28,28
trial_008_ep1_task193,8,193,4,True,True,True,True,28,28
trial_008_ep1_task193,8,193,5,True,True,True,True,28,28
trial_008_ep1_task193,8,193,6,True,True,True,True,28,28
trial_008_ep1_task193,8,193,7,True,True,True,True,28,28
trial_008_ep1_task193,8,193,8,True,True,True,True,28,28
trial_008_ep1_task193,8,193,9,True,True,True,True,28,28
trial_008_ep1_task193,8,193,10,True,True,True,True,28,28
trial_008_ep1_task193,8,193,11,True,True,True,True,28,28
trial_008_ep1_task193,8,193,12,True,True,True,True,28,28
trial_008_ep1_task193,8,193,13,True,True,True,True,28,28
trial_008_ep1_task193,8,193,14,True,True,True,True,28,28
trial_008_ep1_task193,8,193,15,True,True,True,True,28,28
trial_008_ep1_task193,8,193,16,True,True,True,True,28,28
trial_008_ep1_task193,8,193,17,True,True,True,True,28,28
trial_008_ep1_task193,8,193,18,True,True,True,True,28,28
trial_008_ep1_task193,8,193,19,True,True,True,True,28,28
trial_008_ep1_task193,8,193,20,True,True,True,True,28,28
trial_008_ep1_task193,8,193,21,True,True,True,True,28,28
trial_008_ep1_task193,8,193,22,True,True,True,True,28,28
trial_008_ep1_task193,8,193,23,True,True,True,True,28,28
trial_008_ep1_task193,8,193,24,True,True,True,True,28,28
trial_008_ep1_task193,8,193,25,True,True,True,True,28,28
trial_008_ep1_task193,8,193,26,True,True,True,True,28,28
trial_008_ep1_task193,8,193,27,True,True,True,True,28,28
trial_008_ep1_task194,8,194,0,True,True,True,True,28,28
trial_008_ep1_task194,8,194,1,True,True,True,True,28,28
trial_008_ep1_task194,8,194,2,True,True,True,True,28,28
trial_008_ep1_task194,8,194,3,True,True,True,True,28,28
trial_008_ep1_task194,8,194,4,True,True,True,True,28,28
trial_008_ep1_task194,8,194,5,True,True,True,True,28,28
trial_008_ep1_task194,8,194,6,True,True,True,True,28,28
trial_008_ep1_task194,8,194,7,True,True,True,True,28,28
trial_008_ep1_task194,8,194,8,True,True,True,True,28,28
trial_008_ep1_task194,8,194,9,True,True,True,True,28,28
trial_008_ep1_task194,8,194,10,True,True,True,True,28,28
trial_008_ep1_task194,8,194,11,True,True,True,True,28,28
trial_008_ep1_task194,8,194,12,True,True,True,True,28,28
trial_008_ep1_task194,8,194,13,True,True,True,True,28,28
trial_008_ep1_task194,8,194,14,True,True,True,True,28,28
trial_008_ep1_task194,8,194,15,True,True,True,True,28,28
trial_008_ep1_task194,8,194,16,True,True,True,True,28,28
trial_008_ep1_task194,8,194,17,True,True,True,True,28,28
trial_008_ep1_task194,8,194,18,True,True,True,True,28,28
trial_008_ep1_task194,8,194,19,True,True,True,True,28,28
trial_008_ep1_task194,8,194,20,True,True,True,True,28,28
trial_008_ep1_task194,8,194,21,True,True,True,True,28,28
trial_008_ep1_task194,8,194,22,True,True,True,True,28,28
trial_008_ep1_task194,8,194,23,True,True,True,True,28,28
trial_008_ep1_task194,8,194,24,True,True,True,True,28,28
trial_008_ep1_task194,8,194,25,True,True,True,True,28,28
trial_008_ep1_task194,8,194,26,True,True,True,True,28,28
trial_008_ep1_task194,8,194,27,True,True,True,True,28,28
trial_008_ep1_task196,8,196,3,True,True,True,True,13,13
trial_008_ep1_task196,8,196,6,True,True,True,True,13,13
trial_008_ep1_task196,8,196,9,True,True,True,True,13,13
trial_008_ep1_task196,8,196,12,True,True,True,True,13,13
trial_008_ep1_task196,8,196,17,True,True,True,True,13,13
trial_008_ep1_task196,8,196,18,True,True,True,True,13,13
trial_008_ep1_task196,8,196,21,True,True,True,True,13,13
trial_008_ep1_task196,8,196,22,True,True,True,True,13,13
trial_008_ep1_task196,8,196,23,True,True,True,True,13,13
trial_008_ep1_task196,8,196,24,True,True,True,True,13,13
trial_008_ep1_task196,8,196,25,True,True,True,True,13,13
trial_008_ep1_task196,8,196,26,True,True,True,True,13,13
trial_008_ep1_task196,8,196,27,True,True,True,True,13,13
trial_008_ep1_task199,8,199,0,True,True,True,True,28,28
trial_008_ep1_task199,8,199,1,True,True,True,True,28,28
trial_008_ep1_task199,8,199,2,True,True,True,True,28,28
trial_008_ep1_task199,8,199,3,True,True,True,True,28,28
trial_008_ep1_task199,8,199,4,True,True,True,True,28,28
trial_008_ep1_task199,8,199,5,True,True,True,True,28,28
trial_008_ep1_task199,8,199,6,True,True,True,True,28,28
trial_008_ep1_task199,8,199,7,True,True,True,True,28,28
trial_008_ep1_task199,8,199,8,True,True,True,True,28,28
trial_008_ep1_task199,8,199,9,True,True,True,True,28,28
trial_008_ep1_task199,8,199,10,True,True,True,True,28,28
trial_008_ep1_task199,8,199,11,True,True,True,True,28,28
trial_008_ep1_task199,8,199,12,True,True,True,True,28,28
trial_008_ep1_task199,8,199,13,True,True,True,True,28,28
trial_008_ep1_task199,8,199,14,True,True,True,True,28,28
trial_008_ep1_task199,8,199,15,True,True,True,True,28,28
trial_008_ep1_task199,8,199,16,True,True,True,True,28,28
trial_008_ep1_task199,8,199,17,True,True,True,True,28,28
trial_008_ep1_task199,8,199,18,True,True,True,True,28,28
trial_008_ep1_task199,8,199,19,True,True,True,True,28,28
trial_008_ep1_task199,8,199,20,True,True,True,True,28,28
trial_008_ep1_task199,8,199,21,True,True,True,True,28,28
trial_008_ep1_task199,8,199,22,True,True,True,True,28,28
trial_008_ep1_task199,8,199,23,True,True,True,True,28,28
trial_008_ep1_task199,8,199,24,True,True,True,True,28,28
trial_008_ep1_task199,8,199,25,True,True,True,True,28,28
trial_008_ep1_task199,8,199,26,True,True,True,True,28,28
trial_008_ep1_task199,8,199,27,True,True,True,True,28,28
trial_008_ep1_task200,8,200,24,True,True,True,True,3,3
trial_008_ep1_task200,8,200,26,True,True,True,True,3,3
trial_008_ep1_task200,8,200,27,True,True,True,True,3,3
