trial_id,arm,episode,zero_event_intervals,one_event_intervals,multiple_event_intervals,preexisting_outcome_intervals,current_task_outcome_intervals,shifted_outcomes,zero_run_p90
0,origin,1,76,66,58,84,86,114,2.0
0,origin,2,84,63,53,84,76,124,3.0
0,origin,3,83,58,59,81,83,117,2.0
0,origin,4,76,67,57,82,85,115,2.0
0,origin,5,84,62,54,87,70,130,2.0
0,origin,6,80,60,60,87,83,117,2.5
0,origin,7,89,55,56,86,70,130,2.0
0,origin,8,80,60,60,81,85,115,2.0
0,origin,9,78,66,56,89,81,119,2.0
0,origin,10,74,71,55,95,77,123,2.0
0,origin,11,81,59,60,85,83,117,2.6000000000000014
0,origin,12,76,69,55,88,81,119,3.0
0,origin,13,93,53,54,76,75,125,3.0
0,origin,14,72,72,56,84,94,106,2.0
0,origin,15,81,61,58,81,83,117,2.0
0,origin,16,77,70,53,86,77,123,2.8999999999999986
0,origin,17,86,52,62,87,77,123,3.0
0,origin,18,80,68,52,92,66,134,3.0
0,origin,19,86,61,53,89,70,130,2.0
0,origin,20,87,51,62,85,83,117,2.0
0,origin,21,74,75,51,82,86,114,2.0
0,origin,22,78,67,55,82,81,119,3.0
0,origin,23,81,66,53,81,80,120,2.8000000000000043
0,origin,24,83,64,53,76,83,117,3.0
0,origin,25,77,73,50,77,88,112,3.0
0,origin,26,85,52,63,89,78,122,2.0
0,origin,27,80,64,56,73,91,109,2.3999999999999986
0,origin,28,85,57,58,79,84,116,2.0
0,origin,29,81,68,51,82,80,120,2.0
0,origin,30,88,53,59,87,69,131,2.8000000000000043
0,origin,31,83,62,55,80,88,112,2.0
0,origin,32,88,54,58,86,74,126,2.0
0,origin,33,85,62,53,74,85,115,2.6000000000000014
0,origin,34,85,66,49,79,79,121,2.0
0,origin,35,90,49,61,89,73,127,3.0
0,origin,36,81,62,57,91,76,124,2.3999999999999986
0,origin,37,87,55,58,81,81,119,2.6000000000000014
0,origin,38,89,48,63,96,68,132,2.0
0,origin,39,84,59,57,92,69,131,3.0
0,origin,40,83,66,51,77,83,117,3.0
0,origin,41,77,66,57,88,79,121,2.0
0,origin,42,91,51,58,86,72,128,2.0
0,origin,43,81,67,52,83,84,116,2.3000000000000043
0,origin,44,78,68,54,88,83,117,2.0
0,origin,45,89,58,53,79,72,128,3.0
0,origin,46,80,63,57,90,78,122,2.0
0,origin,47,92,48,60,78,76,124,3.0
0,origin,48,81,66,53,86,77,123,2.0
0,origin,49,79,67,54,77,88,112,2.200000000000003
0,origin,50,77,74,49,81,82,118,2.0
0,origin,51,79,61,60,81,88,112,2.0
0,origin,52,85,62,53,74,85,115,3.0
0,origin,53,86,55,59,91,72,128,2.1000000000000014
0,origin,54,85,55,60,89,80,120,2.0
0,origin,55,74,76,50,81,86,114,3.0
0,origin,56,79,65,56,87,76,124,3.0
0,origin,57,76,68,56,86,82,118,3.0
0,origin,58,86,58,56,76,85,115,3.0
0,origin,59,83,65,52,83,78,122,2.0
0,origin,60,90,50,60,86,69,131,2.0
0,origin,61,70,84,46,82,83,117,2.3000000000000043
0,origin,62,82,61,57,91,72,128,2.3000000000000043
0,origin,63,80,61,59,90,82,118,2.0
0,origin,64,76,62,62,95,81,119,2.0
0,origin,65,86,57,57,79,86,114,2.0
0,origin,66,82,67,51,85,82,118,2.0
0,origin,67,77,67,56,82,82,118,2.0
0,origin,68,87,56,57,77,82,118,3.0
0,origin,69,82,63,55,78,89,111,2.0
0,origin,70,80,60,60,88,80,120,2.0
0,origin,71,83,61,56,90,66,134,3.0
0,origin,72,84,58,58,82,81,119,2.3999999999999986
0,origin,73,82,65,53,81,80,120,2.8000000000000043
0,origin,74,84,61,55,78,84,116,3.0
0,origin,75,78,65,57,74,94,106,2.0
0,origin,76,78,66,56,81,87,113,2.0
0,origin,77,81,62,57,87,79,121,2.0
0,origin,78,76,69,55,81,85,115,2.0
0,origin,79,77,70,53,92,75,125,2.0
0,origin,80,81,62,57,83,78,122,2.0
0,origin,81,93,50,57,81,72,128,3.0
0,origin,82,75,77,48,84,84,116,2.0
0,origin,83,88,56,56,84,71,129,2.0
0,origin,84,90,60,50,78,74,126,3.0
0,origin,85,91,47,62,81,80,120,3.0
0,origin,86,87,54,59,85,79,121,2.0
0,origin,87,80,65,55,84,77,123,2.8000000000000043
0,origin,88,83,60,57,90,75,125,2.0
0,origin,89,80,66,54,87,77,123,2.8999999999999986
0,origin,90,83,65,52,73,89,111,3.0
0,origin,91,93,48,59,83,69,131,2.8000000000000043
0,origin,92,85,56,59,86,83,117,2.1000000000000014
0,origin,93,70,73,57,87,90,110,2.0
0,origin,94,73,67,60,83,96,104,2.0
0,origin,95,85,58,57,89,69,131,3.0
0,origin,96,85,56,59,79,83,117,3.0
0,origin,97,84,59,57,82,78,122,3.0
0,origin,98,82,72,46,81,80,120,2.3999999999999986
0,origin,99,85,54,61,91,79,121,2.0
0,origin,100,85,58,57,95,69,131,2.0
0,origin,101,82,63,55,81,79,121,2.5
0,origin,102,82,62,56,88,79,121,2.0
0,origin,103,73,77,50,82,86,114,2.3000000000000043
0,origin,104,78,65,57,88,81,119,2.0
0,origin,105,79,68,53,82,82,118,2.8000000000000043
0,origin,106,71,78,51,79,97,103,2.0
0,origin,107,85,61,54,77,80,120,3.0
0,origin,108,81,62,57,83,80,120,2.0
0,origin,109,87,53,60,88,74,126,2.0
0,origin,110,76,74,50,87,76,124,2.0
0,origin,111,82,66,52,95,61,139,2.3999999999999986
0,origin,112,88,55,57,83,74,126,3.0
0,origin,113,92,49,59,77,81,119,3.0
0,origin,114,80,66,54,84,82,118,3.0
0,origin,115,78,72,50,86,70,130,3.0
0,origin,116,88,54,58,75,87,113,3.0
0,origin,117,88,55,57,93,65,135,2.0
0,origin,118,77,74,49,74,93,107,2.0
0,origin,119,88,57,55,84,73,127,3.0
0,origin,120,81,62,57,90,74,126,2.0
0,origin,121,76,66,58,86,82,118,2.0
0,origin,122,80,64,56,86,78,122,2.0
0,origin,123,88,54,58,92,70,130,2.200000000000003
0,origin,124,70,73,57,80,102,98,2.0
0,origin,125,83,57,60,85,79,121,2.8000000000000043
0,origin,126,83,58,59,83,77,123,2.0
0,origin,127,82,68,50,73,86,114,3.0
0,origin,128,83,61,56,81,81,119,2.700000000000003
0,origin,129,76,65,59,80,98,102,2.0
0,origin,130,84,57,59,88,73,127,2.0
0,origin,131,74,71,55,85,84,116,2.0
0,origin,132,80,57,63,96,76,124,2.0
0,origin,133,80,65,55,73,94,106,3.0
0,origin,134,86,62,52,82,74,126,3.0
0,origin,135,76,77,47,82,82,118,2.0
0,origin,136,86,59,55,73,86,114,3.0
0,origin,137,85,59,56,83,78,122,2.0
0,origin,138,78,67,55,77,90,110,2.0
0,origin,139,76,65,59,88,86,114,2.0
0,origin,140,86,56,58,86,75,125,2.0
0,origin,141,88,63,49,75,80,120,3.0
0,origin,142,80,65,55,82,79,121,2.8999999999999986
0,origin,143,80,64,56,81,89,111,2.0
0,origin,144,79,62,59,86,79,121,2.5
0,origin,145,89,48,63,86,78,122,2.1000000000000014
0,origin,146,91,48,61,85,77,123,3.0
0,origin,147,82,58,60,90,79,121,2.0
0,origin,148,86,55,59,87,72,128,2.3000000000000043
0,origin,149,81,62,57,81,77,123,3.0
0,origin,150,85,52,63,86,79,121,2.0
0,origin,151,76,74,50,86,79,121,2.0
0,origin,152,85,58,57,88,68,132,3.0
0,origin,153,82,65,53,84,81,119,3.0
0,origin,154,78,70,52,83,85,115,2.700000000000003
0,origin,155,83,59,58,81,83,117,2.0
0,origin,156,80,64,56,83,85,115,3.0
0,origin,157,73,70,57,85,89,111,2.0
0,origin,158,81,66,53,73,90,110,2.0
0,origin,159,80,61,59,85,82,118,2.0
0,origin,160,75,66,59,87,92,108,2.0
0,origin,161,85,60,55,88,79,121,3.0
0,origin,162,77,62,61,81,88,112,2.0
0,origin,163,85,60,55,82,81,119,2.3999999999999986
0,origin,164,76,72,52,85,82,118,2.0
0,origin,165,77,74,49,83,84,116,2.0
0,origin,166,80,64,56,82,83,117,3.0
0,origin,167,74,73,53,83,88,112,2.8999999999999986
0,origin,168,83,60,57,87,72,128,2.0
0,origin,169,85,61,54,81,81,119,2.0
0,origin,170,83,62,55,88,75,125,2.0
0,origin,171,78,68,54,81,84,116,2.0
0,origin,172,88,50,62,82,83,117,2.0
0,origin,173,87,55,58,92,70,130,2.0
0,origin,174,90,48,62,84,73,127,3.0
0,origin,175,78,63,59,100,60,140,2.0
0,origin,176,71,75,54,88,89,111,2.0
0,origin,177,86,53,61,83,83,117,2.0
0,origin,178,89,57,54,79,74,126,3.0
0,origin,179,84,58,58,79,77,123,3.0
0,origin,180,78,70,52,82,79,121,2.0
0,origin,181,82,55,63,91,74,126,2.0
0,origin,182,82,64,54,84,76,124,3.0
0,origin,183,77,69,54,81,88,112,2.0
0,origin,184,88,54,58,82,79,121,2.0
0,origin,185,77,68,55,81,90,110,2.8000000000000043
0,origin,186,84,64,52,86,71,129,2.0
0,origin,187,86,56,58,78,87,113,2.0
0,origin,188,76,71,53,84,87,113,2.0
0,origin,189,77,72,51,91,74,126,2.0
0,origin,190,83,57,60,85,83,117,2.0
0,origin,191,84,54,62,85,81,119,2.0
0,origin,192,88,54,58,77,84,116,2.0
0,origin,193,86,59,55,85,72,128,3.0
0,origin,194,79,65,56,81,85,115,2.0
0,origin,195,78,70,52,81,87,113,2.0
0,origin,196,70,79,51,95,78,122,2.0
0,origin,197,79,64,57,86,79,121,2.5
0,origin,198,87,57,56,82,80,120,3.0
0,origin,199,87,52,61,89,77,123,2.3000000000000043
0,origin,200,86,62,52,86,68,132,3.0
0,origin,201,91,52,57,83,69,131,3.0
0,origin,202,80,60,60,82,89,111,2.0
0,origin,203,78,70,52,85,84,116,2.0
0,origin,204,77,65,58,90,77,123,2.0
0,origin,205,80,68,52,86,75,125,3.0
0,origin,206,82,62,56,82,82,118,3.0
0,origin,207,77,60,63,83,93,107,2.0
0,origin,208,84,55,61,84,83,117,2.0
0,origin,209,72,76,52,86,82,118,2.0
0,origin,210,91,51,58,85,69,131,3.0
0,origin,211,77,65,58,84,86,114,2.0
0,origin,212,77,71,52,94,70,130,2.0
0,origin,213,79,67,54,77,89,111,2.0
0,origin,214,80,64,56,77,91,109,2.0
0,origin,215,88,52,60,88,72,128,3.0
0,origin,216,81,63,56,89,75,125,3.0
0,origin,217,76,66,58,88,86,114,2.0
0,origin,218,77,65,58,100,70,130,2.0
0,origin,219,81,60,59,84,83,117,2.0
0,origin,220,80,64,56,85,84,116,2.0
0,origin,221,80,63,57,95,68,132,2.0
0,origin,222,76,64,60,86,83,117,3.0
0,origin,223,80,66,54,93,71,129,2.0
0,origin,224,80,64,56,81,85,115,2.0
0,origin,225,76,78,46,73,93,107,2.0
0,origin,226,87,55,58,88,75,125,2.0
0,origin,227,81,61,58,85,79,121,2.6000000000000014
0,origin,228,77,65,58,81,90,110,2.0
0,origin,229,82,62,56,84,79,121,3.200000000000003
0,origin,230,84,58,58,79,86,114,2.5
0,origin,231,84,59,57,77,87,113,3.0
0,origin,232,74,72,54,75,95,105,2.8000000000000043
0,origin,233,73,71,56,94,76,124,2.0
0,origin,234,81,62,57,87,80,120,2.0
0,origin,235,76,70,54,89,81,119,2.0
0,origin,236,76,68,56,77,92,108,2.0
0,origin,237,75,71,54,80,94,106,2.0
0,origin,238,81,62,57,89,78,122,2.0
0,origin,239,78,67,55,74,93,107,2.0
0,origin,240,72,73,55,86,83,117,2.0
0,origin,241,86,56,58,85,81,119,2.0
0,origin,242,91,49,60,84,70,130,3.0
0,origin,243,76,69,55,84,87,113,2.0
0,origin,244,84,58,58,85,73,127,3.0
0,origin,245,87,57,56,76,86,114,3.0
0,origin,246,86,58,56,78,82,118,3.0
0,origin,247,79,66,55,90,77,123,2.0
0,origin,248,89,61,50,82,72,128,2.0
0,origin,249,77,62,61,99,74,126,2.0
0,origin,250,79,63,58,85,83,117,2.0
0,origin,251,72,72,56,88,85,115,2.0
0,origin,252,81,60,59,82,89,111,2.0
0,origin,253,84,60,56,78,86,114,2.0
0,origin,254,80,62,58,88,82,118,2.0
0,origin,255,84,56,60,81,83,117,3.0
0,origin,256,82,65,53,86,74,126,2.0
0,origin,257,80,59,61,84,90,110,2.0
0,origin,258,76,69,55,95,71,129,2.0
0,origin,259,78,61,61,87,85,115,2.0
0,origin,260,79,67,54,82,84,116,3.0
0,origin,261,78,66,56,84,82,118,2.0
0,origin,262,79,67,54,78,92,108,2.0
0,origin,263,85,54,61,90,73,127,2.0
0,origin,264,74,73,53,81,87,113,2.0
0,origin,265,78,62,60,91,83,117,2.0
0,origin,266,83,67,50,87,70,130,3.0
0,origin,267,79,61,60,86,88,112,3.0
0,origin,268,75,72,53,77,93,107,3.0
0,origin,269,78,70,52,77,88,112,2.0
0,origin,270,86,58,56,76,87,113,3.0
0,origin,271,75,69,56,94,76,124,2.0
0,origin,272,82,67,51,74,83,117,2.700000000000003
0,origin,273,73,71,56,92,81,119,2.0
0,origin,274,75,74,51,80,91,109,2.0
0,origin,275,83,57,60,83,83,117,2.0
0,origin,276,83,65,52,86,73,127,2.0
0,origin,277,90,51,59,89,72,128,2.0
0,origin,278,80,65,55,76,91,109,3.0
0,origin,279,84,68,48,70,91,109,3.0
0,origin,280,73,75,52,87,87,113,2.0
0,origin,281,72,71,57,82,100,100,2.0
0,origin,282,83,67,50,76,86,114,2.8000000000000043
0,origin,283,80,67,53,79,86,114,3.0
0,origin,284,77,67,56,86,82,118,2.0
0,origin,285,86,61,53,77,80,120,2.0
0,origin,286,84,60,56,84,81,119,2.0
0,origin,287,82,64,54,84,78,122,2.5
0,origin,288,75,69,56,87,85,115,2.0
0,origin,289,75,76,49,86,83,117,2.0
0,origin,290,85,59,56,75,86,114,3.0
0,origin,291,78,66,56,81,86,114,2.0
0,origin,292,81,65,54,89,74,126,2.0
0,origin,293,70,77,53,89,83,117,2.0
0,origin,294,72,78,50,92,77,123,2.0
0,origin,295,85,53,62,88,76,124,2.0
0,origin,296,86,53,61,84,75,125,3.0
0,origin,297,82,67,51,86,76,124,3.0
0,origin,298,72,77,51,88,82,118,2.0
0,origin,299,83,63,54,85,80,120,3.0
0,origin,300,74,70,56,88,82,118,2.0
0,event,1,76,66,58,84,86,114,2.0
0,event,2,84,63,53,84,76,124,3.0
0,event,3,83,58,59,81,83,117,2.0
0,event,4,76,67,57,82,85,115,2.0
0,event,5,83,63,54,88,70,130,2.0
0,event,6,80,60,60,87,83,117,2.5
0,event,7,89,55,56,86,70,130,2.0
0,event,8,79,60,61,82,85,115,2.0
0,event,9,78,66,56,89,81,119,2.0
0,event,10,74,71,55,95,77,123,2.0
0,event,11,81,59,60,85,83,117,2.6000000000000014
0,event,12,76,69,55,88,81,119,3.0
0,event,13,93,53,54,76,75,125,3.0
0,event,14,72,72,56,84,94,106,2.0
0,event,15,81,61,58,81,83,117,2.0
0,event,16,77,70,53,86,77,123,2.8999999999999986
0,event,17,86,52,62,87,77,123,3.0
0,event,18,80,68,52,92,66,134,3.0
0,event,19,86,61,53,89,70,130,2.0
0,event,20,87,51,62,85,83,117,2.0
0,event,21,74,75,51,82,86,114,2.0
0,event,22,78,67,55,82,81,119,3.0
0,event,23,81,66,53,81,80,120,2.8000000000000043
0,event,24,83,64,53,76,82,118,3.0
0,event,25,78,72,50,76,89,111,3.0
0,event,26,85,52,63,89,78,122,2.0
0,event,27,80,64,56,73,91,109,2.3999999999999986
0,event,28,85,57,58,79,84,116,2.0
0,event,29,81,68,51,82,80,120,2.0
0,event,30,88,53,59,89,67,133,2.8999999999999986
0,event,31,82,64,54,81,87,113,2.0
0,event,32,87,55,58,86,75,125,2.0
0,event,33,85,62,53,74,85,115,2.6000000000000014
0,event,34,85,66,49,79,79,121,2.0
0,event,35,90,49,61,89,73,127,3.0
0,event,36,81,62,57,91,76,124,2.3999999999999986
0,event,37,87,55,58,81,81,119,2.6000000000000014
0,event,38,89,48,63,96,68,132,2.0
0,event,39,83,61,56,93,69,131,3.0
0,event,40,83,66,51,77,83,117,3.0
0,event,41,77,66,57,88,78,122,2.0
0,event,42,91,51,58,86,72,128,2.0
0,event,43,81,67,52,83,84,116,2.3000000000000043
0,event,44,78,68,54,88,83,117,2.0
0,event,45,89,58,53,79,72,128,3.0
0,event,46,80,63,57,90,78,122,2.0
0,event,47,92,48,60,78,76,124,3.0
0,event,48,81,66,53,86,78,122,2.0
0,event,49,79,67,54,77,88,112,2.200000000000003
0,event,50,77,74,49,81,82,118,2.0
0,event,51,79,61,60,81,88,112,2.0
0,event,52,85,62,53,74,85,115,3.0
0,event,53,86,55,59,91,72,128,2.1000000000000014
0,event,54,85,55,60,89,80,120,2.0
0,event,55,74,76,50,81,86,114,3.0
0,event,56,78,66,56,87,77,123,3.0
0,event,57,76,68,56,86,82,118,3.0
0,event,58,86,58,56,76,85,115,3.0
0,event,59,83,65,52,83,78,122,2.0
0,event,60,90,50,60,86,69,131,2.0
0,event,61,70,84,46,82,83,117,2.3000000000000043
0,event,62,82,61,57,91,72,128,2.3000000000000043
0,event,63,79,62,59,91,82,118,2.0
0,event,64,76,62,62,95,81,119,2.0
0,event,65,86,57,57,79,86,114,2.0
0,event,66,82,67,51,85,82,118,2.0
0,event,67,77,67,56,82,82,118,2.0
0,event,68,87,56,57,77,82,118,3.0
0,event,69,83,62,55,77,89,111,2.0
0,event,70,81,59,60,87,80,120,2.0
0,event,71,83,60,57,91,65,135,3.0
0,event,72,84,58,58,82,81,119,2.3999999999999986
0,event,73,82,65,53,81,80,120,2.8000000000000043
0,event,74,84,61,55,78,84,116,3.0
0,event,75,78,65,57,74,94,106,2.0
0,event,76,78,66,56,81,87,113,2.0
0,event,77,81,62,57,87,79,121,2.0
0,event,78,76,69,55,81,85,115,2.0
0,event,79,77,70,53,92,75,125,2.0
0,event,80,82,61,57,82,78,122,2.0
0,event,81,93,50,57,81,72,128,3.0
0,event,82,75,77,48,84,84,116,2.0
0,event,83,88,56,56,85,70,130,2.0
0,event,84,90,59,51,78,75,125,3.0
0,event,85,91,47,62,81,80,120,3.0
0,event,86,87,55,58,85,78,122,2.0
0,event,87,80,65,55,84,77,123,2.8000000000000043
0,event,88,83,60,57,90,75,125,2.0
0,event,89,80,66,54,87,77,123,2.8999999999999986
0,event,90,83,65,52,73,89,111,3.0
0,event,91,93,48,59,83,69,131,2.8000000000000043
0,event,92,86,55,59,85,83,117,2.0
0,event,93,70,73,57,87,90,110,2.0
0,event,94,73,67,60,83,96,104,2.0
0,event,95,84,59,57,90,68,132,2.6000000000000014
0,event,96,85,56,59,79,83,117,3.0
0,event,97,84,59,57,82,78,122,3.0
0,event,98,82,72,46,81,80,120,2.3999999999999986
0,event,99,85,54,61,91,79,121,2.0
0,event,100,85,58,57,95,69,131,2.0
0,event,101,82,63,55,80,79,121,2.6000000000000014
0,event,102,82,62,56,89,78,122,2.0
0,event,103,73,77,50,82,86,114,2.3000000000000043
0,event,104,78,65,57,88,81,119,2.0
0,event,105,79,68,53,82,82,118,2.8000000000000043
0,event,106,71,78,51,78,98,102,2.0
0,event,107,85,61,54,77,80,120,3.0
0,event,108,81,62,57,83,80,120,2.0
0,event,109,87,53,60,88,74,126,2.0
0,event,110,76,74,50,87,76,124,2.0
0,event,111,82,66,52,95,61,139,2.3999999999999986
0,event,112,88,55,57,83,74,126,3.0
0,event,113,92,49,59,77,81,119,3.0
0,event,114,80,67,53,83,82,118,3.0
0,event,115,78,72,50,86,70,130,3.0
0,event,116,88,54,58,75,87,113,3.0
0,event,117,88,55,57,93,65,135,2.0
0,event,118,77,74,49,74,93,107,2.0
0,event,119,88,57,55,84,73,127,3.0
0,event,120,81,62,57,90,74,126,2.0
0,event,121,77,64,59,87,81,119,2.0
0,event,122,80,64,56,86,78,122,2.0
0,event,123,88,54,58,91,71,129,2.200000000000003
0,event,124,70,73,57,80,102,98,2.0
0,event,125,83,57,60,85,79,121,2.8000000000000043
0,event,126,83,58,59,83,77,123,2.0
0,event,127,82,68,50,73,86,114,3.0
0,event,128,83,61,56,81,81,119,2.700000000000003
0,event,129,76,65,59,80,98,102,2.0
0,event,130,84,57,59,88,73,127,2.0
0,event,131,74,71,55,85,84,116,2.0
0,event,132,80,57,63,96,76,124,2.0
0,event,133,80,65,55,73,94,106,3.0
0,event,134,86,62,52,82,74,126,3.0
0,event,135,76,77,47,82,82,118,2.0
0,event,136,86,59,55,73,86,114,3.0
0,event,137,85,59,56,83,78,122,2.0
0,event,138,78,67,55,77,90,110,2.0
0,event,139,76,66,58,87,86,114,2.0
0,event,140,86,56,58,86,75,125,2.0
0,event,141,88,63,49,75,80,120,3.0
0,event,142,80,64,56,81,80,120,2.8999999999999986
0,event,143,80,64,56,81,89,111,2.0
0,event,144,79,62,59,86,79,121,2.5
0,event,145,89,48,63,86,78,122,2.1000000000000014
0,event,146,92,46,62,84,77,123,3.0
0,event,147,82,58,60,90,79,121,2.0
0,event,148,86,54,60,88,72,128,2.3000000000000043
0,event,149,81,62,57,81,77,123,3.0
0,event,150,84,54,62,85,80,120,2.0
0,event,151,76,74,50,86,79,121,2.0
0,event,152,86,57,57,87,68,132,3.0
0,event,153,82,65,53,84,81,119,3.0
0,event,154,78,70,52,83,85,115,2.700000000000003
0,event,155,83,59,58,81,83,117,2.0
0,event,156,80,64,56,83,85,115,3.0
0,event,157,73,70,57,85,89,111,2.0
0,event,158,80,68,52,74,90,110,2.0
0,event,159,80,61,59,85,82,118,2.0
0,event,160,74,67,59,88,92,108,2.0
0,event,161,85,60,55,88,79,121,3.0
0,event,162,78,62,60,79,89,111,2.0
0,event,163,85,60,55,82,81,119,2.3999999999999986
0,event,164,76,72,52,85,82,118,2.0
0,event,165,77,73,50,83,84,116,2.0
0,event,166,80,64,56,82,83,117,3.0
0,event,167,75,71,54,82,89,111,2.8999999999999986
0,event,168,83,60,57,87,72,128,2.0
0,event,169,84,63,53,82,80,120,2.0
0,event,170,84,60,56,87,76,124,2.0
0,event,171,78,68,54,81,84,116,2.0
0,event,172,87,51,62,83,82,118,2.0
0,event,173,88,53,59,91,70,130,2.0
0,event,174,90,48,62,84,73,127,3.0
0,event,175,78,63,59,100,60,140,2.0
0,event,176,71,75,54,88,89,111,2.0
0,event,177,86,52,62,84,82,118,2.0
0,event,178,89,56,55,80,73,127,3.0
0,event,179,83,59,58,79,78,122,3.0
0,event,180,77,71,52,84,78,122,2.0
0,event,181,83,54,63,89,75,125,2.0
0,event,182,84,60,56,83,77,123,3.0
0,event,183,77,69,54,81,88,112,2.0
0,event,184,86,56,58,84,79,121,2.0
0,event,185,77,68,55,81,90,110,2.8000000000000043
0,event,186,83,66,51,86,71,129,2.0
0,event,187,85,57,58,79,86,114,2.0
0,event,188,76,72,52,83,87,113,2.0
0,event,189,77,72,51,92,73,127,2.0
0,event,190,84,54,62,84,83,117,2.0
0,event,191,84,54,62,85,81,119,2.0
0,event,192,87,56,57,77,85,115,2.0
0,event,193,86,59,55,85,72,128,3.0
0,event,194,79,65,56,81,85,115,2.0
0,event,195,77,72,51,81,87,113,2.0
0,event,196,70,79,51,95,78,122,2.0
0,event,197,79,64,57,86,79,121,2.5
0,event,198,87,57,56,82,80,120,3.0
0,event,199,87,52,61,89,77,123,2.3000000000000043
0,event,200,86,62,52,86,68,132,3.0
0,event,201,90,53,57,84,69,131,3.0
0,event,202,79,61,60,83,89,111,2.0
0,event,203,78,69,53,85,84,116,2.0
0,event,204,76,67,57,91,76,124,2.0
0,event,205,81,67,52,87,73,127,3.0
0,event,206,83,61,56,81,82,118,3.0
0,event,207,77,60,63,82,94,106,2.0
0,event,208,84,54,62,84,83,117,2.0
0,event,209,73,73,54,86,82,118,2.0
0,event,210,90,53,57,87,68,132,3.0
0,event,211,77,65,58,84,85,115,2.0
0,event,212,75,74,51,97,68,132,2.0
0,event,213,81,65,54,75,90,110,2.0
0,event,214,80,64,56,77,91,109,2.0
0,event,215,89,52,59,87,72,128,3.0
0,event,216,80,65,55,91,73,127,2.6000000000000014
0,event,217,77,64,59,88,85,115,2.0
0,event,218,77,64,59,100,69,131,2.0
0,event,219,81,60,59,84,83,117,2.0
0,event,220,82,63,55,83,84,116,2.0
0,event,221,79,62,59,96,69,131,2.0
0,event,222,75,67,58,87,83,117,2.8000000000000043
0,event,223,80,67,53,93,70,130,2.0
0,event,224,80,63,57,81,86,114,2.0
0,event,225,76,78,46,73,93,107,2.0
0,event,226,87,54,59,88,76,124,2.0
0,event,227,79,65,56,86,80,120,2.0
0,event,228,76,67,57,81,91,109,2.0
0,event,229,82,62,56,84,79,121,3.1000000000000014
0,event,230,84,58,58,79,86,114,2.0
0,event,231,84,59,57,76,88,112,3.0
0,event,232,73,74,53,76,95,105,2.8000000000000043
0,event,233,73,69,58,96,74,126,2.0
0,event,234,81,64,55,87,80,120,2.0
0,event,235,76,71,53,89,82,118,2.0
0,event,236,77,67,56,75,94,106,2.0
0,event,237,74,73,53,80,94,106,2.0
0,event,238,84,58,58,88,77,123,2.0
0,event,239,78,68,54,73,94,106,2.0
0,event,240,72,71,57,86,83,117,2.0
0,event,241,82,62,56,88,80,120,2.0
0,event,242,89,52,59,85,70,130,3.0
0,event,243,77,70,53,84,87,113,2.0
0,event,244,84,59,57,84,73,127,3.0
0,event,245,86,59,55,77,85,115,3.0
0,event,246,85,60,55,77,83,117,3.0
0,event,247,77,69,54,92,76,124,2.0
0,event,248,89,59,52,82,73,127,2.0
0,event,249,77,62,61,99,74,126,2.0
0,event,250,80,64,56,84,81,119,2.0
0,event,251,73,69,58,89,84,116,2.0
0,event,252,81,59,60,83,89,111,2.0
0,event,253,83,61,56,80,85,115,2.0
0,event,254,82,58,60,86,81,119,2.0
0,event,255,81,60,59,85,80,120,3.0
0,event,256,84,62,54,86,75,125,2.6000000000000014
0,event,257,82,56,62,84,89,111,2.0
0,event,258,74,72,54,96,72,128,2.0
0,event,259,78,60,62,88,84,116,2.0
0,event,260,82,64,54,80,83,117,3.0
0,event,261,80,62,58,86,79,121,2.0
0,event,262,82,64,54,76,92,108,2.0
0,event,263,85,55,60,91,73,127,2.0
0,event,264,77,68,55,81,84,116,2.0
0,event,265,78,63,59,93,82,118,2.0
0,event,266,85,68,47,85,70,130,3.0
0,event,267,79,61,60,86,87,113,3.0
0,event,268,76,70,54,76,94,106,3.0
0,event,269,76,74,50,76,90,110,2.0
0,event,270,84,62,54,79,85,115,3.0
0,event,271,74,70,56,96,75,125,2.0
0,event,272,79,69,52,79,81,119,2.0
0,event,273,73,71,56,92,81,119,2.0
0,event,274,74,76,50,81,90,110,2.0
0,event,275,84,55,61,84,82,118,2.0
0,event,276,84,64,52,85,74,126,2.0
0,event,277,90,49,61,90,71,129,2.0
0,event,278,80,64,56,75,92,108,3.0
0,event,279,85,67,48,70,90,110,3.0
0,event,280,73,74,53,87,86,114,2.0
0,event,281,72,71,57,82,100,100,2.0
0,event,282,83,67,50,77,84,116,3.0
0,event,283,79,70,51,81,85,115,3.0
0,event,284,77,70,53,85,82,118,2.0
0,event,285,87,59,54,77,79,121,3.0
0,event,286,84,60,56,82,82,118,2.0
0,event,287,83,65,52,82,77,123,2.5
0,event,288,74,69,57,88,84,116,2.0
0,event,289,76,76,48,86,83,117,2.0
0,event,290,86,57,57,76,85,115,2.5
0,event,291,77,68,55,83,84,116,2.0
0,event,292,81,65,54,90,74,126,2.0
0,event,293,70,77,53,90,82,118,2.0
0,event,294,72,78,50,92,77,123,2.0
0,event,295,84,54,62,89,77,123,2.0
0,event,296,86,53,61,84,76,124,3.0
0,event,297,82,66,52,86,76,124,3.0
0,event,298,73,75,52,87,83,117,2.0
0,event,299,84,60,56,84,82,118,3.0
0,event,300,74,70,56,88,83,117,2.0
1,origin,1,81,63,56,93,70,130,2.700000000000003
1,origin,2,82,65,53,91,71,129,3.0
1,origin,3,91,51,58,83,78,122,3.0
1,origin,4,75,69,56,80,93,107,2.0
1,origin,5,80,57,63,78,99,101,2.0
1,origin,6,81,65,54,73,90,110,3.0
1,origin,7,74,72,54,88,79,121,3.0
1,origin,8,86,58,56,84,76,124,2.0
1,origin,9,83,61,56,78,85,115,2.0
1,origin,10,85,63,52,91,67,133,2.0
1,origin,11,79,63,58,83,89,111,2.0
1,origin,12,85,61,54,75,86,114,3.0
1,origin,13,84,61,55,83,77,123,3.0
1,origin,14,84,58,58,85,76,124,3.0
1,origin,15,86,59,55,90,70,130,3.0
1,origin,16,85,65,50,71,91,109,3.0
1,origin,17,74,73,53,75,93,107,2.1000000000000014
1,origin,18,95,54,51,75,74,126,3.0
1,origin,19,81,63,56,91,74,126,2.0
1,origin,20,87,58,55,92,66,134,3.0
1,origin,21,84,64,52,80,79,121,3.0
1,origin,22,73,75,52,89,82,118,2.0
1,origin,23,73,72,55,95,75,125,2.0
1,origin,24,86,60,54,87,65,135,2.8000000000000043
1,origin,25,77,66,57,84,90,110,2.0
1,origin,26,85,62,53,80,78,122,3.0
1,origin,27,85,61,54,83,75,125,2.0
1,origin,28,87,53,60,84,82,118,2.0
1,origin,29,77,72,51,87,72,128,2.0
1,origin,30,88,58,54,86,64,136,3.0
1,origin,31,81,66,53,88,74,126,2.0
1,origin,32,84,60,56,86,74,126,2.3999999999999986
1,origin,33,93,50,57,81,75,125,2.0
1,origin,34,86,55,59,81,82,118,3.0
1,origin,35,79,66,55,86,77,123,3.0
1,origin,36,86,56,58,87,73,127,3.0
1,origin,37,82,61,57,81,83,117,2.6000000000000014
1,origin,38,85,55,60,82,82,118,2.200000000000003
1,origin,39,86,58,56,82,75,125,2.700000000000003
1,origin,40,86,53,61,87,73,127,2.0
1,origin,41,76,73,51,86,85,115,2.0
1,origin,42,79,65,56,92,73,127,2.0
1,origin,43,80,63,57,82,89,111,2.8000000000000043
1,origin,44,79,66,55,85,80,120,2.0
1,origin,45,81,63,56,87,79,121,2.3000000000000043
1,origin,46,80,61,59,88,71,129,3.0
1,origin,47,91,46,63,91,67,133,2.8999999999999986
1,origin,48,73,76,51,81,92,108,2.0
1,origin,49,79,59,62,91,80,120,2.0
1,origin,50,89,57,54,85,69,131,2.3999999999999986
1,origin,51,88,54,58,78,79,121,2.0
1,origin,52,79,66,55,81,88,112,2.3999999999999986
1,origin,53,78,64,58,86,85,115,2.0
1,origin,54,83,56,61,85,81,119,2.0
1,origin,55,92,49,59,88,70,130,3.0
1,origin,56,86,56,58,89,69,131,2.0
1,origin,57,79,63,58,87,80,120,2.0
1,origin,58,85,58,57,87,77,123,2.0
1,origin,59,81,69,50,84,77,123,2.3999999999999986
1,origin,60,85,54,61,83,86,114,3.0
1,origin,61,88,54,58,92,66,134,2.0
1,origin,62,84,59,57,80,84,116,2.5
1,origin,63,82,64,54,82,83,117,2.700000000000003
1,origin,64,80,64,56,82,87,113,2.0
1,origin,65,79,70,51,85,80,120,2.0
1,origin,66,84,57,59,87,82,118,2.0
1,origin,67,84,55,61,88,80,120,2.0
1,origin,68,82,58,60,82,84,116,2.0
1,origin,69,84,60,56,86,77,123,2.6000000000000014
1,origin,70,83,60,57,92,72,128,2.0
1,origin,71,75,68,57,86,90,110,2.0
1,origin,72,78,67,55,87,81,119,2.0
1,origin,73,84,61,55,82,79,121,3.0
1,origin,74,74,77,49,89,78,122,2.0
1,origin,75,76,67,57,86,89,111,2.0
1,origin,76,64,92,44,80,98,102,2.0
1,origin,77,88,51,61,79,84,116,2.0
1,origin,78,78,67,55,84,85,115,2.8999999999999986
1,origin,79,78,65,57,84,82,118,3.0
1,origin,80,79,65,56,86,78,122,2.0
1,origin,81,72,76,52,76,95,105,2.0
1,origin,82,75,78,47,82,83,117,2.0
1,origin,83,78,70,52,91,76,124,2.0
1,origin,84,84,67,49,86,75,125,2.0
1,origin,85,86,59,55,71,93,107,2.0
1,origin,86,77,69,54,88,80,120,2.0
1,origin,87,87,55,58,87,75,125,2.0
1,origin,88,75,65,60,85,92,108,2.0
1,origin,89,86,58,56,81,78,122,2.0
1,origin,90,82,61,57,80,83,117,2.200000000000003
1,origin,91,81,71,48,83,75,125,3.0
1,origin,92,84,56,60,79,86,114,2.0
1,origin,93,81,63,56,89,74,126,2.0
1,origin,94,82,60,58,85,78,122,2.0
1,origin,95,79,64,57,79,85,115,3.0
1,origin,96,83,60,57,87,76,124,2.0
1,origin,97,82,61,57,84,83,117,2.0
1,origin,98,87,55,58,83,79,121,2.0
1,origin,99,85,62,53,84,75,125,3.0
1,origin,100,88,55,57,76,83,117,3.0
1,origin,101,83,62,55,84,74,126,2.5
1,origin,102,80,62,58,90,76,124,2.0
1,origin,103,80,64,56,83,82,118,3.0
1,origin,104,78,64,58,90,83,117,2.0
1,origin,105,82,59,59,88,77,123,2.3999999999999986
1,origin,106,85,64,51,76,83,117,3.0
1,origin,107,86,56,58,81,85,115,3.0
1,origin,108,80,69,51,91,69,131,2.0
1,origin,109,75,73,52,76,92,108,2.0
1,origin,110,89,51,60,82,77,123,3.0
1,origin,111,86,55,59,93,66,134,2.0
1,origin,112,90,47,63,92,70,130,3.0
1,origin,113,86,49,65,90,75,125,2.3000000000000043
1,origin,114,77,70,53,80,90,110,2.8999999999999986
1,origin,115,86,55,59,81,80,120,3.0
1,origin,116,71,79,50,84,82,118,2.0
1,origin,117,81,61,58,82,90,110,2.0
1,origin,118,82,58,60,94,73,127,2.0
1,origin,119,83,62,55,84,80,120,2.0
1,origin,120,79,64,57,83,81,119,2.0
1,origin,121,79,69,52,78,87,113,3.0
1,origin,122,80,65,55,77,88,112,2.1000000000000014
1,origin,123,80,71,49,73,94,106,3.0
1,origin,124,87,58,55,85,67,133,3.0
1,origin,125,79,63,58,87,81,119,2.0
1,origin,126,85,59,56,81,78,122,3.0
1,origin,127,79,64,57,89,77,123,2.3999999999999986
1,origin,128,86,56,58,83,78,122,2.0
1,origin,129,82,58,60,88,85,115,2.0
1,origin,130,81,65,54,86,77,123,3.0
1,origin,131,77,65,58,91,78,122,2.0
1,origin,132,82,61,57,85,79,121,2.0
1,origin,133,87,52,61,94,68,132,3.0
1,origin,134,83,62,55,88,76,124,2.0
1,origin,135,88,55,57,73,86,114,3.0
1,origin,136,81,63,56,92,75,125,2.0
1,origin,137,89,53,58,84,72,128,3.0
1,origin,138,90,50,60,84,71,129,3.0
1,origin,139,82,60,58,94,73,127,2.0
1,origin,140,81,62,57,75,91,109,3.0
1,origin,141,81,64,55,81,87,113,2.0
1,origin,142,80,64,56,80,88,112,2.700000000000003
1,origin,143,79,65,56,86,79,121,3.0
1,origin,144,76,72,52,89,77,123,3.0
1,origin,145,82,54,64,86,84,116,2.5
1,origin,146,81,62,57,85,76,124,3.0
1,origin,147,81,62,57,81,82,118,2.0
1,origin,148,83,56,61,86,73,127,3.0
1,origin,149,83,57,60,82,86,114,2.0
1,origin,150,78,64,58,90,82,118,2.0
1,origin,151,79,63,58,86,83,117,2.0
1,origin,152,81,69,50,86,70,130,2.0
1,origin,153,83,63,54,85,74,126,2.3999999999999986
1,origin,154,82,62,56,82,83,117,2.0
1,origin,155,83,60,57,86,80,120,2.0
1,origin,156,84,66,50,81,76,124,2.0
1,origin,157,82,58,60,91,73,127,2.0
1,origin,158,88,55,57,78,79,121,3.0
1,origin,159,78,64,58,88,83,117,2.0
1,origin,160,83,61,56,88,78,122,2.0
1,origin,161,85,60,55,80,81,119,3.0
1,origin,162,84,58,58,82,85,115,3.0
1,origin,163,86,56,58,83,78,122,2.0
1,origin,164,79,64,57,92,75,125,2.0
1,origin,165,76,68,56,81,90,110,3.0
1,origin,166,85,59,56,77,88,112,2.5
1,origin,167,87,57,56,78,85,115,3.0
1,origin,168,95,45,60,76,82,118,3.0
1,origin,169,85,61,54,76,85,115,3.0
1,origin,170,84,58,58,85,77,123,3.0
1,origin,171,73,72,55,87,90,110,2.0
1,origin,172,72,77,51,80,90,110,2.0
1,origin,173,82,66,52,89,70,130,2.700000000000003
1,origin,174,82,64,54,86,74,126,2.0
1,origin,175,88,56,56,85,73,127,3.0
1,origin,176,81,66,53,83,79,121,2.0
1,origin,177,83,64,53,89,71,129,3.0
1,origin,178,73,71,56,89,85,115,2.0
1,origin,179,85,58,57,89,75,125,2.0
1,origin,180,74,75,51,79,92,108,3.0
1,origin,181,78,65,57,86,84,116,2.0
1,origin,182,81,65,54,86,73,127,2.6000000000000014
1,origin,183,89,54,57,75,82,118,2.6000000000000014
1,origin,184,78,68,54,85,82,118,2.0
1,origin,185,85,59,56,77,88,112,3.0
1,origin,186,80,68,52,82,78,122,3.0
1,origin,187,84,60,56,79,80,120,3.0
1,origin,188,86,55,59,81,82,118,2.3999999999999986
1,origin,189,87,54,59,77,82,118,2.5
1,origin,190,83,61,56,87,76,124,2.0
1,origin,191,88,53,59,86,74,126,3.0
1,origin,192,85,59,56,85,77,123,2.0
1,origin,193,83,61,56,84,82,118,2.0
1,origin,194,74,69,57,83,94,106,2.0
1,origin,195,73,73,54,90,81,119,2.0
1,origin,196,83,62,55,89,68,132,2.5
1,origin,197,77,72,51,76,91,109,2.0
1,origin,198,78,65,57,82,85,115,2.0
1,origin,199,79,72,49,79,80,120,3.0
1,origin,200,84,63,53,84,79,121,2.0
1,origin,201,79,60,61,81,86,114,2.0
1,origin,202,85,58,57,83,80,120,2.0
1,origin,203,79,67,54,92,72,128,2.0
1,origin,204,76,69,55,81,88,112,2.0
1,origin,205,79,66,55,85,75,125,2.0
1,origin,206,85,58,57,80,77,123,2.0
1,origin,207,83,62,55,86,78,122,3.0
1,origin,208,78,73,49,81,79,121,2.1000000000000014
1,origin,209,84,61,55,85,76,124,2.0
1,origin,210,92,53,55,82,66,134,3.0
1,origin,211,80,66,54,85,80,120,3.0
1,origin,212,84,56,60,83,82,118,2.0
1,origin,213,77,72,51,76,94,106,2.0
1,origin,214,83,54,63,86,82,118,2.0
1,origin,215,82,63,55,76,88,112,2.1000000000000014
1,origin,216,84,68,48,83,75,125,3.0
1,origin,217,83,62,55,87,71,129,3.0
1,origin,218,81,64,55,88,79,121,2.0
1,origin,219,74,75,51,76,95,105,3.0
1,origin,220,75,72,53,84,85,115,2.0
1,origin,221,80,68,52,88,76,124,2.0
1,origin,222,79,67,54,91,73,127,3.0
1,origin,223,76,74,50,84,80,120,2.8999999999999986
1,origin,224,83,61,56,81,85,115,2.3999999999999986
1,origin,225,87,60,53,83,71,129,3.0
1,origin,226,86,61,53,80,72,128,3.0
1,origin,227,75,69,56,90,83,117,2.0
1,origin,228,89,52,59,84,76,124,2.200000000000003
1,origin,229,78,64,58,88,79,121,2.0
1,origin,230,81,62,57,84,86,114,2.0
1,origin,231,85,59,56,84,74,126,2.3999999999999986
1,origin,232,76,68,56,83,86,114,2.0
1,origin,233,75,69,56,78,93,107,2.0
1,origin,234,85,55,60,88,72,128,2.0
1,origin,235,73,75,52,82,86,114,2.0
1,origin,236,84,62,54,80,82,118,2.0
1,origin,237,95,41,64,80,79,121,3.0
1,origin,238,76,73,51,84,85,115,2.0
1,origin,239,74,71,55,93,75,125,2.0
1,origin,240,84,64,52,85,72,128,2.0
1,origin,241,76,70,54,95,70,130,2.0
1,origin,242,82,68,50,74,84,116,3.0
1,origin,243,77,66,57,90,80,120,2.0
1,origin,244,77,70,53,92,74,126,2.0
1,origin,245,83,59,58,74,95,105,3.0
1,origin,246,81,63,56,88,77,123,2.0
1,origin,247,82,57,61,87,75,125,2.8000000000000043
1,origin,248,84,60,56,80,82,118,2.0
1,origin,249,82,62,56,86,83,117,2.0
1,origin,250,79,68,53,74,89,111,2.0
1,origin,251,85,58,57,89,72,128,2.3000000000000043
1,origin,252,78,71,51,88,76,124,2.700000000000003
1,origin,253,73,71,56,87,88,112,2.0
1,origin,254,83,60,57,82,80,120,3.0
1,origin,255,77,65,58,76,97,103,2.0
1,origin,256,85,61,54,84,77,123,3.0
1,origin,257,79,71,50,75,86,114,3.0
1,origin,258,87,57,56,79,83,117,3.0
1,origin,259,84,59,57,81,80,120,2.0
1,origin,260,79,71,50,76,85,115,3.0
1,origin,261,79,59,62,82,91,109,2.0
1,origin,262,72,76,52,93,77,123,2.0
1,origin,263,81,68,51,88,75,125,2.0
1,origin,264,81,67,52,84,76,124,2.1000000000000014
1,origin,265,81,66,53,78,85,115,3.0
1,origin,266,74,69,57,96,77,123,2.0
1,origin,267,79,68,53,87,79,121,2.0
1,origin,268,80,62,58,89,74,126,2.700000000000003
1,origin,269,74,74,52,84,86,114,2.0
1,origin,270,74,74,52,87,83,117,2.0
1,origin,271,85,49,66,86,81,119,2.3000000000000043
1,origin,272,82,64,54,78,87,113,2.0
1,origin,273,80,62,58,87,79,121,2.0
1,origin,274,78,69,53,85,84,116,2.0
1,origin,275,87,56,57,83,79,121,2.0
1,origin,276,82,58,60,82,84,116,3.0
1,origin,277,82,63,55,79,87,113,3.0
1,origin,278,89,53,58,82,80,120,2.0
1,origin,279,87,56,57,77,85,115,2.0
1,origin,280,82,61,57,83,87,113,2.0
1,origin,281,77,66,57,94,75,125,2.0
1,origin,282,83,58,59,86,82,118,2.0
1,origin,283,82,59,59,89,75,125,3.0
1,origin,284,87,53,60,89,72,128,2.3999999999999986
1,origin,285,81,64,55,77,83,117,3.0
1,origin,286,81,63,56,85,80,120,2.8999999999999986
1,origin,287,77,68,55,93,73,127,2.0
1,origin,288,82,61,57,78,83,117,2.8000000000000043
1,origin,289,76,63,61,88,84,116,2.6000000000000014
1,origin,290,74,71,55,80,93,107,2.0
1,origin,291,89,42,69,92,69,131,2.0
1,origin,292,82,59,59,76,97,103,2.0
1,origin,293,79,63,58,83,81,119,3.0
1,origin,294,80,62,58,90,84,116,2.0
1,origin,295,78,71,51,84,82,118,2.8000000000000043
1,origin,296,80,67,53,86,75,125,2.0
1,origin,297,80,63,57,82,80,120,2.8000000000000043
1,origin,298,78,66,56,91,79,121,2.0
1,origin,299,72,76,52,87,83,117,2.0
1,origin,300,87,57,56,84,78,122,3.0
1,event,1,81,63,56,93,70,130,2.700000000000003
1,event,2,82,65,53,91,71,129,3.0
1,event,3,91,51,58,83,78,122,3.0
1,event,4,75,69,56,80,93,107,2.0
1,event,5,80,57,63,78,99,101,2.0
1,event,6,81,65,54,73,90,110,3.0
1,event,7,74,72,54,88,79,121,3.0
1,event,8,86,58,56,84,76,124,2.0
1,event,9,83,61,56,78,85,115,2.0
1,event,10,85,63,52,91,67,133,2.0
1,event,11,79,63,58,83,89,111,2.0
1,event,12,85,61,54,75,86,114,3.0
1,event,13,84,61,55,83,77,123,3.0
1,event,14,84,58,58,85,76,124,3.0
1,event,15,87,57,56,89,71,129,3.0
1,event,16,85,65,50,71,91,109,3.0
1,event,17,74,73,53,75,93,107,2.1000000000000014
1,event,18,95,54,51,75,74,126,3.0
1,event,19,81,63,56,91,74,126,2.0
1,event,20,86,59,55,93,66,134,3.0
1,event,21,84,64,52,80,79,121,3.0
1,event,22,73,75,52,89,82,118,2.0
1,event,23,73,72,55,95,75,125,2.0
1,event,24,86,60,54,87,65,135,2.8000000000000043
1,event,25,77,65,58,85,89,111,2.0
1,event,26,85,63,52,80,78,122,3.0
1,event,27,85,61,54,83,75,125,2.0
1,event,28,86,54,60,85,82,118,2.0
1,event,29,77,72,51,86,73,127,2.1000000000000014
1,event,30,88,58,54,86,64,136,3.0
1,event,31,81,66,53,88,74,126,2.0
1,event,32,84,60,56,86,74,126,2.3999999999999986
1,event,33,93,50,57,81,75,125,2.0
1,event,34,86,55,59,81,82,118,3.0
1,event,35,79,67,54,86,76,124,3.0
1,event,36,86,56,58,87,73,127,3.0
1,event,37,83,60,57,80,83,117,3.0
1,event,38,84,57,59,81,83,117,2.3000000000000043
1,event,39,86,58,56,82,75,125,2.700000000000003
1,event,40,86,53,61,87,73,127,2.0
1,event,41,76,73,51,86,85,115,2.0
1,event,42,79,65,56,92,73,127,2.0
1,event,43,80,63,57,82,89,111,2.8000000000000043
1,event,44,79,66,55,85,80,120,2.0
1,event,45,81,63,56,87,79,121,2.3000000000000043
1,event,46,80,61,59,88,71,129,3.0
1,event,47,91,46,63,91,67,133,2.8999999999999986
1,event,48,73,76,51,81,92,108,2.0
1,event,49,79,59,62,91,80,120,2.0
1,event,50,88,58,54,86,68,132,2.3000000000000043
1,event,51,88,54,58,78,79,121,2.0
1,event,52,79,66,55,81,88,112,2.3999999999999986
1,event,53,78,64,58,86,85,115,2.0
1,event,54,82,58,60,86,81,119,2.0
1,event,55,92,49,59,88,70,130,3.0
1,event,56,86,56,58,89,69,131,2.0
1,event,57,79,63,58,87,80,120,2.0
1,event,58,85,58,57,87,77,123,2.0
1,event,59,81,69,50,84,77,123,2.3999999999999986
1,event,60,85,53,62,83,86,114,3.0
1,event,61,88,53,59,92,66,134,2.0
1,event,62,84,59,57,80,84,116,2.5
1,event,63,82,64,54,82,83,117,2.700000000000003
1,event,64,81,63,56,80,89,111,2.0
1,event,65,79,70,51,85,80,120,2.0
1,event,66,83,57,60,88,81,119,2.0
1,event,67,84,55,61,88,80,120,2.0
1,event,68,81,60,59,82,85,115,2.0
1,event,69,84,60,56,86,77,123,2.6000000000000014
1,event,70,83,60,57,92,72,128,2.0
1,event,71,75,68,57,86,90,110,2.0
1,event,72,78,67,55,87,81,119,2.0
1,event,73,84,61,55,82,79,121,3.0
1,event,74,74,77,49,89,78,122,2.0
1,event,75,76,67,57,86,89,111,2.0
1,event,76,64,92,44,80,98,102,2.0
1,event,77,87,52,61,80,84,116,2.0
1,event,78,78,67,55,84,85,115,2.8999999999999986
1,event,79,78,65,57,84,82,118,3.0
1,event,80,79,65,56,86,78,122,2.0
1,event,81,72,76,52,76,95,105,2.0
1,event,82,75,78,47,82,83,117,2.0
1,event,83,78,70,52,91,76,124,2.0
1,event,84,84,67,49,86,75,125,2.0
1,event,85,86,59,55,71,93,107,2.0
1,event,86,77,69,54,88,80,120,2.0
1,event,87,87,55,58,87,75,125,2.0
1,event,88,75,65,60,85,92,108,2.0
1,event,89,86,58,56,81,78,122,2.0
1,event,90,82,61,57,80,83,117,2.200000000000003
1,event,91,81,71,48,83,75,125,3.0
1,event,92,84,56,60,79,86,114,2.0
1,event,93,81,63,56,89,74,126,2.0
1,event,94,82,60,58,85,78,122,2.0
1,event,95,79,64,57,79,85,115,3.0
1,event,96,83,60,57,87,76,124,2.0
1,event,97,82,61,57,84,83,117,2.0
1,event,98,86,56,58,84,78,122,2.0
1,event,99,85,62,53,84,75,125,3.0
1,event,100,88,55,57,76,83,117,3.0
1,event,101,83,62,55,84,74,126,2.5
1,event,102,80,62,58,90,76,124,2.0
1,event,103,80,65,55,83,82,118,3.0
1,event,104,78,64,58,90,83,117,2.0
1,event,105,83,56,61,87,77,123,2.3999999999999986
1,event,106,85,64,51,76,83,117,3.0
1,event,107,86,56,58,81,85,115,3.0
1,event,108,80,69,51,91,69,131,2.0
1,event,109,75,74,51,75,93,107,2.0
1,event,110,89,51,60,82,77,123,3.0
1,event,111,86,55,59,93,66,134,2.0
1,event,112,90,47,63,92,70,130,3.0
1,event,113,86,49,65,90,75,125,2.3000000000000043
1,event,114,77,70,53,80,90,110,2.8999999999999986
1,event,115,86,55,59,81,80,120,3.0
1,event,116,71,78,51,84,81,119,2.0
1,event,117,81,61,58,82,90,110,2.0
1,event,118,82,58,60,94,73,127,2.0
1,event,119,83,62,55,84,80,120,2.0
1,event,120,79,64,57,83,81,119,2.0
1,event,121,79,69,52,78,87,113,3.0
1,event,122,80,65,55,77,88,112,2.1000000000000014
1,event,123,80,71,49,73,94,106,3.0
1,event,124,87,58,55,85,67,133,3.0
1,event,125,79,63,58,87,81,119,2.0
1,event,126,85,60,55,81,78,122,3.0
1,event,127,79,64,57,89,77,123,2.3999999999999986
1,event,128,86,56,58,83,78,122,2.0
1,event,129,83,56,61,87,86,114,2.0
1,event,130,81,65,54,86,77,123,3.0
1,event,131,77,66,57,91,78,122,2.0
1,event,132,81,62,57,86,79,121,2.0
1,event,133,87,52,61,94,68,132,3.0
1,event,134,83,62,55,88,76,124,2.0
1,event,135,88,55,57,73,86,114,3.0
1,event,136,80,65,55,93,75,125,2.0
1,event,137,89,53,58,83,73,127,3.0
1,event,138,90,50,60,84,71,129,3.0
1,event,139,82,60,58,94,73,127,2.0
1,event,140,80,64,56,76,91,109,3.0
1,event,141,81,64,55,80,87,113,2.0
1,event,142,79,65,56,81,88,112,2.0
1,event,143,79,65,56,86,79,121,3.0
1,event,144,76,72,52,89,77,123,3.0
1,event,145,82,54,64,86,84,116,2.5
1,event,146,81,62,57,85,76,124,3.0
1,event,147,81,62,57,81,82,118,2.0
1,event,148,83,56,61,86,73,127,3.0
1,event,149,83,57,60,82,86,114,2.0
1,event,150,76,69,55,88,84,116,2.0
1,event,151,80,61,59,85,83,117,2.0
1,event,152,81,69,50,86,70,130,2.0
1,event,153,84,62,54,84,74,126,2.3000000000000043
1,event,154,82,62,56,82,83,117,2.0
1,event,155,83,60,57,85,81,119,2.0
1,event,156,85,64,51,80,77,123,2.200000000000003
1,event,157,84,54,62,91,73,127,2.0
1,event,158,88,55,57,78,79,121,3.0
1,event,159,77,66,57,87,84,116,2.0
1,event,160,83,62,55,87,79,121,2.0
1,event,161,85,61,54,79,81,119,3.0
1,event,162,84,58,58,82,85,115,3.0
1,event,163,86,56,58,83,78,122,2.0
1,event,164,80,63,57,91,74,126,2.5
1,event,165,76,68,56,81,90,110,3.0
1,event,166,86,58,56,76,88,112,2.3999999999999986
1,event,167,87,57,56,78,85,115,3.0
1,event,168,94,46,60,77,82,118,3.0
1,event,169,85,60,55,76,85,115,3.0
1,event,170,84,58,58,85,77,123,3.0
1,event,171,74,71,55,86,90,110,2.0
1,event,172,72,77,51,80,90,110,2.0
1,event,173,80,68,52,91,69,131,2.8999999999999986
1,event,174,80,66,54,88,73,127,2.0
1,event,175,88,56,56,85,73,127,3.0
1,event,176,81,66,53,83,79,121,2.0
1,event,177,82,65,53,90,71,129,3.0
1,event,178,73,71,56,89,85,115,2.0
1,event,179,85,57,58,90,75,125,2.0
1,event,180,74,75,51,79,92,108,3.0
1,event,181,78,65,57,86,84,116,2.0
1,event,182,81,65,54,86,73,127,2.6000000000000014
1,event,183,89,54,57,74,83,117,2.6000000000000014
1,event,184,78,68,54,85,82,118,2.0
1,event,185,85,59,56,77,88,112,3.0
1,event,186,79,69,52,83,78,122,3.0
1,event,187,84,60,56,79,80,120,3.0
1,event,188,86,55,59,81,82,118,2.3999999999999986
1,event,189,87,54,59,77,82,118,2.5
1,event,190,83,61,56,87,76,124,2.0
1,event,191,88,53,59,86,74,126,3.0
1,event,192,85,60,55,84,77,123,2.0
1,event,193,83,61,56,84,82,118,2.0
1,event,194,74,69,57,83,94,106,2.0
1,event,195,72,74,54,90,81,119,2.0
1,event,196,84,60,56,89,68,132,2.5
1,event,197,77,72,51,76,91,109,2.0
1,event,198,78,65,57,82,85,115,2.0
1,event,199,79,72,49,79,80,120,3.0
1,event,200,84,63,53,84,79,121,2.0
1,event,201,79,60,61,82,85,115,2.0
1,event,202,85,58,57,83,80,120,2.0
1,event,203,79,68,53,90,74,126,2.0
1,event,204,76,69,55,81,88,112,2.0
1,event,205,78,67,55,86,75,125,2.0
1,event,206,85,58,57,80,77,123,2.0
1,event,207,84,60,56,85,78,122,3.0
1,event,208,77,74,49,82,79,121,2.0
1,event,209,84,61,55,85,77,123,2.0
1,event,210,92,53,55,82,66,134,3.0
1,event,211,80,66,54,85,80,120,3.0
1,event,212,85,54,61,82,82,118,2.0
1,event,213,77,72,51,76,94,106,2.0
1,event,214,83,54,63,86,82,118,2.0
1,event,215,82,64,54,74,90,110,2.1000000000000014
1,event,216,84,68,48,82,76,124,3.0
1,event,217,83,62,55,87,71,129,3.0
1,event,218,81,64,55,88,79,121,2.0
1,event,219,73,77,50,77,95,105,3.0
1,event,220,75,72,53,84,85,115,2.0
1,event,221,79,70,51,89,76,124,2.0
1,event,222,79,67,54,91,73,127,3.0
1,event,223,77,73,50,83,81,119,2.8999999999999986
1,event,224,83,61,56,81,85,115,2.3999999999999986
1,event,225,87,60,53,83,71,129,3.0
1,event,226,86,62,52,81,72,128,3.0
1,event,227,75,69,56,90,83,117,2.0
1,event,228,89,51,60,84,76,124,2.200000000000003
1,event,229,78,64,58,88,79,121,2.0
1,event,230,81,62,57,84,86,114,2.0
1,event,231,84,60,56,85,73,127,2.0
1,event,232,76,68,56,83,86,114,2.0
1,event,233,75,69,56,78,93,107,2.0
1,event,234,85,55,60,88,72,128,2.0
1,event,235,72,77,51,84,85,115,2.0
1,event,236,85,61,54,79,82,118,2.0
1,event,237,95,41,64,80,79,121,3.0
1,event,238,76,73,51,83,86,114,2.0
1,event,239,74,71,55,93,75,125,2.0
1,event,240,84,64,52,85,72,128,2.0
1,event,241,76,70,54,95,70,130,2.0
1,event,242,83,65,52,75,83,117,3.0
1,event,243,77,66,57,90,80,120,2.0
1,event,244,77,70,53,92,74,126,2.0
1,event,245,83,59,58,74,95,105,3.0
1,event,246,82,61,57,89,76,124,2.0
1,event,247,81,58,61,87,75,125,2.8000000000000043
1,event,248,84,60,56,79,83,117,2.0
1,event,249,80,66,54,87,83,117,2.0
1,event,250,79,68,53,74,89,111,2.0
1,event,251,83,61,56,90,71,129,2.0
1,event,252,78,71,51,88,76,124,2.700000000000003
1,event,253,73,71,56,87,88,112,2.0
1,event,254,82,61,57,83,80,120,3.0
1,event,255,77,65,58,76,97,103,2.0
1,event,256,85,61,54,84,77,123,3.0
1,event,257,79,71,50,75,86,114,3.0
1,event,258,88,56,56,78,83,117,3.0
1,event,259,84,60,56,81,81,119,2.0
1,event,260,80,69,51,75,86,114,3.0
1,event,261,79,59,62,82,91,109,2.0
1,event,262,73,75,52,91,78,122,2.0
1,event,263,81,67,52,89,74,126,2.0
1,event,264,81,68,51,84,76,124,2.1000000000000014
1,event,265,81,67,52,78,86,114,3.0
1,event,266,75,68,57,95,77,123,2.0
1,event,267,79,68,53,87,79,121,2.0
1,event,268,80,62,58,90,73,127,2.700000000000003
1,event,269,74,74,52,84,86,114,2.0
1,event,270,74,73,53,88,83,117,2.0
1,event,271,85,49,66,86,81,119,2.3000000000000043
1,event,272,82,64,54,79,86,114,2.0
1,event,273,79,64,57,85,82,118,2.0
1,event,274,79,67,54,84,85,115,2.0
1,event,275,87,56,57,83,79,121,2.0
1,event,276,83,57,60,81,84,116,3.0
1,event,277,82,63,55,79,87,113,3.0
1,event,278,88,53,59,83,80,120,2.0
1,event,279,86,58,56,76,86,114,2.0
1,event,280,82,61,57,83,87,113,2.0
1,event,281,77,66,57,94,75,125,2.0
1,event,282,82,59,59,87,82,118,2.0
1,event,283,82,59,59,89,75,125,3.0
1,event,284,90,50,60,86,74,126,2.1000000000000014
1,event,285,81,65,54,77,83,117,3.0
1,event,286,81,63,56,85,80,120,2.8999999999999986
1,event,287,76,69,55,93,74,126,2.0
1,event,288,80,64,56,81,82,118,3.0
1,event,289,76,63,61,88,84,116,2.6000000000000014
1,event,290,72,74,54,82,93,107,2.0
1,event,291,89,43,68,91,71,129,2.0
1,event,292,82,59,59,76,97,103,2.0
1,event,293,79,64,57,83,82,118,3.0
1,event,294,80,62,58,90,84,116,2.0
1,event,295,77,72,51,83,84,116,2.8000000000000043
1,event,296,79,70,51,87,74,126,2.0
1,event,297,80,64,56,81,81,119,2.8000000000000043
1,event,298,79,64,57,91,78,122,2.0
1,event,299,71,77,52,89,83,117,2.0
1,event,300,86,59,55,85,77,123,3.0
2,origin,1,83,58,59,80,85,115,2.700000000000003
2,origin,2,84,63,53,82,77,123,2.0
2,origin,3,85,58,57,85,73,127,3.0
2,origin,4,88,57,55,79,78,122,3.0
2,origin,5,82,60,58,83,85,115,2.0
2,origin,6,76,69,55,94,72,128,2.0
2,origin,7,82,66,52,76,91,109,2.0
2,origin,8,89,50,61,82,83,117,3.0
2,origin,9,74,68,58,85,91,109,2.0
2,origin,10,72,76,52,93,77,123,2.8000000000000043
2,origin,11,83,61,56,78,84,116,3.0
2,origin,12,82,58,60,82,82,118,3.0
2,origin,13,83,62,55,84,75,125,2.0
2,origin,14,79,64,57,86,82,118,2.0
2,origin,15,76,68,56,87,82,118,2.0
2,origin,16,80,58,62,90,80,120,2.0
2,origin,17,83,57,60,85,78,122,2.0
2,origin,18,80,65,55,89,78,122,2.0
2,origin,19,78,66,56,86,86,114,2.8000000000000043
2,origin,20,82,55,63,96,68,132,2.0
2,origin,21,86,65,49,79,76,124,3.0
2,origin,22,84,55,61,88,78,122,2.5
2,origin,23,82,58,60,80,90,110,2.0
2,origin,24,76,68,56,89,82,118,2.700000000000003
2,origin,25,84,61,55,90,73,127,2.0
2,origin,26,84,61,55,80,82,118,3.0
2,origin,27,83,57,60,87,75,125,2.0
2,origin,28,91,58,51,77,72,128,3.0
2,origin,29,84,58,58,80,85,115,2.6000000000000014
2,origin,30,77,70,53,82,87,113,3.0
2,origin,31,85,59,56,91,70,130,2.0
2,origin,32,77,63,60,86,86,114,2.0
2,origin,33,76,73,51,75,95,105,2.0
2,origin,34,89,54,57,85,74,126,2.0
2,origin,35,79,67,54,88,80,120,2.8999999999999986
2,origin,36,83,58,59,91,76,124,2.0
2,origin,37,90,53,57,92,62,138,3.0
2,origin,38,71,74,55,86,89,111,2.0
2,origin,39,89,57,54,77,78,122,3.0
2,origin,40,88,59,53,83,74,126,3.0
2,origin,41,92,50,58,89,69,131,3.0
2,origin,42,79,60,61,95,79,121,2.0
2,origin,43,82,65,53,79,83,117,3.0
2,origin,44,74,71,55,85,86,114,2.0
2,origin,45,83,59,58,87,79,121,2.0
2,origin,46,79,65,56,78,93,107,2.0
2,origin,47,87,58,55,74,85,115,3.0
2,origin,48,76,69,55,93,73,127,2.0
2,origin,49,84,57,59,79,84,116,3.0
2,origin,50,85,57,58,78,79,121,2.8000000000000043
2,origin,51,85,58,57,84,82,118,2.0
2,origin,52,84,63,53,74,87,113,2.0
2,origin,53,74,76,50,77,95,105,2.0
2,origin,54,87,54,59,79,83,117,2.0
2,origin,55,85,58,57,75,86,114,2.0
2,origin,56,79,64,57,86,86,114,2.0
2,origin,57,79,66,55,71,99,101,2.8000000000000043
2,origin,58,83,64,53,86,72,128,2.0
2,origin,59,76,65,59,91,77,123,2.0
2,origin,60,81,63,56,91,77,123,2.3999999999999986
2,origin,61,73,74,53,89,80,120,2.0
2,origin,62,93,46,61,83,74,126,3.0
2,origin,63,81,62,57,77,90,110,2.0
2,origin,64,75,72,53,82,88,112,2.0
2,origin,65,82,64,54,88,73,127,2.0
2,origin,66,87,60,53,81,76,124,3.0
2,origin,67,84,52,64,89,76,124,3.0
2,origin,68,76,73,51,77,90,110,3.0
2,origin,69,78,70,52,92,75,125,2.0
2,origin,70,90,52,58,88,75,125,2.0
2,origin,71,91,51,58,86,69,131,2.0
2,origin,72,81,61,58,80,86,114,3.0
2,origin,73,87,55,58,78,85,115,2.200000000000003
2,origin,74,81,63,56,89,78,122,2.0
2,origin,75,79,69,52,84,82,118,2.0
2,origin,76,82,59,59,79,83,117,2.5
2,origin,77,97,43,60,86,69,131,3.0
2,origin,78,85,57,58,83,81,119,2.0
2,origin,79,84,61,55,82,76,124,2.700000000000003
2,origin,80,79,63,58,80,91,109,2.0
2,origin,81,78,67,55,77,96,104,2.0
2,origin,82,86,52,62,82,76,124,3.0
2,origin,83,83,57,60,85,83,117,3.0
2,origin,84,80,66,54,90,78,122,2.0
2,origin,85,89,50,61,90,70,130,2.0
2,origin,86,77,69,54,86,79,121,2.0
2,origin,87,77,66,57,87,79,121,2.700000000000003
2,origin,88,81,62,57,93,72,128,2.0
2,origin,89,79,62,59,96,74,126,2.0
2,origin,90,77,65,58,86,85,115,2.6000000000000014
2,origin,91,83,65,52,94,62,138,2.6000000000000014
2,origin,92,85,62,53,77,80,120,2.0
2,origin,93,79,71,50,80,80,120,2.0
2,origin,94,80,63,57,81,90,110,2.0
2,origin,95,75,68,57,89,82,118,2.0
2,origin,96,81,66,53,86,78,122,2.0
2,origin,97,90,52,58,82,68,132,3.0
2,origin,98,86,57,57,85,75,125,3.0
2,origin,99,84,62,54,84,81,119,2.8000000000000043
2,origin,100,67,83,50,83,91,109,2.0
2,origin,101,85,57,58,85,72,128,2.700000000000003
2,origin,102,79,66,55,91,74,126,2.0
2,origin,103,84,61,55,82,83,117,3.0
2,origin,104,79,65,56,82,83,117,3.0
2,origin,105,80,61,59,78,95,105,2.0
2,origin,106,80,72,48,86,74,126,2.8000000000000043
2,origin,107,87,58,55,79,78,122,2.0
2,origin,108,83,59,58,90,77,123,3.0
2,origin,109,80,66,54,88,75,125,2.0
2,origin,110,85,52,63,93,71,129,2.0
2,origin,111,81,60,59,87,81,119,2.0
2,origin,112,86,55,59,83,77,123,2.0
2,origin,113,79,63,58,85,88,112,2.0
2,origin,114,84,60,56,85,78,122,3.0
2,origin,115,77,75,48,89,78,122,2.700000000000003
2,origin,116,80,63,57,85,75,125,2.0
2,origin,117,75,73,52,83,87,113,2.0
2,origin,118,74,75,51,78,92,108,2.1000000000000014
2,origin,119,78,70,52,79,86,114,2.0
2,origin,120,80,69,51,75,88,112,3.0
2,origin,121,82,66,52,76,85,115,2.0
2,origin,122,89,50,61,90,71,129,2.1000000000000014
2,origin,123,86,57,57,79,83,117,3.0
2,origin,124,77,65,58,83,86,114,2.0
2,origin,125,77,72,51,78,86,114,2.0
2,origin,126,95,47,58,83,61,139,3.0
2,origin,127,84,59,57,79,83,117,2.8000000000000043
2,origin,128,79,66,55,88,72,128,3.0
2,origin,129,79,68,53,78,87,113,3.0
2,origin,130,88,53,59,84,71,129,2.0
2,origin,131,77,68,55,89,73,127,2.0
2,origin,132,77,73,50,90,72,128,3.0
2,origin,133,82,62,56,77,89,111,3.0
2,origin,134,84,55,61,83,81,119,3.0
2,origin,135,74,71,55,81,89,111,2.0
2,origin,136,76,73,51,77,90,110,3.0
2,origin,137,87,60,53,81,77,123,3.0
2,origin,138,85,62,53,85,79,121,2.3000000000000043
2,origin,139,75,74,51,86,80,120,2.0
2,origin,140,77,69,54,88,82,118,2.0
2,origin,141,82,69,49,75,85,115,3.0
2,origin,142,87,59,54,79,80,120,2.3000000000000043
2,origin,143,75,67,58,77,100,100,2.0
2,origin,144,78,67,55,74,95,105,2.0
2,origin,145,85,61,54,92,67,133,2.0
2,origin,146,77,71,52,85,76,124,2.0
2,origin,147,88,55,57,89,64,136,3.0
2,origin,148,84,57,59,86,83,117,2.0
2,origin,149,77,70,53,88,78,122,2.0
2,origin,150,75,68,57,84,89,111,2.0
2,origin,151,78,69,53,87,77,123,3.0
2,origin,152,81,60,59,83,87,113,2.3999999999999986
2,origin,153,73,78,49,79,92,108,3.0
2,origin,154,85,59,56,80,79,121,3.0
2,origin,155,89,50,61,88,78,122,2.0
2,origin,156,79,70,51,79,86,114,2.8000000000000043
2,origin,157,78,69,53,82,78,122,2.0
2,origin,158,84,61,55,87,78,122,3.0
2,origin,159,79,69,52,83,78,122,3.0
2,origin,160,83,61,56,86,78,122,2.0
2,origin,161,84,59,57,90,74,126,2.0
2,origin,162,77,71,52,83,86,114,2.8999999999999986
2,origin,163,85,57,58,89,74,126,2.0
2,origin,164,79,65,56,85,85,115,2.0
2,origin,165,77,73,50,73,88,112,3.0
2,origin,166,90,48,62,86,69,131,2.0
2,origin,167,86,58,56,82,77,123,2.0
2,origin,168,80,63,57,82,86,114,2.0
2,origin,169,85,62,53,76,81,119,3.0
2,origin,170,76,74,50,95,69,131,2.0
2,origin,171,82,56,62,84,86,114,2.0
2,origin,172,73,82,45,84,81,119,2.0
2,origin,173,92,48,60,84,72,128,2.0
2,origin,174,75,73,52,81,85,115,2.0
2,origin,175,76,70,54,86,79,121,2.0
2,origin,176,85,58,57,83,80,120,2.3999999999999986
2,origin,177,88,58,54,88,68,132,3.0
2,origin,178,83,66,51,82,81,119,2.6000000000000014
2,origin,179,83,60,57,80,84,116,2.0
2,origin,180,76,67,57,83,90,110,2.0
2,origin,181,76,68,56,85,87,113,2.0
2,origin,182,86,56,58,82,79,121,2.0
2,origin,183,74,70,56,88,85,115,2.0
2,origin,184,90,55,55,79,77,123,3.0
2,origin,185,82,65,53,80,83,117,3.0
2,origin,186,86,59,55,74,88,112,2.0
2,origin,187,83,58,59,81,84,116,2.700000000000003
2,origin,188,83,57,60,84,84,116,3.0
2,origin,189,78,69,53,85,84,116,2.0
2,origin,190,82,63,55,88,77,123,2.0
2,origin,191,75,71,54,89,78,122,2.0
2,origin,192,81,65,54,84,76,124,2.200000000000003
2,origin,193,81,63,56,89,80,120,2.0
2,origin,194,84,58,58,86,73,127,3.0
2,origin,195,79,67,54,84,84,116,2.0
2,origin,196,80,67,53,87,78,122,2.0
2,origin,197,77,69,54,89,76,124,2.0
2,origin,198,79,67,54,81,86,114,2.0
2,origin,199,83,60,57,88,79,121,2.0
2,origin,200,76,65,59,87,85,115,2.0
2,origin,201,88,53,59,82,77,123,2.3999999999999986
2,origin,202,82,64,54,76,83,117,3.0
2,origin,203,75,71,54,88,80,120,2.0
2,origin,204,75,72,53,84,84,116,2.0
2,origin,205,81,62,57,82,86,114,2.3000000000000043
2,origin,206,85,57,58,77,87,113,2.6000000000000014
2,origin,207,72,77,51,86,86,114,2.0
2,origin,208,80,66,54,79,86,114,2.0
2,origin,209,87,59,54,75,83,117,3.0
2,origin,210,75,66,59,85,89,111,2.0
2,origin,211,76,71,53,91,72,128,3.0
2,origin,212,81,63,56,78,86,114,3.0
2,origin,213,81,68,51,81,87,113,2.0
2,origin,214,78,64,58,91,83,117,2.0
2,origin,215,80,64,56,82,84,116,2.8000000000000043
2,origin,216,83,59,58,91,73,127,2.200000000000003
2,origin,217,79,70,51,93,66,134,3.0
2,origin,218,80,68,52,85,78,122,2.0
2,origin,219,82,64,54,80,77,123,3.0
2,origin,220,86,55,59,79,83,117,2.1000000000000014
2,origin,221,75,71,54,81,91,109,2.0
2,origin,222,86,58,56,89,68,132,3.0
2,origin,223,80,67,53,92,68,132,2.0
2,origin,224,75,68,57,88,89,111,2.0
2,origin,225,75,68,57,84,88,112,2.0
2,origin,226,83,66,51,88,70,130,3.0
2,origin,227,88,57,55,83,71,129,3.0
2,origin,228,90,44,66,91,73,127,2.3999999999999986
2,origin,229,78,67,55,77,90,110,3.0
2,origin,230,83,55,62,87,77,123,2.8999999999999986
2,origin,231,80,61,59,71,102,98,2.0
2,origin,232,80,64,56,86,82,118,2.0
2,origin,233,79,65,56,92,70,130,2.3999999999999986
2,origin,234,85,60,55,89,70,130,3.0
2,origin,235,84,55,61,85,83,117,3.0
2,origin,236,80,63,57,86,78,122,2.0
2,origin,237,78,70,52,75,91,109,3.0
2,origin,238,78,67,55,86,79,121,2.0
2,origin,239,83,61,56,82,83,117,2.5
2,origin,240,84,59,57,85,72,128,3.0
2,origin,241,80,65,55,89,76,124,2.5
2,origin,242,81,60,59,86,77,123,2.0
2,origin,243,81,65,54,78,83,117,3.3999999999999986
2,origin,244,85,60,55,89,73,127,2.0
2,origin,245,78,66,56,84,79,121,2.0
2,origin,246,83,61,56,88,75,125,2.0
2,origin,247,77,71,52,89,77,123,2.0
2,origin,248,79,63,58,88,84,116,2.0
2,origin,249,75,65,60,90,84,116,2.0
2,origin,250,84,54,62,82,87,113,2.0
2,origin,251,77,70,53,88,79,121,2.0
2,origin,252,83,60,57,86,78,122,3.0
2,origin,253,87,55,58,90,73,127,2.0
2,origin,254,81,61,58,84,89,111,2.0
2,origin,255,81,70,49,84,80,120,2.0
2,origin,256,84,57,59,82,83,117,2.700000000000003
2,origin,257,79,69,52,89,73,127,2.0
2,origin,258,85,54,61,78,87,113,2.0
2,origin,259,81,64,55,86,82,118,2.0
2,origin,260,77,69,54,84,80,120,2.8000000000000043
2,origin,261,76,72,52,85,81,119,2.0
2,origin,262,87,55,58,74,85,115,3.0
2,origin,263,77,65,58,96,75,125,2.0
2,origin,264,80,59,61,84,81,119,2.8999999999999986
2,origin,265,81,67,52,85,70,130,2.0
2,origin,266,78,72,50,82,81,119,3.0
2,origin,267,82,57,61,92,78,122,2.0
2,origin,268,79,61,60,78,88,112,2.0
2,origin,269,78,67,55,82,84,116,2.0
2,origin,270,73,82,45,85,76,124,2.0
2,origin,271,72,79,49,78,91,109,2.0
2,origin,272,77,62,61,90,84,116,2.0
2,origin,273,78,69,53,81,90,110,3.0
2,origin,274,79,68,53,74,96,104,2.0
2,origin,275,80,64,56,85,78,122,3.0
2,origin,276,83,60,57,83,78,122,2.6000000000000014
2,origin,277,85,53,62,96,67,133,2.5
2,origin,278,71,77,52,84,91,109,2.0
2,origin,279,81,59,60,83,85,115,3.0
2,origin,280,87,61,52,76,78,122,2.0
2,origin,281,72,76,52,79,92,108,2.0
2,origin,282,82,68,50,89,74,126,3.0
2,origin,283,76,72,52,82,85,115,2.0
2,origin,284,81,59,60,86,85,115,2.0
2,origin,285,83,60,57,85,79,121,2.0
2,origin,286,79,63,58,90,72,128,2.0
2,origin,287,80,63,57,82,90,110,2.0
2,origin,288,78,62,60,86,87,113,2.0
2,origin,289,84,61,55,81,76,124,2.0
2,origin,290,77,64,59,81,86,114,2.0
2,origin,291,81,66,53,83,80,120,2.8000000000000043
2,origin,292,79,68,53,87,75,125,2.0
2,origin,293,87,59,54,79,79,121,2.0
2,origin,294,78,66,56,95,76,124,2.0
2,origin,295,87,54,59,87,75,125,3.0
2,origin,296,81,71,48,90,67,133,2.0
2,origin,297,90,53,57,79,76,124,2.0
2,origin,298,89,51,60,79,80,120,2.0
2,origin,299,82,59,59,87,75,125,3.0
2,origin,300,86,58,56,86,70,130,3.0
2,event,1,83,58,59,80,85,115,2.700000000000003
2,event,2,84,63,53,82,77,123,2.0
2,event,3,85,58,57,85,73,127,3.0
2,event,4,88,57,55,79,78,122,3.0
2,event,5,82,60,58,83,85,115,2.0
2,event,6,76,69,55,94,72,128,2.0
2,event,7,82,66,52,76,91,109,2.0
2,event,8,89,50,61,82,83,117,3.0
2,event,9,74,68,58,85,91,109,2.0
2,event,10,72,76,52,93,77,123,2.8000000000000043
2,event,11,83,61,56,78,84,116,3.0
2,event,12,82,58,60,82,82,118,3.0
2,event,13,84,60,56,83,75,125,2.0
2,event,14,79,64,57,87,81,119,2.0
2,event,15,76,68,56,87,82,118,2.0
2,event,16,80,58,62,90,80,120,2.0
2,event,17,83,57,60,85,78,122,2.0
2,event,18,80,65,55,90,77,123,2.0
2,event,19,78,66,56,86,86,114,2.8000000000000043
2,event,20,81,57,62,95,69,131,2.0
2,event,21,87,63,50,79,76,124,3.0
2,event,22,84,56,60,87,78,122,2.5
2,event,23,82,58,60,80,90,110,2.0
2,event,24,76,68,56,89,82,118,2.700000000000003
2,event,25,84,61,55,90,73,127,2.0
2,event,26,84,61,55,80,82,118,3.0
2,event,27,83,57,60,87,75,125,2.0
2,event,28,91,58,51,77,72,128,3.0
2,event,29,84,58,58,80,85,115,2.6000000000000014
2,event,30,77,70,53,82,87,113,3.0
2,event,31,85,59,56,91,70,130,2.0
2,event,32,77,63,60,86,86,114,2.0
2,event,33,76,73,51,75,95,105,2.0
2,event,34,89,54,57,85,74,126,2.0
2,event,35,79,67,54,88,80,120,2.8999999999999986
2,event,36,83,58,59,91,76,124,2.0
2,event,37,90,53,57,92,62,138,3.0
2,event,38,70,74,56,87,88,112,2.0
2,event,39,88,58,54,78,77,123,3.0
2,event,40,88,59,53,83,74,126,3.0
2,event,41,92,50,58,89,69,131,3.0
2,event,42,79,60,61,95,79,121,2.0
2,event,43,82,65,53,79,83,117,3.0
2,event,44,74,71,55,85,86,114,2.0
2,event,45,83,59,58,87,79,121,2.0
2,event,46,79,65,56,78,93,107,2.0
2,event,47,87,58,55,74,85,115,3.0
2,event,48,76,69,55,93,73,127,2.0
2,event,49,84,57,59,79,84,116,3.0
2,event,50,85,57,58,78,79,121,2.8000000000000043
2,event,51,85,58,57,84,82,118,2.0
2,event,52,84,62,54,75,87,113,2.0
2,event,53,74,76,50,77,95,105,2.0
2,event,54,87,54,59,79,83,117,2.0
2,event,55,86,56,58,75,85,115,2.0
2,event,56,79,64,57,86,86,114,2.0
2,event,57,79,66,55,71,99,101,2.8000000000000043
2,event,58,83,64,53,86,72,128,2.0
2,event,59,75,67,58,92,77,123,2.0
2,event,60,81,63,56,91,77,123,2.3000000000000043
2,event,61,73,74,53,89,80,120,2.0
2,event,62,93,46,61,83,74,126,3.0
2,event,63,81,62,57,77,90,110,2.0
2,event,64,75,72,53,82,88,112,2.0
2,event,65,82,64,54,88,73,127,2.0
2,event,66,87,60,53,81,76,124,3.0
2,event,67,84,52,64,89,76,124,3.0
2,event,68,76,73,51,77,90,110,3.0
2,event,69,78,70,52,92,75,125,2.0
2,event,70,90,52,58,88,75,125,2.0
2,event,71,91,51,58,86,69,131,2.0
2,event,72,81,61,58,80,86,114,3.0
2,event,73,87,55,58,78,85,115,2.200000000000003
2,event,74,81,63,56,89,78,122,2.0
2,event,75,78,71,51,85,82,118,2.0
2,event,76,82,59,59,79,83,117,2.5
2,event,77,97,43,60,86,69,131,3.0
2,event,78,85,57,58,83,81,119,2.0
2,event,79,84,61,55,82,76,124,2.700000000000003
2,event,80,79,63,58,80,91,109,2.0
2,event,81,78,67,55,77,96,104,2.0
2,event,82,86,52,62,82,76,124,3.0
2,event,83,83,57,60,85,83,117,3.0
2,event,84,80,66,54,90,78,122,2.0
2,event,85,89,50,61,90,70,130,2.0
2,event,86,78,67,55,86,81,119,2.0
2,event,87,77,66,57,87,79,121,2.700000000000003
2,event,88,80,64,56,92,73,127,2.0
2,event,89,79,62,59,96,74,126,2.0
2,event,90,77,65,58,86,85,115,2.6000000000000014
2,event,91,83,65,52,94,62,138,2.6000000000000014
2,event,92,85,62,53,77,80,120,2.0
2,event,93,79,71,50,80,80,120,2.0
2,event,94,80,63,57,81,90,110,2.0
2,event,95,76,67,57,88,82,118,2.0
2,event,96,81,66,53,86,78,122,2.0
2,event,97,90,52,58,82,68,132,3.0
2,event,98,86,57,57,85,75,125,3.0
2,event,99,84,62,54,84,81,119,2.8000000000000043
2,event,100,67,83,50,83,91,109,2.0
2,event,101,85,57,58,85,72,128,2.700000000000003
2,event,102,80,64,56,90,74,126,2.0
2,event,103,85,60,55,81,83,117,3.0
2,event,104,78,67,55,83,83,117,3.0
2,event,105,80,61,59,78,95,105,2.0
2,event,106,80,72,48,86,74,126,2.8000000000000043
2,event,107,87,59,54,79,77,123,2.0
2,event,108,83,59,58,90,77,123,3.0
2,event,109,80,66,54,88,75,125,2.0
2,event,110,85,52,63,93,71,129,2.0
2,event,111,81,60,59,87,81,119,2.0
2,event,112,86,55,59,83,77,123,2.0
2,event,113,79,63,58,85,88,112,2.0
2,event,114,84,60,56,85,78,122,3.0
2,event,115,77,75,48,89,78,122,2.700000000000003
2,event,116,80,63,57,85,75,125,2.0
2,event,117,74,74,52,84,87,113,2.0
2,event,118,74,75,51,78,92,108,2.1000000000000014
2,event,119,78,70,52,79,86,114,2.0
2,event,120,80,69,51,75,88,112,3.0
2,event,121,82,67,51,75,86,114,2.0
2,event,122,89,50,61,90,71,129,2.1000000000000014
2,event,123,85,59,56,80,83,117,3.0
2,event,124,77,65,58,83,86,114,2.0
2,event,125,77,72,51,78,86,114,2.0
2,event,126,95,47,58,83,61,139,3.0
2,event,127,84,59,57,79,83,117,2.8000000000000043
2,event,128,79,66,55,88,72,128,3.0
2,event,129,79,68,53,78,87,113,3.0
2,event,130,88,53,59,84,71,129,2.0
2,event,131,77,68,55,89,73,127,2.0
2,event,132,77,73,50,90,72,128,3.0
2,event,133,82,62,56,77,89,111,3.0
2,event,134,84,55,61,83,81,119,3.0
2,event,135,74,71,55,81,89,111,2.0
2,event,136,76,73,51,77,90,110,3.0
2,event,137,87,60,53,81,77,123,3.0
2,event,138,85,62,53,85,79,121,2.3000000000000043
2,event,139,75,73,52,86,80,120,2.0
2,event,140,77,69,54,88,82,118,2.0
2,event,141,84,66,50,73,85,115,3.0
2,event,142,86,60,54,80,80,120,2.3999999999999986
2,event,143,75,67,58,77,100,100,2.0
2,event,144,78,67,55,74,95,105,2.0
2,event,145,85,61,54,92,67,133,2.0
2,event,146,77,70,53,86,75,125,2.0
2,event,147,88,55,57,89,64,136,3.0
2,event,148,84,57,59,86,83,117,2.0
2,event,149,77,70,53,88,78,122,2.0
2,event,150,75,68,57,84,89,111,2.0
2,event,151,78,68,54,88,76,124,3.0
2,event,152,80,61,59,84,86,114,2.5
2,event,153,73,78,49,79,92,108,3.0
2,event,154,85,59,56,80,79,121,3.0
2,event,155,89,50,61,89,77,123,2.0
2,event,156,79,70,51,79,86,114,2.8000000000000043
2,event,157,78,69,53,82,78,122,2.0
2,event,158,84,61,55,87,78,122,3.0
2,event,159,79,70,51,81,79,121,3.0
2,event,160,83,61,56,86,78,122,2.0
2,event,161,84,59,57,90,74,126,2.0
2,event,162,77,71,52,83,86,114,2.8999999999999986
2,event,163,85,57,58,89,74,126,2.0
2,event,164,79,65,56,85,85,115,2.0
2,event,165,77,73,50,73,88,112,3.0
2,event,166,90,48,62,86,69,131,2.0
2,event,167,86,58,56,82,77,123,2.0
2,event,168,80,63,57,82,86,114,2.0
2,event,169,84,64,52,76,82,118,3.0
2,event,170,76,74,50,95,69,131,2.0
2,event,171,82,56,62,84,86,114,2.0
2,event,172,73,82,45,84,81,119,2.0
2,event,173,92,49,59,83,73,127,2.0
2,event,174,77,69,54,79,86,114,2.0
2,event,175,76,70,54,86,79,121,2.0
2,event,176,84,60,56,82,81,119,2.5
2,event,177,88,58,54,88,68,132,3.0
2,event,178,84,64,52,83,79,121,2.0
2,event,179,83,60,57,80,84,116,2.0
2,event,180,76,67,57,83,90,110,2.0
2,event,181,77,65,58,86,85,115,2.0
2,event,182,86,56,58,82,79,121,2.0
2,event,183,74,70,56,88,85,115,2.0
2,event,184,89,56,55,80,77,123,3.0
2,event,185,83,63,54,79,83,117,3.0
2,event,186,86,59,55,74,88,112,2.0
2,event,187,82,60,58,80,85,115,2.8000000000000043
2,event,188,84,56,60,83,84,116,3.0
2,event,189,79,67,54,84,85,115,2.0
2,event,190,82,63,55,87,78,122,2.0
2,event,191,75,71,54,89,78,122,2.0
2,event,192,79,67,54,86,76,124,2.0
2,event,193,81,61,58,90,80,120,2.0
2,event,194,84,58,58,86,73,127,3.0
2,event,195,78,68,54,85,84,116,2.0
2,event,196,80,67,53,87,78,122,2.0
2,event,197,77,69,54,89,76,124,2.0
2,event,198,79,67,54,81,86,114,2.0
2,event,199,82,61,57,89,79,121,2.0
2,event,200,76,66,58,86,86,114,2.0
2,event,201,88,53,59,82,77,123,2.3999999999999986
2,event,202,82,64,54,76,83,117,3.0
2,event,203,76,70,54,87,81,119,2.0
2,event,204,75,72,53,84,84,116,2.0
2,event,205,81,62,57,82,86,114,2.3000000000000043
2,event,206,85,57,58,77,87,113,2.6000000000000014
2,event,207,73,75,52,85,87,113,2.0
2,event,208,79,67,54,80,86,114,2.0
2,event,209,87,59,54,75,83,117,3.0
2,event,210,75,66,59,85,89,111,2.0
2,event,211,76,72,52,91,72,128,3.0
2,event,212,81,63,56,78,86,114,3.0
2,event,213,81,67,52,82,87,113,2.0
2,event,214,80,62,58,89,83,117,2.0
2,event,215,80,64,56,82,84,116,2.8000000000000043
2,event,216,84,56,60,90,74,126,2.1000000000000014
2,event,217,78,72,50,94,65,135,3.0
2,event,218,80,68,52,86,77,123,2.0
2,event,219,82,64,54,80,77,123,3.0
2,event,220,85,58,57,79,83,117,2.200000000000003
2,event,221,75,71,54,81,91,109,2.0
2,event,222,86,58,56,89,68,132,3.0
2,event,223,81,66,53,90,69,131,2.0
2,event,224,75,69,56,87,89,111,2.0
2,event,225,76,67,57,83,89,111,2.0
2,event,226,84,64,52,87,71,129,3.0
2,event,227,88,57,55,83,71,129,3.0
2,event,228,92,41,67,89,74,126,3.0
2,event,229,77,69,54,78,90,110,3.0
2,event,230,83,55,62,87,77,123,2.8999999999999986
2,event,231,80,61,59,71,102,98,2.0
2,event,232,81,62,57,87,81,119,2.0
2,event,233,78,66,56,93,69,131,2.5
2,event,234,85,60,55,89,70,130,3.0
2,event,235,83,55,62,86,82,118,3.0
2,event,236,79,64,57,87,77,123,2.0
2,event,237,78,70,52,75,91,109,3.0
2,event,238,79,66,55,85,81,119,2.0
2,event,239,83,61,56,81,83,117,2.6000000000000014
2,event,240,84,59,57,85,72,128,3.0
2,event,241,80,65,55,89,76,124,2.5
2,event,242,81,60,59,86,77,123,2.0
2,event,243,81,65,54,78,83,117,3.3999999999999986
2,event,244,85,60,55,89,73,127,2.0
2,event,245,78,67,55,83,80,120,2.0
2,event,246,85,59,56,86,75,125,2.0
2,event,247,77,71,52,88,78,122,2.0
2,event,248,78,65,57,89,83,117,2.0
2,event,249,75,64,61,91,83,117,2.0
2,event,250,84,54,62,82,87,113,2.0
2,event,251,75,73,52,89,80,120,2.0
2,event,252,84,59,57,85,78,122,3.0
2,event,253,87,55,58,90,73,127,2.0
2,event,254,81,61,58,84,90,110,2.0
2,event,255,81,70,49,84,80,120,2.0
2,event,256,83,58,59,83,83,117,2.8000000000000043
2,event,257,80,68,52,88,72,128,2.0
2,event,258,83,57,60,81,86,114,2.0
2,event,259,82,63,55,84,83,117,2.0
2,event,260,77,70,53,84,80,120,2.8000000000000043
2,event,261,76,72,52,85,81,119,2.0
2,event,262,87,55,58,74,85,115,3.0
2,event,263,77,65,58,97,75,125,2.0
2,event,264,80,59,61,84,81,119,2.8999999999999986
2,event,265,82,66,52,84,70,130,2.0
2,event,266,78,72,50,82,81,119,3.0
2,event,267,83,55,62,91,79,121,2.0
2,event,268,79,61,60,78,88,112,2.0
2,event,269,78,66,56,82,84,116,2.0
2,event,270,73,82,45,85,76,124,2.0
2,event,271,71,80,49,79,90,110,2.0
2,event,272,77,62,61,90,84,116,2.0
2,event,273,77,70,53,82,90,110,2.8000000000000043
2,event,274,79,68,53,74,96,104,2.0
2,event,275,81,61,58,86,78,122,3.0
2,event,276,83,60,57,83,78,122,2.6000000000000014
2,event,277,85,54,61,95,67,133,2.5
2,event,278,71,78,51,84,91,109,2.0
2,event,279,81,59,60,83,85,115,3.0
2,event,280,86,62,52,77,78,122,2.0
2,event,281,72,76,52,79,92,108,2.0
2,event,282,82,68,50,89,74,126,3.0
2,event,283,76,72,52,83,84,116,2.0
2,event,284,80,60,60,86,86,114,2.0
2,event,285,81,62,57,87,79,121,2.0
2,event,286,81,60,59,88,73,127,2.6000000000000014
2,event,287,79,65,56,83,89,111,2.0
2,event,288,79,61,60,87,86,114,2.0
2,event,289,84,61,55,81,76,124,2.0
2,event,290,77,64,59,81,86,114,2.0
2,event,291,81,66,53,83,80,120,2.8000000000000043
2,event,292,79,69,52,85,77,123,2.0
2,event,293,86,60,54,80,79,121,2.0
2,event,294,81,61,58,92,76,124,2.0
2,event,295,86,55,59,87,76,124,3.0
2,event,296,82,69,49,89,68,132,2.0
2,event,297,91,51,58,79,75,125,2.0
2,event,298,89,51,60,79,80,120,2.0
2,event,299,82,58,60,87,75,125,3.0
2,event,300,86,58,56,86,70,130,3.0
3,origin,1,90,56,54,85,65,135,2.6000000000000014
3,origin,2,80,65,55,80,83,117,3.0
3,origin,3,79,64,57,78,87,113,3.0
3,origin,4,84,59,57,87,79,121,2.1000000000000014
3,origin,5,74,71,55,84,84,116,2.0
3,origin,6,87,60,53,79,80,120,2.0
3,origin,7,82,58,60,90,77,123,2.0
3,origin,8,84,65,51,73,89,111,2.5
3,origin,9,77,71,52,82,85,115,2.0
3,origin,10,75,72,53,82,87,113,2.0
3,origin,11,84,59,57,82,80,120,2.3999999999999986
3,origin,12,86,55,59,84,78,122,2.3000000000000043
3,origin,13,81,62,57,89,79,121,2.0
3,origin,14,85,52,63,88,81,119,2.0
3,origin,15,72,75,53,79,89,111,2.0
3,origin,16,83,52,65,88,85,115,2.200000000000003
3,origin,17,82,57,61,85,83,117,2.0
3,origin,18,80,67,53,82,87,113,3.0
3,origin,19,82,66,52,77,80,120,2.8999999999999986
3,origin,20,85,59,56,90,70,130,3.0
3,origin,21,83,58,59,89,74,126,2.0
3,origin,22,74,72,54,89,89,111,2.0
3,origin,23,77,69,54,87,76,124,2.0
3,origin,24,80,69,51,80,78,122,2.0
3,origin,25,78,62,60,81,92,108,2.0
3,origin,26,84,61,55,92,65,135,2.0
3,origin,27,83,58,59,84,84,116,2.0
3,origin,28,84,58,58,89,74,126,2.0
3,origin,29,84,57,59,87,75,125,2.0
3,origin,30,84,63,53,85,76,124,2.0
3,origin,31,83,62,55,83,84,116,2.0
3,origin,32,75,70,55,90,79,121,2.0
3,origin,33,77,67,56,86,79,121,3.0
3,origin,34,97,42,61,81,67,133,3.0
3,origin,35,75,68,57,93,76,124,2.0
3,origin,36,81,62,57,89,74,126,3.0
3,origin,37,77,71,52,81,85,115,3.0
3,origin,38,85,63,52,78,79,121,3.0
3,origin,39,81,63,56,80,86,114,2.0
3,origin,40,81,60,59,97,68,132,3.0
3,origin,41,84,59,57,83,81,119,2.0
3,origin,42,79,69,52,89,67,133,2.8000000000000043
3,origin,43,84,61,55,83,76,124,3.0
3,origin,44,82,59,59,88,81,119,2.0
3,origin,45,84,58,58,86,74,126,2.0
3,origin,46,88,56,56,76,85,115,2.6000000000000014
3,origin,47,84,56,60,88,83,117,2.0
3,origin,48,78,74,48,86,71,129,2.1000000000000014
3,origin,49,81,64,55,76,93,107,2.700000000000003
3,origin,50,83,54,63,81,78,122,2.0
3,origin,51,73,70,57,94,78,122,2.0
3,origin,52,76,69,55,77,94,106,2.0
3,origin,53,81,62,57,81,78,122,3.0
3,origin,54,86,58,56,79,85,115,3.0
3,origin,55,88,50,62,81,78,122,2.8999999999999986
3,origin,56,87,55,58,82,80,120,3.0
3,origin,57,84,59,57,81,81,119,3.0
3,origin,58,79,72,49,77,81,119,2.1000000000000014
3,origin,59,78,68,54,88,77,123,2.0
3,origin,60,80,65,55,88,73,127,3.0
3,origin,61,80,63,57,84,78,122,2.8999999999999986
3,origin,62,88,60,52,81,78,122,2.0
3,origin,63,78,69,53,90,71,129,2.0
3,origin,64,78,66,56,81,87,113,2.5
3,origin,65,82,64,54,92,71,129,2.0
3,origin,66,88,54,58,92,67,133,2.8999999999999986
3,origin,67,83,63,54,84,77,123,3.0
3,origin,68,88,54,58,88,67,133,3.0
3,origin,69,74,79,47,76,89,111,2.0
3,origin,70,85,57,58,87,77,123,2.0
3,origin,71,81,65,54,84,81,119,2.700000000000003
3,origin,72,82,61,57,77,87,113,2.0
3,origin,73,82,66,52,85,79,121,3.0
3,origin,74,89,55,56,81,78,122,2.3000000000000043
3,origin,75,92,49,59,81,76,124,3.0
3,origin,76,84,57,59,82,84,116,2.0
3,origin,77,75,72,53,83,87,113,2.0
3,origin,78,84,63,53,76,79,121,2.8000000000000043
3,origin,79,81,68,51,74,90,110,3.0
3,origin,80,81,56,63,81,83,117,2.700000000000003
3,origin,81,87,61,52,85,74,126,2.200000000000003
3,origin,82,91,51,58,85,72,128,2.5
3,origin,83,73,72,55,80,94,106,2.8000000000000043
3,origin,84,84,58,58,88,77,123,2.700000000000003
3,origin,85,81,61,58,87,79,121,3.0
3,origin,86,83,61,56,85,78,122,2.0
3,origin,87,78,65,57,81,93,107,2.0
3,origin,88,81,58,61,89,81,119,2.5
3,origin,89,81,68,51,82,81,119,2.0
3,origin,90,87,54,59,89,72,128,2.0
3,origin,91,75,68,57,85,81,119,2.1000000000000014
3,origin,92,72,78,50,79,93,107,2.0
3,origin,93,88,53,59,74,88,112,2.0
3,origin,94,78,69,53,76,94,106,2.0
3,origin,95,85,53,62,77,88,112,3.0
3,origin,96,78,63,59,84,86,114,2.0
3,origin,97,78,65,57,90,80,120,2.0
3,origin,98,78,68,54,80,84,116,3.0
3,origin,99,81,65,54,86,80,120,3.0
3,origin,100,81,64,55,82,82,118,2.0
3,origin,101,84,59,57,89,78,122,2.0
3,origin,102,81,67,52,87,77,123,2.0
3,origin,103,78,72,50,83,78,122,2.700000000000003
3,origin,104,80,66,54,86,76,124,2.0
3,origin,105,80,63,57,77,94,106,2.0
3,origin,106,82,62,56,77,86,114,2.0
3,origin,107,85,58,57,78,83,117,3.0
3,origin,108,80,68,52,81,81,119,2.0
3,origin,109,81,60,59,83,82,118,2.0
3,origin,110,76,69,55,86,82,118,2.200000000000003
3,origin,111,79,63,58,92,76,124,2.0
3,origin,112,77,69,54,86,79,121,2.0
3,origin,113,80,63,57,95,71,129,2.0
3,origin,114,78,62,60,90,79,121,3.0
3,origin,115,71,80,49,81,88,112,2.0
3,origin,116,86,59,55,78,81,119,2.6000000000000014
3,origin,117,81,66,53,87,73,127,2.0
3,origin,118,82,67,51,83,77,123,3.0
3,origin,119,78,69,53,89,76,124,2.8000000000000043
3,origin,120,84,60,56,88,72,128,2.0
3,origin,121,81,64,55,88,76,124,2.0
3,origin,122,83,61,56,84,80,120,3.0
3,origin,123,89,59,52,77,81,119,3.0
3,origin,124,89,54,57,82,73,127,3.0
3,origin,125,77,68,55,83,84,116,2.0
3,origin,126,84,65,51,83,77,123,2.0
3,origin,127,88,56,56,84,75,125,2.3000000000000043
3,origin,128,88,54,58,85,72,128,3.0
3,origin,129,78,67,55,83,83,117,2.0
3,origin,130,85,63,52,77,81,119,3.0
3,origin,131,80,65,55,90,70,130,2.0
3,origin,132,71,78,51,81,95,105,2.8000000000000043
3,origin,133,72,72,56,91,78,122,3.0
3,origin,134,77,73,50,72,92,108,2.0
3,origin,135,88,52,60,88,70,130,3.0
3,origin,136,76,70,54,84,84,116,2.0
3,origin,137,84,62,54,81,79,121,3.0
3,origin,138,89,56,55,88,68,132,2.5
3,origin,139,89,50,61,80,81,119,3.0
3,origin,140,90,54,56,82,80,120,3.0
3,origin,141,79,63,58,91,73,127,3.0
3,origin,142,76,69,55,93,78,122,2.0
3,origin,143,78,67,55,92,77,123,3.0
3,origin,144,84,57,59,82,85,115,2.700000000000003
3,origin,145,79,69,52,74,88,112,3.0
3,origin,146,87,55,58,79,76,124,3.0
3,origin,147,72,73,55,77,97,103,2.0
3,origin,148,85,57,58,84,77,123,2.0
3,origin,149,80,63,57,83,88,112,2.0
3,origin,150,87,51,62,88,79,121,3.0
3,origin,151,73,72,55,83,93,107,2.0
3,origin,152,79,65,56,81,84,116,2.0
3,origin,153,78,72,50,86,80,120,2.6000000000000014
3,origin,154,85,61,54,86,77,123,2.200000000000003
3,origin,155,76,67,57,85,83,117,2.0
3,origin,156,85,60,55,85,77,123,2.0
3,origin,157,68,78,54,86,95,105,2.0
3,origin,158,89,60,51,82,70,130,3.0
3,origin,159,85,57,58,88,74,126,2.5
3,origin,160,84,56,60,80,90,110,2.0
3,origin,161,76,69,55,91,78,122,2.0
3,origin,162,74,74,52,79,95,105,2.0
3,origin,163,82,60,58,94,65,135,2.0
3,origin,164,68,81,51,81,95,105,2.0
3,origin,165,90,51,59,82,74,126,3.0
3,origin,166,79,60,61,90,82,118,2.0
3,origin,167,87,51,62,84,79,121,2.0
3,origin,168,81,60,59,86,77,123,2.0
3,origin,169,78,65,57,86,84,116,2.0
3,origin,170,77,77,46,84,77,123,2.0
3,origin,171,92,50,58,81,70,130,2.0
3,origin,172,83,64,53,67,97,103,3.0
3,origin,173,84,62,54,86,78,122,2.3999999999999986
3,origin,174,86,53,61,89,73,127,2.8000000000000043
3,origin,175,78,70,52,69,97,103,3.0
3,origin,176,84,63,53,88,72,128,2.700000000000003
3,origin,177,81,66,53,78,86,114,2.0
3,origin,178,79,61,60,92,74,126,2.0
3,origin,179,77,68,55,86,82,118,3.0
3,origin,180,86,58,56,80,83,117,2.0
3,origin,181,86,61,53,79,78,122,3.0
3,origin,182,78,67,55,73,92,108,3.0
3,origin,183,88,51,61,94,67,133,2.0
3,origin,184,75,72,53,88,84,116,2.0
3,origin,185,80,60,60,84,85,115,2.0
3,origin,186,83,59,58,95,67,133,2.8999999999999986
3,origin,187,80,69,51,89,70,130,2.0
3,origin,188,70,78,52,83,92,108,2.0
3,origin,189,89,61,50,77,77,123,3.0
3,origin,190,87,52,61,84,78,122,2.3999999999999986
3,origin,191,82,56,62,89,72,128,2.0
3,origin,192,80,62,58,79,91,109,2.0
3,origin,193,79,66,55,82,83,117,3.0
3,origin,194,83,55,62,91,76,124,2.0
3,origin,195,80,70,50,85,78,122,3.0
3,origin,196,83,63,54,83,83,117,2.3999999999999986
3,origin,197,85,60,55,82,79,121,2.0
3,origin,198,85,60,55,74,91,109,2.0
3,origin,199,89,47,64,85,80,120,2.0
3,origin,200,78,68,54,85,77,123,2.0
3,origin,201,84,58,58,85,80,120,2.0
3,origin,202,74,74,52,86,84,116,2.0
3,origin,203,84,56,60,90,72,128,2.0
3,origin,204,87,59,54,88,65,135,3.0
3,origin,205,84,61,55,80,84,116,2.0
3,origin,206,85,59,56,85,73,127,2.1000000000000014
3,origin,207,80,63,57,85,82,118,2.0
3,origin,208,91,53,56,77,76,124,3.0
3,origin,209,78,68,54,73,99,101,2.0
3,origin,210,77,69,54,85,86,114,2.0
3,origin,211,80,63,57,79,85,115,2.700000000000003
3,origin,212,84,65,51,92,63,137,2.0
3,origin,213,84,61,55,89,74,126,2.3999999999999986
3,origin,214,77,74,49,88,81,119,2.0
3,origin,215,73,83,44,78,86,114,2.0
3,origin,216,80,61,59,85,82,118,2.0
3,origin,217,84,58,58,88,74,126,3.0
3,origin,218,79,69,52,91,76,124,2.700000000000003
3,origin,219,84,54,62,82,85,115,2.0
3,origin,220,82,60,58,88,75,125,2.0
3,origin,221,85,59,56,74,85,115,3.0
3,origin,222,83,62,55,82,84,116,2.6000000000000014
3,origin,223,83,57,60,89,78,122,2.0
3,origin,224,82,67,51,87,68,132,3.0
3,origin,225,89,51,60,77,82,118,2.0
3,origin,226,88,58,54,78,80,120,3.0
3,origin,227,77,74,49,81,85,115,2.6000000000000014
3,origin,228,88,51,61,88,77,123,2.0
3,origin,229,81,59,60,83,89,111,2.0
3,origin,230,85,58,57,84,82,118,2.0
3,origin,231,79,63,58,86,81,119,2.0
3,origin,232,83,66,51,88,68,132,3.0
3,origin,233,78,69,53,79,87,113,3.0
3,origin,234,86,59,55,82,78,122,3.0
3,origin,235,81,63,56,87,75,125,3.0
3,origin,236,78,68,54,88,79,121,2.0
3,origin,237,80,67,53,76,88,112,2.6000000000000014
3,origin,238,87,54,59,88,70,130,2.0
3,origin,239,82,64,54,89,77,123,2.0
3,origin,240,83,63,54,80,82,118,3.0
3,origin,241,79,64,57,88,75,125,3.0
3,origin,242,85,63,52,75,84,116,3.0
3,origin,243,86,57,57,88,77,123,2.0
3,origin,244,85,59,56,86,79,121,2.0
3,origin,245,79,68,53,86,79,121,2.0
3,origin,246,82,58,60,83,85,115,2.0
3,origin,247,78,67,55,88,78,122,2.5
3,origin,248,76,66,58,79,94,106,2.0
3,origin,249,76,67,57,90,84,116,2.0
3,origin,250,80,62,58,85,84,116,2.5
3,origin,251,78,67,55,89,77,123,2.0
3,origin,252,75,72,53,83,82,118,2.0
3,origin,253,89,53,58,82,80,120,3.0
3,origin,254,82,66,52,82,79,121,2.0
3,origin,255,80,61,59,81,86,114,3.0
3,origin,256,80,64,56,92,76,124,2.3000000000000043
3,origin,257,83,62,55,82,77,123,3.0
3,origin,258,83,59,58,87,78,122,2.700000000000003
3,origin,259,88,57,55,86,65,135,3.0
3,origin,260,82,58,60,88,77,123,2.0
3,origin,261,80,63,57,87,81,119,2.0
3,origin,262,84,57,59,89,70,130,2.0
3,origin,263,85,59,56,94,65,135,2.0
3,origin,264,78,65,57,85,82,118,2.0
3,origin,265,89,54,57,80,84,116,2.0
3,origin,266,76,66,58,91,81,119,2.0
3,origin,267,76,68,56,86,80,120,2.0
3,origin,268,88,52,60,88,79,121,2.0
3,origin,269,82,62,56,76,89,111,3.0
3,origin,270,78,61,61,95,71,129,2.0
3,origin,271,82,62,56,79,86,114,3.0
3,origin,272,74,66,60,90,85,115,2.0
3,origin,273,79,71,50,81,79,121,3.0
3,origin,274,81,63,56,85,81,119,2.5
3,origin,275,84,55,61,82,81,119,2.0
3,origin,276,81,60,59,91,74,126,2.0
3,origin,277,90,62,48,76,74,126,3.0
3,origin,278,85,57,58,80,80,120,2.0
3,origin,279,78,67,55,83,86,114,2.0
3,origin,280,82,61,57,86,81,119,2.0
3,origin,281,84,65,51,85,72,128,2.8999999999999986
3,origin,282,92,52,56,84,67,133,3.0
3,origin,283,79,67,54,88,77,123,2.0
3,origin,284,71,81,48,82,90,110,2.0
3,origin,285,88,52,60,80,79,121,3.0
3,origin,286,78,69,53,84,82,118,2.0
3,origin,287,79,72,49,84,76,124,3.0
3,origin,288,80,61,59,91,75,125,2.8999999999999986
3,origin,289,78,61,61,86,87,113,2.0
3,origin,290,78,66,56,85,82,118,2.700000000000003
3,origin,291,82,61,57,81,85,115,2.0
3,origin,292,85,57,58,80,80,120,2.0
3,origin,293,80,66,54,80,87,113,2.0
3,origin,294,83,59,58,85,76,124,3.0
3,origin,295,93,49,58,83,72,128,3.0
3,origin,296,82,60,58,85,84,116,2.5
3,origin,297,78,66,56,81,88,112,2.0
3,origin,298,73,73,54,77,94,106,2.0
3,origin,299,82,66,52,78,86,114,2.0
3,origin,300,72,77,51,90,82,118,2.0
3,event,1,90,56,54,85,65,135,2.6000000000000014
3,event,2,80,65,55,80,83,117,3.0
3,event,3,79,64,57,78,87,113,3.0
3,event,4,84,59,57,87,79,121,2.1000000000000014
3,event,5,74,71,55,84,84,116,2.0
3,event,6,87,60,53,79,80,120,2.0
3,event,7,83,56,61,91,76,124,2.0
3,event,8,84,65,51,73,89,111,2.5
3,event,9,77,71,52,82,85,115,2.0
3,event,10,75,72,53,82,87,113,2.0
3,event,11,84,59,57,82,80,120,2.3999999999999986
3,event,12,86,55,59,84,78,122,2.3000000000000043
3,event,13,81,62,57,89,79,121,2.0
3,event,14,85,52,63,88,81,119,2.0
3,event,15,72,75,53,79,89,111,2.0
3,event,16,84,50,66,88,84,116,2.1000000000000014
3,event,17,82,57,61,85,83,117,2.0
3,event,18,80,67,53,82,87,113,3.0
3,event,19,82,66,52,77,80,120,2.8999999999999986
3,event,20,85,59,56,90,70,130,3.0
3,event,21,83,58,59,89,74,126,2.0
3,event,22,74,72,54,89,89,111,2.0
3,event,23,77,69,54,87,76,124,2.0
3,event,24,80,69,51,80,78,122,2.0
3,event,25,78,62,60,81,92,108,2.0
3,event,26,84,61,55,92,65,135,2.0
3,event,27,83,58,59,84,84,116,2.0
3,event,28,84,58,58,89,74,126,2.0
3,event,29,84,57,59,87,75,125,2.0
3,event,30,84,63,53,85,76,124,2.0
3,event,31,83,62,55,83,84,116,2.0
3,event,32,75,70,55,90,79,121,2.0
3,event,33,77,67,56,86,79,121,3.0
3,event,34,97,42,61,81,67,133,3.0
3,event,35,75,68,57,93,76,124,2.0
3,event,36,82,61,57,88,74,126,3.0
3,event,37,77,71,52,81,85,115,3.0
3,event,38,85,63,52,78,79,121,3.0
3,event,39,81,63,56,80,86,114,2.0
3,event,40,81,60,59,97,68,132,3.0
3,event,41,84,59,57,83,81,119,2.0
3,event,42,79,69,52,89,68,132,3.0
3,event,43,84,61,55,83,76,124,3.0
3,event,44,82,59,59,88,81,119,2.0
3,event,45,84,58,58,86,74,126,2.0
3,event,46,88,56,56,76,85,115,2.6000000000000014
3,event,47,84,56,60,88,83,117,2.0
3,event,48,78,73,49,87,70,130,2.1000000000000014
3,event,49,80,66,54,77,92,108,2.8000000000000043
3,event,50,83,54,63,81,79,121,2.0
3,event,51,74,67,59,93,78,122,2.0
3,event,52,76,69,55,77,94,106,2.0
3,event,53,81,62,57,81,78,122,3.0
3,event,54,86,58,56,79,85,115,3.0
3,event,55,88,50,62,81,78,122,2.8999999999999986
3,event,56,87,55,58,82,80,120,3.0
3,event,57,84,59,57,81,81,119,3.0
3,event,58,79,72,49,77,81,119,2.1000000000000014
3,event,59,78,67,55,89,77,123,2.0
3,event,60,80,65,55,88,73,127,3.0
3,event,61,80,63,57,84,78,122,2.8999999999999986
3,event,62,88,60,52,81,78,122,2.0
3,event,63,78,69,53,90,71,129,2.0
3,event,64,78,66,56,81,87,113,2.5
3,event,65,82,64,54,92,71,129,2.0
3,event,66,88,53,59,92,67,133,2.8999999999999986
3,event,67,83,63,54,84,77,123,3.0
3,event,68,88,54,58,88,67,133,3.0
3,event,69,74,79,47,76,89,111,2.0
3,event,70,85,57,58,87,77,123,2.0
3,event,71,81,65,54,84,81,119,2.700000000000003
3,event,72,82,61,57,77,87,113,2.0
3,event,73,82,66,52,85,79,121,3.0
3,event,74,89,55,56,81,78,122,2.3000000000000043
3,event,75,92,49,59,81,76,124,3.0
3,event,76,84,57,59,82,84,116,2.0
3,event,77,75,72,53,83,87,113,2.0
3,event,78,85,60,55,76,78,122,2.8000000000000043
3,event,79,81,68,51,74,90,110,3.0
3,event,80,81,56,63,81,83,117,2.700000000000003
3,event,81,87,61,52,84,75,125,3.0
3,event,82,91,50,59,86,73,127,2.5
3,event,83,73,72,55,79,95,105,2.8000000000000043
3,event,84,84,58,58,88,77,123,2.700000000000003
3,event,85,81,61,58,86,79,121,3.0
3,event,86,83,61,56,85,78,122,2.0
3,event,87,78,65,57,81,93,107,2.0
3,event,88,81,58,61,89,81,119,2.5
3,event,89,81,68,51,83,79,121,2.0
3,event,90,86,55,59,88,74,126,2.0
3,event,91,75,68,57,85,81,119,2.1000000000000014
3,event,92,72,78,50,79,93,107,2.0
3,event,93,88,53,59,74,88,112,2.0
3,event,94,78,69,53,76,94,106,2.0
3,event,95,85,53,62,77,88,112,3.0
3,event,96,78,63,59,84,86,114,2.0
3,event,97,78,65,57,89,81,119,2.0
3,event,98,78,68,54,80,84,116,3.0
3,event,99,81,65,54,86,81,119,3.0
3,event,100,82,61,57,82,82,118,2.200000000000003
3,event,101,84,60,56,88,78,122,2.0
3,event,102,81,67,52,87,77,123,2.0
3,event,103,76,74,50,85,77,123,2.0
3,event,104,80,66,54,86,76,124,2.0
3,event,105,80,64,56,76,94,106,2.0
3,event,106,82,62,56,77,86,114,2.0
3,event,107,85,58,57,78,83,117,3.0
3,event,108,80,68,52,80,82,118,2.0
3,event,109,81,60,59,83,82,118,2.0
3,event,110,76,69,55,86,82,118,2.200000000000003
3,event,111,80,62,58,92,75,125,2.0
3,event,112,78,67,55,86,79,121,2.0
3,event,113,80,64,56,95,71,129,2.0
3,event,114,78,62,60,90,79,121,3.0
3,event,115,71,79,50,82,87,113,2.0
3,event,116,87,57,56,77,82,118,3.0
3,event,117,81,66,53,87,73,127,2.0
3,event,118,82,67,51,83,77,123,3.0
3,event,119,78,68,54,89,76,124,2.8000000000000043
3,event,120,84,60,56,88,72,128,2.0
3,event,121,82,62,56,87,77,123,2.0
3,event,122,83,61,56,84,81,119,3.0
3,event,123,89,59,52,77,81,119,3.0
3,event,124,89,54,57,81,74,126,3.0
3,event,125,77,68,55,84,83,117,2.0
3,event,126,85,64,51,82,77,123,2.0
3,event,127,88,56,56,84,75,125,2.3000000000000043
3,event,128,88,54,58,85,72,128,3.0
3,event,129,78,67,55,83,83,117,2.0
3,event,130,84,63,53,78,80,120,3.0
3,event,131,80,65,55,90,70,130,2.0
3,event,132,71,78,51,81,95,105,2.8000000000000043
3,event,133,72,72,56,91,78,122,3.0
3,event,134,77,73,50,72,92,108,2.0
3,event,135,88,53,59,88,70,130,3.0
3,event,136,76,70,54,84,84,116,2.0
3,event,137,84,62,54,81,79,121,3.0
3,event,138,88,57,55,89,68,132,2.6000000000000014
3,event,139,89,50,61,80,81,119,3.0
3,event,140,90,54,56,82,79,121,3.0
3,event,141,79,63,58,92,72,128,3.0
3,event,142,76,69,55,93,78,122,2.0
3,event,143,78,67,55,92,77,123,3.0
3,event,144,84,57,59,82,85,115,2.700000000000003
3,event,145,79,69,52,74,88,112,3.0
3,event,146,87,55,58,79,76,124,3.0
3,event,147,72,73,55,77,97,103,2.0
3,event,148,85,56,59,85,76,124,2.0
3,event,149,80,63,57,83,88,112,2.0
3,event,150,87,51,62,89,78,122,3.0
3,event,151,73,72,55,83,93,107,2.0
3,event,152,79,65,56,81,84,116,2.0
3,event,153,79,71,50,85,80,120,3.0
3,event,154,85,61,54,86,77,123,2.200000000000003
3,event,155,76,67,57,85,83,117,2.0
3,event,156,85,60,55,85,77,123,2.0
3,event,157,68,78,54,86,95,105,2.0
3,event,158,89,60,51,82,70,130,3.0
3,event,159,85,57,58,88,74,126,2.5
3,event,160,84,56,60,80,90,110,2.0
3,event,161,76,69,55,91,78,122,2.0
3,event,162,74,74,52,79,95,105,2.0
3,event,163,82,61,57,93,66,134,2.0
3,event,164,68,81,51,81,95,105,2.0
3,event,165,90,52,58,82,74,126,3.0
3,event,166,79,60,61,90,82,118,2.0
3,event,167,86,52,62,85,79,121,2.0
3,event,168,81,60,59,86,77,123,2.0
3,event,169,78,65,57,86,84,116,2.0
3,event,170,77,77,46,84,77,123,2.0
3,event,171,92,50,58,81,70,130,2.0
3,event,172,83,64,53,67,97,103,3.0
3,event,173,84,61,55,87,77,123,2.3999999999999986
3,event,174,86,53,61,89,73,127,2.8000000000000043
3,event,175,78,70,52,69,97,103,3.0
3,event,176,85,62,53,87,71,129,3.0
3,event,177,82,65,53,77,86,114,2.0
3,event,178,80,60,60,91,74,126,2.700000000000003
3,event,179,77,68,55,86,82,118,3.0
3,event,180,86,58,56,80,83,117,2.0
3,event,181,85,63,52,80,78,122,3.0
3,event,182,78,66,56,73,92,108,3.0
3,event,183,88,51,61,94,67,133,2.0
3,event,184,75,72,53,88,84,116,2.0
3,event,185,79,62,59,85,85,115,2.0
3,event,186,83,59,58,95,67,133,2.8999999999999986
3,event,187,80,69,51,89,70,130,2.0
3,event,188,70,78,52,83,92,108,2.0
3,event,189,88,62,50,78,77,123,3.0
3,event,190,87,53,60,83,79,121,2.3999999999999986
3,event,191,82,56,62,89,72,128,2.0
3,event,192,80,62,58,79,91,109,2.0
3,event,193,78,67,55,83,83,117,2.8999999999999986
3,event,194,82,57,61,90,77,123,2.0
3,event,195,79,71,50,85,79,121,2.700000000000003
3,event,196,82,65,53,84,83,117,2.3999999999999986
3,event,197,85,60,55,82,79,121,2.0
3,event,198,85,60,55,74,91,109,2.0
3,event,199,89,47,64,85,80,120,2.0
3,event,200,78,68,54,85,77,123,2.0
3,event,201,83,60,57,86,80,120,2.0
3,event,202,75,73,52,85,84,116,2.0
3,event,203,84,56,60,90,72,128,2.0
3,event,204,88,58,54,87,67,133,3.0
3,event,205,84,61,55,80,84,116,2.0
3,event,206,85,59,56,85,73,127,2.1000000000000014
3,event,207,80,63,57,85,82,118,2.0
3,event,208,91,53,56,77,76,124,3.0
3,event,209,78,68,54,73,99,101,2.0
3,event,210,76,70,54,84,88,112,2.0
3,event,211,80,63,57,79,85,115,2.700000000000003
3,event,212,85,63,52,91,64,136,2.0
3,event,213,84,61,55,89,74,126,2.3999999999999986
3,event,214,77,74,49,88,81,119,2.0
3,event,215,74,82,44,77,86,114,2.0
3,event,216,80,62,58,85,81,119,2.0
3,event,217,84,58,58,88,74,126,3.0
3,event,218,79,69,52,91,76,124,2.700000000000003
3,event,219,84,55,61,81,86,114,2.0
3,event,220,82,60,58,88,75,125,2.0
3,event,221,84,60,56,75,85,115,3.0
3,event,222,83,61,56,82,84,116,2.6000000000000014
3,event,223,83,57,60,89,78,122,2.0
3,event,224,82,67,51,87,68,132,3.0
3,event,225,89,51,60,77,82,118,2.0
3,event,226,87,59,54,79,80,120,2.0
3,event,227,77,74,49,81,85,115,2.6000000000000014
3,event,228,88,51,61,88,77,123,2.0
3,event,229,81,59,60,83,89,111,2.0
3,event,230,85,58,57,84,82,118,2.0
3,event,231,79,63,58,86,81,119,2.0
3,event,232,84,65,51,87,68,132,3.0
3,event,233,78,69,53,79,87,113,3.0
3,event,234,85,60,55,83,78,122,3.0
3,event,235,81,63,56,87,75,125,3.0
3,event,236,78,68,54,88,79,121,2.0
3,event,237,79,68,53,76,89,111,2.6000000000000014
3,event,238,87,54,59,88,70,130,2.0
3,event,239,82,64,54,89,77,123,2.0
3,event,240,83,63,54,80,82,118,3.0
3,event,241,79,65,56,88,75,125,3.0
3,event,242,85,63,52,75,84,116,3.0
3,event,243,86,57,57,88,77,123,2.0
3,event,244,85,59,56,86,79,121,2.0
3,event,245,79,67,54,86,79,121,2.0
3,event,246,82,58,60,83,85,115,2.0
3,event,247,78,67,55,88,78,122,2.5
3,event,248,75,68,57,78,95,105,2.0
3,event,249,76,67,57,90,84,116,2.0
3,event,250,80,62,58,85,84,116,2.5
3,event,251,77,69,54,88,78,122,2.0
3,event,252,75,72,53,83,82,118,2.0
3,event,253,88,55,57,81,81,119,3.0
3,event,254,82,66,52,82,79,121,2.0
3,event,255,80,61,59,81,86,114,3.0
3,event,256,80,64,56,92,76,124,2.3000000000000043
3,event,257,83,62,55,82,77,123,3.0
3,event,258,84,58,58,86,79,121,2.700000000000003
3,event,259,88,57,55,86,65,135,3.0
3,event,260,82,59,59,88,78,122,2.0
3,event,261,80,63,57,87,81,119,2.0
3,event,262,85,57,58,87,70,130,2.0
3,event,263,85,56,59,94,65,135,2.0
3,event,264,78,65,57,85,82,118,2.0
3,event,265,89,53,58,80,85,115,2.0
3,event,266,76,66,58,91,81,119,2.0
3,event,267,76,68,56,86,81,119,2.0
3,event,268,88,52,60,88,79,121,2.0
3,event,269,82,62,56,76,89,111,3.0
3,event,270,78,62,60,94,71,129,2.0
3,event,271,81,62,57,80,86,114,3.0
3,event,272,75,65,60,88,86,114,2.0
3,event,273,79,71,50,81,79,121,3.0
3,event,274,81,63,56,85,81,119,2.5
3,event,275,84,55,61,82,81,119,2.0
3,event,276,81,60,59,91,74,126,2.0
3,event,277,90,62,48,75,74,126,3.0
3,event,278,85,58,57,80,79,121,2.0
3,event,279,77,68,55,84,85,115,2.0
3,event,280,83,59,58,85,82,118,2.0
3,event,281,84,65,51,85,72,128,2.8999999999999986
3,event,282,92,52,56,84,67,133,3.0
3,event,283,78,67,55,90,77,123,2.0
3,event,284,71,81,48,82,90,110,2.0
3,event,285,87,53,60,81,78,122,3.0
3,event,286,78,69,53,84,82,118,2.0
3,event,287,78,73,49,85,76,124,3.0
3,event,288,80,61,59,91,75,125,2.8999999999999986
3,event,289,77,62,61,87,87,113,2.0
3,event,290,78,66,56,85,82,118,2.700000000000003
3,event,291,82,61,57,81,85,115,2.0
3,event,292,85,57,58,80,80,120,2.0
3,event,293,80,66,54,80,87,113,2.0
3,event,294,84,56,60,85,76,124,3.0
3,event,295,93,49,58,83,72,128,3.0
3,event,296,82,61,57,85,84,116,2.5
3,event,297,78,66,56,81,88,112,2.0
3,event,298,73,74,53,76,96,104,2.0
3,event,299,83,65,52,77,86,114,2.0
3,event,300,72,77,51,90,82,118,2.0
4,origin,1,84,59,57,87,76,124,3.0
4,origin,2,78,69,53,84,83,117,2.0
4,origin,3,78,68,54,85,81,119,2.0
4,origin,4,76,67,57,87,80,120,2.0
4,origin,5,81,67,52,86,81,119,2.0
4,origin,6,81,66,53,83,75,125,3.0
4,origin,7,82,63,55,83,80,120,3.0
4,origin,8,78,70,52,79,88,112,3.0
4,origin,9,77,66,57,87,83,117,2.0
4,origin,10,86,56,58,75,83,117,2.0
4,origin,11,85,58,57,80,82,118,3.0
4,origin,12,81,61,58,87,80,120,2.0
4,origin,13,82,61,57,94,67,133,2.5
4,origin,14,85,60,55,90,69,131,3.0
4,origin,15,87,57,56,86,68,132,3.0
4,origin,16,82,55,63,93,76,124,2.0
4,origin,17,75,72,53,81,88,112,2.0
4,origin,18,85,57,58,89,75,125,2.0
4,origin,19,84,62,54,87,74,126,2.0
4,origin,20,81,67,52,81,81,119,2.0
4,origin,21,76,72,52,82,84,116,2.0
4,origin,22,85,55,60,91,67,133,2.0
4,origin,23,74,73,53,84,87,113,2.0
4,origin,24,72,73,55,90,82,118,2.0
4,origin,25,74,68,58,96,76,124,2.0
4,origin,26,82,63,55,93,73,127,2.0
4,origin,27,83,58,59,76,87,113,2.0
4,origin,28,79,67,54,76,92,108,2.0
4,origin,29,77,67,56,88,84,116,2.0
4,origin,30,78,65,57,90,73,127,2.0
4,origin,31,78,69,53,97,68,132,2.0
4,origin,32,81,66,53,79,85,115,2.0
4,origin,33,86,59,55,77,83,117,3.0
4,origin,34,81,61,58,95,68,132,2.0
4,origin,35,92,48,60,80,81,119,3.0
4,origin,36,88,59,53,76,86,114,2.3000000000000043
4,origin,37,88,55,57,84,79,121,2.0
4,origin,38,79,60,61,87,86,114,2.0
4,origin,39,89,52,59,90,69,131,3.0
4,origin,40,84,60,56,87,68,132,2.700000000000003
4,origin,41,81,63,56,84,82,118,2.0
4,origin,42,89,53,58,78,85,115,2.6000000000000014
4,origin,43,81,60,59,85,80,120,2.0
4,origin,44,81,63,56,86,83,117,2.6000000000000014
4,origin,45,78,68,54,85,82,118,2.0
4,origin,46,76,67,57,85,84,116,2.0
4,origin,47,78,74,48,83,81,119,2.0
4,origin,48,86,57,57,82,81,119,3.0
4,origin,49,86,62,52,81,77,123,3.0
4,origin,50,76,72,52,98,71,129,2.0
4,origin,51,81,63,56,93,66,134,2.0
4,origin,52,85,60,55,85,74,126,3.0
4,origin,53,78,65,57,91,77,123,2.0
4,origin,54,88,52,60,81,83,117,3.0
4,origin,55,84,58,58,88,76,124,3.0
4,origin,56,79,74,47,75,90,110,3.0
4,origin,57,87,56,57,84,79,121,2.0
4,origin,58,80,63,57,90,72,128,2.0
4,origin,59,78,65,57,81,88,112,2.0
4,origin,60,78,71,51,83,77,123,3.0
4,origin,61,67,82,51,89,83,117,2.0
4,origin,62,85,59,56,84,71,129,3.0
4,origin,63,78,66,56,79,88,112,3.0
4,origin,64,80,65,55,78,85,115,2.0
4,origin,65,93,48,59,72,84,116,3.0
4,origin,66,85,56,59,90,74,126,2.0
4,origin,67,87,47,66,88,73,127,2.0
4,origin,68,77,69,54,76,92,108,3.0
4,origin,69,89,53,58,89,62,138,3.0
4,origin,70,79,58,63,99,69,131,2.0
4,origin,71,84,62,54,79,84,116,3.0
4,origin,72,86,59,55,80,78,122,3.0
4,origin,73,78,69,53,74,91,109,3.0
4,origin,74,75,64,61,87,88,112,2.0
4,origin,75,84,62,54,87,70,130,2.0
4,origin,76,70,74,56,85,90,110,2.0
4,origin,77,76,67,57,89,82,118,2.0
4,origin,78,83,59,58,83,85,115,2.0
4,origin,79,77,69,54,85,82,118,2.0
4,origin,80,90,52,58,85,68,132,3.0
4,origin,81,84,65,51,70,92,108,3.0
4,origin,82,72,72,56,86,89,111,2.0
4,origin,83,79,69,52,91,70,130,2.0
4,origin,84,82,62,56,84,80,120,2.0
4,origin,85,85,63,52,82,76,124,3.0
4,origin,86,74,73,53,84,87,113,3.0
4,origin,87,77,65,58,90,85,115,2.0
4,origin,88,90,55,55,75,81,119,3.0
4,origin,89,85,59,56,82,80,120,3.0
4,origin,90,80,70,50,81,82,118,2.0
4,origin,91,71,78,51,81,91,109,3.0
4,origin,92,78,71,51,76,88,112,2.0
4,origin,93,78,68,54,83,82,118,2.0
4,origin,94,74,74,52,73,96,104,2.0
4,origin,95,83,60,57,88,75,125,2.0
4,origin,96,88,53,59,86,73,127,2.0
4,origin,97,83,56,61,82,88,112,2.0
4,origin,98,75,69,56,77,94,106,2.0
4,origin,99,82,59,59,85,85,115,2.0
4,origin,100,81,68,51,87,74,126,2.0
4,origin,101,78,69,53,86,80,120,2.0
4,origin,102,85,59,56,91,74,126,2.0
4,origin,103,80,67,53,77,87,113,3.0
4,origin,104,85,58,57,80,82,118,2.8000000000000043
4,origin,105,79,66,55,88,75,125,2.0
4,origin,106,80,59,61,87,82,118,2.0
4,origin,107,81,61,58,81,85,115,2.0
4,origin,108,79,67,54,81,84,116,2.0
4,origin,109,73,72,55,90,86,114,2.0
4,origin,110,83,55,62,84,80,120,3.0
4,origin,111,88,55,57,81,82,118,2.0
4,origin,112,82,60,58,77,88,112,2.0
4,origin,113,84,57,59,84,80,120,2.200000000000003
4,origin,114,84,62,54,87,73,127,3.0
4,origin,115,80,67,53,80,85,115,3.0
4,origin,116,81,67,52,87,74,126,2.0
4,origin,117,87,54,59,83,81,119,3.0
4,origin,118,81,62,57,89,74,126,2.0
4,origin,119,80,60,60,96,71,129,2.0
4,origin,120,82,62,56,81,89,111,3.0
4,origin,121,75,67,58,89,80,120,2.0
4,origin,122,92,49,59,85,68,132,3.0
4,origin,123,75,74,51,79,92,108,2.0
4,origin,124,64,87,49,92,84,116,2.0
4,origin,125,80,68,52,84,78,122,2.0
4,origin,126,81,63,56,77,89,111,2.0
4,origin,127,75,74,51,76,94,106,2.0
4,origin,128,84,60,56,77,87,113,2.0
4,origin,129,81,70,49,78,81,119,3.0
4,origin,130,84,63,53,83,79,121,2.3000000000000043
4,origin,131,81,61,58,81,91,109,2.0
4,origin,132,81,63,56,84,85,115,2.0
4,origin,133,84,56,60,83,79,121,2.5
4,origin,134,81,62,57,86,80,120,2.0
4,origin,135,74,71,55,86,83,117,2.0
4,origin,136,79,64,57,81,90,110,3.0
4,origin,137,94,41,65,86,73,127,3.0
4,origin,138,71,75,54,89,83,117,2.3000000000000043
4,origin,139,82,58,60,83,80,120,3.0
4,origin,140,88,58,54,79,75,125,3.0
4,origin,141,84,55,61,90,78,122,2.0
4,origin,142,84,62,54,90,73,127,2.0
4,origin,143,71,76,53,87,87,113,2.0
4,origin,144,71,74,55,83,98,102,2.0
4,origin,145,80,64,56,93,73,127,2.0
4,origin,146,81,60,59,86,81,119,2.0
4,origin,147,83,58,59,90,72,128,2.0
4,origin,148,80,70,50,83,78,122,2.0
4,origin,149,84,62,54,80,79,121,3.0
4,origin,150,91,48,61,84,79,121,2.0
4,origin,151,84,60,56,79,87,113,3.0
4,origin,152,82,63,55,79,86,114,3.0
4,origin,153,80,68,52,85,83,117,2.0
4,origin,154,80,59,61,85,87,113,2.0
4,origin,155,81,61,58,91,73,127,2.0
4,origin,156,77,66,57,86,81,119,2.0
4,origin,157,88,49,63,84,80,120,2.0
4,origin,158,76,67,57,83,83,117,3.0
4,origin,159,80,65,55,85,83,117,2.0
4,origin,160,80,63,57,88,78,122,2.0
4,origin,161,81,63,56,88,78,122,2.0
4,origin,162,81,72,47,79,80,120,2.0
4,origin,163,77,67,56,79,91,109,2.0
4,origin,164,81,57,62,87,79,121,2.0
4,origin,165,91,54,55,84,71,129,3.0
4,origin,166,78,67,55,92,75,125,2.0
4,origin,167,79,63,58,89,77,123,2.0
4,origin,168,81,62,57,84,85,115,2.0
4,origin,169,86,57,57,71,93,107,3.0
4,origin,170,83,52,65,81,93,107,2.0
4,origin,171,78,71,51,86,77,123,2.6000000000000014
4,origin,172,77,69,54,83,83,117,3.0
4,origin,173,85,58,57,89,77,123,2.0
4,origin,174,73,74,53,77,89,111,2.0
4,origin,175,79,67,54,88,81,119,2.0
4,origin,176,83,65,52,87,71,129,3.0
4,origin,177,92,54,54,81,71,129,3.0
4,origin,178,84,57,59,82,81,119,3.0
4,origin,179,87,63,50,79,76,124,3.0
4,origin,180,73,72,55,90,84,116,2.0
4,origin,181,82,48,70,86,87,113,2.3999999999999986
4,origin,182,82,61,57,75,94,106,2.0
4,origin,183,83,61,56,85,77,123,2.700000000000003
4,origin,184,74,78,48,79,86,114,3.0
4,origin,185,84,55,61,80,84,116,2.0
4,origin,186,84,57,59,82,79,121,2.0
4,origin,187,77,67,56,88,80,120,2.0
4,origin,188,83,58,59,85,81,119,2.700000000000003
4,origin,189,83,60,57,87,75,125,2.3999999999999986
4,origin,190,80,63,57,87,82,118,2.0
4,origin,191,76,70,54,83,87,113,2.0
4,origin,192,81,69,50,81,78,122,3.0
4,origin,193,84,59,57,77,89,111,2.0
4,origin,194,81,63,56,76,91,109,3.0
4,origin,195,85,56,59,88,75,125,2.0
4,origin,196,76,72,52,78,89,111,3.0
4,origin,197,78,68,54,78,89,111,2.0
4,origin,198,79,61,60,90,76,124,2.0
4,origin,199,83,61,56,87,73,127,3.0
4,origin,200,84,62,54,84,78,122,2.0
4,origin,201,82,64,54,86,77,123,2.8000000000000043
4,origin,202,81,58,61,85,83,117,3.0
4,origin,203,79,63,58,91,75,125,2.0
4,origin,204,77,71,52,81,84,116,2.0
4,origin,205,87,59,54,81,69,131,3.0
4,origin,206,82,61,57,91,75,125,2.0
4,origin,207,81,65,54,81,82,118,2.0
4,origin,208,80,65,55,88,75,125,2.0
4,origin,209,85,65,50,77,83,117,2.0
4,origin,210,80,63,57,91,77,123,2.0
4,origin,211,78,71,51,80,85,115,2.0
4,origin,212,86,59,55,90,69,131,3.0
4,origin,213,90,56,54,84,77,123,2.1000000000000014
4,origin,214,90,48,62,83,78,122,2.0
4,origin,215,81,66,53,81,84,116,3.0
4,origin,216,75,69,56,77,97,103,2.0
4,origin,217,74,70,56,78,95,105,2.0
4,origin,218,90,57,53,76,80,120,3.0
4,origin,219,80,63,57,83,85,115,2.6000000000000014
4,origin,220,85,58,57,79,82,118,3.0
4,origin,221,74,75,51,74,94,106,2.3000000000000043
4,origin,222,82,61,57,84,84,116,2.0
4,origin,223,84,55,61,86,83,117,2.0
4,origin,224,92,54,54,76,78,122,3.0
4,origin,225,86,50,64,87,81,119,2.3000000000000043
4,origin,226,82,61,57,82,85,115,2.0
4,origin,227,83,56,61,85,82,118,2.0
4,origin,228,77,66,57,76,96,104,2.0
4,origin,229,76,71,53,84,84,116,2.0
4,origin,230,80,57,63,86,84,116,2.5
4,origin,231,84,60,56,81,82,118,2.0
4,origin,232,77,64,59,88,84,116,2.0
4,origin,233,87,50,63,85,81,119,2.0
4,origin,234,83,60,57,83,82,118,2.0
4,origin,235,83,63,54,88,81,119,2.0
4,origin,236,70,79,51,85,84,116,2.0
4,origin,237,82,64,54,94,69,131,2.0
4,origin,238,81,61,58,84,83,117,2.6000000000000014
4,origin,239,83,57,60,88,82,118,2.0
4,origin,240,90,53,57,85,72,128,2.3000000000000043
4,origin,241,85,59,56,82,79,121,2.0
4,origin,242,77,70,53,81,82,118,3.0
4,origin,243,82,61,57,92,71,129,2.0
4,origin,244,83,55,62,86,81,119,2.3999999999999986
4,origin,245,80,66,54,82,83,117,2.0
4,origin,246,81,66,53,83,82,118,2.0
4,origin,247,81,62,57,81,85,115,2.0
4,origin,248,86,54,60,80,84,116,2.0
4,origin,249,91,52,57,89,68,132,2.700000000000003
4,origin,250,78,65,57,80,89,111,3.0
4,origin,251,93,49,58,83,68,132,3.0
4,origin,252,83,62,55,79,81,119,2.0
4,origin,253,82,68,50,83,69,131,2.8000000000000043
4,origin,254,79,66,55,92,70,130,2.0
4,origin,255,82,65,53,82,82,118,3.0
4,origin,256,78,74,48,82,79,121,3.0
4,origin,257,81,63,56,82,83,117,2.0
4,origin,258,84,54,62,88,80,120,2.0
4,origin,259,88,59,53,86,70,130,2.0
4,origin,260,81,59,60,84,81,119,3.0
4,origin,261,83,62,55,84,79,121,2.0
4,origin,262,88,54,58,80,83,117,2.0
4,origin,263,91,54,55,78,79,121,2.0
4,origin,264,84,60,56,86,80,120,2.0
4,origin,265,83,61,56,80,82,118,3.0
4,origin,266,93,47,60,82,78,122,3.0
4,origin,267,80,61,59,77,91,109,2.0
4,origin,268,76,70,54,89,79,121,2.0
4,origin,269,80,65,55,87,74,126,3.0
4,origin,270,80,60,60,87,77,123,2.5
4,origin,271,85,60,55,88,75,125,2.3999999999999986
4,origin,272,88,55,57,79,81,119,2.3000000000000043
4,origin,273,80,67,53,88,76,124,2.0
4,origin,274,78,68,54,88,76,124,2.0
4,origin,275,80,66,54,88,74,126,2.0
4,origin,276,86,61,53,81,77,123,2.0
4,origin,277,88,54,58,78,83,117,3.0
4,origin,278,73,74,53,81,88,112,3.0
4,origin,279,76,69,55,87,80,120,2.0
4,origin,280,83,65,52,75,84,116,3.0
4,origin,281,80,66,54,82,76,124,2.8000000000000043
4,origin,282,79,64,57,90,73,127,3.0
4,origin,283,90,51,59,78,83,117,2.3999999999999986
4,origin,284,84,58,58,87,75,125,2.0
4,origin,285,80,63,57,86,80,120,2.0
4,origin,286,76,70,54,81,91,109,2.0
4,origin,287,78,65,57,89,80,120,2.8000000000000043
4,origin,288,76,66,58,83,89,111,3.0
4,origin,289,77,67,56,87,77,123,2.0
4,origin,290,75,72,53,88,85,115,2.0
4,origin,291,76,70,54,83,78,122,3.0
4,origin,292,87,61,52,77,83,117,3.0
4,origin,293,75,63,62,92,82,118,2.0
4,origin,294,80,64,56,87,80,120,2.0
4,origin,295,80,59,61,90,81,119,2.0
4,origin,296,74,71,55,89,82,118,2.0
4,origin,297,82,57,61,87,78,122,2.700000000000003
4,origin,298,74,67,59,88,85,115,2.0
4,origin,299,84,64,52,83,74,126,3.0
4,origin,300,82,61,57,88,81,119,2.0
4,event,1,84,59,57,87,76,124,3.0
4,event,2,78,69,53,84,83,117,2.0
4,event,3,78,68,54,85,81,119,2.0
4,event,4,76,67,57,87,80,120,2.0
4,event,5,81,67,52,86,81,119,2.0
4,event,6,81,66,53,83,75,125,3.0
4,event,7,82,63,55,83,80,120,3.0
4,event,8,78,70,52,79,88,112,3.0
4,event,9,77,66,57,87,83,117,2.0
4,event,10,86,56,58,75,83,117,2.0
4,event,11,85,58,57,80,82,118,3.0
4,event,12,81,62,57,85,81,119,2.0
4,event,13,82,61,57,94,67,133,2.5
4,event,14,85,60,55,90,69,131,3.0
4,event,15,87,57,56,86,68,132,3.0
4,event,16,82,55,63,93,76,124,2.0
4,event,17,75,72,53,81,88,112,2.0
4,event,18,85,57,58,89,75,125,2.0
4,event,19,84,63,53,87,74,126,2.0
4,event,20,81,67,52,81,81,119,2.0
4,event,21,76,72,52,82,84,116,2.0
4,event,22,85,55,60,91,67,133,2.0
4,event,23,74,73,53,84,87,113,2.0
4,event,24,72,73,55,90,82,118,2.0
4,event,25,74,68,58,96,76,124,2.0
4,event,26,82,63,55,93,73,127,2.0
4,event,27,83,58,59,76,87,113,2.0
4,event,28,79,67,54,76,92,108,2.0
4,event,29,77,67,56,88,84,116,2.0
4,event,30,80,62,58,88,72,128,2.0
4,event,31,78,69,53,97,68,132,2.0
4,event,32,81,66,53,79,85,115,2.0
4,event,33,86,59,55,77,83,117,3.0
4,event,34,81,61,58,95,67,133,2.0
4,event,35,92,48,60,80,81,119,3.0
4,event,36,88,59,53,76,86,114,2.3000000000000043
4,event,37,88,55,57,84,79,121,2.0
4,event,38,79,60,61,87,86,114,2.0
4,event,39,89,52,59,90,69,131,3.0
4,event,40,84,60,56,87,68,132,2.700000000000003
4,event,41,81,63,56,84,82,118,2.0
4,event,42,89,53,58,78,85,115,2.6000000000000014
4,event,43,81,60,59,85,80,120,2.0
4,event,44,81,63,56,86,83,117,2.6000000000000014
4,event,45,78,68,54,85,82,118,2.0
4,event,46,76,67,57,85,84,116,2.0
4,event,47,78,74,48,83,81,119,2.0
4,event,48,86,57,57,82,81,119,3.0
4,event,49,86,62,52,81,77,123,3.0
4,event,50,76,72,52,98,71,129,2.0
4,event,51,81,63,56,93,66,134,2.0
4,event,52,84,61,55,86,74,126,3.0
4,event,53,78,65,57,91,77,123,2.0
4,event,54,88,52,60,81,83,117,3.0
4,event,55,83,60,57,89,75,125,3.0
4,event,56,79,74,47,75,90,110,3.0
4,event,57,87,55,58,84,79,121,2.0
4,event,58,80,63,57,90,72,128,2.0
4,event,59,78,65,57,81,88,112,2.0
4,event,60,78,71,51,83,77,123,3.0
4,event,61,67,82,51,89,83,117,2.0
4,event,62,85,59,56,84,71,129,3.0
4,event,63,78,66,56,79,88,112,3.0
4,event,64,80,65,55,78,85,115,2.0
4,event,65,93,48,59,72,84,116,3.0
4,event,66,85,56,59,90,74,126,2.0
4,event,67,87,47,66,88,73,127,2.0
4,event,68,77,69,54,76,92,108,3.0
4,event,69,89,53,58,89,62,138,3.0
4,event,70,79,58,63,99,69,131,2.0
4,event,71,84,62,54,79,84,116,3.0
4,event,72,86,59,55,80,78,122,3.0
4,event,73,78,69,53,74,91,109,3.0
4,event,74,75,64,61,87,88,112,2.0
4,event,75,85,61,54,86,70,130,2.0
4,event,76,70,74,56,85,90,110,2.0
4,event,77,76,67,57,89,82,118,2.0
4,event,78,83,59,58,83,85,115,2.0
4,event,79,77,69,54,85,82,118,2.0
4,event,80,89,54,57,86,68,132,3.0
4,event,81,84,65,51,70,92,108,3.0
4,event,82,72,72,56,86,89,111,2.0
4,event,83,79,69,52,91,70,130,2.0
4,event,84,82,62,56,84,80,120,2.0
4,event,85,85,63,52,82,76,124,3.0
4,event,86,74,73,53,84,87,113,3.0
4,event,87,77,65,58,90,85,115,2.0
4,event,88,90,55,55,76,80,120,3.0
4,event,89,85,59,56,82,80,120,3.0
4,event,90,80,70,50,81,82,118,2.0
4,event,91,71,78,51,81,91,109,3.0
4,event,92,78,71,51,76,88,112,2.0
4,event,93,78,68,54,83,82,118,2.0
4,event,94,74,74,52,73,96,104,2.0
4,event,95,83,60,57,88,75,125,2.0
4,event,96,88,53,59,86,73,127,2.0
4,event,97,83,56,61,82,88,112,2.0
4,event,98,75,69,56,77,94,106,2.0
4,event,99,82,59,59,85,85,115,2.0
4,event,100,82,67,51,86,73,127,2.0
4,event,101,78,69,53,86,80,120,2.0
4,event,102,85,59,56,91,74,126,2.0
4,event,103,80,67,53,77,87,113,3.0
4,event,104,85,58,57,80,82,118,2.8000000000000043
4,event,105,79,66,55,88,75,125,2.0
4,event,106,80,59,61,87,82,118,2.0
4,event,107,81,61,58,81,85,115,2.0
4,event,108,79,67,54,81,84,116,2.0
4,event,109,73,73,54,90,85,115,2.0
4,event,110,82,57,61,85,80,120,2.3999999999999986
4,event,111,88,55,57,81,82,118,2.0
4,event,112,82,60,58,77,88,112,2.0
4,event,113,84,57,59,84,80,120,2.200000000000003
4,event,114,84,62,54,87,73,127,3.0
4,event,115,81,65,54,80,85,115,3.0
4,event,116,81,67,52,87,74,126,2.0
4,event,117,87,54,59,83,81,119,3.0
4,event,118,80,64,56,90,74,126,2.0
4,event,119,81,59,60,95,71,129,2.0
4,event,120,82,62,56,81,89,111,3.0
4,event,121,76,66,58,88,80,120,2.0
4,event,122,92,49,59,85,68,132,3.0
4,event,123,75,74,51,79,92,108,2.0
4,event,124,64,87,49,92,84,116,2.0
4,event,125,80,68,52,84,78,122,2.0
4,event,126,81,63,56,77,89,111,2.0
4,event,127,75,74,51,76,94,106,2.0
4,event,128,84,60,56,77,87,113,2.0
4,event,129,81,70,49,78,81,119,3.0
4,event,130,84,63,53,83,79,121,2.3000000000000043
4,event,131,81,61,58,81,91,109,2.0
4,event,132,81,63,56,84,85,115,2.0
4,event,133,84,56,60,83,79,121,2.5
4,event,134,80,63,57,87,79,121,2.0
4,event,135,74,71,55,86,84,116,2.0
4,event,136,79,64,57,81,90,110,3.0
4,event,137,94,41,65,86,73,127,3.0
4,event,138,71,75,54,89,83,117,2.3000000000000043
4,event,139,82,58,60,83,80,120,3.0
4,event,140,87,59,54,79,76,124,3.0
4,event,141,84,55,61,90,78,122,2.0
4,event,142,84,62,54,90,73,127,2.0
4,event,143,73,72,55,85,87,113,2.0
4,event,144,71,74,55,83,98,102,2.0
4,event,145,80,64,56,93,73,127,2.0
4,event,146,81,60,59,86,81,119,2.0
4,event,147,83,58,59,90,72,128,2.0
4,event,148,81,69,50,82,78,122,2.0
4,event,149,84,62,54,81,78,122,3.0
4,event,150,91,48,61,84,79,121,2.0
4,event,151,84,60,56,79,87,113,3.0
4,event,152,82,63,55,79,86,114,3.0
4,event,153,80,68,52,85,83,117,2.0
4,event,154,80,59,61,85,87,113,2.0
4,event,155,81,61,58,91,73,127,2.0
4,event,156,77,66,57,86,81,119,2.0
4,event,157,88,49,63,85,79,121,2.0
4,event,158,76,67,57,83,83,117,3.0
4,event,159,80,66,54,85,83,117,2.0
4,event,160,80,63,57,89,77,123,2.0
4,event,161,81,63,56,88,78,122,2.0
4,event,162,81,72,47,80,79,121,2.0
4,event,163,77,67,56,80,90,110,2.0
4,event,164,81,57,62,87,79,121,2.0
4,event,165,91,55,54,84,70,130,3.0
4,event,166,78,67,55,92,75,125,2.0
4,event,167,79,63,58,90,77,123,2.0
4,event,168,81,62,57,84,85,115,2.0
4,event,169,86,57,57,71,93,107,3.0
4,event,170,83,52,65,81,93,107,2.0
4,event,171,77,73,50,87,76,124,2.700000000000003
4,event,172,77,69,54,83,83,117,3.0
4,event,173,85,58,57,89,77,123,2.0
4,event,174,73,74,53,77,89,111,2.0
4,event,175,79,66,55,88,81,119,2.0
4,event,176,83,65,52,87,71,129,3.0
4,event,177,92,54,54,81,70,130,3.0
4,event,178,85,56,59,82,80,120,3.0
4,event,179,87,63,50,79,76,124,3.0
4,event,180,73,72,55,90,84,116,2.0
4,event,181,82,47,71,86,88,112,2.3999999999999986
4,event,182,82,61,57,75,94,106,2.0
4,event,183,83,61,56,85,77,123,2.700000000000003
4,event,184,74,78,48,79,86,114,3.0
4,event,185,83,57,60,81,84,116,2.0
4,event,186,84,57,59,82,79,121,2.0
4,event,187,77,67,56,88,80,120,2.0
4,event,188,83,57,60,85,81,119,2.700000000000003
4,event,189,83,60,57,87,75,125,2.3999999999999986
4,event,190,80,63,57,87,82,118,2.0
4,event,191,76,70,54,83,87,113,2.0
4,event,192,81,69,50,81,79,121,3.0
4,event,193,85,57,58,76,89,111,2.0
4,event,194,81,63,56,76,91,109,3.0
4,event,195,84,57,59,89,74,126,2.0
4,event,196,76,72,52,78,89,111,3.0
4,event,197,77,70,53,79,89,111,2.0
4,event,198,79,61,60,90,77,123,2.0
4,event,199,83,61,56,87,73,127,3.0
4,event,200,84,62,54,84,78,122,2.0
4,event,201,82,64,54,87,76,124,2.8000000000000043
4,event,202,82,57,61,84,84,116,3.0
4,event,203,78,65,57,92,74,126,2.0
4,event,204,77,71,52,81,84,116,2.0
4,event,205,88,58,54,80,69,131,3.0
4,event,206,82,61,57,91,75,125,2.0
4,event,207,81,65,54,81,82,118,2.0
4,event,208,81,64,55,87,75,125,2.0
4,event,209,85,65,50,77,83,117,2.0
4,event,210,79,65,56,90,78,122,2.0
4,event,211,79,70,51,80,84,116,2.0
4,event,212,86,59,55,90,69,131,3.0
4,event,213,90,56,54,84,77,123,2.1000000000000014
4,event,214,90,48,62,83,78,122,2.0
4,event,215,81,66,53,81,84,116,3.0
4,event,216,75,70,55,77,97,103,2.0
4,event,217,74,70,56,78,95,105,2.0
4,event,218,90,57,53,76,80,120,3.0
4,event,219,80,63,57,83,85,115,2.6000000000000014
4,event,220,85,58,57,79,82,118,3.0
4,event,221,74,75,51,74,94,106,2.3000000000000043
4,event,222,81,63,56,85,83,117,2.0
4,event,223,84,55,61,86,83,117,2.0
4,event,224,91,55,54,77,78,122,3.0
4,event,225,86,50,64,87,81,119,2.3000000000000043
4,event,226,82,61,57,82,85,115,2.0
4,event,227,83,56,61,85,82,118,2.0
4,event,228,76,67,57,77,97,103,2.0
4,event,229,76,71,53,84,84,116,2.0
4,event,230,80,57,63,86,83,117,2.5
4,event,231,84,60,56,81,82,118,2.0
4,event,232,77,64,59,88,84,116,2.0
4,event,233,87,50,63,85,81,119,2.0
4,event,234,83,60,57,83,82,118,2.0
4,event,235,83,63,54,88,81,119,2.0
4,event,236,68,84,48,87,83,117,2.0
4,event,237,82,64,54,94,69,131,2.0
4,event,238,80,63,57,83,84,116,2.700000000000003
4,event,239,82,58,60,88,83,117,2.0
4,event,240,90,53,57,85,72,128,2.3000000000000043
4,event,241,85,59,56,82,79,121,2.0
4,event,242,77,70,53,81,82,118,3.0
4,event,243,82,61,57,92,71,129,2.0
4,event,244,83,55,62,86,81,119,2.3999999999999986
4,event,245,80,64,56,83,84,116,2.0
4,event,246,81,66,53,83,82,118,2.0
4,event,247,80,64,56,82,84,116,2.0
4,event,248,86,53,61,81,83,117,2.0
4,event,249,91,52,57,89,68,132,2.700000000000003
4,event,250,78,65,57,80,89,111,3.0
4,event,251,93,49,58,83,68,132,3.0
4,event,252,83,62,55,79,81,119,2.0
4,event,253,84,65,51,81,70,130,2.8000000000000043
4,event,254,79,66,55,92,70,130,2.0
4,event,255,82,65,53,82,82,118,3.0
4,event,256,78,74,48,81,80,120,3.0
4,event,257,81,63,56,82,83,117,2.0
4,event,258,84,54,62,88,80,120,2.0
4,event,259,89,59,52,84,71,129,2.0
4,event,260,81,60,59,84,82,118,3.0
4,event,261,83,62,55,84,79,121,2.0
4,event,262,88,55,57,79,84,116,2.0
4,event,263,92,53,55,77,79,121,2.6000000000000014
4,event,264,85,58,57,86,79,121,2.0
4,event,265,85,59,56,78,82,118,3.0
4,event,266,93,48,59,83,76,124,3.0
4,event,267,81,61,58,76,91,109,2.0
4,event,268,76,70,54,89,79,121,2.0
4,event,269,80,65,55,87,74,126,3.0
4,event,270,80,60,60,87,77,123,2.5
4,event,271,85,61,54,88,75,125,2.3999999999999986
4,event,272,88,55,57,79,81,119,2.3000000000000043
4,event,273,80,67,53,88,77,123,2.0
4,event,274,78,68,54,88,76,124,2.0
4,event,275,79,67,54,88,74,126,2.0
4,event,276,86,61,53,82,76,124,2.0
4,event,277,87,55,58,79,83,117,3.0
4,event,278,73,75,52,80,89,111,3.0
4,event,279,77,68,55,85,82,118,2.0
4,event,280,85,63,52,73,85,115,3.0
4,event,281,81,64,55,81,76,124,3.0
4,event,282,81,63,56,86,76,124,3.0
4,event,283,89,52,59,79,83,117,2.0
4,event,284,85,56,59,85,77,123,2.0
4,event,285,79,63,58,87,80,120,2.0
4,event,286,76,70,54,81,91,109,2.0
4,event,287,78,65,57,89,80,120,2.8000000000000043
4,event,288,76,66,58,83,89,111,3.0
4,event,289,75,70,55,89,77,123,2.0
4,event,290,75,72,53,88,85,115,2.0
4,event,291,76,70,54,83,78,122,3.0
4,event,292,87,61,52,76,84,116,3.0
4,event,293,77,61,62,91,81,119,2.0
4,event,294,80,64,56,87,80,120,2.0
4,event,295,80,59,61,90,81,119,2.0
4,event,296,74,72,54,91,80,120,2.0
4,event,297,82,57,61,87,79,121,2.700000000000003
4,event,298,74,67,59,89,84,116,2.0
4,event,299,84,64,52,83,74,126,3.0
4,event,300,83,59,58,88,80,120,2.0
5,origin,1,85,59,56,84,76,124,3.0
5,origin,2,90,57,53,82,71,129,3.0
5,origin,3,75,74,51,85,81,119,2.0
5,origin,4,82,61,57,77,93,107,2.0
5,origin,5,83,58,59,83,82,118,2.3999999999999986
5,origin,6,86,57,57,86,79,121,2.0
5,origin,7,76,70,54,93,73,127,2.0
5,origin,8,92,51,57,87,67,133,3.0
5,origin,9,85,61,54,83,78,122,2.0
5,origin,10,86,53,61,81,80,120,3.0
5,origin,11,94,46,60,85,72,128,3.0
5,origin,12,82,58,60,82,87,113,2.0
5,origin,13,79,61,60,90,79,121,2.0
5,origin,14,86,56,58,85,75,125,3.0
5,origin,15,84,59,57,91,72,128,2.3999999999999986
5,origin,16,83,59,58,78,87,113,2.6000000000000014
5,origin,17,83,56,61,96,65,135,2.0
5,origin,18,81,69,50,86,71,129,2.0
5,origin,19,80,64,56,82,86,114,2.0
5,origin,20,87,57,56,82,75,125,2.0
5,origin,21,85,59,56,85,76,124,2.0
5,origin,22,85,58,57,83,77,123,2.5
5,origin,23,76,72,52,84,87,113,2.0
5,origin,24,87,55,58,87,75,125,2.0
5,origin,25,74,72,54,80,91,109,2.0
5,origin,26,91,49,60,83,71,129,3.0
5,origin,27,80,60,60,82,87,113,2.0
5,origin,28,79,67,54,83,86,114,2.0
5,origin,29,86,58,56,76,87,113,3.0
5,origin,30,78,67,55,93,77,123,2.0
5,origin,31,80,69,51,76,92,108,2.0
5,origin,32,74,69,57,91,80,120,2.0
5,origin,33,77,70,53,88,79,121,2.0
5,origin,34,88,62,50,82,73,127,2.5
5,origin,35,79,66,55,91,73,127,2.0
5,origin,36,82,63,55,95,66,134,2.0
5,origin,37,85,60,55,93,67,133,2.0
5,origin,38,89,47,64,90,77,123,2.0
5,origin,39,86,63,51,79,76,124,2.0
5,origin,40,87,58,55,89,69,131,2.0
5,origin,41,75,74,51,76,93,107,2.8999999999999986
5,origin,42,73,75,52,91,82,118,2.0
5,origin,43,77,68,55,80,92,108,2.0
5,origin,44,76,71,53,72,101,99,2.0
5,origin,45,77,70,53,83,86,114,2.0
5,origin,46,83,63,54,86,73,127,2.5
5,origin,47,82,59,59,87,83,117,2.3000000000000043
5,origin,48,79,62,59,81,92,108,2.0
5,origin,49,81,60,59,91,78,122,2.0
5,origin,50,80,64,56,89,80,120,2.0
5,origin,51,76,69,55,83,83,117,2.0
5,origin,52,76,72,52,91,76,124,2.0
5,origin,53,93,46,61,77,83,117,3.0
5,origin,54,75,67,58,88,87,113,2.0
5,origin,55,74,72,54,83,87,113,2.0
5,origin,56,78,72,50,80,90,110,2.0
5,origin,57,88,56,56,91,58,142,3.0
5,origin,58,72,76,52,81,92,108,2.0
5,origin,59,86,58,56,85,68,132,4.0
5,origin,60,84,57,59,84,82,118,2.5
5,origin,61,81,64,55,92,72,128,2.0
5,origin,62,77,71,52,76,87,113,2.0
5,origin,63,86,50,64,89,75,125,2.0
5,origin,64,86,58,56,84,78,122,3.0
5,origin,65,89,55,56,89,62,138,3.0
5,origin,66,81,64,55,88,76,124,3.0
5,origin,67,83,63,54,79,81,119,2.0
5,origin,68,84,58,58,89,72,128,2.0
5,origin,69,81,58,61,88,72,128,2.0
5,origin,70,81,64,55,83,83,117,2.0
5,origin,71,78,68,54,74,91,109,2.0
5,origin,72,88,50,62,89,64,136,3.0
5,origin,73,85,56,59,88,79,121,2.0
5,origin,74,79,66,55,85,81,119,3.0
5,origin,75,75,71,54,78,94,106,2.0
5,origin,76,84,68,48,83,76,124,2.0
5,origin,77,72,77,51,91,81,119,2.0
5,origin,78,83,59,58,95,70,130,2.0
5,origin,79,77,70,53,86,79,121,2.0
5,origin,80,79,65,56,84,83,117,2.0
5,origin,81,81,66,53,78,92,108,3.0
5,origin,82,79,71,50,82,83,117,2.0
5,origin,83,81,65,54,91,74,126,2.0
5,origin,84,77,73,50,77,86,114,2.0
5,origin,85,82,62,56,83,88,112,2.0
5,origin,86,73,68,59,92,76,124,2.0
5,origin,87,85,63,52,92,67,133,2.0
5,origin,88,83,55,62,86,79,121,2.0
5,origin,89,83,60,57,89,76,124,2.1000000000000014
5,origin,90,78,71,51,86,77,123,2.0
5,origin,91,80,66,54,88,74,126,3.0
5,origin,92,72,72,56,91,85,115,2.0
5,origin,93,74,68,58,91,79,121,2.0
5,origin,94,80,67,53,90,66,134,2.0
5,origin,95,81,62,57,86,79,121,2.0
5,origin,96,80,66,54,79,84,116,2.6000000000000014
5,origin,97,78,70,52,92,70,130,2.0
5,origin,98,74,71,55,85,89,111,2.0
5,origin,99,81,60,59,83,89,111,2.0
5,origin,100,76,70,54,93,76,124,2.0
5,origin,101,81,61,58,74,97,103,3.0
5,origin,102,84,58,58,84,77,123,2.0
5,origin,103,76,70,54,83,85,115,2.0
5,origin,104,81,64,55,74,93,107,2.0
5,origin,105,83,63,54,94,67,133,2.0
5,origin,106,75,73,52,83,85,115,2.0
5,origin,107,77,70,53,85,78,122,2.0
5,origin,108,91,56,53,78,77,123,3.0
5,origin,109,76,69,55,86,89,111,2.0
5,origin,110,88,60,52,93,62,138,3.0
5,origin,111,75,72,53,82,82,118,2.200000000000003
5,origin,112,78,65,57,89,79,121,2.0
5,origin,113,83,63,54,80,81,119,3.0
5,origin,114,85,63,52,77,84,116,3.0
5,origin,115,87,57,56,89,67,133,3.0
5,origin,116,80,65,55,81,85,115,2.8000000000000043
5,origin,117,89,51,60,78,84,116,3.0
5,origin,118,81,66,53,91,66,134,3.0
5,origin,119,73,74,53,87,80,120,2.200000000000003
5,origin,120,88,60,52,78,74,126,3.0
5,origin,121,86,58,56,78,83,117,3.0
5,origin,122,79,65,56,83,82,118,2.0
5,origin,123,81,62,57,90,68,132,3.0
5,origin,124,75,70,55,76,98,102,2.0
5,origin,125,83,65,52,71,93,107,3.0
5,origin,126,79,68,53,84,81,119,3.0
5,origin,127,78,71,51,94,69,131,2.0
5,origin,128,80,62,58,83,87,113,2.0
5,origin,129,81,63,56,82,82,118,2.5
5,origin,130,71,76,53,82,92,108,3.0
5,origin,131,80,62,58,91,78,122,2.0
5,origin,132,77,67,56,80,92,108,2.0
5,origin,133,83,61,56,83,80,120,3.0
5,origin,134,82,61,57,84,78,122,3.0
5,origin,135,80,64,56,80,90,110,2.0
5,origin,136,79,62,59,92,75,125,2.0
5,origin,137,82,63,55,87,75,125,3.0
5,origin,138,83,58,59,88,82,118,2.0
5,origin,139,78,64,58,88,83,117,2.0
5,origin,140,81,61,58,92,74,126,3.0
5,origin,141,85,58,57,86,74,126,2.0
5,origin,142,78,68,54,86,80,120,2.0
5,origin,143,79,67,54,84,85,115,2.0
5,origin,144,78,66,56,92,74,126,2.0
5,origin,145,78,68,54,80,92,108,2.0
5,origin,146,85,59,56,91,69,131,2.0
5,origin,147,84,63,53,90,63,137,3.0
5,origin,148,73,75,52,81,91,109,2.0
5,origin,149,79,69,52,80,82,118,3.0
5,origin,150,77,66,57,85,84,116,2.0
5,origin,151,83,65,52,78,84,116,2.0
5,origin,152,83,57,60,89,81,119,2.0
5,origin,153,90,48,62,87,69,131,3.0
5,origin,154,81,67,52,78,79,121,3.0
5,origin,155,83,67,50,75,88,112,2.0
5,origin,156,83,64,53,83,79,121,3.0
5,origin,157,78,65,57,82,84,116,2.0
5,origin,158,72,78,50,76,94,106,3.0
5,origin,159,80,65,55,90,72,128,2.0
5,origin,160,81,60,59,90,76,124,2.0
5,origin,161,88,56,56,77,80,120,3.0
5,origin,162,85,56,59,83,81,119,3.0
5,origin,163,73,76,51,85,85,115,2.0
5,origin,164,75,70,55,83,83,117,2.0
5,origin,165,85,56,59,85,82,118,2.0
5,origin,166,84,58,58,80,87,113,2.0
5,origin,167,83,58,59,86,83,117,2.0
5,origin,168,75,71,54,78,91,109,2.0
5,origin,169,85,60,55,81,85,115,3.0
5,origin,170,85,63,52,80,77,123,2.700000000000003
5,origin,171,83,62,55,83,77,123,3.0
5,origin,172,85,58,57,96,59,141,3.0
5,origin,173,78,66,56,86,82,118,2.0
5,origin,174,80,63,57,89,73,127,2.0
5,origin,175,78,66,56,96,73,127,2.0
5,origin,176,78,64,58,88,78,122,2.0
5,origin,177,87,58,55,78,77,123,3.0
5,origin,178,76,72,52,88,83,117,2.0
5,origin,179,87,60,53,80,76,124,2.3999999999999986
5,origin,180,86,54,60,83,77,123,2.0
5,origin,181,75,75,50,81,84,116,2.0
5,origin,182,91,46,63,86,73,127,2.200000000000003
5,origin,183,84,59,57,71,89,111,3.0
5,origin,184,82,59,59,82,87,113,2.0
5,origin,185,74,74,52,80,92,108,2.0
5,origin,186,78,68,54,93,71,129,2.0
5,origin,187,78,74,48,78,85,115,2.6000000000000014
5,origin,188,73,75,52,84,85,115,2.0
5,origin,189,79,65,56,84,84,116,2.0
5,origin,190,76,68,56,83,87,113,2.0
5,origin,191,79,70,51,92,65,135,3.0
5,origin,192,76,67,57,85,83,117,2.0
5,origin,193,82,61,57,91,74,126,2.0
5,origin,194,93,52,55,89,67,133,3.0
5,origin,195,86,52,62,83,85,115,2.200000000000003
5,origin,196,87,56,57,72,87,113,3.0
5,origin,197,91,48,61,86,70,130,3.0
5,origin,198,84,55,61,83,75,125,2.6000000000000014
5,origin,199,82,60,58,87,79,121,2.0
5,origin,200,81,61,58,82,86,114,2.0
5,origin,201,78,70,52,81,84,116,3.0
5,origin,202,84,61,55,81,83,117,2.0
5,origin,203,91,55,54,86,64,136,2.0
5,origin,204,76,66,58,84,85,115,2.0
5,origin,205,81,64,55,83,78,122,2.8999999999999986
5,origin,206,84,56,60,90,74,126,3.0
5,origin,207,73,71,56,88,86,114,2.0
5,origin,208,78,69,53,79,88,112,3.0
5,origin,209,72,75,53,95,79,121,2.0
5,origin,210,86,56,58,78,90,110,2.200000000000003
5,origin,211,87,55,58,85,74,126,3.0
5,origin,212,79,67,54,90,72,128,2.8999999999999986
5,origin,213,83,55,62,79,95,105,2.0
5,origin,214,81,65,54,79,84,116,2.0
5,origin,215,80,68,52,79,86,114,2.0
5,origin,216,81,67,52,90,71,129,2.700000000000003
5,origin,217,77,69,54,85,84,116,2.0
5,origin,218,85,60,55,75,87,113,2.0
5,origin,219,82,57,61,88,75,125,2.0
5,origin,220,94,48,58,82,70,130,2.8000000000000043
5,origin,221,77,68,55,90,75,125,2.0
5,origin,222,89,48,63,85,76,124,2.0
5,origin,223,85,57,58,82,81,119,2.0
5,origin,224,81,63,56,89,77,123,2.3000000000000043
5,origin,225,79,61,60,78,96,104,3.0
5,origin,226,79,58,63,93,75,125,2.0
5,origin,227,71,77,52,85,86,114,2.0
5,origin,228,76,67,57,86,85,115,2.0
5,origin,229,84,59,57,89,76,124,2.0
5,origin,230,82,56,62,93,77,123,2.0
5,origin,231,78,69,53,88,75,125,2.0
5,origin,232,83,55,62,89,78,122,2.0
5,origin,233,88,54,58,83,73,127,3.0
5,origin,234,76,71,53,88,78,122,2.0
5,origin,235,78,71,51,76,92,108,2.0
5,origin,236,79,66,55,90,81,119,2.0
5,origin,237,82,66,52,87,76,124,2.0
5,origin,238,77,63,60,91,84,116,2.0
5,origin,239,82,62,56,85,80,120,2.0
5,origin,240,87,51,62,81,87,113,2.0
5,origin,241,76,68,56,90,81,119,2.6000000000000014
5,origin,242,80,64,56,83,86,114,2.0
5,origin,243,75,72,53,76,94,106,2.200000000000003
5,origin,244,78,67,55,90,78,122,2.0
5,origin,245,80,60,60,89,82,118,2.0
5,origin,246,80,65,55,77,83,117,2.0
5,origin,247,71,80,49,83,86,114,2.0
5,origin,248,76,66,58,77,98,102,2.0
5,origin,249,88,50,62,91,69,131,2.0
5,origin,250,86,58,56,82,76,124,2.200000000000003
5,origin,251,89,55,56,93,62,138,2.200000000000003
5,origin,252,79,67,54,94,68,132,2.0
5,origin,253,81,62,57,77,85,115,3.0
5,origin,254,83,59,58,82,83,117,2.3999999999999986
5,origin,255,79,68,53,84,86,114,2.0
5,origin,256,82,62,56,97,66,134,2.0
5,origin,257,78,67,55,91,78,122,2.0
5,origin,258,74,74,52,75,90,110,2.0
5,origin,259,81,59,60,86,81,119,2.700000000000003
5,origin,260,76,76,48,81,84,116,2.0
5,origin,261,79,70,51,89,72,128,3.0
5,origin,262,82,61,57,78,88,112,2.0
5,origin,263,82,64,54,85,72,128,3.0
5,origin,264,72,71,57,84,91,109,2.0
5,origin,265,68,77,55,91,87,113,2.0
5,origin,266,83,62,55,87,74,126,2.0
5,origin,267,81,60,59,80,93,107,2.0
5,origin,268,76,69,55,86,81,119,2.0
5,origin,269,72,77,51,86,85,115,2.0
5,origin,270,75,69,56,96,67,133,2.0
5,origin,271,83,62,55,90,69,131,3.0
5,origin,272,81,64,55,78,93,107,2.0
5,origin,273,78,73,49,86,74,126,3.0
5,origin,274,83,62,55,80,80,120,2.700000000000003
5,origin,275,84,58,58,83,79,121,2.6000000000000014
5,origin,276,83,61,56,86,74,126,3.0
5,origin,277,82,65,53,82,80,120,2.0
5,origin,278,77,69,54,83,82,118,2.0
5,origin,279,88,60,52,71,79,121,3.0
5,origin,280,83,60,57,87,73,127,2.0
5,origin,281,88,56,56,75,84,116,3.0
5,origin,282,79,66,55,81,85,115,2.0
5,origin,283,68,78,54,85,94,106,2.0
5,origin,284,77,69,54,82,86,114,2.0
5,origin,285,76,72,52,84,83,117,3.0
5,origin,286,82,63,55,84,81,119,2.0
5,origin,287,82,59,59,83,88,112,3.0
5,origin,288,76,69,55,82,89,111,2.0
5,origin,289,80,57,63,79,95,105,2.0
5,origin,290,81,67,52,89,70,130,2.0
5,origin,291,83,60,57,85,80,120,3.0
5,origin,292,86,57,57,74,80,120,3.0
5,origin,293,91,48,61,84,78,122,3.0
5,origin,294,84,59,57,87,78,122,2.0
5,origin,295,77,73,50,86,75,125,2.1000000000000014
5,origin,296,90,53,57,85,71,129,3.0
5,origin,297,81,63,56,85,83,117,2.0
5,origin,298,80,64,56,91,74,126,2.0
5,origin,299,82,58,60,83,85,115,2.200000000000003
5,origin,300,73,70,57,83,91,109,2.200000000000003
5,event,1,85,59,56,84,76,124,3.0
5,event,2,90,57,53,82,71,129,3.0
5,event,3,75,74,51,85,81,119,2.0
5,event,4,82,61,57,77,93,107,2.0
5,event,5,83,58,59,83,82,118,2.3999999999999986
5,event,6,86,57,57,86,79,121,2.0
5,event,7,76,70,54,93,73,127,2.0
5,event,8,92,51,57,87,67,133,3.0
5,event,9,85,61,54,83,78,122,2.0
5,event,10,86,53,61,81,80,120,3.0
5,event,11,94,46,60,85,72,128,3.0
5,event,12,82,58,60,82,87,113,2.0
5,event,13,79,61,60,90,79,121,2.0
5,event,14,86,56,58,85,75,125,3.0
5,event,15,84,59,57,91,72,128,2.3999999999999986
5,event,16,83,59,58,78,87,113,2.6000000000000014
5,event,17,83,57,60,95,66,134,2.0
5,event,18,81,69,50,86,71,129,2.0
5,event,19,80,64,56,82,86,114,2.0
5,event,20,87,57,56,82,75,125,2.0
5,event,21,85,59,56,85,76,124,2.0
5,event,22,86,57,57,83,76,124,3.0
5,event,23,76,72,52,84,87,113,2.0
5,event,24,87,55,58,87,75,125,2.0
5,event,25,74,72,54,80,91,109,2.0
5,event,26,91,49,60,83,71,129,3.0
5,event,27,80,60,60,82,87,113,2.0
5,event,28,79,67,54,83,86,114,2.0
5,event,29,86,58,56,76,87,113,3.0
5,event,30,78,67,55,93,77,123,2.0
5,event,31,80,69,51,76,92,108,2.0
5,event,32,74,69,57,91,80,120,2.0
5,event,33,77,70,53,88,79,121,2.0
5,event,34,88,62,50,82,73,127,2.5
5,event,35,79,66,55,91,73,127,2.0
5,event,36,82,63,55,95,66,134,2.0
5,event,37,85,60,55,93,67,133,2.0
5,event,38,89,47,64,90,77,123,2.0
5,event,39,86,63,51,79,76,124,2.0
5,event,40,87,58,55,89,69,131,2.0
5,event,41,75,73,52,77,92,108,2.8999999999999986
5,event,42,73,75,52,90,83,117,2.0
5,event,43,77,68,55,80,92,108,2.0
5,event,44,76,71,53,72,101,99,2.0
5,event,45,77,70,53,83,86,114,2.0
5,event,46,83,63,54,86,73,127,2.5
5,event,47,82,59,59,87,83,117,2.3000000000000043
5,event,48,79,62,59,81,92,108,2.0
5,event,49,81,60,59,91,78,122,2.0
5,event,50,80,65,55,87,81,119,2.0
5,event,51,76,69,55,83,83,117,2.0
5,event,52,76,72,52,91,76,124,2.0
5,event,53,93,46,61,77,83,117,3.0
5,event,54,75,67,58,88,87,113,2.0
5,event,55,75,70,55,83,87,113,2.0
5,event,56,79,70,51,79,91,109,2.0
5,event,57,88,56,56,91,58,142,3.0
5,event,58,73,74,53,81,92,108,2.0
5,event,59,86,58,56,85,68,132,4.0
5,event,60,84,57,59,84,82,118,2.5
5,event,61,81,64,55,92,72,128,2.0
5,event,62,77,70,53,76,87,113,2.0
5,event,63,86,50,64,89,75,125,2.0
5,event,64,86,58,56,84,78,122,3.0
5,event,65,89,55,56,89,62,138,3.0
5,event,66,81,64,55,88,76,124,3.0
5,event,67,83,63,54,79,81,119,2.0
5,event,68,84,58,58,89,72,128,2.0
5,event,69,81,58,61,88,72,128,2.0
5,event,70,81,64,55,83,83,117,2.0
5,event,71,78,68,54,74,91,109,2.0
5,event,72,88,50,62,89,64,136,3.0
5,event,73,85,56,59,88,79,121,2.0
5,event,74,79,66,55,85,81,119,3.0
5,event,75,73,73,54,80,93,107,2.0
5,event,76,84,68,48,83,76,124,2.0
5,event,77,72,77,51,91,81,119,2.0
5,event,78,83,59,58,95,70,130,2.0
5,event,79,77,70,53,86,79,121,2.0
5,event,80,79,65,56,84,83,117,2.0
5,event,81,81,66,53,78,92,108,3.0
5,event,82,79,71,50,82,83,117,2.0
5,event,83,82,63,55,90,75,125,2.0
5,event,84,78,73,49,75,87,113,2.0
5,event,85,82,62,56,83,88,112,2.0
5,event,86,73,68,59,92,76,124,2.0
5,event,87,85,63,52,92,67,133,2.0
5,event,88,82,56,62,87,79,121,2.0
5,event,89,83,60,57,89,76,124,2.1000000000000014
5,event,90,78,71,51,86,76,124,2.0
5,event,91,80,66,54,88,74,126,3.0
5,event,92,72,72,56,90,87,113,2.0
5,event,93,74,67,59,92,79,121,2.0
5,event,94,81,66,53,89,66,134,2.0
5,event,95,81,62,57,86,79,121,2.0
5,event,96,80,66,54,78,85,115,2.6000000000000014
5,event,97,78,70,52,92,70,130,2.0
5,event,98,74,71,55,85,89,111,2.0
5,event,99,81,60,59,82,90,110,2.0
5,event,100,77,68,55,92,77,123,2.0
5,event,101,81,61,58,74,97,103,3.0
5,event,102,84,58,58,84,77,123,2.0
5,event,103,77,69,54,82,86,114,2.0
5,event,104,80,66,54,73,94,106,2.0
5,event,105,81,65,54,95,68,132,2.0
5,event,106,75,73,52,83,85,115,2.0
5,event,107,78,69,53,84,77,123,2.0
5,event,108,90,57,53,79,77,123,3.0
5,event,109,76,69,55,86,89,111,2.0
5,event,110,88,61,51,92,62,138,3.0
5,event,111,75,72,53,82,82,118,2.1000000000000014
5,event,112,78,66,56,88,78,122,2.0
5,event,113,84,62,54,79,82,118,3.0
5,event,114,84,63,53,78,84,116,3.0
5,event,115,86,60,54,89,67,133,3.0
5,event,116,80,65,55,82,84,116,2.8000000000000043
5,event,117,89,52,59,78,84,116,3.0
5,event,118,81,66,53,91,66,134,3.0
5,event,119,73,74,53,87,80,120,2.200000000000003
5,event,120,88,60,52,78,74,126,3.0
5,event,121,86,59,55,77,84,116,3.0
5,event,122,80,65,55,80,84,116,2.0
5,event,123,81,62,57,90,68,132,3.0
5,event,124,75,70,55,76,98,102,2.0
5,event,125,82,67,51,71,94,106,3.0
5,event,126,80,66,54,83,82,118,3.0
5,event,127,79,69,52,94,69,131,2.0
5,event,128,80,62,58,83,88,112,2.0
5,event,129,80,65,55,83,81,119,2.6000000000000014
5,event,130,71,77,52,82,92,108,2.3999999999999986
5,event,131,81,61,58,90,78,122,2.0
5,event,132,77,66,57,81,91,109,2.0
5,event,133,83,61,56,83,80,120,3.0
5,event,134,81,62,57,85,78,122,3.0
5,event,135,80,64,56,79,89,111,2.0
5,event,136,79,62,59,92,75,125,2.0
5,event,137,81,64,55,86,77,123,3.0
5,event,138,83,58,59,87,83,117,2.0
5,event,139,79,62,59,87,83,117,2.0
5,event,140,82,60,58,90,76,124,3.0
5,event,141,85,58,57,86,74,126,2.0
5,event,142,78,68,54,87,80,120,2.0
5,event,143,79,67,54,84,85,115,2.0
5,event,144,78,64,58,92,74,126,2.0
5,event,145,78,67,55,80,92,108,2.0
5,event,146,84,61,55,92,68,132,2.0
5,event,147,84,62,54,90,64,136,3.0
5,event,148,74,72,54,80,93,107,2.0
5,event,149,79,69,52,80,82,118,3.0
5,event,150,77,66,57,86,83,117,2.0
5,event,151,82,67,51,79,84,116,2.0
5,event,152,83,57,60,89,81,119,2.0
5,event,153,90,48,62,87,69,131,3.0
5,event,154,80,69,51,78,82,118,3.0
5,event,155,83,66,51,75,88,112,2.0
5,event,156,83,65,52,83,79,121,3.0
5,event,157,79,64,57,81,85,115,2.0
5,event,158,72,78,50,75,95,105,3.0
5,event,159,79,66,55,91,70,130,2.0
5,event,160,81,59,60,90,77,123,2.0
5,event,161,88,56,56,77,80,120,3.0
5,event,162,85,56,59,83,81,119,3.0
5,event,163,73,76,51,85,85,115,2.0
5,event,164,75,71,54,83,84,116,2.0
5,event,165,85,56,59,85,82,118,2.0
5,event,166,84,59,57,80,85,115,2.0
5,event,167,84,57,59,85,83,117,2.0
5,event,168,75,72,53,77,92,108,2.0
5,event,169,84,62,54,80,86,114,3.0
5,event,170,85,63,52,80,77,123,2.700000000000003
5,event,171,84,60,56,82,78,122,3.0
5,event,172,87,56,57,94,59,141,3.0
5,event,173,78,67,55,86,82,118,2.0
5,event,174,81,60,59,88,73,127,2.0
5,event,175,78,66,56,96,73,127,2.0
5,event,176,78,65,57,88,78,122,2.0
5,event,177,87,59,54,77,78,122,3.0
5,event,178,76,72,52,88,83,117,2.0
5,event,179,87,59,54,80,77,123,2.3999999999999986
5,event,180,86,55,59,82,77,123,2.0
5,event,181,74,77,49,82,83,117,2.0
5,event,182,91,46,63,86,73,127,2.200000000000003
5,event,183,84,59,57,71,89,111,3.0
5,event,184,82,59,59,82,87,113,2.0
5,event,185,74,74,52,79,93,107,2.0
5,event,186,79,66,55,91,72,128,2.0
5,event,187,77,75,48,79,85,115,2.700000000000003
5,event,188,73,76,51,84,86,114,2.0
5,event,189,80,63,57,85,83,117,2.0
5,event,190,76,68,56,83,88,112,2.0
5,event,191,79,70,51,92,65,135,3.0
5,event,192,76,68,56,84,83,117,2.0
5,event,193,83,58,59,91,74,126,2.5
5,event,194,93,51,56,89,67,133,3.0
5,event,195,84,55,61,83,86,114,2.200000000000003
5,event,196,88,55,57,71,87,113,3.0
5,event,197,90,49,61,88,70,130,3.0
5,event,198,83,56,61,83,76,124,2.700000000000003
5,event,199,81,61,58,88,79,121,2.0
5,event,200,80,61,59,82,87,113,2.0
5,event,201,78,70,52,81,84,116,3.0
5,event,202,84,62,54,80,81,119,2.0
5,event,203,89,57,54,89,64,136,2.0
5,event,204,76,66,58,83,87,113,2.0
5,event,205,80,66,54,83,79,121,2.8999999999999986
5,event,206,83,59,58,91,72,128,3.0
5,event,207,75,70,55,85,88,112,2.0
5,event,208,80,66,54,78,89,111,3.0
5,event,209,71,76,53,96,79,121,2.0
5,event,210,86,56,58,78,90,110,2.200000000000003
5,event,211,84,62,54,86,75,125,3.0
5,event,212,81,64,55,87,73,127,3.0
5,event,213,81,59,60,78,96,104,2.0
5,event,214,81,66,53,78,84,116,2.0
5,event,215,79,70,51,78,86,114,2.0
5,event,216,81,67,52,89,72,128,2.700000000000003
5,event,217,76,70,54,86,83,117,2.0
5,event,218,85,58,57,75,87,113,2.0
5,event,219,81,58,61,89,75,125,2.0
5,event,220,95,47,58,81,71,129,2.8000000000000043
5,event,221,80,65,55,87,76,124,2.0
5,event,222,89,47,64,86,75,125,2.0
5,event,223,85,57,58,82,81,119,2.0
5,event,224,82,62,56,88,77,123,2.200000000000003
5,event,225,75,67,58,81,93,107,2.3999999999999986
5,event,226,74,67,59,94,79,121,2.0
5,event,227,72,76,52,84,87,113,2.0
5,event,228,76,67,57,86,85,115,2.0
5,event,229,82,63,55,89,77,123,2.0
5,event,230,83,55,62,93,76,124,2.0
5,event,231,78,69,53,88,75,125,2.0
5,event,232,82,57,61,89,78,122,2.0
5,event,233,88,54,58,83,74,126,3.0
5,event,234,73,76,51,88,79,121,2.0
5,event,235,78,71,51,73,94,106,2.0
5,event,236,79,66,55,89,84,116,2.0
5,event,237,80,68,52,88,77,123,2.0
5,event,238,78,61,61,89,85,115,2.0
5,event,239,82,62,56,84,81,119,2.0
5,event,240,87,50,63,81,88,112,2.0
5,event,241,77,67,56,89,81,119,2.6000000000000014
5,event,242,80,64,56,82,87,113,2.0
5,event,243,74,72,54,77,93,107,2.3999999999999986
5,event,244,78,67,55,90,78,122,2.0
5,event,245,79,63,58,89,82,118,2.0
5,event,246,80,65,55,77,83,117,2.0
5,event,247,71,79,50,83,86,114,2.0
5,event,248,76,67,57,77,98,102,2.0
5,event,249,89,48,63,90,68,132,2.0
5,event,250,86,58,56,82,76,124,2.200000000000003
5,event,251,89,55,56,92,62,138,2.200000000000003
5,event,252,80,64,56,91,72,128,2.0
5,event,253,81,62,57,76,86,114,3.0
5,event,254,83,59,58,82,83,117,2.3999999999999986
5,event,255,79,68,53,83,86,114,2.0
5,event,256,82,61,57,96,66,134,2.0
5,event,257,77,67,56,92,78,122,2.0
5,event,258,74,74,52,74,91,109,2.0
5,event,259,82,56,62,85,81,119,2.6000000000000014
5,event,260,79,70,51,78,85,115,2.5
5,event,261,79,70,51,89,72,128,3.0
5,event,262,82,61,57,78,88,112,2.0
5,event,263,84,62,54,83,72,128,3.0
5,event,264,72,71,57,85,90,110,2.0
5,event,265,67,78,55,91,88,112,2.0
5,event,266,82,63,55,88,74,126,2.0
5,event,267,81,60,59,80,93,107,2.0
5,event,268,77,67,56,86,80,120,2.0
5,event,269,72,78,50,85,86,114,2.0
5,event,270,76,69,55,95,68,132,2.0
5,event,271,81,64,55,92,68,132,3.0
5,event,272,81,64,55,78,93,107,2.0
5,event,273,77,75,48,86,74,126,3.0
5,event,274,83,62,55,80,80,120,2.700000000000003
5,event,275,83,58,59,84,80,120,2.5
5,event,276,84,60,56,85,74,126,3.0
5,event,277,81,67,52,82,80,120,2.8000000000000043
5,event,278,77,68,55,81,83,117,2.0
5,event,279,89,58,53,71,79,121,3.0
5,event,280,83,60,57,88,72,128,2.0
5,event,281,83,60,57,78,85,115,3.0
5,event,282,79,66,55,81,87,113,2.0
5,event,283,68,77,55,85,95,105,2.0
5,event,284,77,70,53,81,87,113,2.0
5,event,285,76,72,52,83,83,117,3.0
5,event,286,82,63,55,84,81,119,2.0
5,event,287,82,58,60,83,88,112,3.0
5,event,288,76,71,53,80,89,111,2.0
5,event,289,78,62,60,80,95,105,2.0
5,event,290,81,67,52,90,70,130,2.0
5,event,291,83,59,58,85,81,119,3.0
5,event,292,84,59,57,75,81,119,3.0
5,event,293,90,49,61,85,78,122,3.0
5,event,294,84,59,57,87,78,122,2.0
5,event,295,78,72,50,84,76,124,2.0
5,event,296,90,54,56,84,72,128,3.0
5,event,297,80,64,56,85,84,116,2.0
5,event,298,79,66,55,90,75,125,2.0
5,event,299,84,56,60,81,85,115,2.1000000000000014
5,event,300,73,70,57,84,90,110,2.200000000000003
6,origin,1,79,60,61,91,84,116,2.0
6,origin,2,79,65,56,88,80,120,3.0
6,origin,3,79,69,52,90,73,127,2.0
6,origin,4,93,48,59,81,72,128,2.3000000000000043
6,origin,5,76,68,56,84,82,118,2.0
6,origin,6,79,65,56,94,69,131,2.0
6,origin,7,82,65,53,83,78,122,2.0
6,origin,8,77,66,57,89,80,120,2.0
6,origin,9,68,79,53,90,87,113,2.0
6,origin,10,88,54,58,90,68,132,3.0
6,origin,11,82,65,53,83,84,116,2.0
6,origin,12,90,51,59,85,66,134,3.0
6,origin,13,79,63,58,86,82,118,2.0
6,origin,14,79,65,56,81,88,112,2.0
6,origin,15,79,70,51,85,79,121,2.0
6,origin,16,88,52,60,81,80,120,2.0
6,origin,17,89,52,59,81,81,119,3.0
6,origin,18,84,63,53,76,85,115,2.0
6,origin,19,80,67,53,80,87,113,2.0
6,origin,20,82,62,56,91,74,126,2.5
6,origin,21,82,68,50,83,74,126,2.700000000000003
6,origin,22,72,72,56,94,81,119,2.0
6,origin,23,84,63,53,84,75,125,2.0
6,origin,24,78,69,53,78,85,115,2.1000000000000014
6,origin,25,80,59,61,94,76,124,2.0
6,origin,26,84,60,56,86,74,126,2.6000000000000014
6,origin,27,82,69,49,87,71,129,3.0
6,origin,28,76,70,54,86,85,115,2.3999999999999986
6,origin,29,86,59,55,84,76,124,2.0
6,origin,30,82,69,49,78,84,116,2.700000000000003
6,origin,31,80,69,51,82,82,118,2.0
6,origin,32,73,76,51,85,87,113,2.0
6,origin,33,81,64,55,84,82,118,2.0
6,origin,34,85,54,61,93,66,134,2.5
6,origin,35,85,58,57,85,78,122,3.0
6,origin,36,84,56,60,88,80,120,3.0
6,origin,37,74,76,50,83,85,115,2.3000000000000043
6,origin,38,86,59,55,88,72,128,2.0
6,origin,39,84,63,53,79,83,117,3.0
6,origin,40,85,58,57,80,87,113,2.0
6,origin,41,84,61,55,78,86,114,2.3000000000000043
6,origin,42,82,62,56,84,83,117,2.0
6,origin,43,83,57,60,81,88,112,2.0
6,origin,44,81,65,54,82,86,114,2.0
6,origin,45,78,69,53,76,85,115,3.0
6,origin,46,78,69,53,76,89,111,2.0
6,origin,47,70,75,55,79,98,102,2.0
6,origin,48,75,71,54,81,87,113,2.0
6,origin,49,77,62,61,84,94,106,2.0
6,origin,50,78,67,55,81,87,113,2.0
6,origin,51,77,65,58,83,87,113,2.0
6,origin,52,85,60,55,87,71,129,2.0
6,origin,53,80,62,58,83,82,118,2.0
6,origin,54,79,68,53,81,79,121,3.0
6,origin,55,76,72,52,86,83,117,2.0
6,origin,56,81,65,54,77,86,114,2.0
6,origin,57,87,59,54,77,87,113,3.0
6,origin,58,78,65,57,87,80,120,3.0
6,origin,59,78,67,55,92,72,128,2.0
6,origin,60,82,56,62,91,75,125,2.0
6,origin,61,83,68,49,75,84,116,3.0
6,origin,62,86,53,61,85,71,129,3.0
6,origin,63,82,62,56,78,92,108,2.3999999999999986
6,origin,64,83,61,56,88,74,126,3.0
6,origin,65,82,62,56,83,78,122,3.0
6,origin,66,90,58,52,75,79,121,3.0
6,origin,67,84,61,55,78,84,116,2.0
6,origin,68,78,67,55,87,75,125,3.0
6,origin,69,82,63,55,83,84,116,2.0
6,origin,70,82,57,61,80,93,107,2.6000000000000014
6,origin,71,74,74,52,85,84,116,2.0
6,origin,72,84,63,53,81,84,116,3.0
6,origin,73,81,62,57,85,78,122,2.0
6,origin,74,82,65,53,77,83,117,2.0
6,origin,75,77,65,58,91,82,118,2.0
6,origin,76,76,67,57,102,65,135,2.0
6,origin,77,81,59,60,82,88,112,2.0
6,origin,78,81,61,58,82,85,115,2.0
6,origin,79,82,66,52,83,79,121,3.0
6,origin,80,82,63,55,89,75,125,2.0
6,origin,81,79,60,61,85,90,110,2.0
6,origin,82,87,59,54,75,84,116,3.0
6,origin,83,81,63,56,87,74,126,2.0
6,origin,84,94,52,54,73,81,119,3.0
6,origin,85,77,66,57,92,84,116,2.0
6,origin,86,83,62,55,84,79,121,2.3999999999999986
6,origin,87,79,62,59,90,81,119,2.0
6,origin,88,76,75,49,86,81,119,2.0
6,origin,89,74,68,58,87,89,111,2.0
6,origin,90,83,62,55,81,81,119,3.0
6,origin,91,84,58,58,84,81,119,3.0
6,origin,92,83,58,59,76,89,111,2.0
6,origin,93,86,55,59,86,75,125,2.0
6,origin,94,82,68,50,84,77,123,2.0
6,origin,95,81,59,60,84,81,119,3.0
6,origin,96,84,62,54,85,75,125,2.5
6,origin,97,80,61,59,88,72,128,2.0
6,origin,98,87,54,59,83,78,122,3.0
6,origin,99,87,56,57,83,78,122,2.0
6,origin,100,88,53,59,83,77,123,2.700000000000003
6,origin,101,76,67,57,85,88,112,2.0
6,origin,102,81,61,58,85,81,119,2.0
6,origin,103,82,57,61,85,84,116,2.0
6,origin,104,82,65,53,81,77,123,3.0
6,origin,105,77,67,56,84,85,115,2.0
6,origin,106,77,69,54,80,89,111,2.0
6,origin,107,76,71,53,74,91,109,2.1000000000000014
6,origin,108,87,54,59,87,73,127,3.0
6,origin,109,78,71,51,92,70,130,2.0
6,origin,110,80,64,56,85,83,117,2.0
6,origin,111,88,48,64,90,71,129,2.0
6,origin,112,84,54,62,91,80,120,2.0
6,origin,113,76,71,53,86,80,120,3.0
6,origin,114,86,57,57,81,81,119,2.0
6,origin,115,71,77,52,86,85,115,2.0
6,origin,116,81,61,58,80,84,116,2.6000000000000014
6,origin,117,81,67,52,81,85,115,2.0
6,origin,118,80,69,51,76,91,109,2.0
6,origin,119,71,72,57,96,79,121,2.0
6,origin,120,80,61,59,86,80,120,2.5
6,origin,121,77,66,57,79,89,111,2.0
6,origin,122,80,63,57,89,82,118,2.0
6,origin,123,83,61,56,79,84,116,2.0
6,origin,124,83,61,56,90,71,129,2.6000000000000014
6,origin,125,77,67,56,88,85,115,2.0
6,origin,126,91,50,59,76,86,114,3.0
6,origin,127,80,63,57,83,82,118,2.0
6,origin,128,88,52,60,81,82,118,2.0
6,origin,129,93,45,62,84,73,127,3.0
6,origin,130,74,76,50,84,81,119,2.3000000000000043
6,origin,131,76,63,61,85,89,111,2.0
6,origin,132,83,58,59,81,91,109,2.0
6,origin,133,77,69,54,85,79,121,2.0
6,origin,134,77,69,54,82,89,111,2.0
6,origin,135,89,53,58,83,75,125,3.0
6,origin,136,82,62,56,84,79,121,2.0
6,origin,137,75,70,55,86,84,116,2.0
6,origin,138,82,61,57,86,78,122,2.3999999999999986
6,origin,139,81,66,53,78,86,114,2.0
6,origin,140,92,44,64,87,73,127,2.8999999999999986
6,origin,141,80,62,58,86,80,120,2.5
6,origin,142,73,79,48,80,81,119,3.0
6,origin,143,81,63,56,81,83,117,3.0
6,origin,144,84,62,54,79,78,122,2.0
6,origin,145,85,56,59,79,88,112,2.0
6,origin,146,81,64,55,85,80,120,2.0
6,origin,147,81,56,63,82,90,110,2.0
6,origin,148,85,55,60,89,75,125,2.0
6,origin,149,82,59,59,77,89,111,2.0
6,origin,150,82,60,58,94,69,131,2.0
6,origin,151,84,57,59,79,84,116,2.0
6,origin,152,76,74,50,74,92,108,2.0
6,origin,153,88,55,57,79,80,120,3.0
6,origin,154,81,68,51,86,71,129,3.0
6,origin,155,88,54,58,80,79,121,3.0
6,origin,156,83,59,58,87,79,121,2.0
6,origin,157,82,61,57,87,78,122,2.0
6,origin,158,84,61,55,80,86,114,2.0
6,origin,159,78,71,51,77,89,111,3.0
6,origin,160,85,57,58,88,77,123,3.0
6,origin,161,78,72,50,93,69,131,3.0
6,origin,162,75,73,52,96,72,128,2.0
6,origin,163,79,72,49,88,80,120,3.0
6,origin,164,82,65,53,79,81,119,2.700000000000003
6,origin,165,80,69,51,88,76,124,2.0
6,origin,166,81,63,56,88,74,126,3.0
6,origin,167,73,69,58,90,80,120,2.0
6,origin,168,84,63,53,85,71,129,3.0
6,origin,169,75,68,57,91,82,118,2.0
6,origin,170,84,57,59,81,84,116,2.0
6,origin,171,77,69,54,87,78,122,2.0
6,origin,172,76,69,55,94,77,123,2.0
6,origin,173,74,77,49,85,86,114,2.0
6,origin,174,91,51,58,80,76,124,3.0
6,origin,175,90,50,60,85,76,124,2.0
6,origin,176,78,72,50,85,81,119,3.0
6,origin,177,76,71,53,81,87,113,2.0
6,origin,178,84,64,52,84,72,128,3.0
6,origin,179,88,59,53,79,76,124,3.0
6,origin,180,83,64,53,81,80,120,2.5
6,origin,181,81,59,60,88,82,118,2.0
6,origin,182,88,49,63,87,77,123,2.0
6,origin,183,72,80,48,91,77,123,2.0
6,origin,184,75,69,56,88,82,118,2.0
6,origin,185,77,72,51,87,78,122,2.0
6,origin,186,80,61,59,88,81,119,2.0
6,origin,187,78,65,57,87,83,117,2.0
6,origin,188,82,66,52,79,82,118,2.0
6,origin,189,76,75,49,77,86,114,2.0
6,origin,190,72,78,50,78,89,111,2.0
6,origin,191,74,69,57,78,93,107,2.0
6,origin,192,73,73,54,80,94,106,2.0
6,origin,193,79,68,53,93,70,130,2.0
6,origin,194,76,67,57,88,82,118,2.0
6,origin,195,86,62,52,83,71,129,3.0
6,origin,196,85,59,56,77,89,111,2.5
6,origin,197,88,58,54,80,75,125,3.0
6,origin,198,80,65,55,88,80,120,2.0
6,origin,199,74,71,55,95,72,128,2.0
6,origin,200,80,63,57,83,85,115,2.0
6,origin,201,85,56,59,83,85,115,2.0
6,origin,202,78,67,55,87,80,120,2.0
6,origin,203,79,60,61,80,96,104,2.0
6,origin,204,95,45,60,79,76,124,3.0
6,origin,205,79,64,57,86,82,118,2.0
6,origin,206,76,70,54,81,93,107,2.0
6,origin,207,84,63,53,92,69,131,2.0
6,origin,208,93,45,62,77,84,116,3.0
6,origin,209,81,67,52,84,79,121,3.0
6,origin,210,83,63,54,80,80,120,2.0
6,origin,211,83,63,54,93,69,131,2.0
6,origin,212,86,55,59,85,77,123,2.0
6,origin,213,81,65,54,83,80,120,2.6000000000000014
6,origin,214,80,60,60,89,80,120,2.0
6,origin,215,83,55,62,82,88,112,2.5
6,origin,216,85,55,60,86,71,129,2.8000000000000043
6,origin,217,81,67,52,74,92,108,2.700000000000003
6,origin,218,88,57,55,82,81,119,3.0
6,origin,219,79,66,55,83,82,118,3.0
6,origin,220,83,59,58,94,75,125,2.8000000000000043
6,origin,221,83,56,61,97,67,133,2.0
6,origin,222,72,74,54,89,87,113,2.0
6,origin,223,78,70,52,86,85,115,2.0
6,origin,224,79,62,59,85,86,114,2.0
6,origin,225,81,65,54,89,73,127,2.0
6,origin,226,78,63,59,86,84,116,2.0
6,origin,227,70,75,55,81,95,105,2.0
6,origin,228,80,63,57,92,78,122,2.0
6,origin,229,79,69,52,79,84,116,2.0
6,origin,230,81,64,55,80,85,115,2.700000000000003
6,origin,231,76,71,53,78,95,105,3.0
6,origin,232,88,57,55,77,86,114,3.0
6,origin,233,78,66,56,82,88,112,2.0
6,origin,234,83,60,57,82,80,120,3.0
6,origin,235,81,64,55,82,79,121,3.0
6,origin,236,72,78,50,90,72,128,3.0
6,origin,237,81,65,54,82,84,116,2.0
6,origin,238,78,68,54,86,83,117,2.0
6,origin,239,76,69,55,85,89,111,2.0
6,origin,240,72,79,49,79,86,114,3.0
6,origin,241,81,59,60,93,73,127,2.0
6,origin,242,80,67,53,79,85,115,2.0
6,origin,243,80,63,57,71,95,105,3.0
6,origin,244,84,61,55,84,80,120,3.0
6,origin,245,87,58,55,83,76,124,2.0
6,origin,246,86,53,61,91,74,126,2.0
6,origin,247,82,61,57,79,89,111,2.0
6,origin,248,81,67,52,91,67,133,2.0
6,origin,249,79,69,52,79,85,115,3.0
6,origin,250,87,56,57,88,74,126,2.3999999999999986
6,origin,251,83,66,51,79,82,118,2.0
6,origin,252,86,55,59,89,73,127,2.0
6,origin,253,82,57,61,81,87,113,3.0
6,origin,254,84,62,54,80,85,115,2.0
6,origin,255,81,64,55,80,85,115,3.0
6,origin,256,84,61,55,79,87,113,2.8000000000000043
6,origin,257,80,66,54,85,80,120,2.0
6,origin,258,79,66,55,85,76,124,2.0
6,origin,259,88,58,54,77,77,123,3.0
6,origin,260,83,63,54,79,83,117,2.0
6,origin,261,84,64,52,77,85,115,2.0
6,origin,262,70,82,48,91,78,122,2.0
6,origin,263,86,53,61,88,75,125,2.0
6,origin,264,84,62,54,85,73,127,3.0
6,origin,265,87,61,52,69,91,109,3.0
6,origin,266,80,65,55,92,69,131,2.0
6,origin,267,79,65,56,77,86,114,2.0
6,origin,268,79,70,51,89,77,123,2.0
6,origin,269,88,57,55,93,64,136,3.0
6,origin,270,83,61,56,84,78,122,2.0
6,origin,271,88,57,55,82,73,127,3.0
6,origin,272,77,66,57,77,95,105,2.0
6,origin,273,84,54,62,88,77,123,2.5
6,origin,274,82,62,56,83,80,120,2.0
6,origin,275,82,58,60,81,84,116,2.0
6,origin,276,74,70,56,81,94,106,2.0
6,origin,277,82,65,53,83,81,119,2.6000000000000014
6,origin,278,85,61,54,83,73,127,2.5
6,origin,279,82,58,60,82,89,111,2.0
6,origin,280,80,69,51,85,78,122,2.0
6,origin,281,86,56,58,81,81,119,2.0
6,origin,282,80,59,61,86,78,122,3.0
6,origin,283,80,65,55,82,85,115,2.0
6,origin,284,89,55,56,90,68,132,3.0
6,origin,285,93,45,62,85,70,130,3.3999999999999986
6,origin,286,88,55,57,85,74,126,3.0
6,origin,287,75,72,53,88,81,119,2.0
6,origin,288,86,57,57,82,80,120,3.0
6,origin,289,81,61,58,86,84,116,2.5
6,origin,290,94,49,57,81,69,131,3.0
6,origin,291,84,60,56,85,77,123,2.3999999999999986
6,origin,292,87,56,57,87,73,127,3.0
6,origin,293,84,55,61,83,83,117,2.0
6,origin,294,85,58,57,84,79,121,3.0
6,origin,295,72,80,48,82,88,112,2.1000000000000014
6,origin,296,82,61,57,88,73,127,2.700000000000003
6,origin,297,86,61,53,81,75,125,3.0
6,origin,298,81,61,58,97,69,131,2.0
6,origin,299,71,78,51,78,93,107,2.0
6,origin,300,83,60,57,84,84,116,2.0
6,event,1,79,60,61,91,84,116,2.0
6,event,2,79,65,56,88,80,120,3.0
6,event,3,79,69,52,90,73,127,2.0
6,event,4,93,48,59,81,72,128,2.3000000000000043
6,event,5,76,69,55,84,82,118,2.0
6,event,6,79,65,56,94,69,131,2.0
6,event,7,82,65,53,83,78,122,2.0
6,event,8,77,66,57,89,80,120,2.0
6,event,9,68,79,53,90,87,113,2.0
6,event,10,88,54,58,90,68,132,3.0
6,event,11,82,65,53,83,84,116,2.0
6,event,12,90,51,59,85,66,134,3.0
6,event,13,79,63,58,86,82,118,2.0
6,event,14,79,65,56,81,88,112,2.0
6,event,15,79,70,51,85,79,121,2.0
6,event,16,88,52,60,81,80,120,2.0
6,event,17,89,52,59,81,81,119,3.0
6,event,18,84,63,53,76,85,115,2.0
6,event,19,80,67,53,80,87,113,2.0
6,event,20,82,62,56,91,74,126,2.5
6,event,21,82,68,50,83,74,126,2.700000000000003
6,event,22,72,72,56,94,81,119,2.0
6,event,23,84,63,53,84,75,125,2.0
6,event,24,78,69,53,78,85,115,2.1000000000000014
6,event,25,80,59,61,94,76,124,2.0
6,event,26,84,60,56,86,74,126,2.6000000000000014
6,event,27,81,70,49,88,71,129,3.0
6,event,28,76,70,54,86,85,115,2.3999999999999986
6,event,29,86,59,55,84,76,124,2.0
6,event,30,82,69,49,78,84,116,2.700000000000003
6,event,31,80,69,51,82,82,118,2.0
6,event,32,73,76,51,85,87,113,2.0
6,event,33,81,64,55,84,82,118,2.0
6,event,34,85,54,61,93,66,134,2.5
6,event,35,85,58,57,85,78,122,3.0
6,event,36,84,56,60,88,80,120,3.0
6,event,37,74,76,50,83,85,115,2.0
6,event,38,86,59,55,88,72,128,2.0
6,event,39,84,63,53,79,83,117,3.0
6,event,40,85,58,57,80,87,113,2.0
6,event,41,84,61,55,78,86,114,2.3000000000000043
6,event,42,82,62,56,84,83,117,2.0
6,event,43,83,57,60,81,89,111,2.0
6,event,44,81,65,54,82,86,114,2.0
6,event,45,78,69,53,76,85,115,3.0
6,event,46,78,68,54,77,88,112,2.0
6,event,47,69,77,54,78,99,101,2.0
6,event,48,75,71,54,81,87,113,2.0
6,event,49,77,61,62,84,94,106,2.0
6,event,50,78,67,55,81,87,113,2.0
6,event,51,77,65,58,84,86,114,2.0
6,event,52,86,60,54,86,70,130,2.0
6,event,53,80,62,58,83,82,118,2.0
6,event,54,79,68,53,81,79,121,3.0
6,event,55,76,72,52,86,83,117,2.0
6,event,56,81,65,54,78,86,114,2.0
6,event,57,87,59,54,77,87,113,3.0
6,event,58,78,65,57,87,80,120,3.0
6,event,59,78,67,55,92,72,128,2.0
6,event,60,82,56,62,92,74,126,2.0
6,event,61,83,68,49,75,84,116,3.0
6,event,62,86,53,61,85,71,129,3.0
6,event,63,82,62,56,78,92,108,2.3999999999999986
6,event,64,83,61,56,88,74,126,3.0
6,event,65,82,62,56,83,78,122,3.0
6,event,66,90,58,52,75,79,121,3.0
6,event,67,84,60,56,79,83,117,2.0
6,event,68,78,67,55,87,75,125,3.0
6,event,69,80,66,54,85,83,117,2.0
6,event,70,82,57,61,80,93,107,2.6000000000000014
6,event,71,73,74,53,87,84,116,2.0
6,event,72,84,63,53,81,84,116,3.0
6,event,73,80,64,56,86,78,122,2.0
6,event,74,82,65,53,77,83,117,2.0
6,event,75,77,65,58,91,82,118,2.0
6,event,76,77,66,57,101,65,135,2.0
6,event,77,81,59,60,82,88,112,2.0
6,event,78,81,61,58,82,85,115,2.0
6,event,79,82,66,52,83,79,121,3.0
6,event,80,82,63,55,89,75,125,2.0
6,event,81,79,60,61,85,90,110,2.0
6,event,82,87,59,54,75,84,116,3.0
6,event,83,81,63,56,87,74,126,2.0
6,event,84,94,52,54,72,82,118,3.0
6,event,85,77,66,57,92,84,116,2.0
6,event,86,83,62,55,84,79,121,2.3999999999999986
6,event,87,79,62,59,90,81,119,2.0
6,event,88,76,75,49,86,81,119,2.0
6,event,89,73,70,57,86,90,110,2.0
6,event,90,83,61,56,81,81,119,3.0
6,event,91,84,58,58,84,81,119,3.0
6,event,92,83,58,59,76,89,111,2.0
6,event,93,86,55,59,86,75,125,2.0
6,event,94,82,68,50,84,77,123,2.0
6,event,95,81,59,60,84,81,119,3.0
6,event,96,83,63,54,85,76,124,2.5
6,event,97,82,57,61,88,71,129,2.0
6,event,98,87,54,59,83,78,122,3.0
6,event,99,87,56,57,83,78,122,2.0
6,event,100,88,53,59,83,77,123,2.700000000000003
6,event,101,76,67,57,85,88,112,2.0
6,event,102,81,61,58,85,81,119,2.0
6,event,103,83,56,61,84,84,116,2.0
6,event,104,82,65,53,81,77,123,3.0
6,event,105,77,67,56,84,85,115,2.0
6,event,106,76,71,53,81,88,112,2.0
6,event,107,76,71,53,74,91,109,2.1000000000000014
6,event,108,87,54,59,87,73,127,3.0
6,event,109,76,73,51,94,70,130,2.0
6,event,110,80,64,56,85,83,117,2.0
6,event,111,88,48,64,90,71,129,2.0
6,event,112,85,53,62,90,80,120,2.0
6,event,113,76,71,53,86,80,120,3.0
6,event,114,86,57,57,81,81,119,2.0
6,event,115,71,76,53,86,85,115,2.0
6,event,116,81,61,58,80,84,116,2.6000000000000014
6,event,117,81,67,52,81,85,115,2.0
6,event,118,80,69,51,76,91,109,2.0
6,event,119,72,71,57,95,79,121,2.0
6,event,120,80,61,59,86,80,120,2.5
6,event,121,77,66,57,79,89,111,2.0
6,event,122,80,63,57,89,82,118,2.0
6,event,123,84,60,56,78,84,116,2.0
6,event,124,83,61,56,90,71,129,2.6000000000000014
6,event,125,77,67,56,88,85,115,2.0
6,event,126,91,51,58,76,86,114,3.0
6,event,127,82,60,58,81,83,117,2.0
6,event,128,88,52,60,81,82,118,2.0
6,event,129,93,45,62,84,73,127,3.0
6,event,130,74,76,50,84,81,119,2.3000000000000043
6,event,131,76,63,61,85,89,111,2.0
6,event,132,83,58,59,81,91,109,2.0
6,event,133,77,69,54,85,79,121,2.0
6,event,134,76,71,53,83,88,112,2.1000000000000014
6,event,135,89,53,58,83,75,125,3.0
6,event,136,82,62,56,84,79,121,2.0
6,event,137,75,70,55,86,84,116,2.0
6,event,138,82,61,57,86,78,122,2.3999999999999986
6,event,139,81,66,53,78,86,114,2.0
6,event,140,92,44,64,87,73,127,2.8999999999999986
6,event,141,80,62,58,86,80,120,2.3999999999999986
6,event,142,73,79,48,80,81,119,3.0
6,event,143,81,62,57,80,84,116,3.0
6,event,144,83,64,53,80,78,122,2.0
6,event,145,85,56,59,79,88,112,2.0
6,event,146,81,65,54,84,80,120,2.0
6,event,147,81,56,63,82,90,110,2.0
6,event,148,85,55,60,89,75,125,2.0
6,event,149,82,59,59,77,89,111,2.0
6,event,150,82,60,58,94,69,131,2.0
6,event,151,84,57,59,79,84,116,2.0
6,event,152,76,74,50,74,92,108,2.0
6,event,153,88,55,57,79,80,120,3.0
6,event,154,81,68,51,86,71,129,3.0
6,event,155,88,54,58,80,79,121,3.0
6,event,156,83,59,58,87,79,121,2.0
6,event,157,82,61,57,87,78,122,2.0
6,event,158,84,61,55,80,86,114,2.0
6,event,159,78,71,51,77,89,111,3.0
6,event,160,85,57,58,88,77,123,3.0
6,event,161,78,72,50,92,70,130,3.0
6,event,162,75,73,52,96,72,128,2.0
6,event,163,79,72,49,88,80,120,3.0
6,event,164,82,65,53,79,81,119,2.700000000000003
6,event,165,80,69,51,88,76,124,2.0
6,event,166,82,61,57,89,73,127,3.0
6,event,167,73,69,58,90,80,120,2.0
6,event,168,85,62,53,84,72,128,3.0
6,event,169,75,68,57,91,82,118,2.0
6,event,170,84,57,59,81,84,116,2.0
6,event,171,77,68,55,88,78,122,2.0
6,event,172,76,69,55,94,77,123,2.0
6,event,173,74,77,49,85,86,114,2.0
6,event,174,90,52,58,79,78,122,3.0
6,event,175,91,48,61,84,76,124,2.0
6,event,176,78,71,51,85,81,119,3.0
6,event,177,78,68,54,80,87,113,2.0
6,event,178,84,64,52,83,74,126,3.0
6,event,179,88,59,53,79,76,124,3.0
6,event,180,83,64,53,81,80,120,2.5
6,event,181,81,59,60,88,82,118,2.0
6,event,182,88,49,63,86,78,122,2.0
6,event,183,72,80,48,91,77,123,2.0
6,event,184,75,69,56,89,81,119,2.0
6,event,185,76,74,50,88,77,123,2.0
6,event,186,80,61,59,88,81,119,2.0
6,event,187,78,64,58,88,82,118,2.0
6,event,188,83,64,53,79,82,118,2.0
6,event,189,76,75,49,77,86,114,2.0
6,event,190,72,78,50,78,89,111,2.0
6,event,191,74,69,57,79,92,108,2.0
6,event,192,73,73,54,80,94,106,2.0
6,event,193,79,68,53,93,70,130,2.0
6,event,194,76,67,57,88,82,118,2.0
6,event,195,87,61,52,82,71,129,3.0
6,event,196,85,59,56,77,89,111,2.5
6,event,197,88,58,54,80,75,125,3.0
6,event,198,80,65,55,88,80,120,2.0
6,event,199,73,72,55,96,72,128,2.0
6,event,200,80,63,57,83,85,115,2.0
6,event,201,85,56,59,83,85,115,2.0
6,event,202,78,67,55,88,79,121,2.0
6,event,203,79,60,61,80,96,104,2.0
6,event,204,95,45,60,79,76,124,3.0
6,event,205,79,64,57,86,82,118,2.0
6,event,206,76,70,54,81,93,107,2.0
6,event,207,84,63,53,92,69,131,2.0
6,event,208,93,45,62,77,84,116,3.0
6,event,209,81,67,52,84,79,121,3.0
6,event,210,82,64,54,81,79,121,2.0
6,event,211,84,61,55,92,70,130,2.0
6,event,212,85,57,58,86,76,124,2.0
6,event,213,81,64,55,83,79,121,2.6000000000000014
6,event,214,79,61,60,90,79,121,2.0
6,event,215,83,55,62,82,88,112,2.5
6,event,216,86,53,61,85,72,128,2.700000000000003
6,event,217,81,66,53,76,91,109,2.6000000000000014
6,event,218,88,56,56,83,80,120,3.0
6,event,219,79,66,55,83,82,118,3.0
6,event,220,83,59,58,94,75,125,2.8000000000000043
6,event,221,82,57,61,98,67,133,2.0
6,event,222,72,74,54,89,88,112,2.0
6,event,223,78,70,52,86,85,115,2.0
6,event,224,79,62,59,85,86,114,2.0
6,event,225,81,65,54,89,74,126,2.0
6,event,226,78,63,59,86,84,116,2.0
6,event,227,70,75,55,81,95,105,2.0
6,event,228,80,66,54,89,78,122,2.0
6,event,229,79,68,53,80,85,115,2.0
6,event,230,80,66,54,80,86,114,2.8000000000000043
6,event,231,76,71,53,78,95,105,3.0
6,event,232,88,57,55,78,85,115,3.0
6,event,233,78,66,56,82,88,112,2.0
6,event,234,83,61,56,83,79,121,3.0
6,event,235,81,64,55,81,80,120,3.0
6,event,236,72,79,49,90,72,128,3.0
6,event,237,81,65,54,82,84,116,2.0
6,event,238,78,68,54,86,83,117,2.0
6,event,239,76,69,55,85,89,111,2.0
6,event,240,72,79,49,79,86,114,3.0
6,event,241,81,59,60,93,73,127,2.0
6,event,242,82,64,54,77,85,115,3.0
6,event,243,80,65,55,70,96,104,3.0
6,event,244,83,63,54,85,80,120,2.5
6,event,245,88,56,56,84,75,125,2.0
6,event,246,86,52,62,91,74,126,2.0
6,event,247,81,63,56,81,87,113,2.0
6,event,248,80,69,51,92,67,133,2.0
6,event,249,79,69,52,79,85,115,3.0
6,event,250,87,56,57,88,73,127,2.3999999999999986
6,event,251,83,66,51,79,82,118,2.0
6,event,252,85,58,57,89,73,127,2.0
6,event,253,82,56,62,82,86,114,3.0
6,event,254,84,62,54,80,85,115,2.0
6,event,255,81,63,56,80,85,115,3.0
6,event,256,85,59,56,79,87,113,2.700000000000003
6,event,257,80,65,55,85,80,120,2.0
6,event,258,79,67,54,85,75,125,2.0
6,event,259,88,59,53,76,77,123,3.0
6,event,260,82,65,53,80,82,118,2.0
6,event,261,83,65,52,78,85,115,2.0
6,event,262,68,85,47,92,78,122,2.0
6,event,263,86,53,61,88,75,125,2.0
6,event,264,83,62,55,85,74,126,3.0
6,event,265,84,65,51,70,91,109,3.0
6,event,266,81,64,55,89,70,130,2.0
6,event,267,79,65,56,77,86,114,2.0
6,event,268,78,72,50,90,76,124,2.0
6,event,269,89,54,57,93,62,138,3.0
6,event,270,83,61,56,83,79,121,2.0
6,event,271,89,56,55,81,73,127,3.0
6,event,272,74,69,57,80,96,104,2.0
6,event,273,85,54,61,88,77,123,2.3000000000000043
6,event,274,82,62,56,83,81,119,2.0
6,event,275,81,59,60,81,84,116,2.0
6,event,276,74,70,56,81,93,107,2.0
6,event,277,80,66,54,86,80,120,2.8000000000000043
6,event,278,85,62,53,83,73,127,2.5
6,event,279,81,60,59,83,89,111,2.0
6,event,280,79,69,52,86,77,123,2.0
6,event,281,87,55,58,79,81,119,2.0
6,event,282,79,60,61,87,78,122,3.0
6,event,283,80,63,57,82,86,114,2.0
6,event,284,89,55,56,90,68,132,3.0
6,event,285,93,45,62,83,72,128,3.3999999999999986
6,event,286,87,57,56,86,74,126,3.0
6,event,287,75,72,53,88,81,119,2.0
6,event,288,87,54,59,82,79,121,3.0
6,event,289,81,61,58,86,85,115,2.5
6,event,290,94,49,57,80,69,131,3.0
6,event,291,83,61,56,86,77,123,2.5
6,event,292,87,55,58,87,74,126,3.0
6,event,293,85,53,62,81,84,116,2.0
6,event,294,85,58,57,84,79,121,3.0
6,event,295,71,82,47,82,88,112,2.1000000000000014
6,event,296,80,64,56,90,72,128,3.0
6,event,297,85,62,53,81,76,124,3.0
6,event,298,83,59,58,95,70,130,2.0
6,event,299,72,76,52,79,92,108,2.0
6,event,300,84,58,58,85,83,117,2.0
7,origin,1,78,65,57,85,87,113,2.0
7,origin,2,83,62,55,88,71,129,3.0
7,origin,3,84,57,59,85,78,122,2.0
7,origin,4,93,45,62,79,81,119,3.0
7,origin,5,82,64,54,85,80,120,2.0
7,origin,6,81,61,58,83,84,116,3.0
7,origin,7,83,62,55,86,72,128,2.6000000000000014
7,origin,8,80,67,53,85,76,124,2.0
7,origin,9,76,71,53,82,82,118,3.0
7,origin,10,79,66,55,81,83,117,3.0
7,origin,11,85,61,54,81,80,120,3.0
7,origin,12,82,61,57,84,78,122,3.0
7,origin,13,85,59,56,87,70,130,2.3999999999999986
7,origin,14,83,62,55,75,92,108,2.5
7,origin,15,81,64,55,81,74,126,3.0
7,origin,16,77,68,55,85,83,117,3.0
7,origin,17,78,64,58,82,86,114,2.0
7,origin,18,82,58,60,90,76,124,2.0
7,origin,19,90,59,51,84,62,138,3.0
7,origin,20,84,60,56,82,82,118,2.0
7,origin,21,84,56,60,88,79,121,2.0
7,origin,22,86,55,59,86,77,123,3.0
7,origin,23,87,60,53,85,70,130,3.0
7,origin,24,73,75,52,84,89,111,2.0
7,origin,25,74,74,52,77,96,104,2.0
7,origin,26,84,60,56,82,78,122,2.0
7,origin,27,87,53,60,84,69,131,2.6000000000000014
7,origin,28,87,56,57,89,64,136,3.0
7,origin,29,87,52,61,90,77,123,2.1000000000000014
7,origin,30,93,47,60,83,70,130,3.0
7,origin,31,81,60,59,77,93,107,2.0
7,origin,32,80,67,53,80,83,117,2.0
7,origin,33,89,57,54,81,70,130,3.0
7,origin,34,86,59,55,90,65,135,3.0
7,origin,35,78,75,47,80,86,114,2.0
7,origin,36,84,59,57,88,71,129,2.0
7,origin,37,82,63,55,79,88,112,2.0
7,origin,38,85,54,61,81,83,117,2.200000000000003
7,origin,39,80,64,56,90,77,123,2.0
7,origin,40,74,68,58,87,93,107,2.0
7,origin,41,81,69,50,87,73,127,3.0
7,origin,42,88,52,60,83,83,117,2.0
7,origin,43,86,62,52,89,70,130,2.0
7,origin,44,70,80,50,84,89,111,2.1000000000000014
7,origin,45,76,71,53,81,88,112,2.0
7,origin,46,78,65,57,92,79,121,2.0
7,origin,47,79,66,55,82,84,116,2.0
7,origin,48,78,66,56,82,86,114,2.0
7,origin,49,83,61,56,94,69,131,2.0
7,origin,50,82,63,55,83,82,118,2.0
7,origin,51,89,57,54,75,80,120,3.0
7,origin,52,81,64,55,82,80,120,3.0
7,origin,53,87,56,57,81,82,118,2.0
7,origin,54,72,74,54,89,84,116,2.0
7,origin,55,90,54,56,89,64,136,2.3000000000000043
7,origin,56,83,54,63,88,78,122,2.0
7,origin,57,80,65,55,80,89,111,2.0
7,origin,58,79,63,58,84,92,108,2.0
7,origin,59,76,73,51,85,83,117,2.8999999999999986
7,origin,60,73,74,53,80,94,106,2.0
7,origin,61,78,62,60,100,63,137,2.0
7,origin,62,84,66,50,79,83,117,2.0
7,origin,63,87,57,56,86,70,130,3.0
7,origin,64,71,75,54,95,75,125,2.0
7,origin,65,74,78,48,84,77,123,2.0
7,origin,66,84,58,58,78,88,112,2.0
7,origin,67,82,61,57,81,84,116,2.8000000000000043
7,origin,68,79,58,63,94,74,126,2.0
7,origin,69,82,64,54,90,73,127,2.0
7,origin,70,72,79,49,83,85,115,2.0
7,origin,71,83,60,57,87,78,122,3.0
7,origin,72,84,60,56,82,87,113,2.0
7,origin,73,86,55,59,87,81,119,2.0
7,origin,74,77,71,52,81,89,111,2.0
7,origin,75,79,71,50,84,75,125,2.0
7,origin,76,88,50,62,82,73,127,3.0
7,origin,77,79,63,58,84,85,115,2.0
7,origin,78,86,53,61,80,85,115,3.0
7,origin,79,86,57,57,85,78,122,2.0
7,origin,80,90,50,60,80,74,126,2.0
7,origin,81,72,76,52,90,80,120,2.0
7,origin,82,80,61,59,89,77,123,2.0
7,origin,83,85,57,58,85,79,121,2.0
7,origin,84,94,43,63,80,76,124,3.0
7,origin,85,71,75,54,84,87,113,2.0
7,origin,86,82,60,58,91,69,131,2.0
7,origin,87,80,67,53,78,87,113,2.5
7,origin,88,74,68,58,88,82,118,2.0
7,origin,89,83,64,53,84,81,119,2.0
7,origin,90,85,56,59,82,80,120,3.0
7,origin,91,83,63,54,80,78,122,3.0
7,origin,92,87,50,63,87,79,121,2.3999999999999986
7,origin,93,85,63,52,80,76,124,2.0
7,origin,94,79,65,56,82,81,119,2.0
7,origin,95,82,58,60,87,79,121,3.0
7,origin,96,76,71,53,84,82,118,2.0
7,origin,97,83,58,59,86,73,127,3.0
7,origin,98,85,54,61,80,88,112,2.0
7,origin,99,85,61,54,85,72,128,3.0
7,origin,100,76,76,48,84,81,119,2.0
7,origin,101,82,58,60,80,89,111,2.3999999999999986
7,origin,102,88,61,51,84,69,131,3.0
7,origin,103,78,70,52,79,83,117,3.0
7,origin,104,85,55,60,78,89,111,2.0
7,origin,105,79,74,47,75,90,110,3.0
7,origin,106,78,65,57,84,85,115,2.0
7,origin,107,75,69,56,101,70,130,2.0
7,origin,108,84,59,57,91,64,136,2.0
7,origin,109,78,65,57,96,74,126,2.0
7,origin,110,81,63,56,79,84,116,2.0
7,origin,111,80,64,56,86,78,122,2.0
7,origin,112,82,59,59,85,86,114,2.0
7,origin,113,75,68,57,83,92,108,3.0
7,origin,114,83,63,54,82,80,120,2.0
7,origin,115,85,59,56,82,82,118,2.6000000000000014
7,origin,116,83,58,59,80,85,115,2.0
7,origin,117,77,70,53,83,89,111,2.700000000000003
7,origin,118,76,71,53,85,86,114,2.0
7,origin,119,78,65,57,89,76,124,2.0
7,origin,120,91,46,63,80,81,119,3.0
7,origin,121,83,68,49,82,75,125,2.0
7,origin,122,79,69,52,85,80,120,2.0
7,origin,123,85,62,53,85,75,125,2.0
7,origin,124,84,62,54,79,81,119,2.700000000000003
7,origin,125,74,76,50,81,86,114,2.0
7,origin,126,83,61,56,82,80,120,3.0
7,origin,127,84,58,58,87,79,121,2.0
7,origin,128,81,65,54,84,83,117,2.0
7,origin,129,77,69,54,92,75,125,2.0
7,origin,130,77,66,57,80,88,112,2.0
7,origin,131,75,72,53,84,84,116,2.0
7,origin,132,77,63,60,89,81,119,2.6000000000000014
7,origin,133,84,63,53,83,75,125,3.0
7,origin,134,85,60,55,86,76,124,2.3000000000000043
7,origin,135,82,62,56,90,68,132,2.0
7,origin,136,77,69,54,88,78,122,2.0
7,origin,137,83,61,56,74,91,109,2.3999999999999986
7,origin,138,78,67,55,86,85,115,2.0
7,origin,139,82,60,58,87,77,123,2.0
7,origin,140,89,54,57,88,63,137,3.0
7,origin,141,82,60,58,92,69,131,2.0
7,origin,142,81,65,54,94,67,133,2.0
7,origin,143,82,59,59,89,74,126,2.0
7,origin,144,81,60,59,86,86,114,2.0
7,origin,145,80,65,55,87,77,123,2.0
7,origin,146,85,54,61,87,75,125,2.0
7,origin,147,80,66,54,90,75,125,2.700000000000003
7,origin,148,80,64,56,82,79,121,2.0
7,origin,149,86,55,59,88,76,124,2.0
7,origin,150,83,59,58,83,80,120,2.8000000000000043
7,origin,151,80,65,55,91,67,133,2.0
7,origin,152,79,64,57,89,81,119,2.0
7,origin,153,88,59,53,86,71,129,2.0
7,origin,154,81,63,56,90,71,129,2.0
7,origin,155,74,72,54,90,82,118,2.0
7,origin,156,85,64,51,87,69,131,3.0
7,origin,157,83,60,57,83,83,117,2.0
7,origin,158,91,51,58,87,68,132,3.0
7,origin,159,80,62,58,77,87,113,3.0
7,origin,160,90,51,59,80,82,118,2.0
7,origin,161,84,62,54,79,83,117,2.0
7,origin,162,87,53,60,75,93,107,3.0
7,origin,163,83,55,62,82,88,112,3.0
7,origin,164,81,62,57,88,77,123,2.0
7,origin,165,81,67,52,91,68,132,2.0
7,origin,166,84,62,54,87,70,130,2.0
7,origin,167,83,65,52,83,74,126,3.0
7,origin,168,78,62,60,84,89,111,2.0
7,origin,169,88,57,55,83,73,127,3.0
7,origin,170,75,68,57,84,83,117,2.0
7,origin,171,74,73,53,84,88,112,2.0
7,origin,172,74,75,51,83,85,115,2.0
7,origin,173,83,65,52,78,83,117,3.0
7,origin,174,84,57,59,81,80,120,3.0
7,origin,175,83,62,55,86,77,123,3.0
7,origin,176,78,69,53,90,70,130,2.0
7,origin,177,83,61,56,85,79,121,2.0
7,origin,178,76,64,60,81,96,104,2.0
7,origin,179,77,60,63,90,84,116,2.0
7,origin,180,85,58,57,83,78,122,3.0
7,origin,181,79,62,59,82,85,115,2.8999999999999986
7,origin,182,82,61,57,85,84,116,2.0
7,origin,183,83,62,55,85,77,123,2.6000000000000014
7,origin,184,80,66,54,87,76,124,2.8000000000000043
7,origin,185,73,73,54,92,78,122,2.0
7,origin,186,78,66,56,91,79,121,2.0
7,origin,187,83,60,57,88,77,123,2.0
7,origin,188,88,51,61,92,69,131,2.3000000000000043
7,origin,189,78,65,57,86,79,121,2.0
7,origin,190,86,58,56,81,82,118,2.700000000000003
7,origin,191,81,63,56,88,76,124,2.5
7,origin,192,80,69,51,81,82,118,3.0
7,origin,193,86,60,54,83,73,127,3.0
7,origin,194,75,70,55,82,92,108,2.0
7,origin,195,80,64,56,78,92,108,2.0
7,origin,196,93,50,57,78,74,126,3.0
7,origin,197,76,69,55,91,77,123,2.0
7,origin,198,85,54,61,80,91,109,2.0
7,origin,199,71,76,53,70,105,95,2.0
7,origin,200,77,67,56,86,84,116,2.0
7,origin,201,76,71,53,86,79,121,2.0
7,origin,202,84,59,57,79,83,117,2.0
7,origin,203,85,57,58,82,83,117,2.0
7,origin,204,87,58,55,73,87,113,3.0
7,origin,205,78,66,56,83,88,112,2.700000000000003
7,origin,206,88,54,58,74,90,110,3.0
7,origin,207,77,71,52,94,67,133,2.0
7,origin,208,83,56,61,82,85,115,3.0
7,origin,209,83,58,59,77,91,109,2.0
7,origin,210,80,67,53,87,75,125,2.0
7,origin,211,92,43,65,89,75,125,2.8000000000000043
7,origin,212,89,53,58,83,78,122,3.0
7,origin,213,80,68,52,79,83,117,2.0
7,origin,214,73,77,50,76,95,105,2.0
7,origin,215,80,62,58,88,74,126,2.0
7,origin,216,87,52,61,81,79,121,3.0
7,origin,217,83,59,58,96,65,135,2.0
7,origin,218,86,58,56,86,76,124,3.0
7,origin,219,81,65,54,86,76,124,3.0
7,origin,220,86,59,55,79,85,115,2.3000000000000043
7,origin,221,84,57,59,92,68,132,2.0
7,origin,222,86,53,61,84,81,119,2.0
7,origin,223,84,60,56,86,83,117,2.0
7,origin,224,82,60,58,81,82,118,2.0
7,origin,225,81,61,58,87,76,124,2.0
7,origin,226,83,65,52,83,78,122,2.3999999999999986
7,origin,227,78,68,54,79,88,112,2.5
7,origin,228,83,62,55,80,85,115,2.6000000000000014
7,origin,229,76,69,55,85,84,116,2.0
7,origin,230,82,63,55,91,76,124,2.0
7,origin,231,81,65,54,80,78,122,2.0
7,origin,232,83,66,51,74,91,109,2.3000000000000043
7,origin,233,79,65,56,90,77,123,2.0
7,origin,234,77,64,59,82,91,109,2.8000000000000043
7,origin,235,78,69,53,77,93,107,2.0
7,origin,236,86,55,59,81,78,122,2.3999999999999986
7,origin,237,79,65,56,87,77,123,2.0
7,origin,238,86,56,58,90,70,130,3.0
7,origin,239,74,70,56,91,71,129,3.0
7,origin,240,74,73,53,85,88,112,2.0
7,origin,241,78,64,58,84,82,118,2.8000000000000043
7,origin,242,75,70,55,84,84,116,3.0
7,origin,243,74,75,51,89,79,121,3.0
7,origin,244,84,59,57,76,92,108,2.0
7,origin,245,75,70,55,80,94,106,2.0
7,origin,246,79,69,52,83,84,116,2.0
7,origin,247,78,67,55,90,75,125,2.0
7,origin,248,87,53,60,83,82,118,2.0
7,origin,249,87,55,58,80,78,122,3.0
7,origin,250,83,59,58,87,78,122,2.0
7,origin,251,80,64,56,83,86,114,2.700000000000003
7,origin,252,76,68,56,88,80,120,2.0
7,origin,253,86,57,57,81,79,121,3.0
7,origin,254,86,54,60,87,78,122,2.0
7,origin,255,87,54,59,83,80,120,3.0
7,origin,256,90,53,57,77,81,119,3.0
7,origin,257,82,63,55,90,75,125,2.0
7,origin,258,75,75,50,92,70,130,3.0
7,origin,259,76,65,59,90,84,116,2.0
7,origin,260,81,65,54,80,85,115,2.0
7,origin,261,82,67,51,77,86,114,2.0
7,origin,262,85,62,53,75,88,112,2.6000000000000014
7,origin,263,84,64,52,75,86,114,2.0
7,origin,264,84,56,60,93,72,128,2.3000000000000043
7,origin,265,80,61,59,85,84,116,2.0
7,origin,266,83,64,53,85,75,125,3.0
7,origin,267,87,57,56,85,73,127,2.0
7,origin,268,89,55,56,80,75,125,3.0
7,origin,269,86,59,55,91,64,136,2.0
7,origin,270,81,63,56,87,78,122,2.0
7,origin,271,76,71,53,89,72,128,2.5
7,origin,272,78,66,56,83,85,115,3.0
7,origin,273,86,55,59,92,69,131,2.0
7,origin,274,69,84,47,75,97,103,2.5
7,origin,275,79,72,49,91,73,127,2.0
7,origin,276,78,67,55,80,89,111,2.0
7,origin,277,78,68,54,81,81,119,2.0
7,origin,278,82,59,59,92,74,126,3.0
7,origin,279,84,59,57,75,90,110,2.0
7,origin,280,73,71,56,88,86,114,2.0
7,origin,281,86,58,56,78,86,114,3.0
7,origin,282,83,66,51,83,76,124,2.0
7,origin,283,83,56,61,80,87,113,2.0
7,origin,284,86,53,61,78,85,115,3.0
7,origin,285,78,63,59,81,89,111,2.0
7,origin,286,79,73,48,87,74,126,3.0
7,origin,287,79,67,54,89,76,124,3.0
7,origin,288,83,61,56,86,78,122,3.0
7,origin,289,77,66,57,86,88,112,2.0
7,origin,290,81,61,58,90,76,124,2.5
7,origin,291,75,75,50,87,79,121,2.0
7,origin,292,90,51,59,86,69,131,3.0
7,origin,293,83,59,58,76,85,115,3.0
7,origin,294,86,62,52,83,76,124,2.0
7,origin,295,83,56,61,88,76,124,2.0
7,origin,296,78,66,56,78,86,114,2.0
7,origin,297,78,62,60,89,77,123,2.0
7,origin,298,76,70,54,83,88,112,2.0
7,origin,299,85,60,55,92,69,131,2.0
7,origin,300,82,59,59,91,78,122,2.0
7,event,1,78,65,57,85,87,113,2.0
7,event,2,83,62,55,88,71,129,3.0
7,event,3,84,57,59,85,78,122,2.0
7,event,4,93,45,62,79,81,119,3.0
7,event,5,82,65,53,85,80,120,2.0
7,event,6,81,61,58,83,84,116,3.0
7,event,7,83,62,55,86,72,128,2.6000000000000014
7,event,8,81,66,53,84,76,124,2.0
7,event,9,76,71,53,82,82,118,3.0
7,event,10,79,66,55,81,83,117,3.0
7,event,11,85,60,55,81,79,121,3.0
7,event,12,82,61,57,84,78,122,3.0
7,event,13,85,59,56,87,70,130,2.3999999999999986
7,event,14,83,62,55,75,92,108,2.5
7,event,15,81,64,55,81,74,126,3.0
7,event,16,77,68,55,85,83,117,3.0
7,event,17,78,64,58,82,86,114,2.0
7,event,18,81,59,60,91,76,124,2.0
7,event,19,90,59,51,84,62,138,3.0
7,event,20,84,60,56,82,82,118,2.0
7,event,21,84,56,60,88,79,121,2.0
7,event,22,86,55,59,86,77,123,3.0
7,event,23,87,60,53,85,70,130,3.0
7,event,24,73,75,52,83,90,110,2.0
7,event,25,74,74,52,77,96,104,2.0
7,event,26,84,60,56,82,78,122,2.0
7,event,27,87,53,60,84,69,131,2.6000000000000014
7,event,28,87,56,57,89,64,136,3.0
7,event,29,87,52,61,90,77,123,2.1000000000000014
7,event,30,93,47,60,83,70,130,3.0
7,event,31,81,60,59,77,93,107,2.0
7,event,32,80,67,53,80,83,117,2.0
7,event,33,89,57,54,81,70,130,3.0
7,event,34,86,59,55,90,65,135,3.0
7,event,35,78,74,48,80,86,114,2.0
7,event,36,84,59,57,88,71,129,2.0
7,event,37,82,63,55,79,88,112,2.0
7,event,38,85,54,61,81,83,117,2.200000000000003
7,event,39,79,65,56,92,76,124,2.0
7,event,40,74,68,58,87,93,107,2.0
7,event,41,82,68,50,86,73,127,3.0
7,event,42,88,52,60,83,83,117,2.0
7,event,43,86,62,52,89,70,130,2.0
7,event,44,70,80,50,85,88,112,2.200000000000003
7,event,45,76,70,54,80,89,111,2.0
7,event,46,78,65,57,92,79,121,2.0
7,event,47,79,66,55,82,84,116,2.0
7,event,48,79,65,56,81,87,113,2.0
7,event,49,82,63,55,95,69,131,2.0
7,event,50,82,64,54,82,83,117,2.0
7,event,51,89,57,54,75,80,120,3.0
7,event,52,82,63,55,81,81,119,3.0
7,event,53,86,58,56,81,82,118,2.0
7,event,54,72,74,54,89,84,116,2.0
7,event,55,91,52,57,88,64,136,2.3000000000000043
7,event,56,83,54,63,89,77,123,2.0
7,event,57,80,65,55,80,89,111,2.0
7,event,58,79,62,59,85,91,109,2.0
7,event,59,76,73,51,85,83,117,2.8999999999999986
7,event,60,73,74,53,80,94,106,2.0
7,event,61,78,62,60,100,63,137,2.0
7,event,62,84,66,50,79,83,117,2.0
7,event,63,88,56,56,85,70,130,3.0
7,event,64,71,75,54,96,74,126,2.0
7,event,65,75,77,48,83,78,122,2.0
7,event,66,85,56,59,78,88,112,2.0
7,event,67,82,61,57,81,84,116,2.8000000000000043
7,event,68,79,58,63,94,74,126,2.0
7,event,69,82,64,54,90,73,127,2.0
7,event,70,72,79,49,83,85,115,2.0
7,event,71,83,60,57,87,78,122,3.0
7,event,72,84,60,56,82,87,113,2.0
7,event,73,86,55,59,87,81,119,2.0
7,event,74,76,72,52,82,89,111,2.0
7,event,75,80,70,50,83,75,125,2.0
7,event,76,88,51,61,82,73,127,3.0
7,event,77,79,63,58,84,85,115,2.0
7,event,78,87,52,61,80,84,116,3.0
7,event,79,87,56,57,84,78,122,2.0
7,event,80,90,50,60,80,74,126,2.0
7,event,81,72,76,52,90,80,120,2.0
7,event,82,80,63,57,88,77,123,2.0
7,event,83,85,57,58,85,80,120,2.0
7,event,84,94,43,63,80,76,124,3.0
7,event,85,71,75,54,84,87,113,2.0
7,event,86,83,59,58,89,70,130,3.0
7,event,87,80,68,52,78,87,113,2.5
7,event,88,74,68,58,88,82,118,2.0
7,event,89,83,64,53,84,81,119,2.0
7,event,90,85,56,59,82,80,120,3.0
7,event,91,84,61,55,81,77,123,3.0
7,event,92,87,50,63,87,79,121,2.3999999999999986
7,event,93,86,63,51,79,76,124,2.0
7,event,94,78,68,54,83,80,120,2.0
7,event,95,82,58,60,87,79,121,3.0
7,event,96,75,71,54,85,83,117,2.0
7,event,97,83,58,59,86,73,127,3.0
7,event,98,85,54,61,80,88,112,2.0
7,event,99,85,61,54,85,72,128,3.0
7,event,100,76,77,47,84,81,119,2.0
7,event,101,82,58,60,80,89,111,2.3999999999999986
7,event,102,88,61,51,84,69,131,3.0
7,event,103,77,73,50,78,83,117,3.0
7,event,104,85,55,60,78,89,111,2.0
7,event,105,79,74,47,75,90,110,3.0
7,event,106,77,66,57,85,85,115,2.0
7,event,107,75,69,56,101,70,130,2.0
7,event,108,84,59,57,91,64,136,2.0
7,event,109,78,65,57,96,74,126,2.0
7,event,110,81,63,56,79,84,116,2.0
7,event,111,80,64,56,86,78,122,2.0
7,event,112,82,60,58,85,86,114,2.0
7,event,113,75,68,57,84,91,109,3.0
7,event,114,83,63,54,82,80,120,2.0
7,event,115,85,59,56,82,83,117,2.6000000000000014
7,event,116,83,58,59,80,85,115,2.0
7,event,117,78,68,54,83,88,112,2.6000000000000014
7,event,118,76,71,53,85,86,114,2.0
7,event,119,78,65,57,89,76,124,2.0
7,event,120,90,47,63,81,81,119,3.0
7,event,121,83,68,49,82,75,125,2.0
7,event,122,79,69,52,85,80,120,2.0
7,event,123,85,62,53,85,75,125,2.0
7,event,124,84,62,54,79,81,119,2.700000000000003
7,event,125,74,75,51,81,86,114,2.0
7,event,126,84,60,56,81,80,120,3.0
7,event,127,84,58,58,87,79,121,2.0
7,event,128,81,65,54,84,83,117,2.0
7,event,129,77,69,54,92,75,125,2.0
7,event,130,76,68,56,79,89,111,2.0
7,event,131,75,72,53,84,84,116,2.0
7,event,132,77,63,60,89,81,119,2.6000000000000014
7,event,133,84,63,53,83,75,125,3.0
7,event,134,85,60,55,86,76,124,2.3000000000000043
7,event,135,81,63,56,90,69,131,2.0
7,event,136,78,67,55,89,77,123,2.0
7,event,137,83,61,56,74,91,109,2.3999999999999986
7,event,138,78,67,55,86,85,115,2.0
7,event,139,82,60,58,87,77,123,2.0
7,event,140,89,53,58,89,63,137,3.0
7,event,141,80,64,56,94,68,132,2.0
7,event,142,80,67,53,95,67,133,2.0
7,event,143,82,59,59,89,74,126,2.0
7,event,144,81,60,59,86,86,114,2.0
7,event,145,80,65,55,87,77,123,2.0
7,event,146,85,54,61,87,75,125,2.0
7,event,147,80,66,54,90,75,125,2.700000000000003
7,event,148,82,62,56,80,80,120,2.0
7,event,149,85,56,59,89,76,124,2.0
7,event,150,83,59,58,83,80,120,2.8000000000000043
7,event,151,79,68,53,92,68,132,2.0
7,event,152,79,64,57,89,81,119,2.0
7,event,153,87,61,52,87,70,130,2.0
7,event,154,81,63,56,90,71,129,2.0
7,event,155,74,72,54,90,82,118,2.0
7,event,156,86,63,51,86,69,131,3.0
7,event,157,83,60,57,83,83,117,2.0
7,event,158,91,52,57,87,68,132,3.0
7,event,159,80,63,57,76,88,112,3.0
7,event,160,89,52,59,81,81,119,2.0
7,event,161,84,62,54,79,83,117,2.0
7,event,162,87,53,60,74,94,106,3.0
7,event,163,82,56,62,83,87,113,3.0
7,event,164,81,62,57,88,77,123,2.0
7,event,165,81,67,52,91,68,132,2.0
7,event,166,83,64,53,87,71,129,2.0
7,event,167,84,64,52,82,74,126,3.0
7,event,168,78,63,59,84,88,112,2.0
7,event,169,88,57,55,85,71,129,3.0
7,event,170,76,67,57,84,83,117,2.0
7,event,171,74,73,53,84,88,112,2.0
7,event,172,74,76,50,83,85,115,2.0
7,event,173,83,65,52,79,82,118,3.0
7,event,174,85,55,60,82,78,122,3.0
7,event,175,83,62,55,87,76,124,3.0
7,event,176,78,69,53,90,70,130,2.0
7,event,177,83,61,56,85,79,121,2.0
7,event,178,76,64,60,81,96,104,2.0
7,event,179,77,60,63,90,84,116,2.0
7,event,180,85,58,57,83,78,122,3.0
7,event,181,79,62,59,83,84,116,2.8000000000000043
7,event,182,82,61,57,85,84,116,2.0
7,event,183,83,62,55,85,77,123,2.6000000000000014
7,event,184,80,66,54,87,76,124,2.8000000000000043
7,event,185,74,71,55,91,78,122,2.0
7,event,186,78,66,56,90,80,120,2.0
7,event,187,84,59,57,87,77,123,2.0
7,event,188,88,51,61,92,69,131,2.3000000000000043
7,event,189,78,65,57,86,79,121,2.0
7,event,190,88,56,56,79,83,117,3.0
7,event,191,81,63,56,89,75,125,2.6000000000000014
7,event,192,80,69,51,81,82,118,3.0
7,event,193,87,59,54,82,73,127,3.0
7,event,194,74,71,55,83,92,108,2.0
7,event,195,80,64,56,78,92,108,2.0
7,event,196,93,49,58,79,73,127,3.0
7,event,197,76,69,55,91,77,123,2.0
7,event,198,85,54,61,80,91,109,2.0
7,event,199,72,74,54,70,105,95,2.0
7,event,200,77,66,57,87,83,117,2.0
7,event,201,77,70,53,85,79,121,2.0
7,event,202,84,59,57,79,83,117,2.0
7,event,203,85,57,58,82,83,117,2.0
7,event,204,87,58,55,74,86,114,3.0
7,event,205,78,66,56,83,88,112,2.700000000000003
7,event,206,89,53,58,73,91,109,3.0
7,event,207,77,71,52,93,68,132,2.0
7,event,208,84,54,62,82,84,116,3.0
7,event,209,83,58,59,77,91,109,2.0
7,event,210,80,67,53,87,75,125,2.0
7,event,211,92,45,63,89,75,125,2.0
7,event,212,89,53,58,83,78,122,3.0
7,event,213,80,68,52,79,83,117,2.0
7,event,214,72,78,50,77,95,105,2.200000000000003
7,event,215,80,62,58,88,74,126,2.0
7,event,216,87,52,61,81,79,121,3.0
7,event,217,83,60,57,96,64,136,2.0
7,event,218,85,59,56,88,75,125,3.0
7,event,219,81,65,54,88,75,125,3.0
7,event,220,86,59,55,79,85,115,2.3000000000000043
7,event,221,85,55,60,91,68,132,2.0
7,event,222,86,53,61,84,81,119,2.0
7,event,223,84,60,56,86,83,117,2.0
7,event,224,82,60,58,81,82,118,2.0
7,event,225,82,59,59,86,76,124,2.0
7,event,226,82,67,51,84,78,122,2.0
7,event,227,78,68,54,79,88,112,2.5
7,event,228,83,62,55,80,85,115,2.6000000000000014
7,event,229,76,69,55,85,84,116,2.0
7,event,230,82,63,55,91,76,124,2.0
7,event,231,82,64,54,79,78,122,2.0
7,event,232,84,65,51,73,91,109,2.3000000000000043
7,event,233,79,65,56,90,77,123,2.0
7,event,234,77,64,59,82,91,109,2.8000000000000043
7,event,235,78,69,53,78,92,108,2.0
7,event,236,87,53,60,81,78,122,2.3999999999999986
7,event,237,78,65,57,88,77,123,2.0
7,event,238,87,55,58,89,70,130,3.0
7,event,239,74,71,55,89,73,127,3.0
7,event,240,74,73,53,85,88,112,2.0
7,event,241,78,64,58,84,82,118,2.8000000000000043
7,event,242,75,70,55,84,84,116,3.0
7,event,243,74,75,51,89,79,121,3.0
7,event,244,84,59,57,76,92,108,2.0
7,event,245,76,69,55,80,93,107,2.0
7,event,246,79,69,52,83,84,116,2.0
7,event,247,78,67,55,90,75,125,2.0
7,event,248,86,54,60,85,80,120,2.0
7,event,249,87,55,58,80,78,122,3.0
7,event,250,83,59,58,87,78,122,2.0
7,event,251,80,64,56,83,86,114,2.700000000000003
7,event,252,77,67,56,87,79,121,2.0
7,event,253,86,57,57,81,79,121,3.0
7,event,254,86,54,60,86,79,121,2.0
7,event,255,87,54,59,83,80,120,3.0
7,event,256,91,51,58,78,80,120,3.0
7,event,257,83,61,56,90,75,125,2.0
7,event,258,75,75,50,92,70,130,3.0
7,event,259,76,65,59,90,84,116,2.0
7,event,260,81,66,53,80,84,116,2.0
7,event,261,82,67,51,78,85,115,2.0
7,event,262,85,62,53,75,88,112,2.6000000000000014
7,event,263,84,64,52,75,86,114,2.0
7,event,264,84,56,60,93,72,128,2.3000000000000043
7,event,265,80,61,59,85,84,116,2.0
7,event,266,83,64,53,85,75,125,3.0
7,event,267,86,58,56,86,73,127,2.0
7,event,268,89,55,56,80,75,125,3.0
7,event,269,84,61,55,93,63,137,2.0
7,event,270,81,63,56,87,78,122,2.0
7,event,271,76,71,53,89,72,128,2.5
7,event,272,79,65,56,82,85,115,3.0
7,event,273,86,55,59,92,69,131,2.0
7,event,274,69,84,47,75,97,103,2.5
7,event,275,79,72,49,91,74,126,2.0
7,event,276,78,67,55,80,89,111,2.0
7,event,277,78,68,54,81,81,119,2.0
7,event,278,83,58,59,91,74,126,3.0
7,event,279,84,59,57,75,90,110,2.0
7,event,280,76,66,58,87,85,115,2.0
7,event,281,86,58,56,78,86,114,3.0
7,event,282,82,68,50,85,75,125,2.0
7,event,283,83,56,61,80,87,113,2.0
7,event,284,86,53,61,78,85,115,3.0
7,event,285,78,62,60,81,89,111,2.0
7,event,286,79,73,48,87,74,126,3.0
7,event,287,79,67,54,89,76,124,3.0
7,event,288,83,61,56,86,78,122,3.0
7,event,289,79,64,57,86,86,114,2.0
7,event,290,81,62,57,90,75,125,2.3999999999999986
7,event,291,75,75,50,87,79,121,2.0
7,event,292,90,50,60,86,70,130,3.0
7,event,293,83,59,58,76,85,115,3.0
7,event,294,86,62,52,83,76,124,2.0
7,event,295,83,56,61,88,76,124,2.0
7,event,296,79,65,56,77,86,114,2.0
7,event,297,78,62,60,89,77,123,2.0
7,event,298,76,70,54,84,87,113,2.0
7,event,299,85,60,55,92,69,131,2.0
7,event,300,83,58,59,91,77,123,2.0
8,origin,1,82,58,60,83,84,116,2.0
8,origin,2,77,68,55,88,82,118,2.0
8,origin,3,93,52,55,86,67,133,3.0
8,origin,4,83,62,55,86,77,123,2.700000000000003
8,origin,5,76,69,55,87,80,120,2.0
8,origin,6,76,65,59,86,83,117,2.0
8,origin,7,88,52,60,87,76,124,2.0
8,origin,8,73,81,46,91,72,128,3.0
8,origin,9,80,64,56,86,81,119,2.6000000000000014
8,origin,10,81,65,54,88,76,124,3.0
8,origin,11,80,65,55,86,78,122,2.0
8,origin,12,77,63,60,88,81,119,2.0
8,origin,13,82,64,54,76,86,114,2.0
8,origin,14,75,67,58,83,89,111,2.8999999999999986
8,origin,15,80,64,56,85,83,117,2.0
8,origin,16,83,61,56,87,78,122,2.0
8,origin,17,80,66,54,81,83,117,3.0
8,origin,18,82,62,56,90,72,128,3.0
8,origin,19,84,55,61,84,82,118,2.3999999999999986
8,origin,20,82,61,57,86,82,118,2.0
8,origin,21,84,57,59,80,84,116,3.0
8,origin,22,83,60,57,83,84,116,3.0
8,origin,23,82,61,57,86,78,122,2.6000000000000014
8,origin,24,87,55,58,82,81,119,2.5
8,origin,25,77,70,53,80,86,114,3.0
8,origin,26,81,66,53,85,75,125,2.0
8,origin,27,80,68,52,84,84,116,2.0
8,origin,28,77,69,54,91,77,123,3.0
8,origin,29,85,61,54,88,66,134,3.0
8,origin,30,85,55,60,80,87,113,2.0
8,origin,31,81,58,61,81,83,117,3.0
8,origin,32,82,58,60,87,84,116,2.0
8,origin,33,79,66,55,82,83,117,2.0
8,origin,34,79,66,55,88,74,126,2.0
8,origin,35,77,67,56,79,92,108,2.0
8,origin,36,79,60,61,89,82,118,2.0
8,origin,37,77,63,60,87,84,116,2.0
8,origin,38,80,65,55,88,75,125,2.0
8,origin,39,79,68,53,93,69,131,2.0
8,origin,40,76,67,57,89,85,115,2.0
8,origin,41,85,57,58,85,73,127,2.1000000000000014
8,origin,42,77,68,55,95,74,126,2.0
8,origin,43,81,60,59,78,87,113,2.0
8,origin,44,85,58,57,86,75,125,2.0
8,origin,45,79,66,55,88,79,121,2.5
8,origin,46,84,54,62,93,73,127,2.0
8,origin,47,87,52,61,89,72,128,2.0
8,origin,48,85,60,55,84,80,120,2.0
8,origin,49,87,55,58,92,64,136,2.0
8,origin,50,93,53,54,73,80,120,3.0
8,origin,51,77,68,55,84,80,120,2.0
8,origin,52,82,61,57,82,83,117,3.0
8,origin,53,85,55,60,87,76,124,3.0
8,origin,54,81,69,50,92,62,138,2.0
8,origin,55,87,55,58,80,85,115,3.0
8,origin,56,81,67,52,82,79,121,2.8000000000000043
8,origin,57,76,76,48,81,83,117,3.0
8,origin,58,85,61,54,87,70,130,3.0
8,origin,59,79,65,56,91,75,125,2.0
8,origin,60,79,65,56,82,87,113,2.0
8,origin,61,76,74,50,76,91,109,3.0
8,origin,62,70,81,49,83,81,119,2.8000000000000043
8,origin,63,87,58,55,83,75,125,2.0
8,origin,64,77,59,64,94,81,119,2.0
8,origin,65,84,64,52,89,67,133,2.0
8,origin,66,77,70,53,85,78,122,2.0
8,origin,67,76,70,54,86,83,117,2.0
8,origin,68,75,69,56,77,94,106,2.0
8,origin,69,80,61,59,83,82,118,2.0
8,origin,70,87,55,58,89,70,130,2.0
8,origin,71,74,72,54,89,78,122,2.0
8,origin,72,93,49,58,77,76,124,3.0
8,origin,73,85,52,63,93,71,129,3.0
8,origin,74,82,62,56,85,78,122,2.0
8,origin,75,78,68,54,91,79,121,2.0
8,origin,76,85,58,57,90,71,129,3.0
8,origin,77,81,60,59,80,89,111,2.0
8,origin,78,82,63,55,79,85,115,2.700000000000003
8,origin,79,86,59,55,80,84,116,2.200000000000003
8,origin,80,90,52,58,85,70,130,3.0
8,origin,81,83,58,59,98,64,136,2.0
8,origin,82,79,66,55,91,77,123,2.0
8,origin,83,82,59,59,84,78,122,3.0
8,origin,84,79,66,55,84,80,120,2.0
8,origin,85,77,67,56,91,79,121,2.0
8,origin,86,80,60,60,81,89,111,3.0
8,origin,87,76,74,50,86,71,129,2.1000000000000014
8,origin,88,81,67,52,85,81,119,2.0
8,origin,89,76,65,59,95,78,122,2.0
8,origin,90,88,54,58,85,72,128,2.0
8,origin,91,83,59,58,74,92,108,2.0
8,origin,92,76,76,48,83,82,118,2.0
8,origin,93,75,71,54,78,93,107,2.0
8,origin,94,90,55,55,85,71,129,2.200000000000003
8,origin,95,78,66,56,79,88,112,2.0
8,origin,96,74,74,52,82,86,114,2.0
8,origin,97,76,70,54,93,80,120,2.0
8,origin,98,82,62,56,89,75,125,2.0
8,origin,99,83,60,57,80,86,114,2.0
8,origin,100,79,64,57,85,83,117,2.0
8,origin,101,83,65,52,75,84,116,3.0
8,origin,102,79,63,58,82,86,114,3.0
8,origin,103,76,66,58,87,86,114,2.0
8,origin,104,86,55,59,85,74,126,2.0
8,origin,105,82,62,56,91,76,124,2.0
8,origin,106,81,66,53,86,74,126,2.3000000000000043
8,origin,107,79,70,51,79,83,117,2.0
8,origin,108,88,51,61,80,86,114,2.0
8,origin,109,86,56,58,78,87,113,2.3999999999999986
8,origin,110,79,70,51,80,85,115,2.0
8,origin,111,75,68,57,89,83,117,2.0
8,origin,112,81,63,56,85,83,117,2.0
8,origin,113,83,59,58,93,68,132,2.0
8,origin,114,78,67,55,87,79,121,2.0
8,origin,115,88,51,61,87,73,127,2.0
8,origin,116,80,64,56,88,74,126,2.0
8,origin,117,82,58,60,81,86,114,3.0
8,origin,118,79,70,51,89,74,126,3.0
8,origin,119,83,62,55,82,82,118,2.0
8,origin,120,87,54,59,83,83,117,3.0
8,origin,121,89,47,64,82,75,125,2.0
8,origin,122,74,71,55,89,80,120,2.0
8,origin,123,83,60,57,80,89,111,2.0
8,origin,124,80,68,52,90,72,128,2.0
8,origin,125,81,62,57,88,74,126,2.3999999999999986
8,origin,126,76,68,56,89,81,119,2.0
8,origin,127,87,54,59,85,70,130,3.0
8,origin,128,79,65,56,83,84,116,2.0
8,origin,129,82,63,55,77,85,115,2.0
8,origin,130,83,60,57,95,69,131,2.0
8,origin,131,86,63,51,77,82,118,3.0
8,origin,132,80,68,52,82,85,115,3.0
8,origin,133,81,67,52,80,83,117,2.0
8,origin,134,73,75,52,75,100,100,2.0
8,origin,135,78,68,54,81,90,110,2.8999999999999986
8,origin,136,87,57,56,83,78,122,2.3999999999999986
8,origin,137,74,69,57,73,102,98,2.0
8,origin,138,84,55,61,93,72,128,2.8999999999999986
8,origin,139,85,59,56,84,77,123,2.0
8,origin,140,84,65,51,88,68,132,2.8000000000000043
8,origin,141,81,66,53,79,80,120,3.0
8,origin,142,81,62,57,86,83,117,2.0
8,origin,143,87,57,56,75,80,120,3.0
8,origin,144,77,67,56,87,82,118,2.0
8,origin,145,74,73,53,84,84,116,3.0
8,origin,146,74,72,54,88,85,115,2.0
8,origin,147,78,66,56,91,75,125,2.0
8,origin,148,85,56,59,81,80,120,2.6000000000000014
8,origin,149,76,69,55,78,92,108,3.0
8,origin,150,78,71,51,77,88,112,2.0
8,origin,151,77,69,54,81,85,115,2.0
8,origin,152,82,60,58,89,75,125,2.0
8,origin,153,77,68,55,83,83,117,3.0
8,origin,154,81,60,59,89,75,125,2.0
8,origin,155,84,64,52,78,82,118,3.0
8,origin,156,84,55,61,84,79,121,3.0
8,origin,157,84,53,63,93,72,128,2.1000000000000014
8,origin,158,85,59,56,85,66,134,3.0
8,origin,159,77,66,57,92,75,125,2.0
8,origin,160,82,63,55,82,81,119,2.3000000000000043
8,origin,161,81,61,58,91,76,124,2.3999999999999986
8,origin,162,85,56,59,82,79,121,3.0
8,origin,163,77,67,56,93,70,130,2.8999999999999986
8,origin,164,80,66,54,80,84,116,2.0
8,origin,165,80,64,56,88,78,122,2.0
8,origin,166,75,77,48,82,82,118,2.0
8,origin,167,79,67,54,80,87,113,2.0
8,origin,168,83,67,50,78,83,117,3.0
8,origin,169,72,72,56,88,87,113,2.0
8,origin,170,78,69,53,86,85,115,2.0
8,origin,171,77,72,51,89,72,128,2.0
8,origin,172,88,56,56,81,80,120,3.0
8,origin,173,72,76,52,80,98,102,2.0
8,origin,174,80,64,56,85,79,121,2.8000000000000043
8,origin,175,73,77,50,76,96,104,2.0
8,origin,176,84,57,59,87,77,123,3.0
8,origin,177,81,65,54,76,92,108,2.0
8,origin,178,74,75,51,74,97,103,2.0
8,origin,179,84,55,61,85,83,117,2.0
8,origin,180,79,71,50,88,72,128,2.0
8,origin,181,82,66,52,73,88,112,2.6000000000000014
8,origin,182,80,65,55,89,80,120,2.0
8,origin,183,80,61,59,83,87,113,2.0
8,origin,184,83,61,56,83,81,119,2.0
8,origin,185,84,63,53,89,72,128,2.0
8,origin,186,79,65,56,76,95,105,2.3999999999999986
8,origin,187,79,62,59,83,85,115,2.0
8,origin,188,86,59,55,86,80,120,2.0
8,origin,189,82,64,54,86,77,123,2.0
8,origin,190,76,66,58,95,75,125,2.8000000000000043
8,origin,191,83,61,56,88,76,124,2.5
8,origin,192,79,74,47,85,76,124,2.0
8,origin,193,83,53,64,86,86,114,2.3000000000000043
8,origin,194,79,62,59,90,83,117,2.0
8,origin,195,81,57,62,78,96,104,2.0
8,origin,196,77,66,57,90,78,122,3.0
8,origin,197,86,62,52,87,69,131,3.0
8,origin,198,79,68,53,83,83,117,2.0
8,origin,199,79,61,60,85,87,113,2.0
8,origin,200,90,55,55,79,76,124,3.0
8,origin,201,80,69,51,83,78,122,2.0
8,origin,202,71,72,57,86,89,111,2.0
8,origin,203,82,63,55,84,78,122,2.0
8,origin,204,89,51,60,78,81,119,3.0
8,origin,205,84,57,59,85,81,119,2.0
8,origin,206,87,57,56,77,82,118,2.3000000000000043
8,origin,207,89,56,55,83,75,125,2.5
8,origin,208,87,58,55,89,67,133,3.0
8,origin,209,85,57,58,93,73,127,2.0
8,origin,210,78,72,50,84,82,118,2.0
8,origin,211,82,59,59,95,69,131,2.3000000000000043
8,origin,212,80,61,59,78,91,109,2.0
8,origin,213,82,62,56,86,80,120,2.0
8,origin,214,80,64,56,75,91,109,2.0
8,origin,215,80,55,65,85,89,111,2.0
8,origin,216,78,68,54,80,88,112,2.0
8,origin,217,85,56,59,84,78,122,3.0
8,origin,218,82,64,54,87,76,124,2.0
8,origin,219,81,59,60,93,76,124,2.0
8,origin,220,88,55,57,84,76,124,3.0
8,origin,221,84,64,52,76,81,119,2.6000000000000014
8,origin,222,82,67,51,87,70,130,2.0
8,origin,223,80,64,56,83,82,118,2.0
8,origin,224,86,59,55,81,82,118,2.3000000000000043
8,origin,225,86,55,59,88,75,125,3.0
8,origin,226,77,64,59,92,77,123,2.0
8,origin,227,88,58,54,74,83,117,3.0
8,origin,228,76,68,56,91,73,127,2.1000000000000014
8,origin,229,87,58,55,80,82,118,2.0
8,origin,230,84,61,55,81,83,117,3.0
8,origin,231,92,50,58,79,77,123,2.3000000000000043
8,origin,232,88,54,58,86,72,128,2.0
8,origin,233,85,58,57,79,85,115,2.0
8,origin,234,73,79,48,82,87,113,2.0
8,origin,235,80,65,55,84,85,115,2.0
8,origin,236,85,55,60,91,71,129,3.0
8,origin,237,74,68,58,90,83,117,2.0
8,origin,238,83,56,61,84,82,118,2.0
8,origin,239,77,66,57,82,88,112,2.0
8,origin,240,90,55,55,80,79,121,3.0
8,origin,241,87,61,52,73,85,115,3.0
8,origin,242,91,51,58,89,69,131,3.0
8,origin,243,87,55,58,78,86,114,3.0
8,origin,244,79,68,53,86,82,118,2.0
8,origin,245,75,71,54,77,94,106,2.0
8,origin,246,79,71,50,92,68,132,2.0
8,origin,247,88,52,60,85,79,121,3.0
8,origin,248,79,66,55,76,90,110,3.0
8,origin,249,76,65,59,96,67,133,2.0
8,origin,250,87,56,57,84,79,121,2.0
8,origin,251,85,62,53,80,82,118,3.0
8,origin,252,83,55,62,89,73,127,2.8000000000000043
8,origin,253,75,75,50,86,77,123,2.0
8,origin,254,72,80,48,73,95,105,2.0
8,origin,255,77,66,57,88,82,118,2.0
8,origin,256,87,51,62,87,70,130,3.0
8,origin,257,74,69,57,83,94,106,2.0
8,origin,258,80,65,55,90,74,126,2.8000000000000043
8,origin,259,83,58,59,81,87,113,3.0
8,origin,260,72,72,56,83,97,103,2.0
8,origin,261,71,79,50,86,88,112,2.0
8,origin,262,78,63,59,92,76,124,2.0
8,origin,263,76,72,52,92,75,125,2.0
8,origin,264,87,54,59,89,73,127,2.0
8,origin,265,83,54,63,94,71,129,2.0
8,origin,266,85,62,53,82,80,120,3.0
8,origin,267,77,69,54,77,91,109,2.8999999999999986
8,origin,268,76,63,61,81,95,105,2.0
8,origin,269,81,61,58,77,92,108,3.0
8,origin,270,82,64,54,89,73,127,2.0
8,origin,271,73,72,55,77,99,101,2.0
8,origin,272,85,53,62,86,84,116,2.0
8,origin,273,90,51,59,79,80,120,3.0
8,origin,274,81,64,55,81,83,117,2.8000000000000043
8,origin,275,78,71,51,90,74,126,2.0
8,origin,276,80,67,53,93,72,128,2.0
8,origin,277,84,60,56,87,72,128,3.0
8,origin,278,81,66,53,83,76,124,2.0
8,origin,279,77,70,53,82,84,116,2.0
8,origin,280,73,77,50,82,89,111,2.0
8,origin,281,85,61,54,81,79,121,3.0
8,origin,282,78,63,59,89,76,124,2.0
8,origin,283,79,70,51,84,77,123,2.0
8,origin,284,76,71,53,81,90,110,2.0
8,origin,285,73,74,53,82,91,109,2.0
8,origin,286,88,55,57,77,88,112,2.0
8,origin,287,74,72,54,86,83,117,2.0
8,origin,288,75,73,52,84,86,114,2.0
8,origin,289,83,60,57,98,62,138,2.1000000000000014
8,origin,290,70,77,53,80,95,105,2.0
8,origin,291,78,67,55,85,78,122,3.0
8,origin,292,80,60,60,92,81,119,2.0
8,origin,293,81,60,59,83,78,122,2.8999999999999986
8,origin,294,82,66,52,86,76,124,2.0
8,origin,295,86,57,57,81,80,120,3.0
8,origin,296,79,65,56,88,81,119,2.0
8,origin,297,83,60,57,77,86,114,2.3999999999999986
8,origin,298,76,74,50,83,83,117,2.0
8,origin,299,82,60,58,81,81,119,3.0
8,origin,300,83,63,54,78,88,112,2.8000000000000043
8,event,1,82,58,60,83,84,116,2.0
8,event,2,77,68,55,88,82,118,2.0
8,event,3,93,52,55,86,67,133,3.0
8,event,4,83,62,55,86,77,123,3.0
8,event,5,76,69,55,87,80,120,2.0
8,event,6,76,65,59,86,83,117,2.0
8,event,7,88,52,60,87,76,124,2.0
8,event,8,73,81,46,91,72,128,3.0
8,event,9,80,64,56,86,81,119,2.6000000000000014
8,event,10,81,65,54,88,76,124,3.0
8,event,11,80,65,55,86,78,122,2.0
8,event,12,77,63,60,88,81,119,2.0
8,event,13,82,64,54,76,86,114,2.0
8,event,14,75,67,58,83,89,111,2.8999999999999986
8,event,15,80,64,56,85,83,117,2.0
8,event,16,83,61,56,86,79,121,2.0
8,event,17,81,65,54,81,82,118,3.0
8,event,18,82,62,56,90,72,128,3.0
8,event,19,84,55,61,84,82,118,2.3999999999999986
8,event,20,83,59,58,85,83,117,2.0
8,event,21,84,57,59,80,84,116,3.0
8,event,22,83,60,57,83,84,116,3.0
8,event,23,82,61,57,86,78,122,2.6000000000000014
8,event,24,87,56,57,82,81,119,2.5
8,event,25,77,70,53,80,86,114,3.0
8,event,26,81,66,53,85,75,125,2.0
8,event,27,81,66,53,85,83,117,2.0
8,event,28,77,69,54,91,77,123,3.0
8,event,29,85,62,53,88,66,134,3.0
8,event,30,85,55,60,80,87,113,2.0
8,event,31,81,59,60,81,83,117,3.0
8,event,32,82,58,60,87,84,116,2.0
8,event,33,78,67,55,83,83,117,2.0
8,event,34,79,65,56,89,74,126,2.0
8,event,35,78,65,57,79,91,109,2.0
8,event,36,79,60,61,89,82,118,2.0
8,event,37,78,62,60,86,84,116,2.0
8,event,38,81,64,55,87,75,125,2.700000000000003
8,event,39,79,68,53,93,69,131,2.0
8,event,40,76,67,57,89,85,115,2.0
8,event,41,85,57,58,85,73,127,2.1000000000000014
8,event,42,77,68,55,95,74,126,2.0
8,event,43,79,62,59,80,86,114,2.0
8,event,44,85,57,58,87,74,126,2.0
8,event,45,78,68,54,88,79,121,2.6000000000000014
8,event,46,84,54,62,93,73,127,2.0
8,event,47,87,52,61,89,72,128,2.0
8,event,48,84,62,54,85,80,120,2.0
8,event,49,87,54,59,92,64,136,2.0
8,event,50,93,53,54,73,80,120,3.0
8,event,51,77,68,55,84,80,120,2.0
8,event,52,82,61,57,82,83,117,3.0
8,event,53,85,55,60,87,75,125,3.0
8,event,54,82,68,50,91,62,138,2.0
8,event,55,87,55,58,80,84,116,3.0
8,event,56,81,67,52,82,79,121,2.8000000000000043
8,event,57,77,75,48,80,83,117,3.0
8,event,58,85,61,54,87,70,130,3.0
8,event,59,80,64,56,90,75,125,2.0
8,event,60,79,66,55,83,86,114,2.0
8,event,61,76,74,50,76,91,109,3.0
8,event,62,70,82,48,83,80,120,2.8000000000000043
8,event,63,87,57,56,84,74,126,2.0
8,event,64,77,59,64,94,81,119,2.0
8,event,65,85,62,53,88,68,132,2.0
8,event,66,78,68,54,86,77,123,2.0
8,event,67,76,70,54,87,82,118,2.0
8,event,68,75,69,56,77,94,106,2.0
8,event,69,80,61,59,83,83,117,2.0
8,event,70,87,55,58,89,70,130,2.0
8,event,71,75,72,53,88,78,122,2.0
8,event,72,93,48,59,78,75,125,3.0
8,event,73,85,52,63,94,70,130,3.0
8,event,74,83,60,57,85,78,122,2.0
8,event,75,78,68,54,92,78,122,2.0
8,event,76,85,57,58,90,70,130,3.0
8,event,77,80,61,59,81,89,111,2.0
8,event,78,82,62,56,80,84,116,2.700000000000003
8,event,79,86,59,55,80,84,116,2.200000000000003
8,event,80,90,52,58,85,70,130,3.0
8,event,81,85,54,61,96,65,135,2.0
8,event,82,81,63,56,89,77,123,2.0
8,event,83,81,60,59,85,78,122,3.0
8,event,84,79,66,55,84,80,120,2.0
8,event,85,77,67,56,91,79,121,2.0
8,event,86,80,60,60,81,89,111,3.0
8,event,87,77,74,49,86,70,130,3.0
8,event,88,81,67,52,85,81,119,2.0
8,event,89,76,65,59,95,77,123,2.0
8,event,90,88,54,58,85,72,128,2.0
8,event,91,83,60,57,74,92,108,2.0
8,event,92,76,75,49,82,83,117,2.0
8,event,93,75,71,54,78,93,107,2.0
8,event,94,90,55,55,85,71,129,2.200000000000003
8,event,95,78,66,56,79,88,112,2.0
8,event,96,74,74,52,82,86,114,2.0
8,event,97,75,70,55,94,79,121,2.0
8,event,98,82,62,56,89,75,125,2.0
8,event,99,83,60,57,80,86,114,2.0
8,event,100,79,64,57,85,83,117,2.0
8,event,101,83,66,51,75,84,116,3.0
8,event,102,80,61,59,83,85,115,3.0
8,event,103,76,66,58,87,86,114,2.0
8,event,104,86,55,59,86,73,127,2.0
8,event,105,82,62,56,91,76,124,2.0
8,event,106,81,66,53,86,74,126,2.3000000000000043
8,event,107,79,70,51,79,83,117,2.0
8,event,108,88,51,61,80,86,114,2.0
8,event,109,85,57,58,79,86,114,2.3999999999999986
8,event,110,79,70,51,80,85,115,2.0
8,event,111,75,68,57,89,83,117,2.0
8,event,112,81,63,56,85,83,117,2.0
8,event,113,86,57,57,89,69,131,2.0
8,event,114,78,67,55,87,79,121,2.0
8,event,115,88,52,60,86,74,126,2.0
8,event,116,80,64,56,88,74,126,2.0
8,event,117,82,58,60,82,85,115,3.0
8,event,118,79,70,51,89,74,126,3.0
8,event,119,83,62,55,82,82,118,2.0
8,event,120,87,53,60,83,82,118,3.0
8,event,121,89,48,63,82,76,124,2.0
8,event,122,74,71,55,89,80,120,2.0
8,event,123,83,61,56,80,89,111,2.0
8,event,124,81,66,53,90,72,128,2.0
8,event,125,81,62,57,88,74,126,2.3999999999999986
8,event,126,76,68,56,89,81,119,2.0
8,event,127,86,56,58,85,71,129,2.3000000000000043
8,event,128,79,65,56,83,84,116,2.0
8,event,129,82,63,55,77,85,115,2.0
8,event,130,84,58,58,94,70,130,2.0
8,event,131,86,63,51,77,82,118,3.0
8,event,132,80,68,52,82,85,115,3.0
8,event,133,81,67,52,80,83,117,2.0
8,event,134,73,75,52,75,100,100,2.0
8,event,135,78,68,54,81,90,110,2.8999999999999986
8,event,136,87,57,56,83,78,122,2.3999999999999986
8,event,137,74,69,57,73,102,98,2.0
8,event,138,84,55,61,93,72,128,2.8999999999999986
8,event,139,85,59,56,84,77,123,2.0
8,event,140,84,64,52,89,67,133,2.8000000000000043
8,event,141,81,66,53,79,80,120,3.0
8,event,142,82,61,57,85,83,117,2.0
8,event,143,87,57,56,75,80,120,3.0
8,event,144,77,67,56,87,82,118,2.0
8,event,145,75,71,54,83,84,116,3.0
8,event,146,74,72,54,88,85,115,2.0
8,event,147,78,66,56,91,75,125,2.0
8,event,148,85,56,59,81,80,120,2.6000000000000014
8,event,149,77,68,55,77,92,108,3.0
8,event,150,78,71,51,77,88,112,2.0
8,event,151,77,69,54,81,85,115,2.0
8,event,152,81,62,57,90,74,126,2.0
8,event,153,77,68,55,83,83,117,3.0
8,event,154,82,59,59,88,75,125,2.0
8,event,155,84,64,52,78,82,118,3.0
8,event,156,84,55,61,84,79,121,3.0
8,event,157,83,55,62,94,71,129,2.1000000000000014
8,event,158,85,59,56,85,66,134,3.0
8,event,159,76,68,56,92,75,125,2.0
8,event,160,82,63,55,82,81,119,2.3000000000000043
8,event,161,81,61,58,91,76,124,2.3999999999999986
8,event,162,85,57,58,82,78,122,3.0
8,event,163,77,68,55,92,71,129,2.8999999999999986
8,event,164,80,66,54,80,84,116,2.0
8,event,165,80,64,56,88,78,122,2.0
8,event,166,76,75,49,81,83,117,2.0
8,event,167,79,67,54,80,87,113,2.0
8,event,168,83,67,50,78,83,117,3.0
8,event,169,72,72,56,88,87,113,2.0
8,event,170,78,69,53,86,85,115,2.0
8,event,171,77,72,51,89,72,128,2.0
8,event,172,88,56,56,81,80,120,3.0
8,event,173,72,77,51,80,97,103,2.0
8,event,174,80,64,56,85,79,121,2.8000000000000043
8,event,175,73,77,50,76,96,104,2.0
8,event,176,84,57,59,87,77,123,3.0
8,event,177,81,65,54,76,92,108,2.0
8,event,178,74,75,51,74,97,103,2.0
8,event,179,85,54,61,84,84,116,2.0
8,event,180,79,71,50,87,73,127,2.0
8,event,181,82,66,52,73,88,112,2.6000000000000014
8,event,182,79,67,54,90,78,122,2.0
8,event,183,80,61,59,83,87,113,2.0
8,event,184,83,61,56,83,81,119,2.0
8,event,185,84,63,53,90,71,129,2.0
8,event,186,80,64,56,75,95,105,2.3999999999999986
8,event,187,79,62,59,83,85,115,2.0
8,event,188,86,59,55,86,80,120,2.0
8,event,189,82,63,55,86,77,123,2.0
8,event,190,76,66,58,95,75,125,2.8000000000000043
8,event,191,83,61,56,88,76,124,2.5
8,event,192,79,74,47,85,76,124,2.0
8,event,193,84,51,65,87,85,115,2.200000000000003
8,event,194,79,62,59,90,83,117,2.0
8,event,195,81,57,62,77,97,103,2.0
8,event,196,77,66,57,90,78,122,3.0
8,event,197,84,66,50,89,68,132,3.0
8,event,198,80,66,54,83,83,117,2.0
8,event,199,81,59,60,84,86,114,2.0
8,event,200,90,55,55,79,76,124,3.0
8,event,201,80,69,51,83,78,122,2.0
8,event,202,70,74,56,87,88,112,2.0
8,event,203,82,63,55,84,78,122,2.0
8,event,204,89,51,60,78,81,119,3.0
8,event,205,84,58,58,84,82,118,2.0
8,event,206,87,57,56,77,82,118,2.3000000000000043
8,event,207,88,57,55,84,75,125,2.6000000000000014
8,event,208,87,58,55,90,66,134,3.0
8,event,209,85,57,58,93,73,127,2.0
8,event,210,78,72,50,84,82,118,2.0
8,event,211,83,58,59,94,69,131,2.200000000000003
8,event,212,80,61,59,78,91,109,2.0
8,event,213,81,63,56,87,80,120,2.0
8,event,214,80,64,56,75,91,109,2.0
8,event,215,80,55,65,85,89,111,2.0
8,event,216,77,69,54,81,87,113,2.0
8,event,217,86,55,59,84,77,123,3.0
8,event,218,82,63,55,87,76,124,2.0
8,event,219,83,56,61,92,76,124,2.0
8,event,220,90,52,58,82,77,123,3.0
8,event,221,85,62,53,75,82,118,3.0
8,event,222,81,68,51,88,70,130,2.0
8,event,223,80,64,56,83,82,118,2.0
8,event,224,87,58,55,80,82,118,2.3000000000000043
8,event,225,86,55,59,87,75,125,3.0
8,event,226,78,63,59,91,77,123,2.0
8,event,227,88,57,55,75,83,117,3.0
8,event,228,77,66,57,90,73,127,2.0
8,event,229,87,58,55,80,82,118,2.0
8,event,230,84,61,55,81,83,117,3.0
8,event,231,92,50,58,79,77,123,2.3000000000000043
8,event,232,89,52,59,84,73,127,2.0
8,event,233,85,58,57,79,85,115,2.0
8,event,234,73,79,48,82,87,113,2.0
8,event,235,80,65,55,84,85,115,2.0
8,event,236,84,57,59,92,71,129,3.0
8,event,237,74,68,58,90,83,117,2.0
8,event,238,82,57,61,84,83,117,2.0
8,event,239,78,65,57,81,87,113,2.0
8,event,240,90,55,55,80,79,121,3.0
8,event,241,87,61,52,73,85,115,3.0
8,event,242,91,51,58,89,69,131,3.0
8,event,243,87,56,57,78,85,115,3.0
8,event,244,79,68,53,86,82,118,2.0
8,event,245,75,71,54,77,94,106,2.0
8,event,246,80,69,51,91,68,132,2.0
8,event,247,89,50,61,85,78,122,3.0
8,event,248,79,66,55,76,90,110,3.0
8,event,249,76,65,59,96,67,133,2.0
8,event,250,87,56,57,84,79,121,2.0
8,event,251,85,62,53,80,82,118,3.0
8,event,252,83,55,62,89,73,127,2.8000000000000043
8,event,253,75,75,50,86,77,123,2.0
8,event,254,72,79,49,73,96,104,2.0
8,event,255,76,68,56,89,82,118,2.0
8,event,256,87,51,62,87,70,130,3.0
8,event,257,74,69,57,83,94,106,2.0
8,event,258,81,64,55,88,75,125,2.8000000000000043
8,event,259,84,57,59,80,87,113,3.0
8,event,260,72,72,56,83,97,103,2.0
8,event,261,71,79,50,86,88,112,2.0
8,event,262,78,63,59,92,76,124,2.0
8,event,263,76,72,52,92,75,125,2.0
8,event,264,87,54,59,89,73,127,2.0
8,event,265,83,53,64,94,71,129,2.0
8,event,266,85,62,53,82,80,120,3.0
8,event,267,77,69,54,77,91,109,2.8999999999999986
8,event,268,77,63,60,79,96,104,2.0
8,event,269,81,61,58,77,92,108,3.0
8,event,270,82,64,54,89,73,127,2.0
8,event,271,73,72,55,77,99,101,2.0
8,event,272,85,53,62,87,83,117,2.0
8,event,273,90,51,59,79,80,120,3.0
8,event,274,81,64,55,82,82,118,2.8000000000000043
8,event,275,78,71,51,90,75,125,2.0
8,event,276,81,65,54,94,71,129,2.0
8,event,277,84,60,56,87,72,128,3.0
8,event,278,81,66,53,83,76,124,2.0
8,event,279,76,72,52,83,83,117,2.0
8,event,280,73,77,50,82,89,111,2.0
8,event,281,85,62,53,81,79,121,3.0
8,event,282,78,63,59,89,76,124,2.0
8,event,283,79,70,51,84,77,123,2.0
8,event,284,76,71,53,81,90,110,2.0
8,event,285,73,74,53,82,91,109,2.0
8,event,286,87,57,56,78,87,113,2.0
8,event,287,74,73,53,86,83,117,2.0
8,event,288,75,73,52,84,86,114,2.0
8,event,289,83,60,57,99,61,139,2.1000000000000014
8,event,290,70,77,53,80,95,105,2.0
8,event,291,77,69,54,85,78,122,3.0
8,event,292,80,60,60,92,81,119,2.0
8,event,293,81,60,59,83,78,122,2.8999999999999986
8,event,294,82,67,51,86,75,125,2.0
8,event,295,86,56,58,82,80,120,3.0
8,event,296,79,65,56,88,81,119,2.0
8,event,297,83,61,56,77,87,113,2.3999999999999986
8,event,298,76,74,50,83,83,117,2.0
8,event,299,82,60,58,81,81,119,3.0
8,event,300,83,63,54,78,88,112,2.8000000000000043
9,origin,1,77,67,56,88,80,120,2.0
9,origin,2,90,48,62,91,67,133,2.0
9,origin,3,79,68,53,78,91,109,2.0
9,origin,4,74,71,55,89,83,117,2.0
9,origin,5,83,61,56,85,77,123,2.700000000000003
9,origin,6,80,69,51,84,75,125,2.0
9,origin,7,84,57,59,80,86,114,2.5
9,origin,8,82,61,57,93,72,128,2.0
9,origin,9,85,61,54,75,85,115,2.3000000000000043
9,origin,10,89,56,55,86,71,129,3.0
9,origin,11,80,66,54,77,89,111,3.0
9,origin,12,73,74,53,79,95,105,2.0
9,origin,13,81,61,58,85,84,116,2.0
9,origin,14,84,60,56,85,75,125,3.0
9,origin,15,74,73,53,89,81,119,2.0
9,origin,16,78,69,53,81,82,118,2.0
9,origin,17,82,69,49,87,69,131,3.0
9,origin,18,73,77,50,87,81,119,2.0
9,origin,19,83,67,50,89,70,130,3.0
9,origin,20,82,66,52,79,79,121,3.0
9,origin,21,76,69,55,93,73,127,2.0
9,origin,22,87,49,64,89,75,125,2.0
9,origin,23,87,59,54,88,69,131,2.3000000000000043
9,origin,24,86,57,57,80,80,120,2.0
9,origin,25,80,62,58,81,87,113,2.700000000000003
9,origin,26,72,80,48,96,70,130,2.0
9,origin,27,81,66,53,87,74,126,2.0
9,origin,28,79,73,48,84,75,125,2.200000000000003
9,origin,29,84,60,56,90,66,134,2.8000000000000043
9,origin,30,80,67,53,93,65,135,2.6000000000000014
9,origin,31,83,59,58,82,85,115,2.1000000000000014
9,origin,32,88,52,60,91,63,137,2.1000000000000014
9,origin,33,87,60,53,82,73,127,2.5
9,origin,34,77,66,57,81,90,110,2.0
9,origin,35,88,54,58,82,85,115,2.0
9,origin,36,78,70,52,79,79,121,2.3000000000000043
9,origin,37,76,73,51,80,89,111,2.0
9,origin,38,86,59,55,79,77,123,2.5
9,origin,39,85,54,61,86,83,117,2.0
9,origin,40,80,66,54,91,72,128,3.0
9,origin,41,74,72,54,82,91,109,2.0
9,origin,42,88,58,54,82,78,122,2.5
9,origin,43,85,52,63,80,90,110,2.0
9,origin,44,83,56,61,91,76,124,2.0
9,origin,45,80,67,53,83,79,121,2.8999999999999986
9,origin,46,82,65,53,83,82,118,3.0
9,origin,47,83,59,58,86,74,126,2.0
9,origin,48,74,71,55,88,85,115,2.0
9,origin,49,83,63,54,90,70,130,2.0
9,origin,50,87,56,57,73,86,114,3.0
9,origin,51,86,58,56,79,80,120,3.0
9,origin,52,84,56,60,92,73,127,3.0
9,origin,53,80,64,56,94,74,126,2.0
9,origin,54,76,74,50,73,94,106,3.0
9,origin,55,86,61,53,84,75,125,2.3000000000000043
9,origin,56,76,75,49,83,82,118,3.0
9,origin,57,77,73,50,72,96,104,2.0
9,origin,58,79,68,53,76,90,110,3.0
9,origin,59,80,68,52,88,77,123,2.5
9,origin,60,74,71,55,80,94,106,2.0
9,origin,61,78,69,53,83,84,116,2.0
9,origin,62,88,55,57,76,85,115,3.0
9,origin,63,80,73,47,76,82,118,2.0
9,origin,64,80,65,55,85,80,120,2.0
9,origin,65,81,64,55,92,74,126,2.0
9,origin,66,79,65,56,86,81,119,2.0
9,origin,67,79,65,56,91,71,129,2.0
9,origin,68,87,52,61,89,74,126,3.0
9,origin,69,75,72,53,86,78,122,2.0
9,origin,70,78,68,54,81,90,110,2.0
9,origin,71,83,63,54,78,84,116,3.0
9,origin,72,76,71,53,84,80,120,2.0
9,origin,73,85,53,62,87,72,128,3.0
9,origin,74,76,71,53,83,88,112,2.0
9,origin,75,83,60,57,84,74,126,2.0
9,origin,76,86,53,61,80,88,112,2.0
9,origin,77,86,55,59,79,84,116,3.0
9,origin,78,83,60,57,81,86,114,2.200000000000003
9,origin,79,78,63,59,85,92,108,2.0
9,origin,80,85,55,60,85,82,118,2.0
9,origin,81,86,60,54,85,74,126,2.0
9,origin,82,86,53,61,84,77,123,2.6000000000000014
9,origin,83,84,61,55,85,82,118,2.200000000000003
9,origin,84,79,66,55,86,81,119,2.0
9,origin,85,80,69,51,81,82,118,2.0
9,origin,86,78,66,56,87,83,117,2.0
9,origin,87,83,59,58,88,77,123,2.6000000000000014
9,origin,88,82,64,54,87,74,126,2.0
9,origin,89,87,51,62,91,75,125,2.0
9,origin,90,86,58,56,83,78,122,2.0
9,origin,91,81,66,53,87,75,125,3.0
9,origin,92,87,52,61,87,71,129,3.0
9,origin,93,85,54,61,88,75,125,3.0
9,origin,94,84,59,57,87,70,130,3.0
9,origin,95,84,58,58,81,81,119,2.700000000000003
9,origin,96,87,54,59,85,77,123,3.0
9,origin,97,89,47,64,83,86,114,2.0
9,origin,98,86,60,54,76,84,116,3.0
9,origin,99,93,46,61,78,85,115,3.0
9,origin,100,72,71,57,86,92,108,2.0
9,origin,101,87,53,60,85,76,124,3.0
9,origin,102,81,64,55,88,77,123,3.0
9,origin,103,82,62,56,88,75,125,2.0
9,origin,104,75,64,61,90,91,109,2.0
9,origin,105,82,60,58,87,75,125,2.3000000000000043
9,origin,106,86,60,54,75,83,117,3.0
9,origin,107,75,75,50,85,80,120,3.0
9,origin,108,87,54,59,84,81,119,2.0
9,origin,109,80,63,57,98,67,133,2.0
9,origin,110,83,60,57,80,84,116,2.0
9,origin,111,81,60,59,97,68,132,2.0
9,origin,112,75,69,56,86,90,110,2.0
9,origin,113,78,63,59,90,80,120,2.0
9,origin,114,73,74,53,84,88,112,2.0
9,origin,115,83,65,52,87,72,128,2.0
9,origin,116,85,59,56,85,79,121,2.3999999999999986
9,origin,117,87,55,58,93,69,131,2.3000000000000043
9,origin,118,82,66,52,76,86,114,3.0
9,origin,119,79,59,62,91,80,120,2.0
9,origin,120,83,56,61,90,73,127,2.6000000000000014
9,origin,121,84,56,60,81,86,114,3.0
9,origin,122,79,62,59,91,80,120,2.0
9,origin,123,85,60,55,82,78,122,2.8000000000000043
9,origin,124,87,54,59,77,88,112,3.0
9,origin,125,80,62,58,94,74,126,2.0
9,origin,126,79,66,55,74,92,108,2.700000000000003
9,origin,127,68,86,46,82,92,108,2.0
9,origin,128,83,60,57,95,69,131,3.0
9,origin,129,82,62,56,79,86,114,2.0
9,origin,130,80,66,54,80,87,113,2.0
9,origin,131,83,59,58,86,82,118,2.6000000000000014
9,origin,132,81,65,54,79,85,115,2.700000000000003
9,origin,133,87,47,66,87,78,122,2.0
9,origin,134,77,63,60,83,91,109,2.700000000000003
9,origin,135,76,70,54,84,83,117,2.0
9,origin,136,75,70,55,88,80,120,2.8000000000000043
9,origin,137,82,65,53,80,83,117,2.8000000000000043
9,origin,138,79,66,55,89,78,122,3.0
9,origin,139,79,69,52,88,78,122,2.0
9,origin,140,67,77,56,82,99,101,2.0
9,origin,141,80,65,55,87,80,120,2.0
9,origin,142,75,71,54,81,93,107,2.0
9,origin,143,77,61,62,90,83,117,2.0
9,origin,144,81,60,59,82,87,113,2.0
9,origin,145,88,51,61,85,78,122,3.0
9,origin,146,86,56,58,86,81,119,2.0
9,origin,147,82,62,56,81,88,112,3.0
9,origin,148,78,75,47,82,78,122,2.0
9,origin,149,81,61,58,89,81,119,2.0
9,origin,150,83,59,58,96,65,135,2.0
9,origin,151,78,71,51,87,72,128,2.0
9,origin,152,77,67,56,89,83,117,2.0
9,origin,153,79,70,51,83,77,123,2.0
9,origin,154,83,65,52,83,79,121,2.0
9,origin,155,79,66,55,82,85,115,2.0
9,origin,156,85,56,59,90,71,129,2.0
9,origin,157,79,64,57,93,71,129,2.0
9,origin,158,86,58,56,81,81,119,3.0
9,origin,159,88,56,56,82,72,128,3.0
9,origin,160,75,75,50,78,91,109,2.200000000000003
9,origin,161,85,63,52,89,68,132,2.0
9,origin,162,85,56,59,80,78,122,3.0
9,origin,163,82,64,54,84,82,118,2.0
9,origin,164,87,57,56,81,74,126,3.0
9,origin,165,77,69,54,86,80,120,2.0
9,origin,166,87,55,58,75,89,111,2.0
9,origin,167,84,59,57,82,81,119,2.0
9,origin,168,88,59,53,73,84,116,3.0
9,origin,169,73,70,57,84,90,110,2.0
9,origin,170,84,59,57,83,82,118,3.0
9,origin,171,83,59,58,86,81,119,2.0
9,origin,172,76,70,54,84,87,113,3.0
9,origin,173,86,57,57,83,80,120,2.1000000000000014
9,origin,174,84,57,59,81,85,115,3.0
9,origin,175,78,68,54,92,76,124,2.0
9,origin,176,84,58,58,83,77,123,3.0
9,origin,177,81,61,58,81,85,115,3.0
9,origin,178,89,48,63,85,79,121,3.0
9,origin,179,80,60,60,92,78,122,2.0
9,origin,180,73,76,51,89,78,122,3.0
9,origin,181,86,58,56,83,78,122,2.0
9,origin,182,83,65,52,72,95,105,2.5
9,origin,183,75,75,50,86,81,119,2.0
9,origin,184,81,60,59,80,90,110,2.0
9,origin,185,91,54,55,76,78,122,3.0
9,origin,186,78,70,52,79,82,118,3.0
9,origin,187,78,68,54,88,76,124,2.0
9,origin,188,91,50,59,90,62,138,2.1000000000000014
9,origin,189,70,76,54,81,91,109,2.0
9,origin,190,85,56,59,81,81,119,2.3999999999999986
9,origin,191,77,70,53,85,80,120,2.0
9,origin,192,81,62,57,83,86,114,2.0
9,origin,193,81,64,55,86,76,124,2.0
9,origin,194,72,73,55,94,79,121,2.0
9,origin,195,87,56,57,89,73,127,2.0
9,origin,196,77,71,52,86,77,123,2.6000000000000014
9,origin,197,80,61,59,87,86,114,2.0
9,origin,198,77,71,52,83,81,119,2.0
9,origin,199,88,54,58,86,71,129,2.0
9,origin,200,84,58,58,83,76,124,3.0
9,origin,201,79,63,58,80,90,110,2.0
9,origin,202,83,54,63,83,77,123,3.0
9,origin,203,87,53,60,82,77,123,3.0
9,origin,204,80,61,59,86,86,114,2.0
9,origin,205,76,71,53,83,87,113,2.0
9,origin,206,74,74,52,88,78,122,2.0
9,origin,207,82,59,59,87,78,122,2.0
9,origin,208,80,67,53,80,82,118,2.700000000000003
9,origin,209,87,59,54,89,67,133,3.0
9,origin,210,72,76,52,82,89,111,2.0
9,origin,211,80,60,60,78,89,111,2.5
9,origin,212,83,64,53,83,76,124,2.700000000000003
9,origin,213,80,56,64,102,69,131,2.0
9,origin,214,89,50,61,86,75,125,2.0
9,origin,215,84,58,58,91,70,130,3.0
9,origin,216,84,63,53,84,75,125,2.8999999999999986
9,origin,217,82,62,56,85,78,122,3.0
9,origin,218,87,64,49,72,81,119,3.0
9,origin,219,87,57,56,78,82,118,3.0
9,origin,220,77,65,58,84,83,117,3.0
9,origin,221,86,60,54,88,64,136,3.0
9,origin,222,91,49,60,88,72,128,2.0
9,origin,223,87,51,62,90,77,123,2.0
9,origin,224,74,71,55,89,79,121,2.0
9,origin,225,79,62,59,79,89,111,2.0
9,origin,226,83,62,55,86,78,122,2.0
9,origin,227,69,81,50,90,79,121,2.200000000000003
9,origin,228,78,68,54,90,70,130,2.0
9,origin,229,89,49,62,82,81,119,2.1000000000000014
9,origin,230,80,64,56,86,77,123,2.8999999999999986
9,origin,231,79,61,60,80,93,107,2.0
9,origin,232,81,61,58,75,90,110,2.0
9,origin,233,79,64,57,81,84,116,2.0
9,origin,234,88,64,48,71,84,116,3.0
9,origin,235,79,63,58,87,86,114,2.0
9,origin,236,80,71,49,79,81,119,2.0
9,origin,237,79,64,57,85,84,116,2.0
9,origin,238,81,62,57,78,89,111,2.0
9,origin,239,87,50,63,85,77,123,3.0
9,origin,240,78,67,55,91,78,122,2.0
9,origin,241,83,58,59,87,79,121,2.6000000000000014
9,origin,242,76,70,54,95,73,127,2.0
9,origin,243,84,61,55,78,82,118,2.3999999999999986
9,origin,244,87,55,58,86,72,128,2.5
9,origin,245,79,61,60,84,85,115,2.0
9,origin,246,88,56,56,88,66,134,3.0
9,origin,247,77,70,53,80,90,110,2.0
9,origin,248,81,62,57,83,87,113,2.0
9,origin,249,82,60,58,88,80,120,2.3000000000000043
9,origin,250,76,68,56,89,86,114,2.0
9,origin,251,76,70,54,85,82,118,2.8000000000000043
9,origin,252,75,66,59,87,88,112,2.0
9,origin,253,83,58,59,91,76,124,2.0
9,origin,254,78,63,59,87,80,120,2.0
9,origin,255,69,77,54,77,99,101,2.0
9,origin,256,76,70,54,85,76,124,2.0
9,origin,257,75,70,55,81,88,112,2.0
9,origin,258,84,59,57,78,87,113,2.5
9,origin,259,82,62,56,81,87,113,2.6000000000000014
9,origin,260,89,53,58,84,74,126,3.0
9,origin,261,86,60,54,83,75,125,3.0
9,origin,262,80,63,57,81,87,113,2.5
9,origin,263,81,65,54,82,85,115,3.0
9,origin,264,78,70,52,84,77,123,3.0
9,origin,265,87,51,62,88,75,125,2.0
9,origin,266,95,42,63,82,75,125,3.0
9,origin,267,77,61,62,91,83,117,2.0
9,origin,268,83,61,56,84,78,122,2.0
9,origin,269,84,60,56,81,81,119,2.0
9,origin,270,83,58,59,81,86,114,2.0
9,origin,271,84,67,49,80,80,120,2.0
9,origin,272,87,54,59,78,80,120,2.0
9,origin,273,77,65,58,81,89,111,2.0
9,origin,274,84,60,56,85,78,122,2.0
9,origin,275,82,60,58,86,81,119,2.0
9,origin,276,96,46,58,74,78,122,3.0
9,origin,277,70,82,48,91,76,124,2.0
9,origin,278,75,76,49,71,98,102,2.0
9,origin,279,78,67,55,101,59,141,2.0
9,origin,280,78,66,56,83,84,116,2.0
9,origin,281,77,70,53,85,83,117,2.0
9,origin,282,83,59,58,82,77,123,3.0
9,origin,283,82,58,60,80,84,116,3.0
9,origin,284,81,65,54,79,87,113,2.0
9,origin,285,80,65,55,83,80,120,3.0
9,origin,286,81,64,55,89,73,127,2.0
9,origin,287,78,67,55,86,80,120,2.0
9,origin,288,79,65,56,83,83,117,2.0
9,origin,289,80,67,53,74,89,111,2.0
9,origin,290,82,62,56,88,74,126,2.8000000000000043
9,origin,291,74,71,55,91,83,117,2.0
9,origin,292,77,69,54,82,86,114,2.0
9,origin,293,82,61,57,95,70,130,2.0
9,origin,294,94,50,56,78,72,128,2.0
9,origin,295,73,74,53,81,91,109,3.0
9,origin,296,86,63,51,79,79,121,3.0
9,origin,297,78,63,59,85,87,113,2.0
9,origin,298,86,54,60,84,78,122,3.0
9,origin,299,81,60,59,85,85,115,2.0
9,origin,300,79,64,57,79,95,105,2.0
9,event,1,77,67,56,88,80,120,2.0
9,event,2,90,48,62,91,67,133,2.0
9,event,3,79,68,53,78,91,109,2.0
9,event,4,74,71,55,89,83,117,2.0
9,event,5,83,61,56,85,77,123,2.700000000000003
9,event,6,80,69,51,84,75,125,2.0
9,event,7,84,57,59,80,86,114,2.5
9,event,8,82,61,57,93,72,128,2.0
9,event,9,85,61,54,75,85,115,2.3000000000000043
9,event,10,89,56,55,86,71,129,3.0
9,event,11,80,66,54,77,89,111,3.0
9,event,12,73,74,53,79,95,105,2.0
9,event,13,81,61,58,85,84,116,2.0
9,event,14,84,60,56,85,75,125,3.0
9,event,15,74,73,53,89,81,119,2.0
9,event,16,78,69,53,81,82,118,2.0
9,event,17,82,69,49,87,69,131,3.0
9,event,18,73,77,50,87,81,119,2.0
9,event,19,84,65,51,88,69,131,3.0
9,event,20,82,66,52,79,79,121,3.0
9,event,21,76,69,55,93,73,127,2.0
9,event,22,87,49,64,89,75,125,2.0
9,event,23,87,59,54,88,69,131,2.3000000000000043
9,event,24,86,57,57,80,80,120,2.0
9,event,25,80,62,58,81,87,113,2.700000000000003
9,event,26,72,80,48,96,70,130,2.0
9,event,27,81,66,53,87,74,126,2.0
9,event,28,79,73,48,84,75,125,2.200000000000003
9,event,29,84,60,56,90,66,134,2.8000000000000043
9,event,30,80,67,53,93,66,134,2.6000000000000014
9,event,31,83,59,58,82,85,115,2.1000000000000014
9,event,32,88,52,60,91,63,137,2.1000000000000014
9,event,33,87,60,53,82,73,127,2.5
9,event,34,77,66,57,81,90,110,2.0
9,event,35,88,54,58,82,85,115,2.0
9,event,36,78,70,52,79,79,121,2.3000000000000043
9,event,37,77,71,52,80,88,112,2.0
9,event,38,85,60,55,80,77,123,2.5
9,event,39,85,54,61,86,83,117,2.0
9,event,40,80,66,54,91,72,128,3.0
9,event,41,74,72,54,82,91,109,2.0
9,event,42,88,58,54,82,78,122,2.5
9,event,43,85,52,63,80,90,110,2.0
9,event,44,83,56,61,91,76,124,2.0
9,event,45,80,67,53,83,79,121,2.8999999999999986
9,event,46,82,65,53,83,82,118,3.0
9,event,47,83,59,58,86,74,126,2.0
9,event,48,74,71,55,88,85,115,2.0
9,event,49,83,63,54,90,70,130,2.0
9,event,50,87,56,57,73,86,114,3.0
9,event,51,86,58,56,80,79,121,3.0
9,event,52,85,55,60,91,73,127,3.0
9,event,53,80,64,56,94,74,126,2.0
9,event,54,75,75,50,74,94,106,3.0
9,event,55,86,61,53,84,75,125,2.3000000000000043
9,event,56,76,75,49,83,82,118,3.0
9,event,57,77,73,50,72,96,104,2.0
9,event,58,79,68,53,76,90,110,3.0
9,event,59,80,67,53,88,78,122,2.6000000000000014
9,event,60,74,71,55,80,94,106,2.0
9,event,61,78,69,53,83,84,116,2.0
9,event,62,88,55,57,76,85,115,3.0
9,event,63,80,73,47,76,82,118,2.0
9,event,64,80,65,55,85,80,120,2.0
9,event,65,81,64,55,92,74,126,2.0
9,event,66,79,65,56,86,81,119,2.0
9,event,67,79,65,56,91,71,129,2.0
9,event,68,87,52,61,89,74,126,3.0
9,event,69,75,72,53,86,78,122,2.0
9,event,70,78,68,54,81,90,110,2.0
9,event,71,83,63,54,78,84,116,3.0
9,event,72,76,71,53,84,80,120,2.0
9,event,73,85,53,62,87,72,128,3.0
9,event,74,77,70,53,82,88,112,2.0
9,event,75,84,58,58,83,76,124,2.6000000000000014
9,event,76,86,53,61,80,88,112,2.0
9,event,77,86,55,59,79,84,116,3.0
9,event,78,83,60,57,81,86,114,2.200000000000003
9,event,79,77,64,59,85,93,107,2.0
9,event,80,85,56,59,84,83,117,2.0
9,event,81,86,61,53,85,74,126,2.0
9,event,82,86,53,61,84,77,123,2.6000000000000014
9,event,83,84,61,55,85,82,118,2.200000000000003
9,event,84,80,64,56,86,81,119,2.0
9,event,85,80,69,51,81,82,118,2.0
9,event,86,78,66,56,87,83,117,2.0
9,event,87,83,59,58,88,77,123,2.6000000000000014
9,event,88,82,64,54,87,74,126,2.0
9,event,89,87,52,61,90,75,125,2.0
9,event,90,85,58,57,84,78,122,2.0
9,event,91,81,66,53,87,75,125,3.0
9,event,92,87,52,61,87,71,129,3.0
9,event,93,85,54,61,88,75,125,3.0
9,event,94,84,60,56,86,71,129,3.0
9,event,95,84,58,58,81,81,119,2.700000000000003
9,event,96,87,53,60,85,77,123,3.0
9,event,97,89,48,63,82,85,115,2.0
9,event,98,86,60,54,76,84,116,3.0
9,event,99,92,47,61,79,85,115,3.0
9,event,100,73,70,57,85,92,108,2.0
9,event,101,87,52,61,85,77,123,3.0
9,event,102,81,64,55,88,77,123,3.0
9,event,103,82,64,54,87,74,126,2.0
9,event,104,75,63,62,88,94,106,2.0
9,event,105,84,57,59,85,75,125,2.1000000000000014
9,event,106,86,60,54,75,83,117,3.0
9,event,107,75,75,50,85,80,120,3.0
9,event,108,88,54,58,82,81,119,2.0
9,event,109,81,60,59,97,69,131,2.0
9,event,110,83,60,57,80,84,116,2.0
9,event,111,80,62,58,96,69,131,2.0
9,event,112,75,70,55,85,91,109,2.0
9,event,113,79,62,59,89,80,120,2.0
9,event,114,74,72,54,83,89,111,2.0
9,event,115,82,67,51,86,73,127,2.0
9,event,116,85,60,55,84,80,120,2.3999999999999986
9,event,117,87,55,58,93,69,131,2.3000000000000043
9,event,118,81,67,52,77,86,114,3.0
9,event,119,79,59,62,91,80,120,2.0
9,event,120,83,55,62,91,72,128,2.6000000000000014
9,event,121,84,55,61,81,86,114,3.0
9,event,122,79,62,59,90,81,119,2.0
9,event,123,85,60,55,82,78,122,2.8000000000000043
9,event,124,85,56,59,79,88,112,3.0
9,event,125,80,62,58,94,74,126,2.0
9,event,126,77,70,53,74,93,107,2.8000000000000043
9,event,127,68,85,47,83,92,108,2.0
9,event,128,83,60,57,95,69,131,3.0
9,event,129,82,61,57,80,84,116,2.0
9,event,130,80,66,54,80,87,113,2.0
9,event,131,83,59,58,86,83,117,2.6000000000000014
9,event,132,81,65,54,79,85,115,2.700000000000003
9,event,133,87,47,66,87,78,122,2.0
9,event,134,77,63,60,82,92,108,2.700000000000003
9,event,135,76,70,54,84,83,117,2.0
9,event,136,75,70,55,89,79,121,2.8000000000000043
9,event,137,82,64,54,80,83,117,2.8000000000000043
9,event,138,80,65,55,88,78,122,3.0
9,event,139,79,69,52,88,78,122,2.0
9,event,140,67,77,56,82,99,101,2.0
9,event,141,80,65,55,87,80,120,2.0
9,event,142,74,72,54,82,93,107,2.0
9,event,143,78,60,62,89,83,117,2.5
9,event,144,80,61,59,83,86,114,2.0
9,event,145,87,54,59,86,78,122,2.3999999999999986
9,event,146,86,57,57,85,81,119,2.0
9,event,147,82,62,56,81,88,112,3.0
9,event,148,78,75,47,82,78,122,2.0
9,event,149,81,61,58,89,81,119,2.0
9,event,150,83,59,58,96,65,135,2.0
9,event,151,80,68,52,85,73,127,2.0
9,event,152,76,69,55,89,83,117,2.0
9,event,153,79,71,50,82,78,122,2.0
9,event,154,83,65,52,82,81,119,2.0
9,event,155,78,68,54,83,86,114,2.0
9,event,156,85,56,59,90,71,129,2.0
9,event,157,79,64,57,92,72,128,2.0
9,event,158,85,59,56,81,82,118,3.0
9,event,159,87,57,56,84,71,129,3.0
9,event,160,75,74,51,79,90,110,2.200000000000003
9,event,161,87,60,53,88,67,133,2.0
9,event,162,84,57,59,81,78,122,3.0
9,event,163,82,64,54,84,82,118,2.0
9,event,164,86,57,57,83,74,126,3.0
9,event,165,78,66,56,85,81,119,2.0
9,event,166,85,57,58,75,91,109,2.0
9,event,167,83,62,55,81,82,118,2.0
9,event,168,88,59,53,73,84,116,3.0
9,event,169,73,70,57,84,90,110,2.0
9,event,170,84,59,57,83,82,118,3.0
9,event,171,83,59,58,86,81,119,2.0
9,event,172,76,70,54,84,87,113,3.0
9,event,173,84,60,56,84,80,120,2.3000000000000043
9,event,174,84,57,59,81,85,115,3.0
9,event,175,78,68,54,92,76,124,2.0
9,event,176,84,58,58,83,77,123,3.0
9,event,177,81,61,58,81,85,115,3.0
9,event,178,89,47,64,85,79,121,3.0
9,event,179,79,61,60,92,79,121,2.0
9,event,180,73,76,51,89,78,122,3.0
9,event,181,86,58,56,83,78,122,2.0
9,event,182,83,65,52,72,95,105,2.5
9,event,183,73,78,49,88,81,119,2.0
9,event,184,81,59,60,81,90,110,2.0
9,event,185,90,56,54,76,77,123,3.0
9,event,186,78,70,52,80,81,119,3.0
9,event,187,78,68,54,88,76,124,2.0
9,event,188,91,50,59,90,62,138,2.1000000000000014
9,event,189,70,76,54,81,91,109,2.0
9,event,190,85,56,59,81,81,119,2.3999999999999986
9,event,191,76,71,53,86,80,120,2.0
9,event,192,81,62,57,83,86,114,2.0
9,event,193,82,62,56,86,76,124,2.0
9,event,194,73,71,56,93,80,120,2.0
9,event,195,87,56,57,89,72,128,2.0
9,event,196,76,72,52,87,77,123,2.700000000000003
9,event,197,80,61,59,88,85,115,2.0
9,event,198,76,72,52,84,81,119,2.0
9,event,199,88,54,58,86,71,129,2.0
9,event,200,83,59,58,84,76,124,2.5
9,event,201,79,63,58,80,90,110,2.0
9,event,202,83,53,64,84,77,123,3.0
9,event,203,87,53,60,82,77,123,3.0
9,event,204,80,61,59,86,86,114,2.0
9,event,205,77,70,53,83,86,114,2.0
9,event,206,74,75,51,86,80,120,2.0
9,event,207,81,60,59,88,77,123,2.0
9,event,208,80,67,53,79,83,117,2.8000000000000043
9,event,209,87,59,54,89,67,133,3.0
9,event,210,72,76,52,82,89,111,2.0
9,event,211,80,60,60,78,89,111,2.5
9,event,212,83,64,53,83,76,124,2.700000000000003
9,event,213,80,56,64,102,69,131,2.0
9,event,214,90,48,62,86,75,125,2.200000000000003
9,event,215,83,60,57,91,71,129,3.0
9,event,216,84,63,53,85,73,127,2.8999999999999986
9,event,217,80,64,56,87,78,122,3.0
9,event,218,87,64,49,71,82,118,3.0
9,event,219,88,55,57,77,82,118,3.0
9,event,220,77,65,58,84,83,117,3.0
9,event,221,88,58,54,86,64,136,3.0
9,event,222,91,49,60,88,72,128,2.0
9,event,223,87,52,61,89,78,122,2.0
9,event,224,75,70,55,88,79,121,2.0
9,event,225,79,62,59,79,89,111,2.0
9,event,226,84,61,55,85,79,121,2.0
9,event,227,69,81,50,91,79,121,2.200000000000003
9,event,228,78,68,54,90,70,130,2.0
9,event,229,89,48,63,81,81,119,2.1000000000000014
9,event,230,81,63,56,85,77,123,2.8999999999999986
9,event,231,79,61,60,79,94,106,2.0
9,event,232,80,64,56,73,91,109,2.0
9,event,233,79,65,56,82,83,117,2.0
9,event,234,88,64,48,70,85,115,3.0
9,event,235,79,63,58,88,85,115,2.0
9,event,236,80,71,49,77,83,117,2.0
9,event,237,79,64,57,85,84,116,2.0
9,event,238,81,62,57,78,89,111,2.0
9,event,239,85,54,61,85,78,122,3.0
9,event,240,79,66,55,90,78,122,2.0
9,event,241,84,57,59,86,79,121,2.6000000000000014
9,event,242,75,71,54,96,73,127,2.0
9,event,243,84,61,55,78,82,118,2.3999999999999986
9,event,244,86,57,57,86,73,127,2.6000000000000014
9,event,245,79,62,59,84,84,116,2.0
9,event,246,86,60,54,88,67,133,3.0
9,event,247,77,70,53,80,90,110,2.0
9,event,248,81,62,57,83,87,113,2.0
9,event,249,82,60,58,88,80,120,2.3000000000000043
9,event,250,75,68,57,90,85,115,2.0
9,event,251,76,70,54,85,82,118,2.8000000000000043
9,event,252,75,67,58,86,89,111,2.0
9,event,253,83,58,59,91,76,124,2.0
9,event,254,78,64,58,88,78,122,2.0
9,event,255,69,76,55,77,99,101,2.0
9,event,256,76,70,54,85,76,124,2.0
9,event,257,75,70,55,81,88,112,2.0
9,event,258,84,59,57,78,87,113,2.5
9,event,259,82,62,56,81,87,113,2.6000000000000014
9,event,260,89,53,58,84,74,126,3.0
9,event,261,87,59,54,82,75,125,3.0
9,event,262,80,63,57,81,87,113,2.5
9,event,263,81,65,54,81,86,114,3.0
9,event,264,80,68,52,82,77,123,3.0
9,event,265,87,51,62,88,75,125,2.0
9,event,266,95,43,62,82,76,124,3.0
9,event,267,77,62,61,91,82,118,2.0
9,event,268,83,61,56,84,78,122,2.0
9,event,269,84,60,56,81,81,119,2.0
9,event,270,83,58,59,81,86,114,2.0
9,event,271,85,66,49,79,81,119,2.0
9,event,272,87,54,59,78,80,120,2.0
9,event,273,78,64,58,80,89,111,2.0
9,event,274,84,59,57,84,80,120,2.1000000000000014
9,event,275,82,60,58,86,81,119,2.0
9,event,276,96,46,58,74,77,123,3.0
9,event,277,70,82,48,91,76,124,2.0
9,event,278,75,76,49,71,98,102,2.0
9,event,279,78,67,55,101,59,141,2.0
9,event,280,78,66,56,82,85,115,2.0
9,event,281,79,68,53,83,84,116,2.0
9,event,282,84,57,59,82,77,123,3.0
9,event,283,81,59,60,81,84,116,3.0
9,event,284,80,66,54,79,89,111,2.0
9,event,285,80,65,55,83,80,120,3.0
9,event,286,81,64,55,89,74,126,2.0
9,event,287,78,67,55,86,80,120,2.0
9,event,288,80,65,55,82,83,117,2.0
9,event,289,80,67,53,74,89,111,2.0
9,event,290,82,62,56,88,74,126,2.8000000000000043
9,event,291,74,71,55,91,83,117,2.0
9,event,292,78,67,55,82,85,115,2.0
9,event,293,83,59,58,95,70,130,2.0
9,event,294,92,52,56,79,73,127,2.0
9,event,295,73,74,53,80,92,108,3.0
9,event,296,87,62,51,78,79,121,3.0
9,event,297,78,63,59,85,87,113,2.0
9,event,298,86,54,60,84,78,122,3.0
9,event,299,81,60,59,85,85,115,2.0
9,event,300,80,63,57,78,95,105,2.0
