trial_id,arm,episode,minibatches,actor_norm_before,actor_norm_p95,actor_norm_max,critic_norm_before,critic_norm_p95,critic_norm_max
0,origin,1,8,0.1035611379222063,0.2262779255472956,0.2369266348584769,527.7934532931588,555.3370403960804,560.8927140895574
0,origin,2,8,0.1120348838516178,0.1947957611389907,0.1963305726868333,596.7976556723016,643.7152013622958,649.2909872567249
0,origin,3,8,0.1066032350487733,0.2551620501666016,0.32111926863023,641.2335838481689,705.1464527181655,705.8253272433095
0,origin,4,8,0.0908420836499531,0.1821115783398973,0.1957017848246481,659.7736195218771,723.7299604063946,730.6767638313983
0,origin,5,8,0.1013754617839159,0.2630434961889482,0.3577927610941718,895.0596673044537,952.3826752062268,963.6376920619596
0,origin,6,8,0.0806264087579476,0.1559047688672409,0.1722743289215283,1034.304239658921,1163.763593239285,1206.773101440107
0,origin,7,8,0.0558003133139157,0.1037967105268604,0.1087721751177662,1229.8672505840832,1301.9662598201955,1306.4369494658697
0,origin,8,8,0.0817482374216143,0.1381058087577537,0.1594790095209647,1262.7742227086571,1364.1541804060776,1374.4564479617934
0,origin,9,8,0.162861025436177,0.3605387024102854,0.3653413966793595,1302.386595298341,1450.457511345379,1504.040539945909
0,origin,10,8,0.0775337252692782,0.1461025400243883,0.1615626144857788,1255.083917900552,1305.4040454007632,1305.8669947242545
0,origin,11,8,0.105169104336164,0.1765094366428602,0.2052266519239607,1400.3999680555737,1556.137518330573,1605.8060490416244
0,origin,12,8,0.0858283642583511,0.2323703437980174,0.3189348972826392,1531.050395858112,1794.6130485752342,1900.3619840467647
0,origin,13,8,0.1094067365838317,0.3029459366409168,0.3816142039407637,1414.793255341471,1501.6280763958937,1510.3057388504778
0,origin,14,8,0.1161158354909969,0.241405805019631,0.2988707685845658,1411.992689897678,1564.9832562579047,1648.3954383888804
0,origin,15,8,0.0564796893799874,0.0871608310093184,0.0978784032414695,1479.3029865460062,1560.5750555369218,1563.4828936278748
0,origin,16,8,0.0857314134788248,0.1366466080935049,0.1375494519075213,1395.061564364727,1430.3293388999964,1431.1703626307242
0,origin,17,8,0.0865545425226634,0.1284556704341818,0.1321184349821435,1549.1601025019509,1633.660400989733,1656.1168900114951
0,origin,18,8,0.0950536662814035,0.1939528968172634,0.2402671682867751,1620.184414524608,1665.27211857638,1666.2581218959383
0,origin,19,8,0.1055242427135509,0.2177118870722133,0.2561752295875387,1597.6932475027056,1711.8636245367431,1737.1295138990306
0,origin,20,8,0.0701258924481242,0.1085643555837001,0.1217221556910044,1425.8259143110067,1516.0162362724789,1529.3419017257938
0,origin,21,8,0.0965220554090627,0.1802100301048974,0.199934155553176,1537.968957047116,1619.7207335278792,1627.785941721841
0,origin,22,8,0.097015329843933,0.1678122961767651,0.1785119996936741,1477.912976329631,1586.6602420624624,1621.5120867367816
0,origin,23,8,0.1042927999725479,0.1736692261165197,0.1759461295363842,1520.8171087141748,1588.5033626437191,1596.4588906849158
0,origin,24,8,0.1114040903263285,0.1848914519747826,0.2018478555768688,1533.747568293274,1705.872369359478,1747.7443454821753
0,origin,25,8,0.1070460445816931,0.2907271006147203,0.3389910202418196,1438.4406805389942,1529.309802788958,1544.454427020213
0,origin,26,8,0.1043876895565653,0.1858431827610891,0.2121630253920472,1576.6533662983018,1640.9649796438343,1646.6209028924682
0,origin,27,8,0.1138660962699462,0.2192565873851873,0.241765600373236,1409.9349538483284,1491.8975972489318,1493.8054400382896
0,origin,28,8,0.0710465514708078,0.1493060694221043,0.1793705415130369,1551.8872472984633,1594.8763548097097,1596.915763432042
0,origin,29,8,0.0889585606291923,0.1815605920874585,0.1873969179958903,1552.238217025489,1748.3473783313548,1849.6176568481264
0,origin,30,8,0.0835682106368692,0.1435080942555535,0.1436519292612859,1680.14325779287,1781.476438057427,1829.8170185931715
0,origin,31,8,0.0971483734962134,0.2039266831126384,0.2472022779862512,1443.7132289334045,1572.4666288346732,1580.8061114911231
0,origin,32,8,0.1110784965633543,0.2856225983252978,0.3504693343710382,1583.0392826396596,1694.3485539592675,1717.483007796186
0,origin,33,8,0.0726811536949321,0.1240514382276032,0.1304742926860043,1588.8449232728667,1674.0425527662271,1681.3153131304828
0,origin,34,8,0.1385651274902673,0.374633385685553,0.4842630378355962,1520.8299719936913,1608.0217150587555,1638.9501085851405
0,origin,35,8,0.0961635604551025,0.2465160565479218,0.3207535810854377,1612.0925482489636,1743.642508369584,1777.1504565168684
0,origin,36,8,0.0697856815467642,0.1168425838204738,0.1352147976332229,1600.233512887937,1667.5183784255144,1678.7508056792076
0,origin,37,8,0.0942278015743735,0.2000095816451009,0.2335754109007877,1458.671902906081,1563.8486211610375,1576.8811681232933
0,origin,38,8,0.101726871026511,0.2616043288365945,0.2781992204267446,1431.8261565302132,1646.1523901824069,1745.9917842708835
0,origin,39,8,0.0809712289121215,0.1200265581449193,0.1258038108235962,1706.1590754182234,1784.5099668498146,1786.9736185608092
0,origin,40,8,0.1073308096731375,0.2147021901367872,0.2590888615196768,1315.7531275463898,1414.8049332684366,1423.469546642827
0,origin,41,8,0.1187367012593411,0.3261345844715503,0.4178741650701927,1531.5684702143176,1592.5841260803566,1601.298432749443
0,origin,42,8,0.1088619420988838,0.2396754377972809,0.257097707180954,1550.6944505340568,1701.5337170590933,1710.0644208970418
0,origin,43,8,0.0841681870216899,0.2235851648777936,0.277616244597523,1355.44573820891,1427.6664608614117,1444.7083520663832
0,origin,44,8,0.1081745675886338,0.2584947649345894,0.3341689967775405,1500.4650237812198,1636.8658710851269,1698.5612902241337
0,origin,45,8,0.1162774858438389,0.2722545061324344,0.2742236892476151,1588.523364633926,1657.0402524087665,1672.7739730865103
0,origin,46,8,0.0621849272628763,0.1674155726405687,0.2220407163282419,1290.8363013433648,1372.9198389818823,1372.9529034218529
0,origin,47,8,0.0928195966717578,0.2598602454116984,0.3418195914285846,1613.3435010597584,1689.2546817173468,1693.913348505541
0,origin,48,8,0.1038800678119325,0.1806818649892044,0.1901442969055747,1231.3029961785417,1337.1752708594818,1346.9644535230616
0,origin,49,8,0.1206643598777161,0.3475407241973578,0.4260035055493449,1493.724444386139,1749.5808900773843,1862.94830852832
0,origin,50,8,0.083435481984965,0.2043820331726659,0.242645404778393,1473.1607289087542,1541.1538255200535,1541.837756162725
0,origin,51,8,0.1250883142752193,0.2783844866587104,0.2976909645569353,1531.5118126102484,1608.7463723832022,1613.1473399457325
0,origin,52,8,0.1130606973190109,0.2397440651147197,0.2418698189006125,1406.6216958217524,1481.7386235523168,1489.5862893281785
0,origin,53,8,0.0952591350044911,0.192684379110491,0.1938262147834036,1592.3947227927692,1775.1208147792267,1829.666667214362
0,origin,54,8,0.0860432582968974,0.1795232730022578,0.2018905269802395,1499.0681158211837,1611.8433702812806,1621.012275260146
0,origin,55,8,0.1537155491187341,0.3320043654894533,0.3627536002592834,1526.4077044616429,1718.8396661133197,1799.4392538744155
0,origin,56,8,0.071100910782155,0.1084196978103744,0.1157353148004463,1580.3672793074588,1665.5221599233823,1684.8995771243576
0,origin,57,8,0.0867136352095866,0.2130120505086576,0.2270879723596044,1476.5629013080095,1611.1930506402584,1632.3735165205503
0,origin,58,8,0.0674131824009934,0.1515428987673638,0.1832949022835872,1384.829297309794,1544.0031827875382,1581.5970320301892
0,origin,59,8,0.0965172970474639,0.1536567341707944,0.1567823667214757,1570.9233644003452,1808.610477013653,1921.5474909875093
0,origin,60,8,0.0913231868809563,0.1654694173339161,0.1742354236125713,1616.994346454877,1842.777996398104,1944.9229474429308
0,origin,61,8,0.1056870613723605,0.1872371425352783,0.1996314639852622,1395.819910431003,1460.5771361384575,1460.714714979889
0,origin,62,8,0.0960416474607736,0.2031923980407049,0.2218277309685786,1575.8220973996315,1752.9323576227373,1817.942390150464
0,origin,63,8,0.0999930685163275,0.1299144510901483,0.1333326894779758,1371.4300497170314,1455.8687967982935,1472.1274344761905
0,origin,64,8,0.1201605852499541,0.2639381110548606,0.3125475858807459,1541.2575115096713,1699.8886142509152,1710.3349908441105
0,origin,65,8,0.0943063245404826,0.1796962144680407,0.184239329630704,1327.1114406680226,1380.834029595511,1383.5994583814268
0,origin,66,8,0.1238056104727218,0.2125160520888088,0.2431939162173114,1454.1918284779958,1540.3501447054234,1560.5558389665684
0,origin,67,8,0.0742478535456324,0.1736742475594227,0.195690484701425,1581.9021650813754,1667.0069260544387,1702.418199626055
0,origin,68,8,0.1167263849198969,0.2090523575459821,0.2314539960084377,1605.0192479631426,1698.7795159427255,1716.2256650901195
0,origin,69,8,0.0886066715477208,0.1550243391878714,0.1636191713072732,1475.5688031474615,1519.8515686213125,1522.144161183488
0,origin,70,8,0.0894770457018075,0.2493067199335211,0.3320629127922223,1474.425041944301,1541.765244256656,1566.1112382915026
0,origin,71,8,0.0929433277394661,0.1858214578654418,0.2126855176957716,1784.0577902775603,1873.63884084669,1884.855864254224
0,origin,72,8,0.1002536070781793,0.2166698767091415,0.2237634979017638,1513.5269272544426,1672.1185848153486,1709.942586059951
0,origin,73,8,0.063391352781371,0.1216887838684333,0.1343100858049161,1445.0677500068982,1525.8157530746084,1531.3751523533372
0,origin,74,8,0.0884469699013444,0.1674163840213919,0.1739267394981257,1551.922266142764,1690.9536058583444,1725.4016269493875
0,origin,75,8,0.1311037309379681,0.2924398216821638,0.3347274894095766,1454.819412749739,1577.0748935104357,1617.5687386025184
0,origin,76,8,0.1251108503175072,0.2760516339301767,0.2770540780771087,1569.550202694688,1668.4983999274125,1709.739107591948
0,origin,77,8,0.104379958407578,0.1900392038410663,0.1984154256841604,1459.4910925875906,1540.0286973776258,1558.923564732603
0,origin,78,8,0.0939226899035832,0.1180608595617319,0.1224877867007134,1498.83668725013,1739.6565687979096,1859.3632356629255
0,origin,79,8,0.1089783585230389,0.1664446313546475,0.1872330673928586,1661.837620191408,1747.8984480910233,1765.0928456258368
0,origin,80,8,0.0921819181247364,0.1599348543570029,0.170492809846415,1503.0313184733593,1562.6129157808743,1567.6709001581469
0,origin,81,8,0.0930093706302306,0.1440935917492698,0.1505410684206387,1682.5530862815356,1841.015781984416,1903.654567986596
0,origin,82,8,0.1273313631815837,0.2958289980227703,0.3222193647613954,1462.747684842943,1511.3233503670397,1520.4123429143444
0,origin,83,8,0.130956248236488,0.1761689139433125,0.1774027580329156,1609.2345605383098,1685.5274545685538,1700.3552890039784
0,origin,84,8,0.1078306841813816,0.2615969934055075,0.2797042106097623,1591.4622650133583,1736.462241771904,1755.4808510734788
0,origin,85,8,0.0781595527625777,0.1939784626432585,0.2468499178389606,1557.1680054139097,1768.092723706362,1772.9422740995385
0,origin,86,8,0.0842701637146055,0.1963485934764749,0.2633260916325989,1313.7927413185723,1440.8454713969688,1491.5465120914475
0,origin,87,8,0.1018061623023278,0.1536751225809257,0.1646570396717048,1515.2099558150503,1608.2530150179423,1609.372956767702
0,origin,88,8,0.0839434342934552,0.1485691971084339,0.1790355349387312,1497.627127378349,1541.5314230113856,1555.9061331004675
0,origin,89,8,0.0820952910748992,0.1395034560151682,0.1650830315457395,1459.02609990797,1526.9683934569086,1534.2803461376272
0,origin,90,8,0.0980547320430013,0.2521995775099387,0.3033295166259153,1444.1473246029516,1480.9639790664537,1495.507558272431
0,origin,91,8,0.1060534895400968,0.1665308226613019,0.1766632277201127,1587.6345843486522,1798.89915311648,1887.386980347242
0,origin,92,8,0.1040428786623616,0.1706582037677,0.1773999529258383,1395.3972463731195,1443.093754927927,1448.737376698563
0,origin,93,8,0.0859393081252172,0.1523389212378291,0.1763481427484125,1332.0125062765678,1392.834566156744,1393.503850472676
0,origin,94,8,0.0844366442295627,0.1515342170654041,0.1544784098542394,1299.6307634857264,1367.3860912742468,1383.6858610485478
0,origin,95,8,0.1464179170787374,0.4469353232249072,0.5727947861808391,1609.2765855696584,1736.025888742527,1741.2959386312791
0,origin,96,8,0.0931785860967212,0.1790748266980294,0.2125819593963645,1531.7842576581638,1580.5846252220929,1590.810088879878
0,origin,97,8,0.082663791491344,0.1471822144421403,0.1617028799560463,1649.389761836055,1860.4633021507443,1883.196153085428
0,origin,98,8,0.1039038032925509,0.2464995779553193,0.3180862125179713,1573.1217168235044,1638.1552074184178,1658.5885619176436
0,origin,99,8,0.1492857581062483,0.4520193261645203,0.5796432241619965,1638.756442029743,1785.3941119181975,1831.47951983164
0,origin,100,8,0.119866851697744,0.2882823124197993,0.3701080069635614,1632.210230529096,1767.2910117319832,1809.198093035604
0,origin,101,8,0.0988023183828836,0.1581819280444104,0.159408158776824,1461.467113245492,1558.0300898810178,1590.982259719757
0,origin,102,8,0.107688055575525,0.2407408108513032,0.3093978526886166,1448.7324651502067,1498.450110970127,1498.9726053286513
0,origin,103,8,0.105095457714333,0.2227596756673082,0.2813900165888486,1530.8605655261867,1669.986834472731,1712.4434814363103
0,origin,104,8,0.1040571101582072,0.1628771614923263,0.1728941880141786,1215.3909370042568,1318.379535550578,1323.615396751399
0,origin,105,8,0.1080123021537668,0.2259222955240719,0.2510389580419931,1515.737622069049,1609.0690202645817,1613.1221033907404
0,origin,106,8,0.1540839090135449,0.4760912059302817,0.5926004558449596,1404.0048733795747,1599.4111580946114,1640.0647851466604
0,origin,107,8,0.1084842251473741,0.2520779990573012,0.2860522433082962,1396.0334307120513,1464.74093443551,1487.507168201367
0,origin,108,8,0.0903969365764203,0.1591978915012027,0.1741622609747957,1552.6273538674404,1648.5603182944728,1655.9179403551325
0,origin,109,8,0.1309576049575138,0.2460230721463867,0.291672222154916,1356.3337042277776,1446.7572131225616,1450.8280350455734
0,origin,110,8,0.1131039689048662,0.2255826132565039,0.2437572564355563,1547.8445297330811,1611.47591566763,1615.953777978361
0,origin,111,8,0.0788240864588291,0.1929689932917671,0.241166170434762,1744.033121372588,1837.0055174551785,1869.9049594822168
0,origin,112,8,0.1422407616934859,0.3048182852557864,0.3327268122349907,1682.063661416557,1811.5592069608072,1822.9527471821184
0,origin,113,8,0.1257194899593888,0.2584468506336735,0.2796120233982618,1391.9189489812368,1483.0495864478637,1483.681338248154
0,origin,114,8,0.1042750446089165,0.2258431488797171,0.2628269491233264,1405.106872373639,1466.8422399329752,1478.1721533641326
0,origin,115,8,0.1295192527155891,0.2837683123176349,0.3395211134085172,1642.4211991854722,1765.3137605290156,1836.1602073177328
0,origin,116,8,0.1096430098158385,0.2187542011637747,0.2617764566607399,1142.5615771699272,1258.2291200227864,1305.9905680861964
0,origin,117,8,0.1197986513023016,0.1871528580798241,0.2050942250527437,1533.2814579961998,1625.2824271019265,1626.3649318552805
0,origin,118,8,0.1060834421373942,0.2473848115155768,0.3230874970201176,1401.651840498857,1429.993284468398,1433.0765283607664
0,origin,119,8,0.0876689012346523,0.1571128496308923,0.1776028491958533,1586.3819227797053,1638.5156568641062,1658.6911206229354
0,origin,120,8,0.1245609233174672,0.2589639324061517,0.2854444117356289,1589.5398401324137,1651.168209115143,1660.320091762522
0,origin,121,8,0.149331006284109,0.3893915130647912,0.5247727257527094,1479.6110223871087,1544.5626393509197,1547.4789633002028
0,origin,122,8,0.1186462596231209,0.2699827509144239,0.3279473860748521,1571.6513590054824,1641.438474368587,1648.6675785587163
0,origin,123,8,0.1213404836305037,0.2650378617520161,0.2851268960450075,1584.315041550648,1787.2148812898115,1876.227452081769
0,origin,124,8,0.1016593350198684,0.236959530055083,0.2830712738596138,1413.217523019296,1523.0224048975222,1523.1010222173238
0,origin,125,8,0.1097082762426606,0.1929744388964575,0.2133011527299421,1534.7674778878163,1668.1114814517014,1677.2322833690596
0,origin,126,8,0.1104289991328042,0.2344504226608124,0.2748584098725902,1196.562396754786,1370.7743643481804,1419.2455070864874
0,origin,127,8,0.1259761665115742,0.292238489134975,0.3159939241569274,1332.1590918000238,1512.9944137748705,1593.8224488644994
0,origin,128,8,0.1320346895602479,0.3074355256331743,0.3724842829070565,1427.6989256525767,1522.4785989620689,1538.730257751116
0,origin,129,8,0.0802526929024294,0.151158877014469,0.1603846301298832,1337.6480863927272,1458.359891698295,1484.5506779350922
0,origin,130,8,0.0875229423402253,0.1351777610787592,0.1494401918210367,1563.6499502649,1667.966496873884,1697.7926031832828
0,origin,131,8,0.0859351335233954,0.1456293666335584,0.1534353819491579,1448.808027050815,1517.7610422785954,1519.347686666442
0,origin,132,8,0.1146205877166393,0.2712782042558469,0.2852005904787255,1299.477256186399,1369.9632530832844,1371.400036255976
0,origin,133,8,0.1424095470948568,0.4391979853963146,0.5879057478380527,1464.8527818517623,1629.0545324019552,1686.7736711135694
0,origin,134,8,0.099249319353715,0.1839515483668803,0.1987455408013985,1329.640042380822,1521.9809278218888,1603.642524036168
0,origin,135,8,0.1314896153902848,0.2458609768095457,0.2735516007748044,1540.3009157529032,1693.6974248724844,1744.5729919605114
0,origin,136,8,0.1177783783232137,0.2404070635704401,0.2540702357685256,1508.9492684502063,1691.8939693432312,1761.3718460592283
0,origin,137,8,0.1418437031207231,0.3164368904580692,0.3419644675373718,1559.4761626050356,1691.1558799057382,1726.0390963462455
0,origin,138,8,0.0837079647199107,0.157951303840924,0.1754129267946292,1269.933693338584,1331.1480758894563,1347.3103590028982
0,origin,139,8,0.0869376389983809,0.149492662747737,0.157092387907128,1413.883027473225,1465.3640133112924,1476.8507576195689
0,origin,140,8,0.1126531252147078,0.1785749818504085,0.1903294537943243,1568.8988977252288,1729.8610201962765,1767.5263224640616
0,origin,141,8,0.1293458845217704,0.2907881302543314,0.3560588748940844,1497.1839989228556,1578.842110890021,1594.8009055996529
0,origin,142,8,0.1429638859191555,0.3609340197253787,0.4048300225686494,1457.532575449224,1600.3986767844997,1605.2712461080375
0,origin,143,8,0.1133678674270771,0.3185925310744149,0.3665448212800268,1136.269111431925,1228.0978745724688,1255.2653784693423
0,origin,144,8,0.0886642900321638,0.1690650427777475,0.1874543252445221,1316.5803956333757,1399.8419374335197,1426.4808954900886
0,origin,145,8,0.0939558608741527,0.1814908778894274,0.2203186898821743,1506.8111694448498,1587.4997809441677,1591.786753895904
0,origin,146,8,0.1322323178220798,0.3099622838602623,0.3848264706787386,1441.649120274193,1536.0083674309126,1562.7500430610608
0,origin,147,8,0.1951414460110689,0.4096124360831207,0.4302519577532124,1503.3291110247696,1583.6806516827444,1611.880881443402
0,origin,148,8,0.1317020230339726,0.2806682028766522,0.2850536650976622,1466.4982054756738,1604.90544430556,1633.2098083163048
0,origin,149,8,0.1371560483479598,0.2229469693183941,0.2479149413202644,1593.6773334928866,1717.9351680464931,1781.0968606537342
0,origin,150,8,0.1424487349281132,0.3025030361434311,0.3846039443506946,1495.3051575920315,1605.3695068451266,1612.517274460997
0,origin,151,8,0.1315376216847059,0.2221637335012307,0.2326552138930854,1538.352845445023,1686.8052143574223,1716.5549411203292
0,origin,152,8,0.1308636597369732,0.2298421469099975,0.2726351487719128,1561.3235185485264,1634.8028999372043,1642.0013055322804
0,origin,153,8,0.1678337509695799,0.4072527785658699,0.4976399051628123,1487.4225413811555,1594.3622340221812,1610.021043020906
0,origin,154,8,0.1027045822357259,0.1638290308049851,0.1699894621421404,1464.982938557907,1591.0383384479082,1649.196389773977
0,origin,155,8,0.1285569955570323,0.2919089313442831,0.2984025794381422,1492.9186997186164,1745.2566440997948,1879.6832744987855
0,origin,156,8,0.1188189203966999,0.3200657791796153,0.4356556925383914,1421.5738440469124,1517.8296171530078,1554.0843531269363
0,origin,157,8,0.103771765048688,0.262036709035673,0.3366003021300473,1511.8444896975825,1600.5854804465346,1629.5177328685172
0,origin,158,8,0.1113671767330849,0.2430921875391276,0.2963743301793649,1435.7472922062746,1545.9624754474996,1568.876852219868
0,origin,159,8,0.1144950730489192,0.2329134064175573,0.2385129234989078,1196.7473997817713,1244.6546183608043,1251.2282034840698
0,origin,160,8,0.115136676250544,0.2570462008200651,0.3263585587956475,1294.877413430931,1400.8647308624893,1407.622084794294
0,origin,161,8,0.1321420005555396,0.2180126572286428,0.2367676308958938,1428.2089641403495,1494.1522518990678,1504.8123582080073
0,origin,162,8,0.1132477531465868,0.189141159032154,0.1922268493141487,1366.8070185812742,1444.101708275224,1457.0020387798484
0,origin,163,8,0.1175338939108599,0.2052850909227417,0.2150509877093546,1408.7638781214862,1511.8477555621098,1534.9570907057916
0,origin,164,8,0.098315757565801,0.1315986310798804,0.1428986451553042,1287.4738503589929,1342.6905180604388,1351.3599579037675
0,origin,165,8,0.1465000118829221,0.2644455697739619,0.2983502159546217,1453.8296460218387,1498.765097365981,1500.1449331893054
0,origin,166,8,0.112096913266572,0.18343758149613,0.1972499097256141,1457.2606502934525,1535.1481394405075,1550.9071782643657
0,origin,167,8,0.1985856060385991,0.4082786824706078,0.433504919624223,1424.990553026249,1516.4676689500632,1555.2684145563078
0,origin,168,8,0.1397492046769924,0.3828385969606886,0.4766823769633766,1551.2329917006327,1655.739525231582,1682.9508987918855
0,origin,169,8,0.0830037992555887,0.1369811002347751,0.1488352183762844,1420.4867139025182,1510.176950272397,1542.3329861683574
0,origin,170,8,0.1608001225631841,0.3211921127522559,0.3431682567429154,1488.5201477462233,1630.1610233195538,1643.0084739662914
0,origin,171,8,0.1098667167305742,0.192400331666506,0.203668737441368,1372.8615885629165,1495.4319548190324,1503.0754764437677
0,origin,172,8,0.1719153017327542,0.4769716447368756,0.5563368006371773,1273.1642731401698,1369.4192912493131,1373.7857891783517
0,origin,173,8,0.1114863325774837,0.210454685476788,0.2389244473857717,1454.5404285597394,1542.9371964036222,1544.9759149252272
0,origin,174,8,0.1436420887140444,0.3570946973762147,0.3756351848148849,1575.8753900336549,1728.4218737631918,1804.716437463887
0,origin,175,8,0.1565889039355167,0.3474505643447002,0.372920381933233,1638.908918872766,1759.8196080859498,1779.2981554940031
0,origin,176,8,0.1360902565278212,0.2488464791385378,0.2832147883932595,1492.0669814096416,1664.223280405403,1751.7167051998852
0,origin,177,8,0.1143967647104689,0.2600158102621291,0.3396822659715554,1436.4686761503708,1489.560186039597,1493.6647296094386
0,origin,178,8,0.1227029533179922,0.3470478152640003,0.3700774586262531,1519.4519126619402,1698.0561865824798,1774.8486708742598
0,origin,179,8,0.1699824918839792,0.3720396978363615,0.4267409895480938,1569.8889415924605,1716.158709233715,1783.5225706392616
0,origin,180,8,0.1167092898562627,0.1749301867772949,0.1881011809337366,1502.7115176125117,1607.346102197146,1625.4575918026092
0,origin,181,8,0.0931112690480447,0.1550196484549953,0.1563364371166585,1518.3910779128676,1746.6402034778855,1834.973343162384
0,origin,182,8,0.1564074309570121,0.2610406589794257,0.2653932356300258,1479.2205508843583,1686.463641894259,1700.2419565087928
0,origin,183,8,0.1536234214218446,0.3384762965876171,0.3646617100311127,1475.8779000060183,1610.3041699412197,1615.7971803501807
0,origin,184,8,0.1203233867828276,0.208868901408586,0.213504502044615,1581.6108827940136,1670.5637001972873,1690.2477837279885
0,origin,185,8,0.1607671463493495,0.3284787896823939,0.4072061247631665,1433.012596490964,1502.787598005904,1507.4606875829832
0,origin,186,8,0.1052459659269118,0.1841520026211077,0.2065303350477516,1397.4679224633635,1476.671080293005,1497.3801546540583
0,origin,187,8,0.0886668511486126,0.1625493783475425,0.1862494281835825,1430.4827017561956,1514.8641397687622,1522.5275395810102
0,origin,188,8,0.2339611304544754,0.5729220226168964,0.6267169504317412,1488.459892188399,1581.3129834416968,1590.8485210839017
0,origin,189,8,0.157400778840589,0.3657231910406279,0.4660092001494169,1601.393632800506,1710.4977363752578,1711.508936984969
0,origin,190,8,0.2049901538042556,0.5186298291762772,0.5992043893066494,1542.8602763638066,1644.4571003214242,1686.4278918511795
0,origin,191,8,0.135776222654072,0.2355344948520626,0.2566883062500465,1491.962299320647,1600.9131001555552,1653.9389698300188
0,origin,192,8,0.1468357880510488,0.2329539979126844,0.233564901943225,1457.0737901781447,1538.174034640826,1540.1459277797433
0,origin,193,8,0.1721925767745456,0.4459847356896045,0.5224503775217666,1438.4252181048948,1590.1478419513608,1606.1940551835353
0,origin,194,8,0.1196159724624967,0.1879859018105422,0.1908245241795652,1474.0011183993538,1545.350148113829,1548.8098044671203
0,origin,195,8,0.1449418191769153,0.3191441060701269,0.3564226940038163,1428.618162309698,1491.5125762785096,1494.5673349660583
0,origin,196,8,0.184361300922623,0.2746131215773834,0.2978448351115959,1595.3723659962525,1893.5492501810315,2040.331942115018
0,origin,197,8,0.1377174514412178,0.2790676634799485,0.3217370598622507,1408.944047861672,1487.228205862571,1490.9252313243433
0,origin,198,8,0.1169977700148058,0.2848104006234376,0.366999768996303,1600.9836481802554,1682.1573908366634,1687.6154405047012
0,origin,199,8,0.1065889435225407,0.2407953058202545,0.3065690068641236,1230.9027018906877,1328.347163186308,1333.8985320166837
0,origin,200,8,0.17504753551996,0.4208717488834532,0.544220752144101,1530.4141053946726,1632.0597840104874,1646.26569253987
0,origin,201,8,0.1394650646835958,0.2573044133876661,0.2900308364045851,1590.3224254208674,1708.7765805883353,1709.2970751268915
0,origin,202,8,0.0961246009634846,0.1750076672502118,0.2046913454037682,1389.1640157189693,1503.8373741380549,1529.6218179110178
0,origin,203,8,0.28254934068511,0.7006985878655093,0.8270878731635734,1397.691221295643,1537.3552355958236,1576.6960398667743
0,origin,204,8,0.1756614281935892,0.3425890217630614,0.3921258628413895,1555.781962490011,1618.2407137675343,1621.0224294640095
0,origin,205,8,0.1571787014787763,0.320164661412718,0.3833016716930063,1561.317308296153,1672.3515509081835,1678.9632039911105
0,origin,206,8,0.1270662655921534,0.2268701717305845,0.259409903682363,1473.7335133886538,1501.9496238677475,1504.0607254751858
0,origin,207,8,0.1276353710343281,0.2038783819205184,0.223949753505062,1313.9799438842908,1430.920190165172,1432.7535002562215
0,origin,208,8,0.1587127429100145,0.3981872021300077,0.450769918459687,1423.481423201569,1525.5923587561997,1540.262897742688
0,origin,209,8,0.1685970141765944,0.3315228332788995,0.3475670314686238,1518.3253219662429,1687.5915196939054,1777.037062159278
0,origin,210,8,0.1234268149498976,0.1775705541435816,0.1934855960287352,1378.4450473083157,1510.5655803024931,1545.1159627127442
0,origin,211,8,0.1180281681094438,0.2086803091887654,0.2257996432796213,1460.5332907741597,1657.3787950600372,1694.6156663444472
0,origin,212,8,0.1569305780307076,0.3356551506639937,0.409901718763008,1520.7986288715822,1624.749044867125,1651.1451056477358
0,origin,213,8,0.1440674507311644,0.2617039663009107,0.3045836223414154,1456.5770890414387,1620.9734561136331,1632.3505399227922
0,origin,214,8,0.1204058775669312,0.286232096539791,0.3245469670741607,1362.9801058432606,1413.0304764710074,1416.5294048040346
0,origin,215,8,0.1281020264264878,0.2714143181799978,0.2715563242587929,1632.838398408035,1919.8468087948847,1951.5908963481384
0,origin,216,8,0.19342758382173,0.4890603526388828,0.5972985969637331,1437.1683034227474,1555.3737308710197,1590.618845106149
0,origin,217,8,0.2097983993700309,0.4302443252109456,0.4817668709128515,1503.0537355773254,1593.3463023759068,1611.1906487666545
0,origin,218,8,0.1293148148190608,0.1998472568225865,0.2010027740397476,1607.4299598950315,1772.7848887285993,1829.9857139286985
0,origin,219,8,0.13903766327818,0.2962290398977529,0.3380473645543858,1477.2495788018257,1628.1670020257902,1642.650944714491
0,origin,220,8,0.1132979819123843,0.2384736496206597,0.2932808427101687,1525.5390942853655,1715.4588936919995,1795.5638055059426
0,origin,221,8,0.199192303567887,0.3861131843357177,0.4752346738724574,1563.852805553748,1700.8596037035886,1751.1661273214006
0,origin,222,8,0.1488349859247857,0.2630050949631107,0.272674911803798,1372.6706431406565,1437.8314191355253,1446.1030453593464
0,origin,223,8,0.229530377629811,0.4943204534905007,0.5087230877788098,1517.0499659239183,1710.2253878749923,1786.256334765296
0,origin,224,8,0.2232110597898297,0.4572833539962863,0.5402538265421363,1448.0406110500833,1546.480696428986,1565.1122107883018
0,origin,225,8,0.1678607864636351,0.2605184166843041,0.2744721360833604,1346.702210249856,1436.9675881695389,1445.2099257963105
0,origin,226,8,0.1115216276204922,0.1763727979782724,0.2017397111191946,1510.2210796415748,1555.6885997792722,1562.390193007014
0,origin,227,8,0.1627688050823442,0.2346223889589792,0.265339942052984,1488.9605666745824,1529.159790430658,1532.653770322947
0,origin,228,8,0.1650725152836727,0.4485112538433534,0.5963090372414519,1449.0797228529118,1574.9479477218242,1620.5515938843853
0,origin,229,8,0.1572072270086059,0.3175476506666467,0.3741931214847676,1457.7202238435918,1595.3415435466577,1653.0757358715184
0,origin,230,8,0.138591179707439,0.2075585884789482,0.2274301040635114,1350.4392157971645,1389.7418204928017,1390.6960886155084
0,origin,231,8,0.119027616086712,0.2068459299439586,0.2254839306397743,1398.1907858395866,1452.5715052767457,1453.957104045526
0,origin,232,8,0.1205552730012801,0.2235663235519308,0.2409392602316686,1219.6522771868042,1294.4759262759055,1306.8613023902965
0,origin,233,8,0.1203804122910857,0.17902669201315,0.1885709518549017,1542.9081547222204,1585.650994939749,1592.3203253110216
0,origin,234,8,0.089372426522349,0.1362805336907643,0.145067305986756,1456.1017459079592,1585.6093288501563,1640.8141125852844
0,origin,235,8,0.1657696510077496,0.3029745363497869,0.334408483904587,1424.095908353221,1511.933930532555,1529.3979692560456
0,origin,236,8,0.159848506078728,0.333437445061512,0.3671665055857783,1433.863896339328,1582.416314876398,1661.7500236947674
0,origin,237,8,0.1464436026040343,0.252740747749175,0.280305832264497,1395.2527559315026,1540.062903207681,1590.5838953567948
0,origin,238,8,0.1507608704717823,0.30969958949691,0.3639567609059851,1457.134617139004,1626.082141940854,1693.8697712919663
0,origin,239,8,0.1781092651275644,0.369016474461491,0.3732003323794997,1289.3983907336712,1360.9824501032424,1361.1752614757663
0,origin,240,8,0.122672828350083,0.2419391432057973,0.2839084967693442,1366.4161015972131,1426.8809247134484,1429.698188726734
0,origin,241,8,0.0962413399527721,0.161301634710319,0.1679022224924925,1395.2721167576196,1503.3338009178474,1509.5743313128771
0,origin,242,8,0.1656545393746639,0.3002556901086674,0.3033410718343189,1564.9438199435635,1717.9781237658362,1777.2990864757064
0,origin,243,8,0.2701635639049841,0.6150651824176706,0.7026129810063502,1428.9968684497162,1501.6876755203104,1513.2211932052178
0,origin,244,8,0.1929377216351291,0.5202413166426877,0.5749270027845276,1512.2941646509269,1598.5447523171051,1624.73840177723
0,origin,245,8,0.1651414841344839,0.4560773562868033,0.5938761895243707,1409.6579911129438,1544.0936291276112,1565.806725479354
0,origin,246,8,0.1470733835594714,0.302453871323474,0.3214929758460688,1432.639696615283,1675.035830607353,1757.843989077235
0,origin,247,8,0.2342819955730759,0.6105760726027336,0.6710883964866929,1405.0992464401056,1455.9771553898847,1467.5419114822084
0,origin,248,8,0.1207033658563679,0.1598915586116093,0.1611457707060541,1234.6251343905071,1327.2819336816344,1334.2822725017163
0,origin,249,8,0.103887733575612,0.2090797011056484,0.2571257727909107,1440.69880138188,1538.7236298161963,1578.5848162464392
0,origin,250,8,0.1702410385959275,0.316144290450612,0.3612251543389087,1468.9362044596471,1668.036654869502,1730.3990328717528
0,origin,251,8,0.1723580377087105,0.2303130889199945,0.2335760842050667,1399.4918539965256,1444.990511122788,1445.3301857399997
0,origin,252,8,0.1242531848832831,0.1815116366154927,0.1938686003239828,1159.9920149069185,1291.5210057924514,1309.4933606756413
0,origin,253,8,0.1921439950012457,0.3505645250574887,0.4000932746001158,1355.01593962383,1478.2249820616005,1500.6970820018732
0,origin,254,8,0.2220351341365194,0.5816466983331883,0.6607023722503216,1422.0688043718058,1483.7057466018005,1490.8945431844118
0,origin,255,8,0.1482868435092775,0.3024853269776299,0.3562660470936603,1444.3240530714916,1568.7816538599243,1605.4901362977305
0,origin,256,8,0.2044823162908949,0.6319405787180652,0.8460290830285507,1413.6335259220732,1458.7228331383158,1461.5792024817945
0,origin,257,8,0.1767873177675073,0.3827715191903654,0.4620681379297904,1223.5545642402549,1356.8992974507196,1384.8208057158874
0,origin,258,8,0.126232049443051,0.2630472357904264,0.3023590614877062,1324.1359494886751,1391.2429350879158,1391.2565883099537
0,origin,259,8,0.1806562590270385,0.4105381066856933,0.4785272695531951,1368.069433336897,1519.9419938481924,1527.701764180525
0,origin,260,8,0.1470323641111154,0.1964373846955725,0.206445182703021,1447.7926125824706,1576.347865315823,1607.6575731965424
0,origin,261,8,0.1310155624056677,0.2121760096108083,0.2191174781676007,1454.6252009551235,1683.056088038078,1794.4167611702833
0,origin,262,8,0.1331828362063613,0.2045400295902039,0.2141381116863366,1409.6840461464576,1561.5486225669863,1568.1856764845932
0,origin,263,8,0.1651920668235879,0.3213963242865563,0.3468792132349546,1414.0552148945726,1548.424190851233,1612.9054674722363
0,origin,264,8,0.1721081961617164,0.294126114005183,0.3292938484365522,1473.696703624431,1573.4717212518622,1589.4966532803223
0,origin,265,8,0.1297870214352209,0.2008649192838132,0.2171975873507276,1444.4947738171466,1531.0455884600583,1532.5024655029983
0,origin,266,8,0.1271983211461534,0.2464781949582142,0.2577538175439533,1557.9094887163064,1628.9313563703415,1647.5372607238314
0,origin,267,8,0.163056296808245,0.2903152243708171,0.3080053588004887,1379.3277283160246,1446.170198325157,1462.4399303264886
0,origin,268,8,0.1351317327980905,0.3316281743687992,0.432357598339718,1240.815702018052,1316.7818798341686,1328.253741565136
0,origin,269,8,0.1545537429045216,0.2416256646822685,0.2466783712405962,1362.2114996749165,1417.4400622006171,1417.7447430561713
0,origin,270,8,0.1555358695114432,0.3198253776440286,0.3467741596956787,1422.211357505924,1603.175755808416,1653.1390282300738
0,origin,271,8,0.1694361647647738,0.3852061935904894,0.3979711813219643,1469.5874486615794,1511.1602693589264,1517.126014316227
0,origin,272,8,0.1238544721498206,0.2041365815879779,0.2356450743199712,1372.2323025801415,1432.08438428519,1436.132696695054
0,origin,273,8,0.1425229769968123,0.227176214207991,0.245753009104944,1349.6273668679733,1416.788356153968,1424.570880275125
0,origin,274,8,0.1995854007065087,0.3214941507530307,0.3463982460317971,1434.7595484526669,1628.9718235374185,1713.658789406001
0,origin,275,8,0.1525865717618187,0.268177175491935,0.3101415515667017,1384.5092154267709,1423.2869088857426,1428.9063905224266
0,origin,276,8,0.1480787183466878,0.2382102776105575,0.2581793395614186,1437.975035750696,1538.9938393771238,1553.1791518044067
0,origin,277,8,0.1547325518476285,0.230985038639418,0.2310455156710375,1519.9514772718164,1644.0196588868157,1681.1736394596633
0,origin,278,8,0.1498233045752998,0.3391752667210048,0.4486643782221765,1233.0798707818385,1302.447439834375,1302.500664849545
0,origin,279,8,0.1956886502344531,0.3775496741908762,0.452398201026753,1380.9516602322117,1442.5026609209317,1445.850365020551
0,origin,280,8,0.2722885083041914,0.6939594404909573,0.9298958320422744,1315.0324457011914,1382.2787987473052,1393.060272922423
0,origin,281,8,0.2002464738850211,0.4505139952051525,0.5434452167633729,1371.2844346098682,1532.247532032384,1617.5730482625415
0,origin,282,8,0.1346183257486367,0.2738516698491044,0.2910343102437588,1453.411799150482,1526.2096281908478,1540.0400008289253
0,origin,283,8,0.1268756592898216,0.1864087198315707,0.1886869211726128,1351.871998918694,1456.2217791815312,1508.5643260065744
0,origin,284,8,0.2087060405971791,0.5275091307477057,0.5996150291874064,1348.8760090761546,1457.2184300381143,1460.3251394018198
0,origin,285,8,0.1964951453497428,0.3437468414454018,0.3570429673138236,1496.8059574464105,1535.5196295912388,1537.1527560299537
0,origin,286,8,0.1489672498244434,0.3919645730833775,0.5106164180026915,1417.0896106704529,1493.9940533126623,1501.6218811307722
0,origin,287,8,0.1499953341891275,0.2812043873061093,0.3386412498838449,1354.8850345935232,1520.3311552569864,1564.6593412176476
0,origin,288,8,0.2142850754715102,0.4822227493426391,0.5410532113624389,1187.301363928732,1407.5774942329074,1458.0313796523326
0,origin,289,8,0.1611602649974592,0.372958678003473,0.4267496461933962,1302.0609782049503,1357.3020212349138,1362.1041157627435
0,origin,290,8,0.1408526698623263,0.2040356118657987,0.2271253690344786,1219.1441439503235,1272.7768637321903,1275.1669023163606
0,origin,291,8,0.1595797355968874,0.3122034920783166,0.3266966482023329,1451.02826488213,1554.1132429428249,1561.595467168563
0,origin,292,8,0.1619662882682504,0.2227950724253585,0.2330019797384152,1427.7129052363175,1477.1747470514042,1485.3761908415931
0,origin,293,8,0.1431882317967331,0.2287226954607304,0.2357003534772363,1241.16791486286,1357.549268648623,1378.18430827129
0,origin,294,8,0.1302400639970326,0.2461595605041167,0.2779150519135343,1371.051533174674,1502.0800676660394,1502.7208565796643
0,origin,295,8,0.1578628145018379,0.3278108272095725,0.3371095717013139,1354.893505416482,1390.9633444499336,1395.2853764458268
0,origin,296,8,0.2851672333999736,0.6910787725083022,0.7314550244513589,1454.6695995168843,1579.475762743515,1605.7665361171123
0,origin,297,8,0.2432894884519901,0.6186651183167133,0.8105846602325077,1438.6047224389524,1577.155833769255,1609.494564793392
0,origin,298,8,0.1351819303581174,0.2457078139500148,0.291943786329719,1332.2161544392764,1386.107377781229,1398.3294897484218
0,origin,299,8,0.1812297255096533,0.4232840081668906,0.5402613193670788,1402.5681504695426,1517.26442592043,1523.2951809618723
0,origin,300,8,0.1721459977378709,0.4099383133832473,0.4933240357509018,1101.7698541674429,1235.3064166863387,1245.7963976756237
0,event,1,8,0.1135847639583995,0.2570529399973743,0.2693721434013111,509.4912866300132,528.1471897269334,529.1474717647246
0,event,2,8,0.0838994060705611,0.1289375303516178,0.133866027693128,574.829107714105,626.1394057711822,637.15495564266
0,event,3,8,0.0843522018894435,0.1505715652405619,0.1684148729557874,625.3154387360198,677.133070913638,679.0873348829571
0,event,4,8,0.0778525566475717,0.1467889156768401,0.1539592504321149,640.4618804681043,700.7126724797901,716.5905072481249
0,event,5,8,0.0972102638180733,0.2069395403775118,0.2441630744894386,873.9129327686043,928.2333331446914,940.1437223903588
0,event,6,8,0.0773292938644483,0.1267759566476824,0.1504161155077353,1006.9294550735108,1184.866711338709,1201.0103270430536
0,event,7,8,0.063508077139858,0.1285860058745946,0.1648557717169178,1190.1859002911865,1320.656216976275,1323.62634868663
0,event,8,8,0.0646396151939767,0.0898557185160803,0.0925437850527743,1193.1965656603022,1292.375322709212,1293.4869573324129
0,event,9,8,0.1447366086126041,0.3223776266906572,0.3468093399332034,1242.109679380585,1417.7414248067653,1480.0187558197108
0,event,10,8,0.0621235938222041,0.0981228420369383,0.1034770208871022,1190.6097447608856,1227.0193902700137,1227.0477827821005
0,event,11,8,0.1007875901769527,0.1876256586467417,0.2281914806311668,1343.5981391173657,1445.0242951827267,1460.279691645416
0,event,12,8,0.0605608168551445,0.1198012032323708,0.1423529676996467,1450.5082146081804,1649.9143950211646,1719.897718076436
0,event,13,8,0.1107408614463346,0.2946553404820777,0.3086921214569662,1437.0468487432108,1654.6860111520505,1739.7371968662842
0,event,14,8,0.0755133042478873,0.1019156199862806,0.1121684602600715,1334.9536860429955,1423.096665748233,1453.121388898403
0,event,15,8,0.0841390896137379,0.2057068358291921,0.244783934041747,1428.9296730329486,1541.2601662220952,1557.4912405585155
0,event,16,8,0.0899245097456362,0.1655055243061603,0.1914654426641687,1336.498114132262,1378.7567644176509,1379.6164512027244
0,event,17,8,0.1548013686632912,0.4430119163783734,0.4590565468292619,1507.7711479245015,1601.0860394084864,1611.1759655808642
0,event,18,8,0.1077448666586024,0.2577988654588632,0.3337434395263499,1591.3258014208454,1667.1670700067896,1678.096247598699
0,event,19,8,0.1220841845862012,0.3243970479268678,0.4110734577731404,1557.5689202259734,1611.7563204662956,1612.3684715530974
0,event,20,8,0.0987434552670363,0.1735248194002066,0.1801330252162111,1381.0120752423247,1496.426524835177,1501.8010039440603
0,event,21,8,0.1093152768913382,0.2057292919139277,0.2278824924660199,1470.0453040683983,1536.6400013923508,1544.3331457464965
0,event,22,8,0.1407093478054804,0.3676414340747339,0.4733263736174063,1439.210381731883,1542.3858416066,1550.7388139340044
0,event,23,8,0.0890075788502658,0.1437379135950357,0.1679640002425374,1481.1382026108258,1567.1227318798271,1586.308817210243
0,event,24,8,0.0831062419564454,0.1562605887990046,0.181238505655112,1485.571040526515,1590.3673692452494,1592.978555938488
0,event,25,8,0.0790726172540331,0.1668536869042426,0.2011305396295238,1429.0864995951797,1484.5414264617175,1487.993997384854
0,event,26,8,0.1044578600042756,0.1917848071787889,0.2006371787884567,1503.2405907389884,1558.3792524140988,1560.825690244477
0,event,27,8,0.127863291299294,0.3400132938029903,0.4218381997014373,1377.3367430921612,1461.7518530173634,1475.0594190816942
0,event,28,8,0.1133503564858082,0.2727529870536582,0.3100977356149019,1516.3378615119532,1605.0411698690336,1630.3244948241484
0,event,29,8,0.0838229644475694,0.1719720000107193,0.1975607133352645,1503.4275079262973,1687.2450731608792,1764.3126917302498
0,event,30,8,0.1096784810425981,0.2203580984611116,0.2451723519661942,1642.8292208841217,1779.5955812221791,1824.911388166904
0,event,31,8,0.1115347185341228,0.2417096765744302,0.2654474101547032,1400.7352089683327,1491.9609090534077,1498.1266387510348
0,event,32,8,0.1143487876419261,0.2799409414545757,0.3209658322769059,1529.5909936774892,1639.4975503401338,1672.6873918970948
0,event,33,8,0.0902594099185609,0.1804283965476417,0.1872733554204869,1489.780029213055,1617.3566320416962,1639.880907605348
0,event,34,8,0.0924030778049832,0.1971178436109046,0.2478800625752363,1470.3415766128712,1539.0934889535522,1551.875739536731
0,event,35,8,0.099903173138442,0.1613936416067933,0.1633419513379403,1575.2282723168485,1696.4551329236203,1751.5064104939158
0,event,36,8,0.0851958577133413,0.1617475867980065,0.1870002371318904,1507.921223161644,1597.7572744624174,1601.3002370054585
0,event,37,8,0.0915024456785588,0.2035167163723538,0.2613685827098321,1437.8349756905905,1642.5141972589415,1733.8955577505888
0,event,38,8,0.1083847467997156,0.2415404505979504,0.2462438193728411,1408.608793742821,1679.3518281623544,1831.6241725908567
0,event,39,8,0.0770191841123386,0.1347535073293147,0.1452096950359182,1634.7167561635283,1751.5819298089743,1769.8530369679715
0,event,40,8,0.130485908115947,0.2957057448228136,0.329778290360622,1323.8320133938853,1427.660425936794,1432.8407494062903
0,event,41,8,0.0968111131008562,0.1803034850251571,0.2214636634989835,1449.849393512332,1527.6638258747996,1547.4407001482148
0,event,42,8,0.1349544627158488,0.3298269781158068,0.3518146825067506,1474.1802704792235,1600.7760120765986,1614.6657258854484
0,event,43,8,0.0798990929521598,0.1678461665969186,0.1824533595582894,1286.1353155557863,1326.737212294233,1329.6812151929566
0,event,44,8,0.1170499549999733,0.2855391766012259,0.3561644917918699,1434.330697086474,1538.3202868449014,1585.3041477969173
0,event,45,8,0.0937828884492746,0.1777405412572779,0.1994194198710892,1584.4307817555523,1742.3552081446503,1782.4271399131596
0,event,46,8,0.0682473861215303,0.1668626607442258,0.2177429031223043,1223.7809850242193,1331.6306773524263,1339.689624686811
0,event,47,8,0.1134615064670047,0.2885909812222417,0.3470243125379305,1551.477534663874,1633.338583561005,1642.962425912974
0,event,48,8,0.0940336224231959,0.183495421344797,0.1837944848632484,1189.3449701081545,1294.4667930099472,1307.9871701258762
0,event,49,8,0.1146728731933965,0.2937369614548692,0.3215723041750049,1418.9627465876683,1563.4319720412434,1599.3381967285095
0,event,50,8,0.1054876200806392,0.2815206865991621,0.3037899231209455,1447.4162553487083,1571.3749946775908,1601.175370977959
0,event,51,8,0.1241567246261678,0.2697215664533232,0.2780161334230859,1441.3714856779302,1524.5970090075486,1536.1198095050352
0,event,52,8,0.103251401926259,0.2142795505287908,0.2306674793315448,1381.9162089534484,1451.2431810758503,1456.082317861917
0,event,53,8,0.1022917127415255,0.172364088219365,0.1768450737584616,1543.3165546041728,1698.1071952616387,1753.6480364832585
0,event,54,8,0.1009614301339631,0.1865059651414377,0.1940749401837598,1441.039433313817,1617.7891252898846,1665.409135194921
0,event,55,8,0.1569429403545508,0.3684192504061712,0.480888023284199,1481.3387835334738,1765.7145337500594,1896.372755441839
0,event,56,8,0.097820846357431,0.1786970187477837,0.2137373020727747,1542.275996444827,1619.8458469239015,1631.2487986037702
0,event,57,8,0.0811237082311269,0.1635882596538329,0.1794486218709984,1421.305415992215,1490.2533939345317,1496.4975057667812
0,event,58,8,0.0820606068089158,0.1548964455900149,0.1969667446827002,1365.9827712899985,1481.030487540432,1508.6015010397164
0,event,59,8,0.0900340637367476,0.1769195159530793,0.2006425061678496,1505.612382524126,1649.5963088398985,1696.84240153844
0,event,60,8,0.0732727727694716,0.1311221269235833,0.1417148565750387,1553.3995042668016,1692.2446406006702,1747.7945448314822
0,event,61,8,0.1098925921951282,0.1822876519791165,0.1924112716743563,1379.0565086766246,1550.93405068501,1570.4158885494462
0,event,62,8,0.0818769698690828,0.1765923113561701,0.1901240785058639,1546.879875346028,1749.3395041260856,1826.385054497656
0,event,63,8,0.1072340406452298,0.1799847297647654,0.2014191410877057,1323.701867375206,1371.2262353332276,1381.602875609096
0,event,64,8,0.1309524391805602,0.3006140537781284,0.3768687224576694,1483.4078783592297,1687.7379013360753,1787.833606831154
0,event,65,8,0.1025316125169114,0.2482373538374558,0.2814000871411578,1282.4477897694003,1362.2063617657273,1370.2753112889773
0,event,66,8,0.1678921920605099,0.2925759425572838,0.2981574953675667,1379.388801892635,1463.9327939738084,1473.1354044576358
0,event,67,8,0.0748638400391317,0.1369953138225639,0.1370691494267108,1554.1601589348486,1632.7392002648037,1633.000063736819
0,event,68,8,0.1291700457659669,0.3581761773678626,0.4999825378169846,1550.391914130873,1638.4297443211185,1649.5137083931384
0,event,69,8,0.0788288461517179,0.1429472547009672,0.166820599493812,1416.87839204506,1448.3076743524416,1455.486481301727
0,event,70,8,0.1142110162905242,0.2438655067755011,0.2481417803465592,1399.591518684141,1456.8366633925634,1460.290035806692
0,event,71,8,0.0984728866562876,0.2169992506682668,0.2314932039639622,1715.8640481130208,1832.8510130824236,1855.3130652231644
0,event,72,8,0.1339972303700129,0.3099690364948724,0.3314569110397751,1456.107825419967,1598.686239958492,1614.9484302873227
0,event,73,8,0.0643961485256817,0.136108233305178,0.1659018295117814,1389.3401536164556,1493.1529026009212,1501.239022635308
0,event,74,8,0.0893861712947813,0.136852214408388,0.1377911121822225,1468.0128771980778,1546.7686075060824,1555.2752952985963
0,event,75,8,0.1127214930992124,0.2671835414449409,0.3016006797873097,1404.031716249587,1491.9912467064648,1507.5300609026212
0,event,76,8,0.0933567480920381,0.1293091097606969,0.1344696292813179,1492.7808799809532,1560.7285467265356,1568.1602208669217
0,event,77,8,0.0964359357538813,0.1370978836423253,0.1533621833907918,1422.5844358345475,1454.6657435456727,1462.5866937575722
0,event,78,8,0.0998990614603664,0.1330777968208568,0.1339714409258862,1417.228290227299,1640.6413983616362,1743.9908174435848
0,event,79,8,0.1232143614637298,0.3096996046727348,0.3901236712154206,1597.6746523833451,1693.4806197886116,1713.455895681111
0,event,80,8,0.1189271184951938,0.2380372041285209,0.2553933567989713,1417.5651633478456,1522.18230906028,1525.9431319029118
0,event,81,8,0.1067414541755149,0.1607855416952245,0.1801169471095637,1619.5336809244882,1698.414122109724,1705.2139569010565
0,event,82,8,0.0995372128038756,0.1883478309928049,0.23149544506885,1400.9366228668437,1482.3368034246196,1497.384982154414
0,event,83,8,0.122735976707047,0.2318545307891201,0.2647734222719321,1559.7803134227383,1673.153837748342,1690.7463589026518
0,event,84,8,0.0945467354732314,0.2273063251949133,0.2748552566995941,1563.9395511132868,1684.8639485661422,1693.719216297637
0,event,85,8,0.0889708860337542,0.2181481900350827,0.2795941299260895,1512.941353715962,1724.1558592745102,1765.5207056978136
0,event,86,8,0.1005623865780032,0.2735722789270574,0.3695782447502088,1271.214712449363,1387.6611240839925,1390.4404936234098
0,event,87,8,0.1099869499895035,0.240180574659742,0.3030214874905075,1435.0656261047488,1510.3598939216577,1510.4609616798678
0,event,88,8,0.0906951481056561,0.1351980684302204,0.142143451975734,1461.960699309573,1519.8582888585047,1537.600381207801
0,event,89,8,0.1051765637738459,0.2451791013311081,0.3087447943771522,1436.5872367594416,1547.3353463384794,1567.850632644508
0,event,90,8,0.1065510708511185,0.2783199418069112,0.2900872273353437,1384.604737581793,1412.475678703393,1415.841971006031
0,event,91,8,0.133106132683541,0.2772159837909249,0.3321835883587143,1564.6356737477086,1782.6605288771357,1878.08809670126
0,event,92,8,0.0850436805067301,0.1390827313735498,0.1475452705175791,1339.7314403378289,1403.2017144037118,1414.973990236767
0,event,93,8,0.0825360668969884,0.1148934098615017,0.1177826840085077,1268.895584337009,1303.5514421170612,1305.1969501094748
0,event,94,8,0.0932382204121575,0.2070518412064576,0.2210379129993401,1241.9402198626517,1318.4852273119848,1334.3806881306305
0,event,95,8,0.1466915124050904,0.4282287697597045,0.590712406287374,1577.2346194065824,1655.4191985981097,1657.4381926606784
0,event,96,8,0.1116476278365841,0.2842541934917725,0.3843001145915546,1488.6988661002083,1548.6369338593297,1558.619061313686
0,event,97,8,0.0852708063464535,0.161636686910556,0.1785532343986406,1555.7195007899063,1657.494858312178,1691.7313205760372
0,event,98,8,0.1136936514651063,0.2589390417317599,0.299579363107896,1521.358008089249,1592.328349670001,1602.4562796239518
0,event,99,8,0.1244075856036637,0.3559261231499449,0.4193660712229666,1578.603665872884,1720.186821646789,1759.3649917547912
0,event,100,8,0.1074319886148003,0.2321528425952346,0.2394029762339889,1556.1909672431289,1607.7880437483864,1608.387666168018
0,event,101,8,0.1056521115641972,0.1844355137949522,0.1898804205619224,1449.4928072630871,1555.050569061102,1592.2275712108667
0,event,102,8,0.0991197254125226,0.1954922167990681,0.19728170932715,1370.352586266462,1442.6176871973876,1446.1234081596126
0,event,103,8,0.1590211921676728,0.5359723803703385,0.63754776868706,1471.5754073750056,1663.8951189263191,1721.7638506284288
0,event,104,8,0.0977838313071165,0.1501587762830911,0.1612138864977052,1208.099312636122,1334.751123510713,1365.4975877086738
0,event,105,8,0.0985084285660418,0.1885571697517972,0.2001824598290808,1461.877363103477,1562.9162610055346,1574.6430385715737
0,event,106,8,0.1517419237356055,0.3848239392551689,0.4363039002248325,1330.908617758117,1556.612410087264,1653.8444625645077
0,event,107,8,0.1241302817682274,0.34298166647266,0.4307954981095271,1371.4658435532656,1433.4239710673526,1434.6826634820118
0,event,108,8,0.1013942869102393,0.2111102115836597,0.2193587392874199,1484.41579526562,1585.423547315872,1592.2693376436837
0,event,109,8,0.1348200411758256,0.2455462594974307,0.2740734074022638,1305.5867511452277,1450.4953925184427,1459.775662839971
0,event,110,8,0.0959677928793702,0.169726601451792,0.1851078257589334,1489.5286580501515,1560.8513091677032,1562.0138778624953
0,event,111,8,0.0842357815788498,0.1718203882373596,0.1795640481996872,1692.4435637353872,1867.7904914713213,1926.740346398871
0,event,112,8,0.1028516650972083,0.1800347248649265,0.2102147694054801,1613.2375197336944,1694.7184789656665,1705.3904963263192
0,event,113,8,0.1258012182053962,0.2894686337676116,0.305476774846599,1356.3217067410758,1460.80041216212,1476.8279414173244
0,event,114,8,0.1300256680755756,0.2593060583909923,0.2650669418341929,1390.7014457071264,1459.6715267604216,1467.736715988838
0,event,115,8,0.1296529497402119,0.3242640519190754,0.4137711934701389,1568.959368269144,1688.110795169352,1711.5251612480265
0,event,116,8,0.1095949029459038,0.1671689446957494,0.1761718985691756,1103.8367720036451,1164.455743859751,1174.2804357716043
0,event,117,8,0.1085715497658301,0.1455579249308687,0.1557564617628436,1512.1658001059702,1559.5538463372664,1561.2841547384771
0,event,118,8,0.1132152517306151,0.2078237313435336,0.2412492252798944,1344.4870322846475,1404.4467616006857,1408.5617375705017
0,event,119,8,0.1082452939008656,0.2209662073812761,0.2226201488305964,1502.9142602584598,1538.4652808978196,1539.9525023868373
0,event,120,8,0.1358375766654728,0.3256099782751888,0.368364779643725,1528.1879977680576,1604.4202924152935,1609.2875259829902
0,event,121,8,0.1438639732859959,0.3385282560855719,0.4146334329241652,1396.1063176941234,1484.893356508829,1508.4339465855348
0,event,122,8,0.1451302515886122,0.3635327714720913,0.4253445217120934,1515.7805164521003,1565.0474760034874,1579.306376499473
0,event,123,8,0.0867682317768299,0.1225471366770311,0.1247670915354795,1549.656157263145,1709.307694385334,1764.8912523729075
0,event,124,8,0.1111292633870487,0.2099752631273584,0.2202571720657614,1331.247479773976,1444.0215422178503,1446.7536312626328
0,event,125,8,0.1109377329103932,0.1849249328319052,0.2139027166632432,1476.719237333257,1629.5617851546722,1656.3525227302998
0,event,126,8,0.0902069328772514,0.1270508556141265,0.1383970544250817,1188.072958188091,1410.8452641496992,1495.639595683297
0,event,127,8,0.1048574449092105,0.1847764756906506,0.2058466938757848,1266.1680119491318,1395.4728026413927,1424.5238752325995
0,event,128,8,0.1162117667496218,0.2080238875876399,0.2395464648938678,1399.973530139377,1548.2936044777753,1600.1969439773688
0,event,129,8,0.1046938738548476,0.1625079445347745,0.1815970447997731,1257.9821614666523,1373.875322184142,1392.5163669200097
0,event,130,8,0.099349375939463,0.1626063121184211,0.1663808405303971,1516.714291305563,1583.3984589437764,1590.8531163853902
0,event,131,8,0.1052207511806112,0.166931020822912,0.1839457805319912,1414.8479978508908,1506.7553716221012,1523.9593909871471
0,event,132,8,0.1368324709838283,0.3221364879138661,0.3222065529013377,1259.3917987312368,1395.8126139629803,1446.0421582141792
0,event,133,8,0.1682616828917537,0.5171718533083953,0.7387686461717098,1428.636831856984,1646.9785723571003,1760.3668971032157
0,event,134,8,0.0937358440364337,0.1371399194005138,0.1472010518256601,1267.0290950856474,1371.8509483084135,1385.1331214735433
0,event,135,8,0.1586227200343784,0.3812503111878988,0.4599267622363365,1491.7495180717185,1591.6399960908614,1616.3082731883196
0,event,136,8,0.1215885565167309,0.1813991483875116,0.1975577891578462,1466.6056503071643,1584.6009422472464,1646.8729958330134
0,event,137,8,0.1368724148105206,0.2424802886687906,0.2717417510214533,1475.2728893176093,1555.3233852499145,1559.5541936493682
0,event,138,8,0.0807754956572883,0.1743314952133618,0.2031682345231875,1233.6426173777604,1336.772541176589,1367.1161919035549
0,event,139,8,0.1223337600048385,0.2297913846863378,0.2393228262332177,1347.047347690018,1395.5179644316368,1398.6032175691776
0,event,140,8,0.1143947822339508,0.198147629638382,0.2129386965116469,1542.8265623434174,1759.5027783002688,1858.443171879908
0,event,141,8,0.1380742746400157,0.3023062322113052,0.3413326635953974,1474.593584937174,1574.3542523059004,1582.488730281915
0,event,142,8,0.1292341260606223,0.2239579242072405,0.2315085837742788,1422.421880738912,1541.090303978863,1562.6090880727747
0,event,143,8,0.1176916351635905,0.2590780403194025,0.2593783554126367,1082.25494565508,1190.0745148888493,1224.045510143656
0,event,144,8,0.1239808548728627,0.2503826162998162,0.2943648449558746,1296.8183628188722,1411.2268714330305,1459.385578145045
0,event,145,8,0.12062488709066,0.1878639700254437,0.2073589129867613,1474.7261696193286,1626.7272478116172,1691.4129173359631
0,event,146,8,0.0990174738586857,0.1867178374886881,0.1986041808489324,1399.2772104214466,1437.3424316442786,1437.921400170348
0,event,147,8,0.189970791819526,0.3691897105335492,0.4463713190297764,1442.3864870746283,1527.0689280591484,1536.2365337325289
0,event,148,8,0.1404769565600591,0.2371716491212573,0.265087084548493,1443.7107919826803,1525.694234215271,1527.5565678156493
0,event,149,8,0.1449478362217207,0.2026117763775325,0.2101417473723913,1572.6533070637347,1821.2410398387344,1965.1936845290843
0,event,150,8,0.1104720868750349,0.216894009007477,0.2289467471187321,1428.8362419744456,1514.3232745766586,1520.4850919397893
0,event,151,8,0.153660088820921,0.3438643511778619,0.3638507857052537,1486.2224390502051,1658.4407523326813,1692.146076012568
0,event,152,8,0.117327000110502,0.190464306892231,0.1988034736070416,1536.4872177004129,1666.8766559843032,1678.803976125011
0,event,153,8,0.1276944105806584,0.2568883071285344,0.3186872449297205,1432.3557528496087,1553.8060977851212,1568.587659806746
0,event,154,8,0.1198935188555165,0.2186631860977803,0.2332594619639483,1418.498836858788,1481.980026909869,1504.9356181917674
0,event,155,8,0.1377451243605851,0.2721450586536228,0.3398485834655608,1408.9873672734827,1522.9636131295997,1539.8321393070153
0,event,156,8,0.1118648968136939,0.2965339658778803,0.395785957915674,1349.372884810583,1429.450450799826,1433.053260525346
0,event,157,8,0.1283335997195679,0.3213257713512877,0.3447168776750567,1432.6955990640026,1563.6362627851513,1601.6571217593344
0,event,158,8,0.0925468079767799,0.1949743455450154,0.2056975351005998,1381.0705236694755,1506.0300302920266,1523.5834659010643
0,event,159,8,0.1202285014844486,0.2449232054555208,0.2841037562723624,1151.9961034302498,1226.189849177632,1233.175055156957
0,event,160,8,0.113303090843587,0.258107736045146,0.3407426854109632,1241.0880399866803,1355.5583969551244,1376.6231579960686
0,event,161,8,0.1446310627899382,0.2496476785704335,0.2815395750010278,1414.0199145041156,1514.9950745821147,1523.128504377263
0,event,162,8,0.1228962321542741,0.2343386571596018,0.2446684616476058,1309.1580665882109,1421.0202692974412,1432.947280833653
0,event,163,8,0.1252185687339127,0.2236214333846812,0.2275051160339249,1367.278764108206,1506.9350277197489,1528.7691402618195
0,event,164,8,0.1011015163699068,0.1469310725157385,0.1632346824100193,1219.884115715911,1274.075909083091,1281.169290492321
0,event,165,8,0.1407038597445516,0.3219410036375953,0.4117962305916565,1388.4446145806894,1439.7325053417146,1454.2280309087753
0,event,166,8,0.1055808706357437,0.1768564704985538,0.1863413315216387,1410.9298904859606,1469.7426024839722,1469.8217045807874
0,event,167,8,0.1631694863792959,0.2510544690349558,0.2690408547636896,1364.0285350857698,1507.3587020595653,1577.4588585395547
0,event,168,8,0.1600521535712771,0.4032899072962718,0.4636085615430046,1511.704550155727,1564.6422482710796,1573.6138427019996
0,event,169,8,0.0908465663376799,0.1784585713811063,0.2170424094699523,1345.8976480966612,1403.068400872732,1406.6029742330966
0,event,170,8,0.1356743471099552,0.2583151310411932,0.2625153775260407,1442.2457358938027,1629.0077203261376,1705.7573210184275
0,event,171,8,0.1175008341144459,0.2285741621680338,0.2698054489162835,1322.3387774642292,1424.5914581017423,1429.33340599894
0,event,172,8,0.1255234120065536,0.249111874709259,0.2893229238130521,1230.9284094052568,1287.1104638558868,1290.7748036093014
0,event,173,8,0.1115343903341417,0.1946502990773107,0.2162074117360415,1443.1531283340755,1521.8608519279562,1529.5309964038202
0,event,174,8,0.1237384568543245,0.2563851799210586,0.2601310429791465,1480.452764320022,1663.2233505607487,1733.8656378878914
0,event,175,8,0.1382557947132549,0.3019517500630266,0.3603034889953567,1611.549011512683,1724.054278205798,1741.5220309135782
0,event,176,8,0.1134464161481392,0.2055481211577852,0.2377972357831521,1413.2621837934228,1552.689573624791,1618.6173379116638
0,event,177,8,0.1156078771310202,0.2224211481925514,0.2611385079843564,1404.124171964531,1558.2720084287537,1628.721963413386
0,event,178,8,0.1657124209420111,0.4255819156695397,0.547455207740159,1448.3316806238815,1542.9524762795163,1563.5563252327715
0,event,179,8,0.1574581855917705,0.3561516959583045,0.3763344571226041,1514.7189840731248,1610.1069245950534,1645.6773881330223
0,event,180,8,0.113362662567727,0.1798710653114427,0.1819992675093528,1437.2468793747323,1540.3958593832342,1562.402219250763
0,event,181,8,0.0912806617431611,0.1260693463425566,0.1261060986592668,1464.0403502830666,1549.1322779292714,1556.912393056179
0,event,182,8,0.1738288182621213,0.383435388012818,0.3969621267377072,1426.6372094594517,1602.4592382651742,1606.2101786048938
0,event,183,8,0.1495441358479352,0.362547821309748,0.4197640615261608,1426.020850622907,1592.144654003156,1626.6477444158577
0,event,184,8,0.1503475549627883,0.2909463580730044,0.3431867111771053,1530.0030954060398,1669.987744764776,1708.668723571897
0,event,185,8,0.1887400150581322,0.5463470649323061,0.6667708508543688,1415.5637111863916,1572.441736928949,1651.5556553023337
0,event,186,8,0.1037860251947,0.2226876720294904,0.2496385755829253,1380.3461887871697,1500.5493662680883,1518.539455118247
0,event,187,8,0.1002131756619922,0.1746491328283436,0.1889830767224714,1383.6064159316738,1477.3524847308004,1493.0674257197888
0,event,188,8,0.1771731923771378,0.3523681482489464,0.3820776671095124,1412.900701376503,1476.850294806184,1477.093338659877
0,event,189,8,0.2681306128787728,0.6328805227097561,0.7128515408262209,1577.0583874660138,1757.405260208694,1776.210132190448
0,event,190,8,0.195612756149001,0.4710757141176748,0.4835649798234528,1494.554603925122,1649.0626597331188,1694.0771689573687
0,event,191,8,0.1275282839718291,0.2223712790312491,0.2383009409716722,1397.476241056601,1450.2719206063762,1451.7500756465397
0,event,192,8,0.1303740954597875,0.2301698359460793,0.2585411241264734,1422.688144492394,1477.7158228744229,1477.867453781304
0,event,193,8,0.1615549334327047,0.4326741699406854,0.5226401125834628,1422.6758411017297,1541.909228269919,1549.69629226876
0,event,194,8,0.1122148946793253,0.2196629769335489,0.2328627985518837,1374.2162856769269,1485.7801187224725,1507.0016810319316
0,event,195,8,0.1362495889661331,0.2787526014798505,0.2879338149358687,1371.4389177102748,1466.7072723275382,1470.997560053756
0,event,196,8,0.164078605893584,0.3073314010977401,0.3090778644155694,1517.1335352601563,1743.5627644149313,1841.5249232470228
0,event,197,8,0.1365957190236451,0.2270867586094291,0.2544852592263711,1344.793652857638,1412.8000593204397,1429.4075352496448
0,event,198,8,0.1384777614067296,0.3318536947927804,0.4108661018173665,1528.5858047392228,1593.6414664413528,1600.6654927415066
0,event,199,8,0.0944223408376233,0.1337243080876224,0.1349060119314836,1193.7138281380992,1292.6988675291127,1314.382029876375
0,event,200,8,0.24310968547011,0.6663208646353628,0.7235823433576003,1496.168761084151,1565.560905976515,1584.1043283110089
0,event,201,8,0.1299838200561185,0.2650673888237944,0.3161515470253785,1561.1830227371977,1652.4138145289523,1659.147297353699
0,event,202,8,0.1085170862045494,0.153336868890879,0.1557827452982721,1318.9954860176508,1439.8319115470686,1458.4657596910945
0,event,203,8,0.1687777976116935,0.3592854741867395,0.362810397726232,1325.1319103083,1435.854057211837,1464.5772558716112
0,event,204,8,0.1655547027472222,0.3881362812327434,0.4558418572736203,1506.0816320049328,1580.513672056225,1592.9729277429244
0,event,205,8,0.182938446309106,0.4050515984329185,0.4611057319410628,1499.7581615903375,1630.2642510946714,1687.1241797163325
0,event,206,8,0.1544932392310577,0.3205973415427532,0.3536764117233474,1409.5139836987012,1512.4663269210864,1552.421949807587
0,event,207,8,0.1041715310767916,0.1935853604447236,0.2126083724930946,1246.3065378088772,1341.6103275755952,1349.9294959564847
0,event,208,8,0.1776485426244007,0.4858111071700073,0.5212013003883569,1377.2871536064076,1470.3387986778812,1507.3844576949468
0,event,209,8,0.1594971906118173,0.3763388046910502,0.4030626918931127,1458.503291550662,1760.0284069635284,1917.511007143196
0,event,210,8,0.1728588804296214,0.32389664950221,0.3499100667532159,1327.7233434553427,1457.745779230332,1495.9443695901869
0,event,211,8,0.125822121621096,0.2587531790204503,0.2982015816694404,1381.0680856319225,1543.8795447051352,1597.8976114851644
0,event,212,8,0.13377605075288,0.2474156463970314,0.2514767618647773,1437.2115203420583,1611.636920430548,1649.1289496958816
0,event,213,8,0.1411543375399943,0.2561519932332622,0.2916861039173334,1423.2134538229895,1534.7539272525942,1555.7476816793016
0,event,214,8,0.1112226302021947,0.2358169077425539,0.2361986861062343,1301.982172835765,1362.6983234302745,1364.8098561688998
0,event,215,8,0.1321128795493462,0.296693629828623,0.310942516613759,1566.2516386159236,1720.3198394863257,1773.931492035406
0,event,216,8,0.157637777860887,0.38316656327024,0.4709731621037611,1377.1252383414903,1467.8353628532138,1476.111429076939
0,event,217,8,0.1725183542801063,0.3146074461904827,0.3435282219274828,1450.8490624393378,1572.129426928782,1601.0546927840112
0,event,218,8,0.1363810568943866,0.2493730178609907,0.2828049397847843,1552.8824146435206,1743.888123553582,1745.250257940345
0,event,219,8,0.1483521460149966,0.282314565578708,0.3297098072158458,1389.0409175791735,1507.0846062940147,1558.2689912522153
0,event,220,8,0.1215072131029189,0.2353396653617345,0.244737390347116,1431.361886890566,1618.708338785635,1698.463336241726
0,event,221,8,0.17264687455976,0.4614923258821989,0.6002598612271521,1493.655619540334,1566.4385546727472,1571.467492660105
0,event,222,8,0.1305918277998741,0.2229513487956022,0.2544951996542744,1301.6923807832231,1418.033618101651,1435.7593493960956
0,event,223,8,0.1803487403166142,0.3987318486154814,0.4817886499254721,1492.098961449764,1736.4993351314697,1849.3049686910872
0,event,224,8,0.1506435119103414,0.3081891881309296,0.3832304400359252,1370.209097684282,1464.752455566355,1470.1057931491728
0,event,225,8,0.1301635317110936,0.264354896490388,0.2927089716536268,1274.661533073238,1377.7021515888737,1390.0973303496903
0,event,226,8,0.1447545496445022,0.3469904716075908,0.4473670275750679,1465.0901922436883,1543.7251584218286,1566.7747038628734
0,event,227,8,0.1391521193228569,0.2639294370976711,0.2766902193618279,1422.5544806797325,1479.714999162956,1482.18682526795
0,event,228,8,0.2639489272248478,0.8910847892032498,1.0471057515351343,1412.4167423842043,1620.900090627603,1637.39534884847
0,event,229,8,0.1322417197162425,0.3247811104855659,0.4185893571121704,1437.7799845750055,1552.5096922867008,1593.285973181274
0,event,230,8,0.1339776477017285,0.2986624649267127,0.3784975390719218,1296.3198397468743,1392.680067611354,1423.27212506644
0,event,231,8,0.106713897245442,0.2678597439473116,0.3366417419812056,1341.7513522273205,1410.7846852047685,1418.092113943325
0,event,232,8,0.1732702285400835,0.3495170558004434,0.393823168129759,1154.1593486415743,1214.2654380380488,1226.3221939385658
0,event,233,8,0.181187853651224,0.3523815890156422,0.4226344319705608,1457.7551020190372,1509.6161841980347,1518.0032821420832
0,event,234,8,0.1386686123872564,0.3933808470100511,0.5202029717264031,1383.5849553535434,1467.5308303603288,1493.4668125921507
0,event,235,8,0.1473031953686777,0.2532820160230377,0.2967770537788516,1358.4341285552798,1418.154477695364,1426.5886727483637
0,event,236,8,0.1275965417958934,0.2535521545934659,0.2955611425160948,1354.7756014681688,1484.8190178021723,1534.8417333582156
0,event,237,8,0.1629245543033356,0.3636909068612089,0.4752401593855014,1332.4523784532537,1484.9691543649606,1546.5916881920218
0,event,238,8,0.1499850791256194,0.2805801506019044,0.2968495475694009,1414.8964207594954,1547.238413297985,1602.7531009955835
0,event,239,8,0.1305499522529132,0.2933253042093199,0.381567602065927,1229.8103883906488,1338.0384929291188,1349.6386012932614
0,event,240,8,0.1162851711603975,0.2686580489318534,0.3377145718462275,1316.011160910656,1427.8393120884964,1450.94928659996
0,event,241,8,0.1106958898830129,0.1911350428027103,0.2003967794340132,1355.124794851387,1427.946166276516,1430.6903726071837
0,event,242,8,0.1790050205630816,0.3154070480303056,0.3337781672618907,1518.8886310949986,1641.9343687646428,1695.7003988662225
0,event,243,8,0.1544256074212598,0.3032256908671967,0.3531776943348531,1366.986738866177,1442.177206808185,1458.1733953913254
0,event,244,8,0.1174959115676556,0.2787071924408307,0.3600198085733076,1482.3945724869825,1616.7966468405457,1627.0307664336608
0,event,245,8,0.1808520670865729,0.3479135156838322,0.380537194852553,1354.8040353523515,1441.7676940527515,1457.0556931964302
0,event,246,8,0.1389053793484279,0.2569390767273264,0.282989053384913,1426.8454152889462,1644.9982209167324,1722.2095709887471
0,event,247,8,0.1609281994309028,0.4373197473984335,0.4886757082407889,1332.7591672881265,1386.000213159762,1388.9207725403048
0,event,248,8,0.0972640265972992,0.1286969654136401,0.132986315759394,1205.730076376923,1280.986199934896,1283.7747007165872
0,event,249,8,0.1344477424280693,0.2969372790581365,0.3341274748385855,1376.7052614982586,1449.9100260214384,1450.0419822402532
0,event,250,8,0.1371037523199609,0.2455451839857009,0.2791952743046356,1367.94835127169,1448.0344215381322,1451.1011629390275
0,event,251,8,0.1453670080691101,0.2077744621171508,0.2146106699038535,1321.2047174912332,1387.6276588497365,1403.9203893839417
0,event,252,8,0.1151047590070656,0.1880502686845809,0.2051775086781924,1145.8614544352151,1254.1319423029136,1277.4537639112657
0,event,253,8,0.1063213170915034,0.1791117463298377,0.2104394927603472,1316.104649344408,1410.4725101247177,1411.9875449829094
0,event,254,8,0.2252386834634178,0.5007250667313636,0.5310091838170846,1342.4175594966446,1441.6993182653812,1472.1782699016549
0,event,255,8,0.142587374798678,0.2103369854930954,0.2158377706576467,1380.695636678529,1511.0478443522632,1544.1910870052086
0,event,256,8,0.163096166450522,0.4313063240483178,0.5592379403048228,1395.1265618118512,1450.9912238087527,1456.2429512669278
0,event,257,8,0.1394340781862045,0.2792069659389188,0.3033925334708479,1137.5688573909522,1237.2139704186686,1250.472020105704
0,event,258,8,0.1177523028917332,0.2081352524661572,0.2094905864727746,1285.3700117525436,1346.4907064221338,1348.29385525694
0,event,259,8,0.1663017468464185,0.3740828466787081,0.4482492667130824,1310.7303868154545,1440.2713202527789,1453.0318459166886
0,event,260,8,0.1290619904440951,0.1683702121922433,0.1787154279324337,1377.823381774356,1440.8472114876924,1448.7205376070842
0,event,261,8,0.121322426215172,0.2118040216781299,0.2425550487761275,1411.048072106007,1607.8625938067862,1684.8218045070516
0,event,262,8,0.1459635259460037,0.2188472870690132,0.2289653364615322,1330.065093340686,1427.0626934224183,1451.3120561293122
0,event,263,8,0.1260438215632925,0.1920250674045387,0.2092991198326901,1342.506634790318,1461.505642344906,1492.711959066384
0,event,264,8,0.1562935536592754,0.3463945257887068,0.3798645578755874,1386.0907228062326,1471.8956096801387,1473.464103293515
0,event,265,8,0.136814556727103,0.2493804424036683,0.2778897631071544,1376.288285180939,1452.9616331244133,1465.19321157973
0,event,266,8,0.100900646239745,0.1677012752723123,0.1854142656570074,1476.9224392841102,1527.4485836978383,1527.844910398957
0,event,267,8,0.1275808952766571,0.2147382809516347,0.2172211724148777,1312.2333430303045,1372.437699627267,1375.8951851688555
0,event,268,8,0.2098151800275426,0.4268605965127404,0.4591346922669762,1199.1586675943377,1285.9801769992032,1291.465542852008
0,event,269,8,0.1309472276306086,0.2521559794199526,0.2876760216334216,1306.713293424636,1362.1370853069143,1374.8229874627157
0,event,270,8,0.2079325826623906,0.4908487603223259,0.5935124601358877,1380.4625949250346,1659.2475792919354,1763.290298026525
0,event,271,8,0.1587042261641496,0.3067455080445721,0.3642118383579112,1395.333512546454,1436.6223725337309,1448.1225429199792
0,event,272,8,0.1283009652863576,0.2031495288353054,0.2152091314470894,1361.942470511205,1455.2564411425165,1471.7039761054054
0,event,273,8,0.1236872075920895,0.2435192593193965,0.2864254330427371,1330.1512090484512,1381.289473564178,1383.9802877800648
0,event,274,8,0.1975177666957552,0.4693257334831156,0.5868096372715701,1377.4353836747246,1575.1106379228554,1577.1336010914667
0,event,275,8,0.1351849565478085,0.3358309160813871,0.3370933187688256,1338.552121471237,1376.0292799166475,1377.0475434852976
0,event,276,8,0.1430999420755222,0.277071054226523,0.3144828909484909,1427.2256978113758,1675.5735486467802,1778.9707038476845
0,event,277,8,0.1586201638284862,0.2812329707425047,0.299072153446605,1476.7161870083287,1701.5100611870305,1770.7030221372106
0,event,278,8,0.119208255349819,0.2584538141111325,0.3152878005817982,1177.18372518919,1281.2511370137888,1301.8527059917003
0,event,279,8,0.1572762263984119,0.2119148061027162,0.2128017838793054,1340.1696575047577,1421.37253701013,1435.7209645574906
0,event,280,8,0.2340449883279648,0.7457667809186795,1.0167536956369851,1257.5727847989638,1330.5346038611592,1332.2190270259207
0,event,281,8,0.170282750934502,0.2842418774406213,0.3009448763976664,1268.9086299568737,1326.1069835123822,1340.426718585612
0,event,282,8,0.1065620319795838,0.1715285690720395,0.1768353983631838,1401.9718556280395,1498.464486261693,1507.049369241104
0,event,283,8,0.1357777164664262,0.3202246695118588,0.4035873802495325,1322.2746540725318,1475.100873496218,1556.4227127837362
0,event,284,8,0.1971348234545443,0.4828927642779095,0.493488681432811,1326.4980235358023,1509.1462095011989,1575.1215108972608
0,event,285,8,0.1361274510135974,0.2639836833690561,0.2665412336175907,1439.335486224928,1480.466164935859,1482.932918918136
0,event,286,8,0.1347617884397397,0.2503064935821984,0.2928101818916262,1392.2105170838513,1457.2315331676969,1459.2030706436683
0,event,287,8,0.1528429935960817,0.2994181802310239,0.3291971148160147,1298.144163226816,1399.0104677289194,1400.9363392116045
0,event,288,8,0.1688241449847443,0.3386530370288147,0.3582903926068316,1137.516158900847,1315.298345652684,1381.5254249616382
0,event,289,8,0.1557106911275646,0.3131832361739881,0.3165336709708367,1236.3956720365748,1316.5824089579442,1316.9689810120144
0,event,290,8,0.1773534585935754,0.4330743646936918,0.5366527435135153,1164.7677648850577,1208.1127833665976,1212.5892161968682
0,event,291,8,0.158119512311305,0.3542866774696439,0.4240069208935429,1336.2996271135316,1452.2684374881333,1484.7924573974544
0,event,292,8,0.1717231593799032,0.2732130273578361,0.2774680107679935,1385.82264479872,1501.949977340116,1514.4798895949878
0,event,293,8,0.127039695383941,0.2316195381456424,0.2415345739282287,1176.081606146692,1281.1124090787134,1301.033444679956
0,event,294,8,0.1546023058680671,0.2825271707953079,0.2866947245332027,1332.9419659396729,1450.1594406565328,1468.2457799843617
0,event,295,8,0.1769489229963079,0.4824604971841486,0.5674446130083544,1354.9095902554434,1448.9476968968218,1463.988263722184
0,event,296,8,0.2257300881257188,0.3509805896655497,0.3636558486888965,1455.789823127771,1585.6588724389362,1633.5729772273687
0,event,297,8,0.1893098779680308,0.4389883465675676,0.4466477410670987,1403.033386631531,1523.1150092809903,1572.485296359652
0,event,298,8,0.1403999346169481,0.2809811000866448,0.3356775648996397,1323.773940310683,1528.6098529499536,1638.26144166503
0,event,299,8,0.1889249688974285,0.3854331359780987,0.4742875947891185,1325.7960275906842,1456.9437467957912,1463.6224740501673
0,event,300,8,0.1626437446860023,0.2591763182742365,0.2999321854734503,1114.7505363706184,1294.5639965424134,1366.1676946021453
1,origin,1,8,0.0636323125399515,0.0859011363934235,0.088739930950194,614.7680471443746,651.0905801129416,659.5601198964447
1,origin,2,8,0.0769565836685579,0.1356511353934009,0.1609812605517318,673.040800477915,719.2606249504017,722.1091949650863
1,origin,3,8,0.0685974687292445,0.1216624351689593,0.1497801800744747,704.0607942131351,745.7379959325258,749.1015093357258
1,origin,4,8,0.0732582750486817,0.1318923137515469,0.1342683203737721,796.1248334448411,851.8653754968083,869.1980718374481
1,origin,5,8,0.1076763791901932,0.2545241000239627,0.2677462317904689,864.6348940812416,977.9049979055386,1006.136232407949
1,origin,6,8,0.0779023930241296,0.1425995677857302,0.1724066754195261,1040.545950435518,1146.810098372188,1188.384792497389
1,origin,7,8,0.0584416522571651,0.0815927184903588,0.091518558388067,1051.7319323316412,1108.1598242129603,1111.8842010580508
1,origin,8,8,0.0704728831830632,0.1297461034237517,0.138536298079434,1315.5814188123582,1401.3265801673413,1408.827055692629
1,origin,9,8,0.0861590883165029,0.130191565936936,0.1350443366487639,1376.9262507787723,1474.009902918811,1486.5505550550156
1,origin,10,8,0.0587516472415159,0.0787785615317861,0.0811246229965145,1398.3798256406471,1479.8863201546617,1491.5501053591445
1,origin,11,8,0.0881713920546634,0.193762173217831,0.2369769780694055,1372.2120736434329,1479.2175486724907,1511.9109015476904
1,origin,12,8,0.0710224921907587,0.1213906386679564,0.1414560795360708,1480.4962330279209,1622.310458816993,1654.8554549882283
1,origin,13,8,0.0694713218401719,0.1420360547799415,0.1683460542541611,1267.0701425319348,1360.5444133355952,1368.0849664636576
1,origin,14,8,0.1019197507276449,0.2194643043802381,0.224763160313591,1499.6970528126644,1547.389491961012,1551.9349961186308
1,origin,15,8,0.0717205240378437,0.1393269982783467,0.1664348057418358,1510.6170118072016,1714.8237775662458,1811.445885991623
1,origin,16,8,0.1036843260481951,0.236601639771193,0.2928200639108946,1381.514570040775,1472.8133138641551,1485.329777833757
1,origin,17,8,0.0653781256930958,0.1244197909372959,0.1340225049128591,1269.6752221068598,1390.4301820519736,1399.9630633794966
1,origin,18,8,0.0718533615090181,0.1193106702263304,0.1194094689658958,1492.894944535892,1594.2349989932954,1603.5030958706618
1,origin,19,8,0.0836915862304911,0.1713999609704232,0.1883299353175846,1430.4843374631785,1496.4392717001058,1505.7753214523966
1,origin,20,8,0.099594338511849,0.1735824988905949,0.1849802437845581,1576.1644786370036,1700.6575070042506,1727.3650631661924
1,origin,21,8,0.0832740682253363,0.1767173098801268,0.1804408252087612,1621.1975583628443,1782.2799068185932,1866.8331840048957
1,origin,22,8,0.0662716443802491,0.1326876566156546,0.1590648491796137,1357.178531767021,1447.8240410146273,1460.6551832887817
1,origin,23,8,0.1002013084176623,0.2441632813856165,0.2699108233965606,1488.1104378258567,1611.073441000084,1660.7477490480055
1,origin,24,8,0.1076706974833266,0.2857490433493798,0.3151395668308879,1542.86016262802,1708.6478447696477,1763.105586446813
1,origin,25,8,0.0798676129980355,0.1486139100785956,0.1578579818179665,1476.2643043071105,1655.5558420111672,1722.7482655723652
1,origin,26,8,0.0874312519638532,0.1675236922968308,0.190209901320997,1518.3083151244978,1622.4905909992983,1648.0061807516545
1,origin,27,8,0.0678919420246701,0.1170724645644347,0.1179338612262421,1365.4934432185532,1495.0609010334106,1505.272634879958
1,origin,28,8,0.0584865904363267,0.0823966053834677,0.0888922211461011,1549.5333466462832,1672.0704524162666,1699.3638244014512
1,origin,29,8,0.0683775216550014,0.1012541249095794,0.1041327701065931,1575.2255090646966,1648.0962147527598,1661.4584034761835
1,origin,30,8,0.0747278591484651,0.1341427664294131,0.1552298358404844,1554.345791826396,1687.000549433321,1741.800699913409
1,origin,31,8,0.0964873410470845,0.2555137079980543,0.3200652799687333,1559.0368363562,1685.2136633798625,1703.3412174562463
1,origin,32,8,0.0714894592933682,0.1724084242521125,0.2221734711607889,1390.4894283332628,1462.306856405924,1463.4549952104571
1,origin,33,8,0.0936954820102256,0.2355087184423675,0.2432391040079512,1781.3396738038743,2017.387473189172,2043.1430493724176
1,origin,34,8,0.0702644150770241,0.1216075458408525,0.1394015947770194,1546.2478596346257,1656.8982190990273,1669.5109339204917
1,origin,35,8,0.0748595715853664,0.1311786843734677,0.1380852216609599,1549.228309853685,1630.4945268857798,1653.25798552595
1,origin,36,8,0.1061702816610755,0.2034139394099509,0.2372697989944359,1562.175749768985,1643.117506124726,1644.9553946357985
1,origin,37,8,0.0696336710267148,0.1144380040950487,0.1302689866565695,1507.0999395709846,1580.705086762185,1585.851606462126
1,origin,38,8,0.0837985508060319,0.1282088098210605,0.1310184032932628,1490.0849207257952,1539.3080312796385,1541.5000553273387
1,origin,39,8,0.1131167297819463,0.192805530160367,0.2126455671304275,1491.7742530794462,1575.096315107383,1585.073874564862
1,origin,40,8,0.0760461772130279,0.1589636392259122,0.1798890786733574,1489.6559900913178,1561.9837521908055,1569.1581992882002
1,origin,41,8,0.1010246848823076,0.2215495480653844,0.2448844641073833,1449.5192418737252,1592.0164190948042,1607.693759960748
1,origin,42,8,0.067438141977719,0.1290105343277474,0.1364871389870292,1583.4567793572587,1662.985572418556,1663.397076271983
1,origin,43,8,0.080413255577983,0.1794615029521629,0.1970108766830739,1638.915700897026,1703.2897953040188,1710.1511125851105
1,origin,44,8,0.070929507626281,0.1041433648529466,0.1115590438026171,1494.9547007607207,1617.4189921473285,1659.8590932722068
1,origin,45,8,0.0952094698856036,0.1879909451160281,0.2299646343844514,1557.6489131440264,1623.7742853550178,1630.639357868058
1,origin,46,8,0.069993635104973,0.1495726830637517,0.1804467196207558,1602.9267435824809,1659.7723037716034,1662.5250208278303
1,origin,47,8,0.0743434091120724,0.1767700863489055,0.2124018446632808,1665.3691235761223,1810.9062092298527,1876.5176644016035
1,origin,48,8,0.0623796508722171,0.1312494365030698,0.160917712510394,1329.435141874152,1405.1924265522707,1406.5218388193996
1,origin,49,8,0.0819524109961672,0.2017133970838027,0.2629786780526086,1494.496567183024,1575.4256231122265,1584.4228878196882
1,origin,50,8,0.1116610568718428,0.2991213948466382,0.3386519190397331,1517.6063332496992,1586.5535375118302,1592.3597478071
1,origin,51,8,0.0757798573553861,0.1737534435840576,0.1925798524637976,1593.5606950594631,1847.7881771903296,1968.5651261142305
1,origin,52,8,0.0877781671795286,0.1362915022194003,0.1474552326811799,1453.2841601254845,1642.9504304391028,1721.460767441571
1,origin,53,8,0.0620218595150124,0.0809279768237541,0.0814815235666227,1340.411097934492,1506.42199224887,1577.608027210854
1,origin,54,8,0.100273915070893,0.2184776536875373,0.2800982551903329,1583.5425167079432,1716.5063458136026,1732.2681634572527
1,origin,55,8,0.0916786821604875,0.1680444265204789,0.1684206415616108,1617.1661871145996,1721.8014117541964,1734.092747867444
1,origin,56,8,0.078615529731743,0.1523114308861834,0.1700634793133099,1653.7249345101573,1791.45371689153,1854.937599756664
1,origin,57,8,0.1223809259228874,0.3199574831900122,0.3723513645544044,1622.3601486265577,1691.246871381437,1714.5977202835377
1,origin,58,8,0.1032936408413654,0.2397287810261709,0.2628940354890561,1581.6866910538615,1647.0756145701016,1654.2805458752073
1,origin,59,8,0.073935569807803,0.1220169353807897,0.1341356011488577,1408.6907139842635,1505.8057262452198,1522.069692172944
1,origin,60,8,0.0700449940910622,0.1450537147201229,0.1813017992570581,1534.847667977698,1561.6046618169248,1563.3166321219558
1,origin,61,8,0.1002832153827404,0.2194891396865416,0.2455239906460873,1535.6531713068202,1631.2849460357477,1651.7633473539906
1,origin,62,8,0.0869663768412582,0.190702643205548,0.2094263096403846,1486.618704772049,1594.500369334483,1623.9921421501892
1,origin,63,8,0.0954684125689625,0.2195804291010719,0.2610455262964259,1563.1019574028974,1704.5787687012346,1706.534113855531
1,origin,64,8,0.079686298795881,0.1643890860168427,0.1757335688822409,1446.3533912916364,1497.7549518163587,1513.862050561262
1,origin,65,8,0.0831234174453229,0.159450631948034,0.1625378857122764,1514.1073465157035,1591.7472316270812,1599.6139212714531
1,origin,66,8,0.0859192381146911,0.208179331592884,0.2681751231686136,1526.8195541697614,1659.5876265506313,1707.1688468182897
1,origin,67,8,0.0916547141297625,0.1909870031060686,0.2088431998370787,1596.5350737999286,1729.807657661176,1731.0833396704647
1,origin,68,8,0.0712143396755279,0.1290584098540473,0.1524512581403215,1551.4991484267584,1641.6544432182393,1650.3642066721666
1,origin,69,8,0.0954974394368201,0.1828849094595406,0.2155478104290595,1517.5386184944691,1604.69787211111,1614.8018447038537
1,origin,70,8,0.0983989424342619,0.2208583698042798,0.2307255225848483,1693.690215214576,1836.168758539155,1907.030836089768
1,origin,71,8,0.0891049354351171,0.1982732405013004,0.218876339603143,1378.2183387079322,1483.818654485004,1486.554146774829
1,origin,72,8,0.0979104500848776,0.2732817585790711,0.3465325928411805,1613.3825890078174,1757.6725912162883,1804.7096873998748
1,origin,73,8,0.0999707077696541,0.2388961178563082,0.2936040420791098,1520.1084539696155,1589.7744486080849,1613.3954029617455
1,origin,74,8,0.0895403632811489,0.1625794195018767,0.2043857325580392,1423.0891897247654,1521.32375848427,1528.8349297964223
1,origin,75,8,0.0820743087989808,0.1721684422895483,0.2005794496470633,1396.3792587649978,1460.905072148936,1473.360328177869
1,origin,76,8,0.0960848209510672,0.2341235831354878,0.2703246422487097,1405.2075730489858,1635.5866211162895,1738.2164624341442
1,origin,77,8,0.1033546784445449,0.2646454903452151,0.3332909729535649,1467.2991118606333,1522.6564179205982,1528.1905660131645
1,origin,78,8,0.0896146613130491,0.1813014961573291,0.2098625305269115,1489.6640408023109,1559.1283672648915,1566.4307994507442
1,origin,79,8,0.1029472885581846,0.2175344150771206,0.2518250979844419,1428.6298436580887,1606.9754247793094,1664.6965036092156
1,origin,80,8,0.0856360766055566,0.2152568993604857,0.2794993817775852,1412.6348524888936,1489.3044295587556,1503.628716288967
1,origin,81,8,0.0692874962184088,0.1130491235212325,0.118991818787436,1322.1967701434703,1376.8699558813266,1392.3497899924166
1,origin,82,8,0.1044526168353192,0.2764732696222334,0.3581404405280982,1486.2912668586448,1586.7948656916922,1605.2281567433474
1,origin,83,8,0.1254262314649069,0.2695188445394971,0.3063368710071194,1500.5433498042592,1617.2130591140085,1625.9886815482091
1,origin,84,8,0.0998931358414083,0.2191354801819292,0.226588173286288,1540.1954976070365,1609.2700878690805,1619.4307210119398
1,origin,85,8,0.0800548457343136,0.1146140643889662,0.1219773856188041,1404.0435764048898,1463.657967636896,1468.6432445641926
1,origin,86,8,0.0880986349748994,0.2201241545445111,0.2455428615921456,1529.0574613991655,1694.8192235876784,1763.2942579526682
1,origin,87,8,0.0725964201993765,0.1493592289032707,0.1650722689734076,1640.209781054647,1820.0124928263915,1862.786421974847
1,origin,88,8,0.0711778929048851,0.1461516501461209,0.1761581080478631,1428.8692317232567,1584.12378921529,1641.7704756507542
1,origin,89,8,0.0913852320694273,0.1588080656131915,0.1842677787783582,1576.143214119138,1722.9785388760777,1740.8793815314357
1,origin,90,8,0.0883965416516276,0.1808592538534097,0.2316861583943812,1505.2489513702342,1623.3180647580093,1681.9479629996597
1,origin,91,8,0.0762140602552171,0.1241729683205972,0.1339242038922224,1564.3741439447676,1710.107168991468,1784.076983122539
1,origin,92,8,0.0708641671610138,0.1210141783324006,0.1300404089447889,1377.4760895596685,1432.192080777986,1456.327796614631
1,origin,93,8,0.0708712996172723,0.1039249382590081,0.1143091497722714,1355.6733966373513,1446.8293929726915,1453.2359684286116
1,origin,94,8,0.0863514363450552,0.1918152767776422,0.2106484199710744,1472.8095094861371,1533.6579172630077,1553.8160371661113
1,origin,95,8,0.0910257900701373,0.1676690412991498,0.183136782072242,1485.5841494489036,1591.6700341310425,1616.1519113671943
1,origin,96,8,0.0797449194880305,0.1481883769404345,0.1584684988305452,1574.906910950141,1666.7781377391443,1684.092925556943
1,origin,97,8,0.0906634213736451,0.1688046685321002,0.1915929255239538,1399.4809708808634,1473.5862037963686,1490.517570804812
1,origin,98,8,0.0781062471441747,0.1702567224579562,0.1833525885859874,1454.109515067123,1555.317194087398,1566.8448123778592
1,origin,99,8,0.1208604049377634,0.2658477505027704,0.325143918842325,1520.7765393905645,1599.143210990251,1599.5223815357797
1,origin,100,8,0.0817956434875,0.1582051290769313,0.1838294633106748,1488.542599910695,1594.9632372950668,1597.2618008059137
1,origin,101,8,0.0986451705949358,0.2373851379782277,0.297470292711106,1529.0481599639195,1606.915894218648,1609.1002330043232
1,origin,102,8,0.0826042696152575,0.1601398301178271,0.1945181087567685,1515.7068732374094,1602.6856184935484,1621.1589137323165
1,origin,103,8,0.0997831644749712,0.1936945212263624,0.2077002666630688,1541.8300008144342,1667.5463918220833,1693.0474931923063
1,origin,104,8,0.0997244047317254,0.2702153498950386,0.3655381665356483,1369.7751642664143,1492.500182941044,1522.838298664284
1,origin,105,8,0.0932922978347674,0.1556816366681395,0.1647171777939337,1527.0637662597314,1707.5512946601505,1754.6657126821765
1,origin,106,8,0.0829864747383533,0.1639376471804249,0.1783503236455765,1498.8234696525378,1610.7559889628203,1647.3743820929185
1,origin,107,8,0.0953837739970993,0.2503450636231026,0.3313710095575973,1595.079223582227,1707.5243517102415,1707.5819935929658
1,origin,108,8,0.0914588097659079,0.1873462579780487,0.2028089704077143,1579.5917785524557,1709.6367611324974,1752.1539709902693
1,origin,109,8,0.105600828284362,0.1687377751570698,0.1828597249201448,1369.1983650635216,1454.270239870678,1471.2482109705836
1,origin,110,8,0.1078273149693942,0.238153906897287,0.2608340893540362,1546.3195744371928,1761.6298977822462,1844.2291923673004
1,origin,111,8,0.1105177096919612,0.2014289403474937,0.2428103828085479,1586.5891419532395,1653.529116493066,1663.448753887325
1,origin,112,8,0.1076529854164205,0.2754499761763191,0.3566868193732979,1633.3151362502044,1730.1338879459277,1749.832221902863
1,origin,113,8,0.0603145853373037,0.0947308631431721,0.102466616841,1280.4180233719253,1387.1940258603877,1424.5155930431704
1,origin,114,8,0.1018330153004119,0.2036349488608759,0.2317202759088491,1410.4696707984435,1498.712056582146,1500.4036834045448
1,origin,115,8,0.1246033166618552,0.2817216863687797,0.3334630328815831,1519.0068489278954,1604.944119211086,1617.389252165242
1,origin,116,8,0.1094970528871783,0.1963377693748754,0.2013096141501985,1489.2976745634612,1566.272372047164,1587.827643947583
1,origin,117,8,0.1198922497892906,0.2792252222911524,0.3284669848039078,1490.8406336187106,1735.075451835619,1863.422470227998
1,origin,118,8,0.0885999401333789,0.2004124997742133,0.2517810163552769,1591.5921853954892,1780.391693547319,1803.0151747385737
1,origin,119,8,0.0867588574818485,0.1482800765985399,0.1513227365595356,1453.9565328253325,1603.3633665868851,1647.716450550828
1,origin,120,8,0.1330438197199602,0.3087387002386218,0.3275748891696199,1456.9592087329338,1521.9551843135105,1530.5978466392212
1,origin,121,8,0.1199696376155853,0.2216266889676704,0.2301976150282861,1317.2447508396167,1446.4457907856174,1457.8068691595074
1,origin,122,8,0.0870690541804592,0.1459301185992094,0.1688229338797285,1449.3837615644268,1554.351246017645,1572.1356355663538
1,origin,123,8,0.1260717683947982,0.2465505301323816,0.2524919338302939,1423.037725750299,1518.2162355826745,1520.8314120744485
1,origin,124,8,0.1010358914359477,0.1433990130036401,0.1578727405847725,1610.210297142436,1666.6201829411916,1678.9196465185871
1,origin,125,8,0.0871038361878955,0.1788655231451997,0.1850703741534663,1243.498414242624,1404.77130937603,1490.4771703834656
1,origin,126,8,0.1170982348480519,0.1626899266936315,0.1727801714251304,1496.3968353065416,1547.133094196016,1559.9017885896578
1,origin,127,8,0.1184877990165266,0.2799685532060498,0.3305291527005484,1590.2257003799427,1812.7413104448783,1885.3375540650795
1,origin,128,8,0.1086662202244284,0.2146278258357339,0.2488982074343158,1557.3266186301312,1678.738580309639,1731.3492654665622
1,origin,129,8,0.1461950873789577,0.3869140916294817,0.4465638203605492,1595.329082860077,1700.2646460928129,1708.7372667770244
1,origin,130,8,0.1390408828514097,0.3360532457711279,0.3769332577686939,1483.0626764449687,1567.389801352906,1580.0013830501616
1,origin,131,8,0.0744687265567624,0.1099595296947102,0.1216068575881311,1357.7615869002195,1443.4481463888303,1450.984397989581
1,origin,132,8,0.0995184996851321,0.1877593771007008,0.1949702049832656,1491.2062434162972,1534.3893604835982,1541.2577949178597
1,origin,133,8,0.1188615160830195,0.3286893468237744,0.4072684951076153,1590.372550619897,1772.135128916661,1812.51904839681
1,origin,134,8,0.0873305838393435,0.1865129724744999,0.2173889330550024,1488.772874554235,1562.2122011461236,1567.4504910686614
1,origin,135,8,0.1010771548919954,0.2045096555227975,0.2509423866139272,1453.0241051558962,1493.4803106127154,1495.1374482173908
1,origin,136,8,0.1219910110105534,0.2725513736099265,0.3051565984836271,1615.2187423820092,1709.2780389200514,1724.325134051076
1,origin,137,8,0.1139414826854757,0.2699540367648373,0.292364754497607,1657.5942756057248,1777.818870505513,1813.3443859742065
1,origin,138,8,0.1127281411606737,0.3050955404688018,0.379498002415802,1552.838474190502,1632.5258125787186,1639.7140075319446
1,origin,139,8,0.113008960774829,0.2878104825453724,0.3057701897486323,1410.9692344285602,1546.1861645081408,1575.4747439598357
1,origin,140,8,0.1058409707235101,0.171967355354603,0.1770620025648961,1347.8116949124983,1466.3390827256103,1482.2966632554956
1,origin,141,8,0.1146625528018422,0.1636105293309179,0.176723653156092,1493.0938629904986,1601.393580821621,1641.049546667934
1,origin,142,8,0.1016808375246726,0.2359676905628065,0.3076651279105131,1400.3369489215834,1470.288058227305,1492.2463199086164
1,origin,143,8,0.1125201349691174,0.211149726610735,0.2220584419609785,1451.575950803492,1510.0666787471391,1532.434890801398
1,origin,144,8,0.1039043742592999,0.2075770463392047,0.211591673170287,1376.236313139195,1435.1201441266758,1440.9971215124915
1,origin,145,8,0.0999718215172581,0.2508706881047176,0.2708259005399077,1475.4376385069918,1567.6557731185355,1568.441002927173
1,origin,146,8,0.0985059180520011,0.2436641201062191,0.3254181627103269,1440.0192860047125,1505.4576193297848,1506.821929035554
1,origin,147,8,0.1401563091947634,0.3947907416330048,0.4775541794887625,1562.8868498683075,1768.8451563468054,1813.29211903093
1,origin,148,8,0.0937520367695781,0.1768361559015903,0.2000593126421569,1547.9480940835122,1686.5081102623335,1720.594015006658
1,origin,149,8,0.1143608641166175,0.2608067111242269,0.3196797887676212,1485.1102978684137,1582.590525829958,1603.9413088395731
1,origin,150,8,0.1017471578488155,0.1619417133852154,0.1675600757819365,1487.2558854097913,1560.71318219166,1564.3434228886988
1,origin,151,8,0.1292901607989322,0.2972630048587822,0.3002011158503133,1564.3891908012238,1743.0587695636348,1817.700248113492
1,origin,152,8,0.1027389824004712,0.1720994907861145,0.1764571568928033,1624.972832218068,1750.8610237940568,1786.44903626744
1,origin,153,8,0.0772646594851344,0.1221615039223287,0.1277164607379435,1476.4452096661437,1727.7406581934624,1813.9287152028169
1,origin,154,8,0.1239224700694224,0.3228533891323237,0.4309035794176202,1444.693451239227,1547.776679232539,1583.2587537825668
1,origin,155,8,0.0968834448131543,0.1256636407294191,0.1273712748845508,1499.2894606213076,1543.6398584089898,1545.4451079313185
1,origin,156,8,0.0785826151584081,0.1269652938665366,0.1349743676043138,1560.7086473403783,1694.4448297721144,1749.767637466243
1,origin,157,8,0.1169181971581644,0.2003204179023396,0.2202595872511267,1432.7631632518364,1522.1132557057742,1538.6063130117338
1,origin,158,8,0.1516141330989914,0.3602155389269057,0.4091580885947729,1447.8591462350655,1510.617587126686,1514.974347541745
1,origin,159,8,0.1134141262270776,0.2592842643763514,0.2684389117700953,1459.0397174879397,1511.1476041027,1521.5113373617628
1,origin,160,8,0.1126617304245126,0.2564544795411827,0.2903086629671802,1548.6192176370903,1646.5918654396503,1667.6638697087844
1,origin,161,8,0.0934723336902128,0.1682712423525826,0.1742456629255742,1296.8560671215423,1390.1533648925208,1401.144526428488
1,origin,162,8,0.1189921793684685,0.1932381376642138,0.2086657518887042,1446.1928493852788,1567.451865226904,1584.5109520898948
1,origin,163,8,0.1247320476427043,0.2515801572740982,0.3061300276635078,1468.4032815813214,1510.9251753634658,1520.278418260153
1,origin,164,8,0.1187987717976462,0.1761926676118812,0.1776806119632472,1576.1665718520198,1627.3555221330023,1636.1353818396478
1,origin,165,8,0.1063724072366964,0.2772437097378228,0.3556288495822228,1309.4159538880565,1510.2231383894862,1551.7694536285746
1,origin,166,8,0.1172671005029179,0.2546269356485199,0.2831258441439621,1444.0939175918809,1541.9733691733684,1554.6801540126326
1,origin,167,8,0.0864474656540814,0.1793854352763735,0.2221774924163187,1303.2270811939277,1385.9564194319314,1394.4183205370564
1,origin,168,8,0.1298128853459121,0.3522225991430738,0.414119620048169,1469.8319379268455,1510.1801265459776,1511.1800881383865
1,origin,169,8,0.1225016469923094,0.250078954355157,0.2904950801055712,1520.9823921242266,1685.2520339321056,1741.9081818407303
1,origin,170,8,0.1427121714674424,0.2658521041440307,0.2697429226887819,1443.1886207933162,1485.1806175996255,1493.9064834399292
1,origin,171,8,0.095299089741848,0.2253842709875975,0.2853485513227992,1413.1871560181376,1431.158389489017,1433.7562490443215
1,origin,172,8,0.1292113553520836,0.3507621003468842,0.4122428823113298,1512.68377659555,1629.135549008715,1649.7053466323162
1,origin,173,8,0.1216094384298071,0.255663290403762,0.292562398834844,1550.9180439512409,1603.997867879472,1612.3460147959202
1,origin,174,8,0.1077829428006484,0.2177377441632542,0.2409322195333164,1433.3648372155872,1535.5023793516414,1567.36463569648
1,origin,175,8,0.1077365553383312,0.2103322588576153,0.2262982488380507,1555.3865014455844,1661.4821818434043,1673.5398557518536
1,origin,176,8,0.1162132125145219,0.2482046634455064,0.290074529855177,1526.317745530433,1624.3216017227633,1652.3024985413654
1,origin,177,8,0.1030106457841867,0.2713220543065279,0.3339673696734615,1395.555342158768,1606.2770084792785,1646.6150704776626
1,origin,178,8,0.1163661141180321,0.2108627037969364,0.2341563270771161,1485.3075094977755,1542.1276121597418,1549.7402480123887
1,origin,179,8,0.1487685063569515,0.3881515258879089,0.4357535304381998,1431.3426539698405,1497.1144089304848,1517.1499743579936
1,origin,180,8,0.0972678287499095,0.1728230163782253,0.2078531451486175,1386.7316618490445,1592.199392140467,1676.5010371599933
1,origin,181,8,0.1005712662940836,0.2139092431859921,0.2525841863036872,1395.4115613638826,1427.4929688016537,1431.6349376721912
1,origin,182,8,0.1106808968096022,0.2299966487335317,0.2501643624794605,1561.7352188921311,1708.3202511092504,1762.7249812318353
1,origin,183,8,0.1301988767983896,0.2721397544044744,0.3115256186323173,1457.768032733375,1510.6271820491693,1524.896631322416
1,origin,184,8,0.1003327139627222,0.2257058410803955,0.2301241311600638,1544.1589454585314,1632.1436624078187,1633.112131339896
1,origin,185,8,0.0712551893940253,0.1058757045514702,0.1086259995777678,1184.7845976256958,1281.0815983772302,1310.873092496863
1,origin,186,8,0.1055549712687136,0.1505822280397949,0.1518083969932381,1503.5171473551825,1568.670091521374,1585.2729674595164
1,origin,187,8,0.1147493083008726,0.2221774990045887,0.25896249337683,1382.988240482057,1499.1646323872194,1541.2428811856216
1,origin,188,8,0.0960635251730411,0.1612280770570814,0.1720425844032073,1387.7462815950337,1478.9938917410773,1481.294631427891
1,origin,189,8,0.1313604460443573,0.3048162525454447,0.3149120549718617,1348.329560063627,1485.9829052601722,1509.0541938510612
1,origin,190,8,0.1381024454759899,0.3453745239238776,0.4519611353618332,1522.433846576119,1639.257643076908,1655.5214112296533
1,origin,191,8,0.1730131054699274,0.4502064433297302,0.4734987795270866,1488.9900905428992,1684.9597216426014,1763.690295685013
1,origin,192,8,0.1347311410556195,0.2919486739826254,0.3645275562034139,1545.9271997915166,1721.7331494793475,1781.167199474477
1,origin,193,8,0.086255324788048,0.1904300945636591,0.1956436266475482,1257.009595770126,1477.7216168819002,1536.9182859335478
1,origin,194,8,0.118644388091028,0.2272212427255686,0.283117082515885,1389.6767969322495,1499.0876031745202,1507.9984227616062
1,origin,195,8,0.0922662235888413,0.1310957243123957,0.1362190854796646,1450.8540649450636,1619.2446112840246,1645.5964872389025
1,origin,196,8,0.1104005216022506,0.2046562293735988,0.2216002996280669,1481.7837351411804,1552.3250946783512,1575.0071867028396
1,origin,197,8,0.1139968934960218,0.2974586874017427,0.3076537530542694,1231.4056230802437,1293.4300886283145,1297.072945294696
1,origin,198,8,0.1321103811181713,0.2608018867970409,0.2631303065511891,1399.0743980291525,1474.7508885814318,1476.1686725769134
1,origin,199,8,0.1139477231133283,0.3017395637985715,0.3750320950583711,1606.5013943013646,1832.079968842428,1865.970386974632
1,origin,200,8,0.1366027019443269,0.2868410798928099,0.2927572854528585,1410.5019401956934,1524.6880338227572,1533.9443745166311
1,origin,201,8,0.1630343756309696,0.368115171180789,0.4170559943110102,1425.329768101677,1579.3766105559146,1611.7111610287925
1,origin,202,8,0.1092874628827554,0.2559948255355435,0.257142427897743,1533.21399835404,1730.9939384683505,1838.7424325318157
1,origin,203,8,0.1375381521949152,0.2508177110420068,0.2667186376544073,1573.6897676644028,1773.4330566730632,1814.5630220918129
1,origin,204,8,0.1090879539353384,0.2694730330641022,0.3413292108557124,1454.2293729302971,1520.7648002551348,1529.1540246386346
1,origin,205,8,0.136337200413396,0.2977864379738323,0.3048904896636861,1479.7519033548713,1545.0909703168456,1551.9952590155813
1,origin,206,8,0.1562419288953566,0.4298926690421306,0.503242813097295,1545.0388486839802,1679.2193833359916,1728.491941815533
1,origin,207,8,0.1254473095781943,0.361087316699649,0.4780982140052131,1379.038118981026,1529.5638204092884,1555.0162852250276
1,origin,208,8,0.1665772277521469,0.1963323520973231,0.2024823542873197,1469.9897986013646,1566.3587193581493,1595.571469764517
1,origin,209,8,0.1308436658418901,0.2901078675645133,0.3247914095791622,1423.7109736986688,1546.4482125245122,1590.4642373549334
1,origin,210,8,0.1294951919727586,0.2992752854465155,0.38813481616711,1554.7724604365678,1666.072638021614,1669.5139765838978
1,origin,211,8,0.1404553828388583,0.3441694709550375,0.4023625720229913,1423.4457935499345,1495.723472614467,1495.9568705633733
1,origin,212,8,0.1049305070621764,0.1704605080687181,0.1999082600248242,1426.872109559964,1543.1825935863242,1604.4646842306493
1,origin,213,8,0.1538849419799824,0.3256533900890812,0.4075607716630838,1392.0373992070377,1485.7075948743268,1510.3150214908055
1,origin,214,8,0.1160097276572814,0.2173242559010433,0.2310788083565812,1337.617484622541,1490.895248890297,1529.4971158213282
1,origin,215,8,0.1430700385177609,0.2914276914592301,0.3089368332518622,1365.7510877174177,1518.9003450661432,1579.6640859290549
1,origin,216,8,0.0826500736505978,0.1514144291793464,0.1699962831628769,1389.2470857021328,1484.8007790060828,1510.24171725743
1,origin,217,8,0.1443979553128831,0.2899998737636817,0.295055903874689,1487.3656422790907,1544.8069652384918,1568.0332909485708
1,origin,218,8,0.1452531605864618,0.2728166477754365,0.2992796811669508,1519.6017144618215,1660.503129565448,1724.3453336737186
1,origin,219,8,0.1211029143480131,0.2469416330566458,0.3019357646351439,1423.542693074594,1482.1790920998872,1486.0093365122668
1,origin,220,8,0.1121021956614345,0.1478008670354189,0.1507743026851672,1462.576484862533,1547.9647513737004,1552.998113194295
1,origin,221,8,0.1151836089044598,0.2178180656593985,0.2446801981461936,1214.062942756458,1297.4251259728126,1309.3626775217067
1,origin,222,8,0.1340384653616463,0.3505572209515433,0.4477648304553822,1579.072726307331,1674.09347515143,1675.025823161246
1,origin,223,8,0.1165479246484275,0.2471005585324095,0.2896531468695898,1501.5437288815622,1591.606036581455,1601.004660313744
1,origin,224,8,0.163036231596631,0.3684093868613859,0.4697943601366926,1438.6610056412412,1545.690861721576,1600.9012718621482
1,origin,225,8,0.1816141838477224,0.3523630482333886,0.3760870270374268,1518.5451389841987,1610.805781523947,1610.8966371454069
1,origin,226,8,0.2234538110657094,0.4473839444074302,0.511834707821813,1488.599392410072,1564.3836510594308,1575.7103569848582
1,origin,227,8,0.1672583485015606,0.3904011355334521,0.459987922727155,1484.5705592594588,1592.583101517841,1642.996777208549
1,origin,228,8,0.1226649581326338,0.2531246018487436,0.3209227063484143,1404.7591953934436,1479.5028382796563,1484.9288794921774
1,origin,229,8,0.1325159962752187,0.2972626169355253,0.3831559387610656,1411.7031029788225,1520.704889378324,1546.9279910500177
1,origin,230,8,0.1885809289964607,0.3637775494001479,0.3922383735927712,1471.5426630541565,1758.2072348732172,1848.4410538076236
1,origin,231,8,0.1976967724445255,0.4827153394209485,0.5915320180895711,1407.1270842718454,1511.9733582925255,1534.8385099502227
1,origin,232,8,0.1635570730057194,0.4301594811159854,0.5742223092757746,1446.98712789058,1498.9823025083526,1508.1251515184058
1,origin,233,8,0.1286293149685431,0.2709837217917055,0.3124157241470086,1196.2168500422697,1292.2947331846458,1318.2720431733867
1,origin,234,8,0.1326343995918863,0.2452591382409641,0.2870287885375854,1525.4980823145734,1622.673400696863,1648.1413710067304
1,origin,235,8,0.1136984572796818,0.2371023346505225,0.2887783654791843,1398.6052206681918,1491.1305467302077,1528.6530026658866
1,origin,236,8,0.1286562876912027,0.2235484015342272,0.2512220340511263,1457.8468376141004,1605.5914389703478,1638.6386770245706
1,origin,237,8,0.1803255130160697,0.4408354082824768,0.5104223293647762,1526.3258123281537,1707.75553154833,1778.4821316437967
1,origin,238,8,0.1756596311978217,0.4653529178648266,0.4821741544614817,1403.33920336168,1465.931917756753,1485.8305403193924
1,origin,239,8,0.1363100189897892,0.3227639582363203,0.4124135295178658,1225.1679273560453,1268.067781283644,1273.677098600446
1,origin,240,8,0.1697314073808545,0.3622160934573689,0.3766868503433928,1561.5435295487491,1732.2113834990128,1765.739183910355
1,origin,241,8,0.2007352108788506,0.4128914473988058,0.510531962045527,1403.899993880182,1520.273325980462,1537.925254919055
1,origin,242,8,0.1397583595764192,0.2833266300131889,0.3266329666412517,1413.2589654122094,1498.724210566966,1509.851584161239
1,origin,243,8,0.2120122636319051,0.5092098901926146,0.6486454938201481,1397.0735529876777,1516.9667740978773,1519.488184729584
1,origin,244,8,0.1613338638353885,0.3006479083576951,0.3337864456800645,1400.253138059591,1554.6344097943306,1617.7702468681132
1,origin,245,8,0.1649629563579529,0.3850319504541374,0.4151551245866691,1393.008653659102,1446.0794405787894,1460.802063902802
1,origin,246,8,0.1463504004893295,0.198823871208588,0.2031865379321767,1467.410320439363,1693.0394620495952,1784.0522354987154
1,origin,247,8,0.1483733473686178,0.2529427513245029,0.3127557202181533,1505.2550541803073,1676.574748457031,1714.2981495052832
1,origin,248,8,0.1817770104845054,0.4972491826740384,0.6132958582790548,1527.6537693668383,1691.926488541838,1706.292268062418
1,origin,249,8,0.179975767183641,0.3135603356715476,0.3474785098108792,1449.9532967817283,1520.2074280799634,1533.8547320574553
1,origin,250,8,0.1542490421000511,0.3420104976324843,0.3614399821282196,1353.8582233507416,1436.4474025580598,1436.8001181511636
1,origin,251,8,0.1203909415635016,0.2088405097328409,0.2377622733027074,1451.2533811932342,1634.7360894815145,1673.9599187181225
1,origin,252,8,0.0990971843999864,0.1385594485250793,0.1483136313348655,1205.0454766011494,1286.611136167867,1294.407138764083
1,origin,253,8,0.1497537081105681,0.2203844087663549,0.2391971285150866,1372.7277632361447,1471.4766427627155,1486.7847052625762
1,origin,254,8,0.168269447099087,0.407015101791667,0.4905156154282338,1349.455493785248,1424.2906490726148,1426.2939483300886
1,origin,255,8,0.1504836286107134,0.2780290000947475,0.2806170226594341,1354.154080961114,1422.5748549457487,1437.1470075128532
1,origin,256,8,0.1314943518951352,0.2394531454841496,0.2696984344872897,1468.2193366408032,1537.497202829262,1550.3202546063646
1,origin,257,8,0.1952376223580961,0.4540786645506365,0.4581463483513432,1408.9037559718386,1511.5238714246486,1515.7349802943002
1,origin,258,8,0.1661781333142959,0.2804257671243523,0.3088652382338793,1502.5977351587817,1618.5151830061072,1623.1104671564638
1,origin,259,8,0.1135741796053952,0.2348470631015805,0.2721175418708959,1290.3282938952464,1365.7861841306365,1372.4193032279925
1,origin,260,8,0.2781792342173974,0.8047596476237782,0.948952324229342,1416.011566102516,1620.4062236139223,1710.1583080061232
1,origin,261,8,0.1651059461463295,0.3246055111025262,0.3627219142209855,1370.7900914824904,1433.419389099878,1441.413184251074
1,origin,262,8,0.1524536815574328,0.2514766403021972,0.2577821850084358,1442.4451440675482,1541.7851246582102,1550.7591455786437
1,origin,263,8,0.1393774877206143,0.3929082351226945,0.5153876961885262,1223.7267137617614,1349.1190927758346,1353.438076733522
1,origin,264,8,0.181502700048638,0.4622306982866581,0.6232725911787677,1531.3961254330582,1603.1890725109454,1640.7953740264882
1,origin,265,8,0.1306279629735189,0.2461500743795393,0.252441607941609,1500.7076739669735,1576.571235340917,1581.3259524596804
1,origin,266,8,0.1199784081277722,0.2759438420056138,0.3309411702940271,1490.719697218021,1611.417122485355,1654.189262368758
1,origin,267,8,0.1798091064788621,0.321191932174847,0.3525535481330417,1463.00515031101,1599.2871047224344,1633.4153673630935
1,origin,268,8,0.1871527636083467,0.4349655443981031,0.5232501914170253,1461.342054140476,1603.1282402329748,1617.142607898189
1,origin,269,8,0.1912782136392535,0.2505663983483613,0.2557120281883251,1417.0640549290956,1519.8588200660738,1552.501157981402
1,origin,270,8,0.1167045216764212,0.2238382466910762,0.2565224770640667,1435.4631024256544,1531.2844877343814,1543.580015619266
1,origin,271,8,0.1486766730405523,0.2456341403171532,0.2900738046214166,1399.6480170407772,1460.9482638563054,1471.4869522202011
1,origin,272,8,0.1641694522448909,0.3753495361748342,0.4074228998711682,1380.4834337291522,1511.304159144256,1542.4630052155544
1,origin,273,8,0.1352994059598935,0.2926128101690908,0.3831094173296021,1472.9888624726254,1542.903455631632,1552.3703769009385
1,origin,274,8,0.2662803968447408,0.7794323052685288,0.9008197520445966,1356.1324747930896,1436.5343127501094,1444.246781538752
1,origin,275,8,0.2349756290886032,0.4145112050841104,0.4213688386521022,1556.8693912244344,1731.1615423754388,1790.37367873605
1,origin,276,8,0.1286128867649812,0.2867982055009873,0.36397761576036,1273.9828109833204,1336.1100393048623,1344.877306908298
1,origin,277,8,0.1895637255550167,0.3812522014317192,0.4742659463589768,1230.6610434367,1316.333153573789,1324.3636025088956
1,origin,278,8,0.092909469774698,0.1211398611173961,0.1307995601930968,1505.5050460851458,1547.586224012961,1548.3169370936162
1,origin,279,8,0.1858228978298826,0.473072091487895,0.549253207478637,1264.974722088454,1431.3345876305043,1448.9059419069283
1,origin,280,8,0.2025794183365689,0.5417789175199225,0.5693858457423374,1360.4045900012782,1464.2422243930034,1502.5063404419725
1,origin,281,8,0.134255110182689,0.1870579578022215,0.2001121569062318,1461.5283570044624,1518.2349136835228,1532.268709630289
1,origin,282,8,0.1898124181989472,0.3683716704232418,0.4269222786994961,1468.627732649055,1600.2606413296417,1640.1469237431452
1,origin,283,8,0.1735561109663533,0.4188517669526341,0.5094933682104149,1493.3943562641182,1693.0142989258293,1776.3164943567876
1,origin,284,8,0.1914614641417623,0.4646079500000048,0.5035511546786524,1451.9477351089236,1498.1489173201787,1517.3072392746506
1,origin,285,8,0.2094716644443983,0.5848113040719156,0.781510868011918,1483.996713282364,1649.673653068623,1733.9463611444348
1,origin,286,8,0.2347714183036541,0.5426988389453792,0.5923557001286203,1432.3720250822955,1539.355888861169,1553.380264068678
1,origin,287,8,0.1407555647277477,0.2191330062510871,0.221839448512023,1468.5580338214263,1542.3686737672117,1543.4895060882798
1,origin,288,8,0.1647627721982839,0.2600627840693916,0.2622587699906515,1346.4634174056407,1428.855849430593,1438.5506272274497
1,origin,289,8,0.1304297786057923,0.2641602787647227,0.2918214105508831,1215.165440524007,1333.9360847531352,1368.7339825590109
1,origin,290,8,0.2317083434097031,0.5089616218301658,0.6120549593241719,1368.1335052474076,1597.2026313224565,1697.3880165823732
1,origin,291,8,0.1715994994229313,0.4574355708204302,0.563971724461131,1432.4456404587906,1502.1391484202045,1508.0945086186468
1,origin,292,8,0.1510728062989509,0.225169746025732,0.2630632973058539,1187.831753249819,1316.9512617781502,1338.579633796244
1,origin,293,8,0.2118026779215774,0.4307291140817264,0.5076290890904996,1400.0775630984188,1548.6457413841129,1617.402132131134
1,origin,294,8,0.1798462073558039,0.4032069557892727,0.501231918703633,1342.0334194475329,1397.0068521718829,1402.7372819886357
1,origin,295,8,0.1603517423771846,0.2439224525417569,0.2506400650699234,1382.995760247943,1471.2359227918553,1492.2464117341383
1,origin,296,8,0.1806293638338428,0.2430938431309121,0.2502061157550523,1449.2020120570337,1569.5370313395565,1585.4184182653307
1,origin,297,8,0.1531442263400768,0.4173248645760138,0.5346586067787723,1429.8922174952131,1537.177898659226,1549.9472800595138
1,origin,298,8,0.1813620792092451,0.3492864079441048,0.4227600178804354,1463.9892474316812,1575.879253645791,1626.6842796807598
1,origin,299,8,0.1497382834064197,0.2697135638670197,0.2863907009137536,1364.5383211886317,1427.1053315773568,1429.809571873771
1,origin,300,8,0.1760320920983655,0.450980659899036,0.5864370640873103,1255.4004175948105,1361.458603432965,1384.0480598788442
1,event,1,8,0.1048744818193606,0.2176312606660317,0.2209560288076687,604.3661012291628,647.6258457585277,666.6866489518333
1,event,2,8,0.0665700759160891,0.1168690352764833,0.1341753653963063,654.4683329500791,711.2424485703993,715.0133084425772
1,event,3,8,0.0767351532760906,0.1294441849875057,0.1296699760314793,682.065076450572,738.2542734667918,739.4476282481911
1,event,4,8,0.0822940668073312,0.1328328882239627,0.1363199737919289,765.7442107714762,811.6124483003318,815.8618364237982
1,event,5,8,0.0932420932345266,0.2053127748786208,0.211240274622665,817.3997665732156,912.1630770837248,924.8578073775382
1,event,6,8,0.089304426307556,0.1468421121651104,0.1577851859892544,993.437612029984,1110.3760430071293,1159.6429150517358
1,event,7,8,0.0756775908362107,0.1356421672666511,0.1432943118732857,1004.5100130348548,1060.340733386113,1064.0212420874318
1,event,8,8,0.078453496363337,0.1271061407440847,0.1337531174845198,1262.678348033059,1344.8671904529624,1347.247417878568
1,event,9,8,0.0881859130115809,0.1079819149946751,0.1093469182085065,1343.815587433749,1461.086821162815,1466.9255623475754
1,event,10,8,0.0539138008018778,0.0959920002571096,0.1016065310735539,1343.0754792237694,1416.3875570306748,1424.30901438453
1,event,11,8,0.1024314403317485,0.2332642224301904,0.2956652690510151,1306.5786469964023,1349.2288402803845,1353.8313671227554
1,event,12,8,0.0793305846992927,0.1502652661139019,0.1650418812394302,1408.279325590379,1527.3930662122432,1561.3075862578296
1,event,13,8,0.0772913578773169,0.1784678048972237,0.2155781132952014,1262.158167362731,1304.3303280390485,1306.6200292192202
1,event,14,8,0.0896252857421243,0.1710719544553398,0.1933421301162216,1470.494672734181,1546.2468270598208,1565.118304105849
1,event,15,8,0.0656375658854451,0.1378631145017942,0.1738732278098584,1456.5024966927474,1636.4033354697283,1704.7582321628347
1,event,16,8,0.0788469135496972,0.185389022993423,0.2430672858581506,1321.1375525021665,1368.8915062278425,1380.7516198674552
1,event,17,8,0.0760246049940086,0.1591305306262093,0.1975799152665626,1256.1188347487298,1357.9281494247507,1363.5886823283531
1,event,18,8,0.0636375597242537,0.1224600224934474,0.1429855340527731,1482.7054298304315,1542.073150629204,1554.3432156480917
1,event,19,8,0.0715398217149857,0.1741361002279113,0.1924068627662186,1397.8417713289175,1487.0650667761915,1496.9653818871302
1,event,20,8,0.0855793724836195,0.1332052128964009,0.1364415137483176,1522.713557777569,1605.2849843267632,1622.489992785047
1,event,21,8,0.0778195554761895,0.1389916195292358,0.1532969223912611,1582.323383460202,1783.5559484843425,1898.0403657405363
1,event,22,8,0.0638433710854512,0.1195838505837917,0.1479778629585072,1328.09598923071,1380.825111617345,1387.4784301785796
1,event,23,8,0.1083895115411386,0.226326059561786,0.2264219328476346,1425.4735275279963,1486.5097682545534,1503.1925223366031
1,event,24,8,0.092275069375709,0.2651926288162259,0.329266672053088,1531.3463762096746,1743.4079838169712,1824.454305861184
1,event,25,8,0.0781680275156874,0.1537964757044308,0.1694898115612101,1411.7298802870962,1642.7756868247463,1735.4123802497868
1,event,26,8,0.0881525480317053,0.2032116094368804,0.2094102475982761,1510.396452733347,1622.9289068969488,1654.008391883715
1,event,27,8,0.0770259248082826,0.1433269603977608,0.1521875820117466,1370.1592901960605,1576.9655810514937,1643.4868335852188
1,event,28,8,0.0614090010302457,0.1194385592697463,0.1365095969917699,1471.8340236208423,1572.148989746021,1595.643501783508
1,event,29,8,0.0709658387359435,0.1450583862058746,0.1470126183181213,1513.1333634921705,1584.3613183590624,1596.8304583428692
1,event,30,8,0.0714611672094504,0.1337615784698386,0.135840830596651,1532.254030832304,1687.2820317301987,1717.49405060783
1,event,31,8,0.1036098912955742,0.2576826297883292,0.3052266868215115,1523.3874889717715,1665.5598155760508,1695.0128696189383
1,event,32,8,0.0584117628137929,0.1006258278294764,0.1139515807566863,1352.9065436900546,1421.454802557577,1445.175015419066
1,event,33,8,0.0804225655847269,0.161703128904399,0.1844047262404846,1715.078055718449,1928.3298363672377,1945.0167187165864
1,event,34,8,0.0821975986167239,0.1366674160474765,0.1501472183190041,1485.4058517709796,1594.773281567733,1609.7884978205134
1,event,35,8,0.0770006168578166,0.1336881815960265,0.1591823799822189,1548.258501017966,1709.1007369387603,1764.3401244778324
1,event,36,8,0.0867903127541562,0.1412157425957459,0.1516919642659052,1555.1064914358751,1611.714325067224,1616.990106689795
1,event,37,8,0.0743528377393847,0.1242737053195194,0.1355188663794348,1443.6588056468397,1544.0221822022563,1556.894315854451
1,event,38,8,0.0856633362197059,0.1236618784468926,0.1298819152376277,1463.6232913254655,1529.0524541915954,1557.4185830213564
1,event,39,8,0.1204614662581842,0.2549441606158339,0.3034118505520996,1467.797679866172,1532.7338668373,1543.991244435501
1,event,40,8,0.0895198055965442,0.186690652916904,0.2029807151282764,1438.8758946931855,1511.1647239980814,1527.2982030546625
1,event,41,8,0.1034432962737233,0.2622004544893878,0.2839411509472109,1387.7135290676745,1538.539474492458,1543.3904206597804
1,event,42,8,0.0619852372315077,0.1399750192311542,0.1614520478836119,1554.0449639188942,1687.7963594916916,1690.239016618661
1,event,43,8,0.0964888290193812,0.2155422903755129,0.2256634342980647,1544.9324765810477,1707.8454866356678,1758.5686279709632
1,event,44,8,0.0682253643309219,0.1144037373501518,0.1290569804892709,1412.267599635123,1470.0165383455487,1471.3817002433373
1,event,45,8,0.0911225987527851,0.1945710727600763,0.2457902088303669,1502.603663234957,1589.6840901729915,1614.6444453156564
1,event,46,8,0.0715754965490763,0.1742152966376787,0.2279953359511587,1544.31318268125,1582.145579235717,1586.183763203593
1,event,47,8,0.0781036207000153,0.108392801814044,0.1108518627885492,1607.6924039222176,1693.250055719394,1693.6729952119551
1,event,48,8,0.0688398384488364,0.1298395379945351,0.1331544546848801,1262.190044925447,1316.6352202836708,1325.4906601326743
1,event,49,8,0.1132151346653614,0.3392677391545964,0.4401497314729288,1437.616375423485,1553.5128269494912,1596.7321064706305
1,event,50,8,0.0951470672575836,0.1795935342687476,0.1835115432971338,1494.6061025892798,1581.07041516414,1582.931591479431
1,event,51,8,0.0667171903072797,0.1385916352848963,0.1737184889735088,1538.9996511393283,1839.1431843502803,1989.6715281427064
1,event,52,8,0.0776166446438515,0.1083307652471268,0.1088436529983431,1374.9122377669848,1472.9871787911852,1483.6708964591833
1,event,53,8,0.07208807299808,0.1502582556126879,0.1893686081246228,1314.5249726747772,1423.6380912841414,1432.3093064101904
1,event,54,8,0.1074623676626628,0.2903857855387305,0.3748999447522215,1505.0787834782525,1624.4664475609684,1636.0408197014176
1,event,55,8,0.0926170586050206,0.1619985419617382,0.1707381427892482,1586.7462804031748,1686.6967438195577,1699.6204139324682
1,event,56,8,0.069572894373307,0.1379817188513107,0.1624570481517054,1574.0313804187567,1606.7320228855783,1615.9713062142891
1,event,57,8,0.0982649545251931,0.2516286481452768,0.3264534727381906,1556.3937370971205,1664.6603274827482,1716.655556848402
1,event,58,8,0.0954200747139287,0.188002868482607,0.2343604679487326,1529.9156889504893,1616.5094896603164,1623.2565647611143
1,event,59,8,0.0695007298878272,0.1059680050519669,0.1068993290022719,1384.822581415951,1463.1162981311154,1474.6174074957137
1,event,60,8,0.0786296751691648,0.1677574728372928,0.2068677903374454,1477.004414292357,1547.7245003614903,1559.2974995203458
1,event,61,8,0.0895936074801407,0.2295635000274301,0.2683234877400957,1495.1166047711286,1582.587588530757,1590.8459139235629
1,event,62,8,0.0834822397444209,0.1679158669319758,0.1779061597041071,1411.2245519522298,1508.8096305506167,1516.553838266822
1,event,63,8,0.087281938030176,0.2060840197568531,0.2411960605091736,1519.833364590865,1676.750940347813,1677.6228943866197
1,event,64,8,0.0866081668759969,0.2108792684312492,0.2693157009293778,1420.7279772366023,1645.4073276106872,1772.78832418969
1,event,65,8,0.0765268896232602,0.1464519503076797,0.1636440560983457,1456.5084815918026,1542.578905422034,1542.609000196897
1,event,66,8,0.0851115535618522,0.1979384145170512,0.2602497457733999,1486.451106015996,1678.140902454055,1762.572366899772
1,event,67,8,0.0900786493203491,0.1737633217136891,0.1814779837263248,1534.9316557469072,1620.1776473667137,1621.9022996647493
1,event,68,8,0.0733585415582674,0.1374250543622284,0.1694660382307888,1460.5361102615775,1553.9686576432389,1556.3515152611972
1,event,69,8,0.0848655532385138,0.1732469021300073,0.1949224533379584,1501.2699685366642,1669.8347777889758,1725.4468927151604
1,event,70,8,0.0847178520195414,0.1628712284682193,0.1667712728133848,1622.2854368472624,1711.7070221974086,1732.4075447867085
1,event,71,8,0.1046138763151015,0.2360458044325037,0.2638875648179488,1324.9766307218729,1425.5858271562813,1436.748787438812
1,event,72,8,0.1022693486077357,0.2368858201145127,0.2475573821680206,1523.9444330791744,1619.4312015678736,1637.72604497709
1,event,73,8,0.112095440391657,0.2694321460416896,0.2763361055235679,1479.1171700654502,1554.1863034335545,1561.285209547358
1,event,74,8,0.0788312504836083,0.1659816177270229,0.183319993323607,1371.290794152349,1478.4231215038496,1484.1628071658577
1,event,75,8,0.0801688004297305,0.1352183512822747,0.1519998431685291,1343.5818823550237,1465.4635651490514,1520.1031215089388
1,event,76,8,0.0931294729330301,0.2385615988094096,0.2750626757442786,1330.8548025620455,1551.959310887497,1645.8870964219975
1,event,77,8,0.0848454112396421,0.2088356219621461,0.2318619369918385,1409.2532912969248,1455.6364785608946,1465.451999169085
1,event,78,8,0.0859965485009774,0.1814819990152867,0.2271405451773178,1419.2489269612613,1498.6214695362837,1506.416059745737
1,event,79,8,0.0945741262840653,0.2074731548382033,0.2631788245023715,1395.4315163082829,1550.4385566049657,1596.027042141146
1,event,80,8,0.0792339808137692,0.1723837233990011,0.1842745634956247,1368.2926525843634,1446.799936687344,1454.758090200937
1,event,81,8,0.0657664413029455,0.1315998442894776,0.1410147985992,1250.0625081536475,1309.090934642023,1309.1751012181314
1,event,82,8,0.0896514586152022,0.2380723665341722,0.299780075674914,1416.5444676664922,1506.120468047321,1518.83712967583
1,event,83,8,0.1099942705721857,0.2617469429295022,0.3170146274021034,1482.8770119290884,1629.030458104942,1677.261857437706
1,event,84,8,0.0931008619760336,0.2401079165435704,0.30425246540455,1493.70032897361,1582.7720030273442,1604.3883906349895
1,event,85,8,0.071483787550226,0.1517451473989673,0.1759951884592428,1387.1927606661118,1537.6854400458592,1559.6956156286583
1,event,86,8,0.0954496884624214,0.2117019494376845,0.2465300993656661,1475.2801961373234,1650.161586264681,1727.8907075576567
1,event,87,8,0.0776230639268427,0.1421869165769323,0.1445517704800306,1573.8283464880767,1693.8480198725983,1733.9633813319422
1,event,88,8,0.1146792910497558,0.3209380156434875,0.3849573132623748,1370.8096979009188,1517.7110986973769,1575.4868343620203
1,event,89,8,0.1017234896597596,0.2012232347666591,0.2318678059100922,1527.4105141998011,1710.987673371288,1757.9774687597867
1,event,90,8,0.0950710548084812,0.1744267033532544,0.2058816754319389,1462.1460554174482,1600.7135218901049,1665.1762322328216
1,event,91,8,0.0797472267023,0.1482649662705126,0.1696489215465559,1499.6922783202565,1677.7606651020822,1720.6086297570764
1,event,92,8,0.07089477413538,0.1177609529436695,0.1273915655989985,1307.6984830369904,1360.417349111385,1366.60812769616
1,event,93,8,0.0724268209627194,0.1326415458369741,0.1595167773945486,1327.0621679709195,1383.6593474063875,1386.065320325962
1,event,94,8,0.11272807513479,0.2802953796514648,0.3526719430086066,1448.0529450044985,1566.562683696866,1621.1977185228363
1,event,95,8,0.0809891874261343,0.1202091021266309,0.1396878026627054,1430.9850169180463,1508.610275174441,1536.3761588899897
1,event,96,8,0.0831099070600571,0.1626774389874215,0.2022854323373415,1496.906464494493,1557.9909645678993,1565.082846541655
1,event,97,8,0.1066502441858575,0.1825672708175893,0.1973280131199005,1348.9107461384822,1391.8730400003744,1403.8124892076344
1,event,98,8,0.0807526703508734,0.1642491700021056,0.2057660687136775,1408.2357903516677,1516.626598599124,1545.868765578519
1,event,99,8,0.1322071874633079,0.2973502805951307,0.3363085619147036,1482.2978805142322,1571.6200795815364,1577.5309397590272
1,event,100,8,0.0996534534643349,0.1405540119285115,0.144695821281644,1433.7745242789947,1521.660645980613,1526.5738463641942
1,event,101,8,0.1099149286514761,0.3011969367937356,0.3848798745809606,1506.199132335036,1560.9364442950482,1568.1625654874654
1,event,102,8,0.0803345304004801,0.1172117420538306,0.1278924418119646,1429.8984104022334,1523.9461094021874,1538.477077904557
1,event,103,8,0.0766544398109593,0.1384705790858904,0.1564782306879942,1483.583675097805,1623.507984494077,1678.7724718162362
1,event,104,8,0.1229032691272036,0.3145502243954429,0.4321305152272464,1344.4597752087943,1428.878026178015,1451.634121322393
1,event,105,8,0.0880953548841827,0.2018394326624228,0.2058520730571071,1546.9816380602606,1853.778890278666,1859.1994677727284
1,event,106,8,0.1159292042939137,0.2278866879304102,0.2553222281315981,1424.9037377036773,1510.9215123331542,1526.386586326799
1,event,107,8,0.1140525279026018,0.3273514582907352,0.3796777627953149,1569.600614207601,1747.553925833325,1807.7438376069365
1,event,108,8,0.0898757305739042,0.1852038877494224,0.1964160827788104,1558.1703068071731,1746.0252960917694,1848.2730912249467
1,event,109,8,0.0685020747648197,0.109157541481917,0.1101570749528711,1308.3197746762755,1359.1304236340072,1361.4325238458778
1,event,110,8,0.1184032566314187,0.2781671729529738,0.3199400197397402,1505.0790261256764,1658.969167893724,1677.003845979927
1,event,111,8,0.1027294191586463,0.1605597381825201,0.1711565102924398,1544.37480614148,1611.9393492027486,1612.289445747093
1,event,112,8,0.1093184724899549,0.2161907607498322,0.2451807370557262,1607.0726820697837,1711.272612883345,1751.793447506516
1,event,113,8,0.0917619928998576,0.1724858017749879,0.1864809516352405,1256.5483169556185,1406.6093664056064,1479.6188835448618
1,event,114,8,0.0946447471965998,0.1544150982602548,0.1778529940775312,1344.6175330200383,1403.3750885098268,1406.867868816441
1,event,115,8,0.1004780578394386,0.1437478229292449,0.1534185429375741,1491.2889892071264,1597.381085082046,1632.0230284601098
1,event,116,8,0.1000276702845885,0.222251913581857,0.2837791401751781,1432.5572480731155,1569.244484186206,1605.3015233857373
1,event,117,8,0.1165177420915596,0.231606858819918,0.2648007750760983,1435.950929867084,1635.0947746860968,1696.742081680987
1,event,118,8,0.089378048132296,0.2404137105660104,0.3261493234376812,1537.1754850522752,1772.814514876133,1830.3627115076445
1,event,119,8,0.1223610691218393,0.2799597249682263,0.2901490178967329,1427.126433588704,1562.574138122483,1624.027458040235
1,event,120,8,0.1277090819025466,0.2785469574486197,0.2999940908700829,1442.9920396448429,1561.3127220450804,1602.7143391181098
1,event,121,8,0.1285501803670797,0.2733434552687339,0.3186058260702162,1286.9449685536154,1342.7133218524434,1346.3242939958448
1,event,122,8,0.0957402759543845,0.1404730011127171,0.1548506800326048,1411.1336795471402,1519.9199861127006,1564.8705062783883
1,event,123,8,0.1138461923796043,0.2239811563603419,0.2821725739932931,1365.9221039839874,1526.1587591676252,1539.9666491470755
1,event,124,8,0.1018974494385191,0.1777761184856297,0.1906009656126781,1581.5064361736108,1651.3901563716076,1657.3048367343274
1,event,125,8,0.0803638928707698,0.1461553126417039,0.1800331110151556,1208.032195032094,1336.3128415573256,1379.2552420456311
1,event,126,8,0.1325736437709592,0.17874413130524,0.1829587927616627,1452.9397023097436,1600.0438487537087,1647.172436295956
1,event,127,8,0.121273723234073,0.2571657842533217,0.2694920162541276,1519.4959375476317,1711.1110735163925,1758.000322028753
1,event,128,8,0.14101454701737,0.2999732863465943,0.3016982714836863,1492.071192366753,1615.7631234589558,1679.5856249469618
1,event,129,8,0.1740999697726469,0.4539065578497669,0.5401433228396133,1515.9983450042862,1639.4631434979942,1645.7824664857744
1,event,130,8,0.1278521680500368,0.3261663658012242,0.386129140390991,1421.641346707975,1512.4992238662378,1513.8127736617048
1,event,131,8,0.0834075850627683,0.1643624608673794,0.1997974949084078,1329.6172205400214,1421.7453285538145,1428.1773872338913
1,event,132,8,0.0872976102505285,0.1410474385554486,0.1544506476712012,1430.3494117056198,1515.426378235206,1522.345866323212
1,event,133,8,0.1229956599429591,0.3105978103314372,0.3711039242263422,1565.4030429514228,1705.3346670010992,1728.459874658285
1,event,134,8,0.1504010690900211,0.3870879371362128,0.498946032328488,1478.703353676639,1540.4078627277754,1543.622668070995
1,event,135,8,0.1252930866484423,0.2832611147551458,0.3622534931880051,1415.2139009711177,1530.4052862675703,1581.930508859305
1,event,136,8,0.1320479478000517,0.2752034921248367,0.3294903079043915,1549.518062356617,1624.8814650422714,1632.559862441375
1,event,137,8,0.1145937594767403,0.2290185569156768,0.271770101533525,1588.918111835557,1655.1188258064278,1674.0198632071308
1,event,138,8,0.1319113389011491,0.2872395791646258,0.3110861182073019,1516.3986635347303,1607.385510997564,1628.7629421170288
1,event,139,8,0.103212693701185,0.1908208096064314,0.199055248718781,1396.9014445545586,1571.5625150001383,1590.747128947531
1,event,140,8,0.1237673480199376,0.1819774170393474,0.1876972468406333,1269.0125696766825,1389.078223139194,1391.021474435115
1,event,141,8,0.1372790531260222,0.1975221952954052,0.2066153420185557,1439.6574947356232,1538.6471897642064,1567.972352647824
1,event,142,8,0.0967036859473917,0.2092225342674006,0.2510056556788793,1357.7047687992497,1458.4006180162085,1485.7065532990396
1,event,143,8,0.1016307455503869,0.1841857273757226,0.2052744127389848,1405.8464728957524,1528.8029940255894,1551.057905474756
1,event,144,8,0.1144253830303922,0.2164850051874455,0.2296691515609547,1374.938735730554,1508.8161018962453,1559.2062742969913
1,event,145,8,0.0937099420076796,0.1974274739033135,0.2466141892227433,1423.938121024753,1503.6714344894035,1520.1805736937742
1,event,146,8,0.0995341677931191,0.2152425982871729,0.2670718611309071,1422.4349695505773,1518.0126782461828,1528.9814405470918
1,event,147,8,0.1225712990292793,0.2503123485224763,0.2682091793364143,1510.253935724091,1643.4277518425183,1659.7512820837471
1,event,148,8,0.0887353881267874,0.1306120726421473,0.133165813938492,1502.6614904395694,1585.9579670653193,1607.0000257794395
1,event,149,8,0.1007205757189255,0.2097522877954002,0.2257582783010047,1405.217075563276,1480.2911874892666,1481.946680085352
1,event,150,8,0.0880021394071172,0.1750829446163394,0.2129429230234598,1428.790047233356,1518.8210861043651,1534.5040082116925
1,event,151,8,0.155623412377802,0.411989665744738,0.4366890871684912,1517.8586632775653,1683.415964987923,1752.599209758677
1,event,152,8,0.0936960632771569,0.1459416473574808,0.151942362625813,1570.2283837062105,1703.3179199733434,1718.2741199185562
1,event,153,8,0.1489753359091924,0.3711987084276997,0.3762205334344852,1439.2222091907772,1694.999182715434,1787.0615875323535
1,event,154,8,0.1381014208089684,0.2949818531418128,0.3639838549893561,1367.695984266775,1432.6143514385622,1435.0239097843723
1,event,155,8,0.1630538055326847,0.299115761856799,0.3259614594607709,1461.7523055705394,1579.0040569474552,1626.716815273324
1,event,156,8,0.1262191511180826,0.2628177845703242,0.29692146822626,1520.606153136316,1577.043241850606,1590.6044141827674
1,event,157,8,0.1388479614117135,0.3665675409656489,0.5000639933508335,1422.9039601752538,1550.010922414902,1558.6833663887471
1,event,158,8,0.1477283728039801,0.396158378721372,0.4788506396765829,1403.0658370426197,1522.118634108717,1581.0882838349808
1,event,159,8,0.1479782770958397,0.3695016865117007,0.4237799451163942,1402.8773860451472,1497.9044017399708,1500.5003882703809
1,event,160,8,0.1213201676302292,0.2726113746896539,0.3359622294673401,1484.0705976097554,1593.734668957996,1632.479286776594
1,event,161,8,0.1187890666960515,0.1681836992579077,0.1756445491409389,1233.5068259283155,1352.3842151994195,1358.2681878221351
1,event,162,8,0.1017332385000915,0.1819415380997615,0.2144441226746955,1428.7428116460346,1536.951029478911,1566.9307958027475
1,event,163,8,0.1158399849147971,0.180044869140543,0.1966442822729564,1434.3000269985127,1483.6199011563451,1493.59244358881
1,event,164,8,0.1289582547122963,0.2059594371984589,0.2134972806378429,1513.5476690588248,1577.735241600925,1581.9966347744237
1,event,165,8,0.1152476871951373,0.2242792679606468,0.2348081970703328,1253.5313694953384,1389.935926724348,1411.489820309869
1,event,166,8,0.1225632081334748,0.2705280118517396,0.2813293422552307,1389.6178369935662,1450.2784794068582,1451.1164118102372
1,event,167,8,0.1095105588466897,0.3736384704568998,0.5231040589757172,1308.287777079173,1468.7427554744197,1533.1589819335231
1,event,168,8,0.1305281004619378,0.2772507038340394,0.2939961815909391,1442.9433059800251,1505.3867030377487,1514.5458329833891
1,event,169,8,0.1210965995580019,0.2420843636270596,0.2829354926159836,1452.7264265655438,1545.2323264753138,1574.5741733724878
1,event,170,8,0.1066317916169078,0.2191466585660236,0.2640506895389786,1412.1550956618871,1454.3904692613146,1459.348618326061
1,event,171,8,0.0954190182920304,0.1755244690309653,0.1795799157036506,1350.804058847904,1388.1938050862684,1390.322906652999
1,event,172,8,0.1526719403895981,0.3373952043093575,0.3896645049573262,1476.731018880902,1694.1782402181946,1784.6028365744417
1,event,173,8,0.0952917364482858,0.1752924405382206,0.2153402159796088,1489.5689828094094,1553.0747518887406,1563.715642282565
1,event,174,8,0.1096432820291973,0.1952765020980655,0.2318488270036086,1395.610177075097,1463.8944198388951,1470.275981103503
1,event,175,8,0.1068456492624574,0.2479836611071715,0.2864081340572817,1499.9883227627442,1611.5031638407338,1615.7987517142565
1,event,176,8,0.112982899111117,0.1946911100222184,0.2093152827225636,1497.3377718928534,1636.034951402889,1671.0749985683603
1,event,177,8,0.1012552138207863,0.2340009106805329,0.3159816089420139,1302.9168473556483,1400.2002466113736,1436.386678055884
1,event,178,8,0.1087524464425093,0.1760215806011911,0.1983203852810799,1424.471902873731,1505.350965173976,1513.302218600513
1,event,179,8,0.1524001345307271,0.3902404126737226,0.4283619086368896,1397.8580539967516,1463.444180182853,1466.4964391636747
1,event,180,8,0.1200791460807212,0.2094925092307114,0.2527451988139548,1317.8440217508569,1507.6234692198157,1554.7773346959225
1,event,181,8,0.1035260943955904,0.2632989181843006,0.3023629397165771,1356.619044609589,1457.417903931218,1479.0570298710609
1,event,182,8,0.1380419990285722,0.2721460579261317,0.3082430746275523,1520.6698486517084,1606.7049770129167,1635.1463188146424
1,event,183,8,0.112470257483988,0.2146471343336986,0.2399438952028518,1385.6873911084674,1468.7253025730054,1473.3129530973067
1,event,184,8,0.0926654600711787,0.1801387572554267,0.2054537793380118,1495.9463333336062,1648.0099204075836,1687.0402304577444
1,event,185,8,0.0879745489663964,0.1391042670184295,0.1468336515348261,1178.2753215008693,1282.117069446899,1312.0661254008537
1,event,186,8,0.1368258998289945,0.2849304852661533,0.3507052664082517,1463.6724115685322,1557.002380089788,1570.0384267897189
1,event,187,8,0.1066764372092609,0.1763263255099306,0.1973717825946607,1304.1634695880048,1328.0593121425572,1328.1882036617324
1,event,188,8,0.0996941842672742,0.1367930958747021,0.1422699444135724,1367.7000828606465,1452.698868270456,1465.16938447652
1,event,189,8,0.1353401669066444,0.3797725871549053,0.4370086161757082,1315.0864776347398,1478.2490122906072,1519.6129809966112
1,event,190,8,0.1269687167781367,0.296247903000661,0.3791569708410484,1490.5340010668256,1629.9891614896735,1665.8820329842952
1,event,191,8,0.1498177156360966,0.3490792709496894,0.4194183141610065,1416.4371617060722,1512.1664699753503,1513.517634474828
1,event,192,8,0.1357964382854904,0.312200456827443,0.3763687128503698,1482.899655250276,1599.263882993758,1628.8251938792346
1,event,193,8,0.1179796053276412,0.2249906152986983,0.235281393767404,1224.327619554106,1482.125932995789,1542.8165454104226
1,event,194,8,0.133137580969589,0.2129459543045904,0.2349199177234758,1319.4724656120045,1384.7489914588125,1385.6613531013163
1,event,195,8,0.1026133853162874,0.1620444998488623,0.1799850247440153,1386.4570351839425,1496.4252887993114,1498.0339680778693
1,event,196,8,0.1430779563754997,0.2863450058200518,0.3497334418231509,1445.6500524857888,1482.703728749233,1488.4390737077872
1,event,197,8,0.1115618308861755,0.2864027262430542,0.3426475990310017,1186.3795161772448,1240.626529672543,1244.2622495340204
1,event,198,8,0.1291907580635587,0.251865764970209,0.2649843251115519,1355.5438057977954,1462.942091148378,1500.8169599553655
1,event,199,8,0.1322676358195003,0.3150181550908183,0.3843968479784008,1571.8979627514284,1821.849162572601,1823.9266507093655
1,event,200,8,0.1550770430008806,0.3169798410281221,0.3646468393148351,1372.9976407238792,1490.6166162731004,1498.8506486351537
1,event,201,8,0.1428216622337543,0.267703072578657,0.269912529685094,1371.7730262612367,1487.1603804916049,1501.7846230197697
1,event,202,8,0.1236746953108941,0.3437622119920875,0.4268007267904878,1474.9788117975895,1584.3489367133316,1638.7985355839255
1,event,203,8,0.1320186961495833,0.2156069476454346,0.227595028695497,1554.8858125269628,1753.3954113566813,1796.1707012440145
1,event,204,8,0.1131685549246468,0.2477819554687972,0.2929105006738668,1402.244795967435,1421.2557137429812,1421.628717105591
1,event,205,8,0.1436953538759184,0.3033393246422003,0.3535794423847643,1412.401342392289,1473.1883162206148,1477.4907711180758
1,event,206,8,0.1479837541666296,0.4153977638221894,0.5335612695585481,1517.990917901798,1669.5332199045636,1715.0334822062134
1,event,207,8,0.1240046066973083,0.26520761556852,0.2707773706524906,1319.67095313317,1450.4037654494678,1502.7480942652503
1,event,208,8,0.212003296503926,0.4623124637661572,0.567958457445141,1444.4750312961276,1485.6587043775305,1492.2868125364212
1,event,209,8,0.1095976635265262,0.2629281109247336,0.3553750563647541,1397.164363741038,1497.9114325233109,1511.1222502214512
1,event,210,8,0.1234780754327408,0.2570888183092369,0.2960586403098534,1517.5919677004367,1590.951230886844,1595.1558243346517
1,event,211,8,0.150440699765441,0.4841189282273931,0.6352188653576472,1400.9322830386036,1465.8931520243164,1469.2010478991212
1,event,212,8,0.1326021873441995,0.2588993379027606,0.2689393535958393,1388.7217067881686,1553.866262610586,1650.7324072082097
1,event,213,8,0.1566119586274668,0.3069683270857415,0.3601331777171383,1312.063267259947,1368.907240381449,1377.5422688698566
1,event,214,8,0.1119927547202861,0.2347554296187463,0.2816419443965633,1292.2749669133032,1440.6092590400758,1462.5123926371582
1,event,215,8,0.1301783268477719,0.2489879683053896,0.2929250111749839,1325.880260480107,1490.1327851225008,1532.8925246962483
1,event,216,8,0.0811715399823934,0.144688954739427,0.1608850270498251,1364.6626748537378,1436.254435630299,1447.1788762009169
1,event,217,8,0.1345518025922651,0.3794473530028661,0.4723467131164559,1464.875261091476,1497.5785831084763,1501.7962504778536
1,event,218,8,0.1383054564823025,0.2298232642559724,0.2559182997479443,1466.4343400508556,1568.7269483669384,1611.4683308019212
1,event,219,8,0.1098498608901706,0.193304124502416,0.20314088993559,1392.8686062990034,1427.223163389483,1428.9809658158388
1,event,220,8,0.1300054918120604,0.2088119472898356,0.220787597476741,1393.9734971193036,1458.9395093115272,1480.1322210432493
1,event,221,8,0.1377013952957404,0.3258460453845757,0.4254904033410741,1198.7927254972617,1332.8598734288323,1381.4280220402125
1,event,222,8,0.1465402676649542,0.398572834535648,0.5022092359755856,1504.717031343089,1602.9777899776857,1610.2206679464346
1,event,223,8,0.1405266742520222,0.2362904806365415,0.2380159562635493,1482.1884723115263,1526.728267735305,1528.9150654797577
1,event,224,8,0.1577590257421067,0.3302883983851012,0.3522407822094524,1396.1215886035002,1516.8688755440885,1577.4697304654585
1,event,225,8,0.1727999582644744,0.301574775460894,0.3031522233944344,1485.280780490291,1585.919669288496,1587.9719850128809
1,event,226,8,0.156927030987133,0.32067555436131,0.3598687524922293,1458.4842529592245,1512.9988071847108,1514.5344507959103
1,event,227,8,0.1799956252839414,0.468969416440777,0.5393187158404122,1396.6232324886546,1537.0433832552935,1584.453189015412
1,event,228,8,0.1111282101475929,0.2221850677800358,0.2365444740804718,1347.1311230011268,1438.1038249347075,1448.800490384362
1,event,229,8,0.1541697671874114,0.3625208219375005,0.467798554778264,1361.2847387018471,1466.578858808384,1512.4275696133247
1,event,230,8,0.1414115625393799,0.2521958861231711,0.2765721897512508,1400.76615636908,1680.3866515333284,1766.2080531441509
1,event,231,8,0.1727476493636469,0.3529024533030978,0.3732527926428125,1378.9699395871637,1507.876082666159,1544.1205621831618
1,event,232,8,0.172390670936076,0.3296712510538315,0.3437025575195239,1349.6340476614448,1436.6320318816088,1454.4054138674876
1,event,233,8,0.1426527282501769,0.2398629129245416,0.2574889337596482,1141.6864818830718,1200.273484042057,1222.191611371746
1,event,234,8,0.1227019538259982,0.1436465237141885,0.1436630893855774,1458.9595987480293,1514.9473935394328,1527.7113838965847
1,event,235,8,0.1231717783227916,0.2955744975041624,0.3881951184087744,1353.8033912929664,1425.6180132350437,1434.8564520509242
1,event,236,8,0.1762848554140308,0.3439978589196519,0.4237227737395483,1408.928437396898,1505.5698769551989,1515.5398796063778
1,event,237,8,0.1699659909545725,0.3537674939334623,0.3561266020854661,1461.051577243459,1630.5848722419066,1680.705813381917
1,event,238,8,0.1482134997058379,0.3568346192789154,0.3621966394662153,1331.2824291328516,1425.4683907238873,1444.831544462213
1,event,239,8,0.1310938211291144,0.222134439446431,0.2584707876855899,1169.7420485374553,1228.5523518695138,1230.2973614599696
1,event,240,8,0.1500905448489739,0.3454590888594943,0.3953099868854156,1518.23349461891,1713.214757205768,1798.5935680522916
1,event,241,8,0.1767592203596127,0.4619196191289874,0.5833104945852292,1388.4743142303737,1535.3080849362586,1567.0913564813968
1,event,242,8,0.1367991326933718,0.3028796973323964,0.3281340321857194,1380.9715888157975,1474.3450476476992,1480.8534003730745
1,event,243,8,0.207622944728711,0.5356720793971165,0.6981187901777804,1349.42611905615,1471.3070488227495,1479.8393380676152
1,event,244,8,0.1598855929611161,0.3512177565947654,0.4303049866189614,1347.0396203631888,1539.3661189572,1615.215874335023
1,event,245,8,0.1715340017325268,0.3928878389094573,0.448933682244216,1310.6447067142465,1375.3849337460929,1381.4321408645778
1,event,246,8,0.1508710391235298,0.2105219778166232,0.2163501735505156,1417.7882877219067,1621.0004356379536,1709.1073869863417
1,event,247,8,0.1866567990583648,0.4191962825788527,0.4983625011726673,1473.464380186601,1672.0800295540105,1685.68597115148
1,event,248,8,0.1445817013992455,0.3073530610738702,0.3270147313929273,1444.2209074594257,1533.234024352496,1541.222667898431
1,event,249,8,0.1437505206514451,0.2376665940121952,0.2626698373765661,1367.8404097946084,1414.9305344513907,1429.38702594649
1,event,250,8,0.1821975263061365,0.3825599785861294,0.3935681351430098,1288.0554227025532,1329.854547809862,1330.9378881624605
1,event,251,8,0.1079345146763301,0.1939676039046362,0.194729570526406,1393.7869271169166,1464.8976670782151,1472.9810721988124
1,event,252,8,0.1242848440430508,0.1837957418072873,0.1899149977968238,1173.2618310859273,1282.0622611802123,1291.676144464718
1,event,253,8,0.1476207868606896,0.2221896474496665,0.2311050455427647,1308.0219073355497,1387.1760798476744,1398.8309697482362
1,event,254,8,0.1564383874047145,0.2927497018225004,0.3093126240411936,1317.8518538933226,1385.1143163053605,1398.0477989432716
1,event,255,8,0.1263827262984516,0.1866463347911434,0.1932222246040319,1288.0306864725226,1353.3720402315853,1358.2800709272265
1,event,256,8,0.125814769037188,0.2021926292299655,0.2185101496976922,1437.4509203387456,1511.4010891471394,1534.8073628616312
1,event,257,8,0.21756941608222,0.5657189377303793,0.6790472626667134,1358.7282412598474,1472.335365397257,1487.6728925502832
1,event,258,8,0.130462986732033,0.2463968464239128,0.2791106438803322,1413.6908842073806,1468.1901161557985,1471.2434923317849
1,event,259,8,0.1704981754814445,0.4549880904238045,0.5684259423914299,1292.55920168378,1420.1893512512088,1466.6853412551798
1,event,260,8,0.2231484447818528,0.5462826288946729,0.5808332119570604,1360.9956845168697,1481.477546057096,1489.737785820222
1,event,261,8,0.1334476075763772,0.298805939514397,0.3557945205583485,1302.9009949258868,1378.847149845471,1385.586751365342
1,event,262,8,0.1803481217703125,0.2901772874503612,0.2952452625345791,1395.6033577065136,1494.6067211045568,1504.3151219637473
1,event,263,8,0.1293343225116335,0.3441406698995181,0.4598883178156226,1187.9635330056435,1278.5123636761402,1279.447504413582
1,event,264,8,0.1533282183323235,0.2953665526288934,0.3681579269105771,1476.7681526197148,1565.5257389955768,1599.88703044093
1,event,265,8,0.1282669673632722,0.3177803153392247,0.3788859423463136,1432.136807800191,1510.7516061565884,1513.5302637690106
1,event,266,8,0.1226605087951178,0.209482858738434,0.2305231044787039,1389.827613323674,1446.6279431096125,1455.7965286042745
1,event,267,8,0.1720523551731305,0.3126940559827671,0.3366264681653623,1434.5832905349955,1526.5810560638486,1556.317432495741
1,event,268,8,0.1690740146862486,0.4212026929403016,0.468594517507905,1398.450575642996,1576.848634582601,1654.5257504193337
1,event,269,8,0.1448863869517274,0.1906986363483115,0.1921656863207699,1361.7299299682163,1418.988062208722,1423.9892120170418
1,event,270,8,0.1414130929028017,0.2642059885798442,0.3140143090492592,1367.9341665765148,1425.273879839668,1426.442228566517
1,event,271,8,0.1064628800827508,0.1463149778779712,0.147346447415058,1341.357841802782,1425.489125459142,1445.6271687832116
1,event,272,8,0.1299148419619571,0.2326596970679187,0.2503803135812224,1314.2678003194314,1402.9863086309508,1444.1157215612743
1,event,273,8,0.1523992988692747,0.3640515331208336,0.4104091345350136,1399.6400844724076,1439.8877796054871,1449.5637757361242
1,event,274,8,0.2360293342320787,0.5748886799079639,0.6457898776130465,1300.472217599233,1417.757476933431,1444.6836825372452
1,event,275,8,0.1976953519413432,0.4037049735432488,0.4604394412958882,1506.4006454090818,1676.7673940131258,1757.9601901692563
1,event,276,8,0.1340732692715637,0.2613821798898647,0.2936657267235094,1224.7525954411217,1276.8730215765308,1277.558613654108
1,event,277,8,0.20769508859277,0.5166309545316666,0.6497905081451386,1257.5809063048982,1394.260812319278,1432.720112075855
1,event,278,8,0.1029189608358773,0.1349589141701826,0.1392931073578424,1447.0588905647187,1530.1447651214137,1535.1145005301237
1,event,279,8,0.150228182942763,0.3948190199358637,0.5119535567424659,1204.7329419741918,1290.79423479803,1295.1212052078115
1,event,280,8,0.2640681380382376,0.7015253644238304,0.8258292993932799,1300.715100340394,1412.7068953904286,1464.8935158983693
1,event,281,8,0.136790454135097,0.2370588867762292,0.252824273485599,1419.676588472514,1493.9094190304097,1499.2928421145032
1,event,282,8,0.1696719322392944,0.3212722692697159,0.4017680544265217,1421.0383865053846,1485.3330792279753,1497.8727712393097
1,event,283,8,0.1243342119292809,0.2450629340459471,0.2951865774497541,1427.4431853390429,1509.2768737486954,1544.548831927734
1,event,284,8,0.2209169664546613,0.4977145019030693,0.5651733953269572,1400.9108262619957,1433.5227679788366,1436.6002178390715
1,event,285,8,0.2254307777953117,0.5227809259972385,0.5766536545755397,1458.2852325990675,1646.831406897827,1650.0824625978314
1,event,286,8,0.1727969903639118,0.3683071789322862,0.4430011083591438,1418.6147815907102,1507.2183830682711,1515.715829690121
1,event,287,8,0.1350316179889918,0.2396184507869206,0.2422149870681295,1388.955892124092,1495.406119864624,1500.7394918072407
1,event,288,8,0.1814716804833268,0.2757335379486986,0.2817528999106015,1345.04245417952,1438.4473214725808,1441.642599299875
1,event,289,8,0.1745402285054789,0.3714205611709529,0.4067609253758948,1135.6498250146408,1216.1786800387931,1221.0610856290652
1,event,290,8,0.2201551016160508,0.4624280634070836,0.4863930782501908,1297.577902049887,1482.6887461225072,1568.0500388888831
1,event,291,8,0.1397419855634903,0.2700718257941966,0.2859998884794568,1425.2451079423597,1508.455746127653,1528.1068624357424
1,event,292,8,0.1397276177198853,0.2785160613693466,0.3495057179155209,1120.533061181596,1217.4792477963404,1230.27646913199
1,event,293,8,0.1734592740334174,0.415401673480488,0.4805039110168325,1388.017892493504,1554.0995956760971,1580.022128742194
1,event,294,8,0.1702486108615068,0.4156745807283313,0.5403884111994971,1278.1856512078848,1332.8181397593414,1338.9651519197712
1,event,295,8,0.1463039227646562,0.1964131600905706,0.2051361226643962,1331.935528392179,1374.3049428495003,1382.675404982467
1,event,296,8,0.1862232213311339,0.3124035137341158,0.3334969540400514,1432.7199906184023,1512.0325208337874,1527.5661624891245
1,event,297,8,0.2025586071312035,0.5363441471966305,0.6523528680081185,1368.9860211299565,1487.0792951062565,1490.5693745947185
1,event,298,8,0.1874771328715406,0.3701468133028416,0.3969846973282734,1433.5597859266652,1600.3533766072578,1632.813302214912
1,event,299,8,0.1473707197653785,0.3290159122812069,0.4064814887515796,1297.34259479477,1370.130024613794,1371.6866226922436
1,event,300,8,0.1380862924292689,0.2531072372945419,0.2561211225457684,1208.999694460617,1292.9439227467403,1295.1493011011362
2,origin,1,8,0.086594377259598,0.2082125207289497,0.2448925135175121,486.85639900660857,502.1673913986741,504.7530496324725
2,origin,2,8,0.0852989054763801,0.1321351333787532,0.1396652499898059,584.5701580507579,640.4077504222337,661.859757703388
2,origin,3,8,0.114757106951293,0.2450936227475224,0.3050362778815657,664.826830402092,710.9568161161535,718.9441164500374
2,origin,4,8,0.0890956175700907,0.1802313358254391,0.2057943241806421,801.8181829598766,887.0254754896647,922.0312875995586
2,origin,5,8,0.0929417752898259,0.1805377953899948,0.211654240739491,857.7799500147223,912.1923184829076,924.6724853039184
2,origin,6,8,0.1063843071088115,0.2242921912841911,0.2480885234573326,1002.306734275086,1094.7551525472986,1095.9314183962997
2,origin,7,8,0.0904254234319725,0.1795303297012238,0.1928420669602012,918.3180928680669,1067.5304815468662,1111.1557600295623
2,origin,8,8,0.0846038807354988,0.1881956952465744,0.2205571395239472,1088.5459381316764,1143.6506691767856,1159.736063217888
2,origin,9,8,0.1011597893380717,0.1791055569767508,0.2191478446493922,1220.1858005528748,1279.3326892430746,1314.395899664438
2,origin,10,8,0.0764935385461356,0.1440496123006691,0.1618260164429308,1382.7466740475436,1477.7564794801422,1511.2845091761449
2,origin,11,8,0.0801825880098743,0.1143268504395289,0.1151544546133283,1280.4496982133694,1371.6498056960818,1395.4033914965237
2,origin,12,8,0.1006408405929621,0.157080728598117,0.1652712920678413,1372.2443795198308,1560.8806625213406,1645.475572403006
2,origin,13,8,0.0943242469324185,0.1689300702612187,0.1944089431554221,1561.5683102200403,1695.378484860075,1738.099952554041
2,origin,14,8,0.0781824923173955,0.1789966798314377,0.2035349595324237,1413.6016708988525,1480.221787683954,1498.1683404146222
2,origin,15,8,0.1463773951985402,0.3473976087516264,0.4426881672800621,1369.8991830055363,1442.3781970945986,1447.436152719259
2,origin,16,8,0.1325495682710341,0.3215864438032624,0.4013719844669242,1483.3862882235126,1680.5836077286522,1730.2374710711904
2,origin,17,8,0.0559278125957172,0.1049840648340146,0.1252052663672196,1476.7610037942486,1538.0035701450147,1554.841426994452
2,origin,18,8,0.0911208199546157,0.1502130896942487,0.1679432801976587,1308.0740276058127,1385.2733083584585,1401.5936978198465
2,origin,19,8,0.0840432845561086,0.1672300592082468,0.1926341822386018,1426.9812508865923,1486.30224309853,1499.7248457045334
2,origin,20,8,0.0887607426499608,0.1735068163426517,0.1871949850778583,1655.9855891431848,1761.6711570462244,1777.09254724628
2,origin,21,8,0.0874000350337557,0.150656356487949,0.1680849007977718,1553.457247541871,1716.1643142187834,1760.5435503768254
2,origin,22,8,0.0896304551919802,0.1550523979187248,0.186324651938256,1418.1186207870137,1488.3799369091653,1497.577071362613
2,origin,23,8,0.0844240739674677,0.1775960390766689,0.1982001118404898,1417.1115692487376,1544.5689833964918,1577.964093934788
2,origin,24,8,0.0667701999405549,0.1229267747821304,0.1407659778632886,1501.8862571622583,1634.3555240530447,1698.0020393341365
2,origin,25,8,0.1053130158362942,0.3008350760828784,0.3178374233538172,1594.4233858831758,1709.1815007938142,1755.2045434418314
2,origin,26,8,0.1024079643025279,0.1997626940521267,0.2156083455837812,1534.226610864197,1620.2103846929629,1643.9709883146438
2,origin,27,8,0.1098287811429809,0.1914321809697146,0.2087309635903311,1657.7912573532544,1787.0706825665095,1801.783416406408
2,origin,28,8,0.0920224913655208,0.191373160378223,0.2340592172949737,1663.1884867212102,1800.7413205591429,1857.856046241038
2,origin,29,8,0.0956121092134238,0.1295709040627612,0.132608776270368,1377.3141273424565,1523.3524247862867,1561.7346781661
2,origin,30,8,0.0699336928411468,0.1232348547070978,0.137440291244388,1480.2033392918734,1591.227596280849,1627.828335812385
2,origin,31,8,0.0916958034497914,0.1659883069912849,0.1977248742607811,1635.7606666812312,1723.2903336384563,1743.279252231811
2,origin,32,8,0.0860450678437181,0.1141087878699566,0.117076748131916,1411.2426694315357,1583.0553701602917,1625.644709585018
2,origin,33,8,0.1046156100554031,0.215148605441107,0.2310972505389214,1464.5202815448545,1597.7717783887915,1650.7077890742137
2,origin,34,8,0.1557340853737245,0.5045951148093135,0.6573803833901717,1598.4340881171006,1642.1855180242442,1647.831764759963
2,origin,35,8,0.104854126008515,0.1460981253582126,0.1492549377265434,1569.77980092209,1660.7687188148047,1688.364446241997
2,origin,36,8,0.0996398108560474,0.2336554516788209,0.2863493858313847,1546.24751034455,1627.129927450851,1628.0191039398528
2,origin,37,8,0.1010728170640332,0.2397602481194914,0.3200758548895689,1636.0093062956985,1751.1201970905404,1758.0902209620367
2,origin,38,8,0.1129075852839635,0.266009425830126,0.2981554021458924,1457.8134206699458,1546.0772732289126,1569.148741337756
2,origin,39,8,0.1035408233509978,0.1975836586123906,0.2482313132040362,1442.4879541489158,1644.6911333197295,1661.150774354843
2,origin,40,8,0.0962163364042588,0.2903380957264092,0.3846132036528462,1616.4623834901531,1772.6999595750244,1834.5678283616107
2,origin,41,8,0.1204776988689284,0.2685777214173547,0.2797190172547932,1608.7054254503769,1825.277452366171,1917.63315334816
2,origin,42,8,0.0788023179227745,0.1145682961179561,0.1227717087377141,1513.8600340991698,1616.3678434687265,1622.543643624818
2,origin,43,8,0.086478688117341,0.1204460664390561,0.1280549902085823,1527.5951783872945,1642.263816545952,1667.6656889684173
2,origin,44,8,0.0874296371584436,0.1722732873642508,0.199093361515689,1384.770464133249,1447.1933358490712,1448.9576943545255
2,origin,45,8,0.087207080471792,0.1635975265067294,0.1815940285099135,1525.511712938731,1616.2696990482268,1632.2329233152382
2,origin,46,8,0.0968505042196344,0.2516248692749965,0.3318589281265997,1466.278181835972,1625.8991096282753,1701.3581203856256
2,origin,47,8,0.0900327611130723,0.1857084610418669,0.2308856752550394,1539.60331552646,1604.115629416242,1612.6088390100883
2,origin,48,8,0.1152739013409881,0.205189276758722,0.2454025822950971,1474.964397943883,1564.2844209839243,1572.188669522813
2,origin,49,8,0.0703218001628344,0.1452250057367028,0.1612010143263636,1353.3885734779233,1436.3010305594787,1439.0327628328057
2,origin,50,8,0.1068956379469258,0.3099878141220055,0.3858003274494875,1566.077050281748,1788.445913124654,1822.6792680203705
2,origin,51,8,0.0986664884766465,0.1952460802421576,0.2137642367561004,1560.863744776055,1706.9223545042346,1769.610423835941
2,origin,52,8,0.0647764250839564,0.1264481738916824,0.1393693532685021,1565.2857073714176,1725.2059139828266,1733.2045631709138
2,origin,53,8,0.0780050829058471,0.1549268413624129,0.1923319391021093,1480.4686813310302,1566.964690595272,1599.912777510936
2,origin,54,8,0.0982446259330614,0.1943543244143487,0.2299331564060556,1572.8423815359274,1762.2186610514707,1868.1212677020824
2,origin,55,8,0.0932324567984807,0.214807015863211,0.2367397861366292,1546.720507940019,1865.98129945762,1954.515715783505
2,origin,56,8,0.1048797755767455,0.2173379308136152,0.2368549009779449,1481.8036873731032,1581.2385885583408,1611.3079478492266
2,origin,57,8,0.0805830185087396,0.1291607523596439,0.1293454387843743,1459.846975420838,1521.5596904244176,1538.1976100455615
2,origin,58,8,0.0972760694036935,0.230943518105532,0.250713137108294,1643.685038920783,1799.607882947079,1824.677324360944
2,origin,59,8,0.0992857041847433,0.2432399652066009,0.2889630377299282,1560.176433522013,1648.1443118083923,1685.8350938097494
2,origin,60,8,0.1132702714882892,0.2686911083622263,0.3044677480081438,1610.8758325477347,1779.760592125935,1832.29830120053
2,origin,61,8,0.1158063666510879,0.2816616973009742,0.3010306478489647,1595.6632064381708,1789.9872022599368,1876.834346445538
2,origin,62,8,0.0914426237041518,0.1927082886478702,0.2418298448705607,1535.736896039215,1665.2903318490692,1682.2833258734536
2,origin,63,8,0.1039456743467917,0.2805073719217215,0.3405635253558359,1241.3770428351402,1289.5527391065818,1290.113190603451
2,origin,64,8,0.0990745080571155,0.2364696959668922,0.2617170608117042,1441.8903129982432,1613.218360207768,1689.1012596098517
2,origin,65,8,0.1179860920867334,0.2891034324274357,0.3388965917200409,1588.9279220587607,1743.054179681337,1819.1434860329537
2,origin,66,8,0.0895952774575199,0.1243593188452631,0.1248673599798337,1466.6866846072926,1563.7427876790557,1575.972203505167
2,origin,67,8,0.104231363596183,0.1729476887851772,0.1812501468855733,1632.9847511305466,1785.3460544043712,1854.6350511663045
2,origin,68,8,0.1118761447413559,0.2406098211674096,0.2942994983194083,1458.3564703791087,1567.250705877203,1586.4923345946115
2,origin,69,8,0.0933598325360936,0.1838681410901058,0.2125113961643015,1095.709174843967,1222.1284026468245,1241.990182272643
2,origin,70,8,0.086907670757636,0.162185769787377,0.1966003169473563,1551.2934879454208,1710.619647799567,1781.7065622600835
2,origin,71,8,0.0739553104745835,0.1330675773642437,0.1352403591081553,1679.5529520897326,1737.6391475319467,1748.9021547105117
2,origin,72,8,0.081322708660741,0.1377635083147878,0.1453184878757088,1489.797978371295,1523.8515396247233,1527.0542783575577
2,origin,73,8,0.1227814020565202,0.2516696487368481,0.2765703014459211,1496.7322679689375,1612.7071667310292,1616.1345243244143
2,origin,74,8,0.1019647923459588,0.2212978640260278,0.2594125382455242,1585.481226692532,1722.3349177351276,1783.795149219737
2,origin,75,8,0.0807398395862022,0.1501254820489165,0.1689724176481523,1391.2932958846386,1589.0762591643063,1646.546473577916
2,origin,76,8,0.1091475026553115,0.2728827588827563,0.3446058264591078,1378.8480762449467,1473.3662486032215,1475.1121534383008
2,origin,77,8,0.0903670545695728,0.1540013320374741,0.1684809697709117,1474.1070791378645,1571.4970153835504,1601.4849831064348
2,origin,78,8,0.0870786963446719,0.1589625425764425,0.1864164032823233,1474.7790083215073,1537.0285511894556,1541.3528945086148
2,origin,79,8,0.1025457495699159,0.1753809109365367,0.1987376183642043,1505.8782720725485,1589.5630268087823,1602.57340964051
2,origin,80,8,0.0854042611781796,0.1676253345969614,0.2045751876574171,1443.0759967661145,1576.1037066443464,1589.0454974907236
2,origin,81,8,0.1202869564871947,0.2137000205110899,0.2349362939090364,1499.5724269651216,1569.5403565581278,1579.5891642374409
2,origin,82,8,0.0985455772543527,0.1971738268871422,0.2496824865975253,1557.6328617572208,1659.6616052118889,1692.2856064396385
2,origin,83,8,0.0890758648838163,0.1990709818022669,0.2577184415715806,1422.9784310731782,1459.098176891647,1460.0025966150483
2,origin,84,8,0.0785431937014395,0.168039698210365,0.20511114455677,1516.3590185805012,1588.8229929795723,1607.367010920796
2,origin,85,8,0.1092533439044418,0.2039093415942927,0.244678708698469,1522.05956866833,1613.2642411907352,1626.9622905314943
2,origin,86,8,0.1239215436198248,0.3230908185537023,0.4041919517393776,1433.3976692066296,1514.6086491840458,1520.5852822773354
2,origin,87,8,0.109169933510307,0.223669561878607,0.2411102885639016,1513.6551823459256,1565.3144802270774,1571.984445247311
2,origin,88,8,0.0986338634531809,0.2202175374810377,0.2722328444748242,1613.3058665320486,1652.5249491909185,1656.200928459603
2,origin,89,8,0.1221549802178509,0.2669191961327589,0.3463068692447706,1506.0361774299697,1588.4507199880627,1606.123923160463
2,origin,90,8,0.1183835645296509,0.2515246967437366,0.2611934434983105,1435.5617326455774,1653.248299979167,1760.5884663710383
2,origin,91,8,0.1030009104812236,0.2610228550043749,0.3508416712753637,1515.4863491442431,1792.5527293041216,1918.875749917406
2,origin,92,8,0.1341942174332329,0.2930120963568504,0.3636827163863066,1454.4885450941665,1566.1563608884348,1574.9469153995783
2,origin,93,8,0.136709818885921,0.3195604062974287,0.3288316478436903,1665.2954602957743,1838.4802573893917,1854.4184809570825
2,origin,94,8,0.1194968689076552,0.2420097339563628,0.2844389680149074,1349.931598125154,1470.8723095160256,1489.8916281478655
2,origin,95,8,0.1012625843832596,0.1535296492588941,0.1543651267660452,1421.3641711879304,1480.118282170651,1489.3374838355344
2,origin,96,8,0.1198613743743006,0.2484519794737589,0.2891423763544638,1450.6135184026048,1525.168154762729,1528.337589803422
2,origin,97,8,0.0965296465449448,0.1731777339107843,0.1900427395131735,1551.5646161314112,1605.4511754069233,1607.113803772918
2,origin,98,8,0.0944897843799756,0.1982956775894343,0.2475291335256121,1478.276416470046,1639.1894206082875,1658.8417436648574
2,origin,99,8,0.0702072368626784,0.1370249377960378,0.1450273210304757,1442.4128795394488,1613.9082540322502,1698.1410915756248
2,origin,100,8,0.0864227837356346,0.1505789057087393,0.1829873774913722,1366.2290666438244,1429.28522079373,1435.480485224981
2,origin,101,8,0.08040156623318,0.104436382765658,0.1117152861443134,1626.555489684146,1764.83615769001,1817.6234231115243
2,origin,102,8,0.0921514891655619,0.1845132524868705,0.2239344874638565,1560.500330684438,1657.1790159244165,1682.8968327057812
2,origin,103,8,0.1201260364029058,0.3080671046535295,0.36480030213104,1458.8328628483748,1533.490705564785,1559.5952835593705
2,origin,104,8,0.0860268448952405,0.2041068290302166,0.2452435169523919,1540.573019425895,1610.860064647346,1617.0579635161862
2,origin,105,8,0.115795760850552,0.2021417602233861,0.2211471853805008,1408.5804097530986,1462.707816711316,1477.5044578159036
2,origin,106,8,0.1116784659319965,0.209614490079692,0.223154520388286,1512.0695776042571,1588.044940342381,1589.3929506684765
2,origin,107,8,0.0803370775623312,0.1433065442175954,0.162512585584551,1248.4680256856266,1433.161468338697,1451.0006142445072
2,origin,108,8,0.1203114712069788,0.2385564970391015,0.2470639569331241,1566.87148534771,1666.486196587431,1676.8331745086286
2,origin,109,8,0.1108472657437949,0.1692134914209958,0.1782984511810596,1567.259711390875,1638.7461247531207,1649.2683008071847
2,origin,110,8,0.1012637071021017,0.2234699033678206,0.269562957900436,1391.706303766651,1523.5365855909477,1538.544304432931
2,origin,111,8,0.1065959486252145,0.1712932855237459,0.1741792374282166,1415.8550963871062,1492.2863668072043,1499.476912779751
2,origin,112,8,0.1027655121373646,0.1957810298751413,0.2006755308361907,1539.856774254495,1610.2863535151134,1611.334035128155
2,origin,113,8,0.0990920324322025,0.136939720180889,0.1458503115931504,1481.0951961101048,1601.8944028676967,1641.8326423722317
2,origin,114,8,0.120215283691009,0.2439212858669304,0.2773486789940459,1619.8161935932771,1700.6350047842832,1733.786758885737
2,origin,115,8,0.0755660544741679,0.124384492578848,0.1336162468364401,1445.3573935160398,1533.218448669258,1555.613133090974
2,origin,116,8,0.0856631264539027,0.1279167541374576,0.1338507743255792,1349.9906796877085,1457.398856369445,1459.6893112315115
2,origin,117,8,0.1187735734002318,0.1888082360132486,0.1973718677049182,1437.3224585373653,1501.7273498412655,1507.840466090988
2,origin,118,8,0.0985680537198016,0.2310821380670465,0.2582078634416695,1476.7116603755244,1570.6995984706844,1593.1332084818991
2,origin,119,8,0.0924595430068056,0.1689597503635279,0.1999504973734382,1421.9447914573384,1537.1058155079515,1560.675615217067
2,origin,120,8,0.1139665403649233,0.2273019024137283,0.2731570778850101,1543.383372970831,1637.6043382923071,1665.9050533558311
2,origin,121,8,0.1304221123324132,0.250919782282675,0.3148468279630908,1484.6808220807898,1528.4135280091523,1537.496682153045
2,origin,122,8,0.1115868576504719,0.2876937300336639,0.3207428203317785,1520.2567407699323,1570.1611891707869,1570.2028415754608
2,origin,123,8,0.1117146394988052,0.297900903832693,0.335174554305845,1459.114368232874,1536.2509219541173,1563.057045514504
2,origin,124,8,0.1125963359396236,0.2603467146586631,0.3000452095459346,1466.2758478595931,1540.0106669087893,1544.763035038821
2,origin,125,8,0.1218170730332894,0.347832740569108,0.4741621809088475,1592.5478605053977,1859.2968671132603,1989.1646904249037
2,origin,126,8,0.1482280813353698,0.3165861814978305,0.3629316892972137,1708.7873430586726,1854.744855249112,1900.5722692212923
2,origin,127,8,0.1053459341553705,0.2748575622346659,0.3504329629653646,1229.4423712634882,1461.3691332985918,1564.4835334846985
2,origin,128,8,0.1056598576517936,0.208109545693989,0.2181823983817284,1518.0970924640849,1546.076222231656,1547.9470507621156
2,origin,129,8,0.1307363348103765,0.2922684092488794,0.3260464274230911,1511.1331377810786,1602.9293791845696,1635.052654995983
2,origin,130,8,0.1392842320051359,0.3343127694757229,0.413039087063164,1551.6195022218956,1647.6013642292953,1655.704207176674
2,origin,131,8,0.1158490347792203,0.1669275247353503,0.1695454500709292,1498.7892512409542,1549.5489755247536,1552.0504908414025
2,origin,132,8,0.0868381795817785,0.1395365752685465,0.1462366768505972,1597.1755387576568,1666.2898463118142,1687.0928445675436
2,origin,133,8,0.1459541866619668,0.3873320423713915,0.3960814327926425,1431.793454374771,1655.0603513866802,1712.415961948097
2,origin,134,8,0.1061241401578713,0.2146265246484667,0.2631712428787947,1492.198179804723,1538.4434665414524,1542.0077848896506
2,origin,135,8,0.1122817663995625,0.3363195200129884,0.419155902169385,1429.4176035651856,1510.1873471478066,1538.9995529172102
2,origin,136,8,0.107574936313753,0.191355319360451,0.2271086782905268,1424.159328323838,1525.1404771652308,1550.1217057443923
2,origin,137,8,0.1060614633562927,0.2171853786474516,0.234219786977968,1575.4369369573112,1666.597713241387,1712.018747086473
2,origin,138,8,0.1147306115118046,0.2101944960708593,0.2213155556387384,1350.9907947941408,1492.496114679762,1493.3192649168673
2,origin,139,8,0.101921896915843,0.2002589061160967,0.2265330898466492,1575.789459046387,1878.901191757736,2024.228962070996
2,origin,140,8,0.1017684940681611,0.2158715203829206,0.239638154644839,1431.0120601361152,1512.1031235084272,1527.6355755294917
2,origin,141,8,0.1228762500557852,0.2259734903719855,0.2393034821846178,1281.2543319765098,1375.030109149827,1387.9865725541874
2,origin,142,8,0.148444713291563,0.2508357034375895,0.2776263235045577,1579.3165102452333,1644.3109683801752,1652.5925898520456
2,origin,143,8,0.1486424014129775,0.2759137495985958,0.3022460842110924,1377.505996532557,1457.2051607799876,1458.9552414516334
2,origin,144,8,0.1225915701729144,0.2019626301594434,0.226069681813824,1375.4113496100777,1481.8527750017508,1499.0272704221052
2,origin,145,8,0.1393552315593085,0.3287068757135915,0.4147371938291486,1535.662696177969,1624.3659679460525,1647.401790094532
2,origin,146,8,0.1336037242660332,0.2819665952709334,0.2939958069606464,1539.254856629004,1734.79284790705,1822.7005327099412
2,origin,147,8,0.09123328979599,0.1434127297512293,0.1498349135708493,1507.316170362174,1615.8428977028752,1635.8995982735903
2,origin,148,8,0.1225598571657405,0.2091247202734623,0.2265174554859275,1484.2103039681872,1585.9727571704202,1613.557208546251
2,origin,149,8,0.1462143626390615,0.4114348629046911,0.5303323647577056,1490.2765540404257,1541.1039710729283,1547.1471750601556
2,origin,150,8,0.1060581941760875,0.2172335874506053,0.2674668373645703,1526.4251881179912,1599.0223697325373,1612.849921987752
2,origin,151,8,0.1616724978979928,0.2975410198904739,0.34546701946683,1593.0879722643726,1835.5141552126995,1873.946320219948
2,origin,152,8,0.1218517004843554,0.2979130769407063,0.3608671309183409,1471.8228016144672,1532.0889420999338,1536.443654787606
2,origin,153,8,0.1409366817277398,0.367297932398975,0.44199418275047,1403.531865982286,1546.082779518906,1592.2535466435306
2,origin,154,8,0.1215205166401522,0.1704482907411939,0.171130399510441,1418.899092879834,1551.1946597295178,1568.0075517545486
2,origin,155,8,0.1003962634593023,0.136905127291524,0.1498538642292259,1655.6397792422458,1810.2909513835527,1841.575640091324
2,origin,156,8,0.1469087513590557,0.3207357953162669,0.3640628008762248,1463.1953531905071,1553.886110625614,1592.6225349031758
2,origin,157,8,0.1194918240794594,0.2977445225397121,0.3549756379738403,1599.536412522726,1710.400777995484,1752.6025673671577
2,origin,158,8,0.1319938309760773,0.2952141856809044,0.3120986446213208,1602.639161333557,1706.0938173804363,1719.6987024040857
2,origin,159,8,0.1155187419499102,0.2249261306205149,0.2715857000980675,1540.9901697837672,1643.9381702001897,1653.3239843245065
2,origin,160,8,0.1199510024549549,0.2670591607321174,0.3182607006739734,1580.3109218047723,1699.649104568212,1718.7308723498304
2,origin,161,8,0.1505892544869298,0.3855114595333426,0.4470846343966934,1585.6709532948917,1656.8474940898489,1679.2581439411135
2,origin,162,8,0.1084839598200541,0.1759119600977635,0.2036351687358981,1542.0412399847685,1684.2366602852344,1739.163713776551
2,origin,163,8,0.097153879115641,0.1669446339403626,0.1855937569141624,1515.1705571484542,1562.5109059618703,1566.6450740994244
2,origin,164,8,0.1446539396183036,0.2507583980428315,0.2786711270384686,1467.243355480582,1549.863761869853,1564.3929040914425
2,origin,165,8,0.1289652955195707,0.3192509824991376,0.3713344823189765,1411.8408908451495,1560.3954640209515,1573.3516946831644
2,origin,166,8,0.0947709143154543,0.1608996210537009,0.1799117906374652,1590.4975780258294,1775.190567256898,1824.5297166611883
2,origin,167,8,0.0931509397497173,0.1666380866208505,0.1822516019810299,1508.1224257843824,1568.4843876622676,1580.2650934711423
2,origin,168,8,0.1404305914625079,0.2307071720164132,0.2389642932074911,1512.1650338130223,1692.4088608714217,1759.8073162287042
2,origin,169,8,0.0889929406649889,0.1435479421995625,0.1671050521679857,1523.7266438353222,1628.9051938430564,1661.5315098126814
2,origin,170,8,0.1125931130688272,0.2233056174257325,0.2844984812675227,1593.9805428803047,1819.033857525821,1925.9510612890977
2,origin,171,8,0.1128287067067311,0.2412975722493832,0.2435814029994658,1515.8269031345433,1597.8194703489582,1603.0147211476124
2,origin,172,8,0.1323129371368629,0.3098250492392586,0.36092688356258,1347.3234676406655,1535.7415930415816,1570.2428809474115
2,origin,173,8,0.1106285112110736,0.1789639554117224,0.1988580718992159,1579.6155225965165,1634.9912844124144,1642.8142314970269
2,origin,174,8,0.0899770370706606,0.1939162341623519,0.2266301515284101,1470.65046169121,1535.1153050025823,1545.804760838468
2,origin,175,8,0.1410429905236167,0.2443487167769321,0.2900320538178384,1465.1835599197689,1543.328837731675,1546.230414424765
2,origin,176,8,0.1053410155255479,0.1611499322747855,0.1763593833821636,1186.0800616280303,1281.664870735009,1291.8383111933024
2,origin,177,8,0.1282989475115029,0.20659084226573,0.2340033968283165,1681.5188093361562,1766.0466675723185,1789.0319901892035
2,origin,178,8,0.1413766075304608,0.2798147034336172,0.3475332068973244,1579.3670953971198,1687.5820693416692,1714.3274353554473
2,origin,179,8,0.1036182763674069,0.1990093501603835,0.2430238165630672,1323.145311225539,1378.8667007153497,1381.0016092549424
2,origin,180,8,0.124223507777864,0.2210337769315611,0.2536379159279106,1468.2985485552565,1725.0674969218026,1842.820322059263
2,origin,181,8,0.1143728125227856,0.1942498502804635,0.2306955442525588,1481.4349853880549,1558.2228230746855,1558.8397108036847
2,origin,182,8,0.1215811171734664,0.184085481667302,0.2108652513894664,1645.157028324318,1802.2340597881025,1863.8175692907369
2,origin,183,8,0.1641270738141458,0.3117506748241526,0.372637998107067,1555.217337834249,1737.07642650519,1820.0617908344332
2,origin,184,8,0.121442530335873,0.2382851782025455,0.2539095853594501,1527.439335902826,1606.5631402497363,1614.0402947527325
2,origin,185,8,0.1867084408649959,0.6228767380107157,0.8917652541277032,1419.7158352356962,1536.4384082591623,1558.6197086713355
2,origin,186,8,0.0918616820967108,0.1503991252758513,0.1547984587018296,1317.881706487731,1366.8777299389806,1369.256349274587
2,origin,187,8,0.1193415183061697,0.2379195060596201,0.259163483910438,1544.5557885701774,1619.2964944477503,1650.7321707892215
2,origin,188,8,0.111621104683339,0.2302947992016316,0.2462675972974522,1379.574336824366,1499.1122411442968,1523.0913249660796
2,origin,189,8,0.1345782703898633,0.2560851172898558,0.2636889524711958,1450.5564723700695,1567.5368955073793,1604.8848716947718
2,origin,190,8,0.1235550952224361,0.2357632328838577,0.2422900276461893,1495.5734748408922,1626.3058239824643,1645.318481911162
2,origin,191,8,0.1253742731466657,0.187211413502622,0.204423593366962,1469.1070216709832,1688.3944843279828,1790.2332288218215
2,origin,192,8,0.1496808407593649,0.2527436869625254,0.258004436196279,1523.0446242781584,1589.4270476381837,1590.032901655252
2,origin,193,8,0.1211485821190959,0.2984013450903268,0.3870430600818174,1314.8189436576251,1385.083767941347,1413.0882764922624
2,origin,194,8,0.101731585518599,0.1821686621401863,0.2163111451425504,1588.1626581801274,1733.5597962443917,1768.506336176718
2,origin,195,8,0.1178236197133777,0.2195888235954894,0.2555908904824565,1427.5356783000109,1517.2791183381614,1523.2908270456828
2,origin,196,8,0.1079540845191284,0.195732309352777,0.2305196166017268,1404.2238405418846,1506.4699493099638,1506.937666638195
2,origin,197,8,0.0861886923668923,0.1340908348756952,0.1416988744113275,1337.4389310035256,1427.0821976303118,1433.8884172266412
2,origin,198,8,0.1458709475237519,0.3004603725681163,0.3579138117169093,1350.9199772389152,1449.6861417118548,1468.9048180914417
2,origin,199,8,0.1476180832285499,0.419129457457581,0.5491743290534769,1432.7040552603407,1510.4897714792846,1520.087390341464
2,origin,200,8,0.1140803859554581,0.1589183725887786,0.1711067859807326,1418.2879839909133,1585.8996830149713,1624.7085744520923
2,origin,201,8,0.1183519082743961,0.2224660673845771,0.2349726697515586,1453.7738377163375,1498.1275375222465,1506.423652763159
2,origin,202,8,0.0955444512886042,0.1765773470694624,0.214904213485835,1468.8788469255378,1577.6862241808617,1587.4294592747335
2,origin,203,8,0.1024707239654181,0.2335784189470117,0.289056665211478,1477.9976595546807,1559.6679223319811,1565.927715554312
2,origin,204,8,0.100250522672728,0.1976166107669976,0.2207179083833063,1187.9440849889147,1287.0879847078804,1301.9799383070924
2,origin,205,8,0.1644963286254371,0.373983851343694,0.4744304489041896,1469.9932817447605,1711.947392686394,1807.5004235203107
2,origin,206,8,0.1543012561110179,0.3322977438786696,0.3344503456614047,1510.4126095983183,1758.279789365808,1865.6465142559657
2,origin,207,8,0.1277300681556659,0.2291427789287301,0.2407499892009324,1454.3327416019952,1513.4056214207944,1525.4192650590353
2,origin,208,8,0.1668832630019727,0.2615969980034689,0.2686225055886668,1434.7140103907764,1533.6127663641666,1559.3337586083333
2,origin,209,8,0.1208380594649884,0.1905772951139506,0.2153234128845222,1409.948747436274,1563.5297277624925,1619.6756650818002
2,origin,210,8,0.1115857181432485,0.2118991943162218,0.2348124310702452,1435.741388482952,1555.6420763551062,1566.8787956843987
2,origin,211,8,0.158052962951372,0.3038390917854898,0.3319047557394795,1414.8606449358667,1497.0341036404752,1504.9250854920062
2,origin,212,8,0.1681203446543826,0.3796272558151969,0.4289919969067295,1414.4698689237264,1467.78143132145,1481.1270164585903
2,origin,213,8,0.1635975866357444,0.3917277418617031,0.4007987961279045,1420.7705142132909,1481.111553756717,1485.7528535927272
2,origin,214,8,0.0946617237535679,0.1557493546525376,0.1659066200462196,1371.305800079862,1499.568216887989,1521.5545326101042
2,origin,215,8,0.1148298144724865,0.2265079214771282,0.2540954168366116,1514.4953963140215,1638.6533123624984,1672.9236672495722
2,origin,216,8,0.1606883759017281,0.3913011756429002,0.4040033707004033,1518.9616707215755,1638.4341779865465,1695.7386140430472
2,origin,217,8,0.1455567793563444,0.2904283165077678,0.3018931212850521,1550.6613251514764,1669.784098472972,1719.2138601238696
2,origin,218,8,0.1867195250881225,0.519621520321282,0.6341375334473387,1396.9658640303437,1491.203418935053,1491.3985085759778
2,origin,219,8,0.1338063894574739,0.2572953443883151,0.2945410038513094,1446.4139938531353,1566.6662404229685,1590.1169761807887
2,origin,220,8,0.1730369985309514,0.4360686507334141,0.4739386185855567,1433.8150825609737,1567.9738645295524,1583.6995035123414
2,origin,221,8,0.1344923577600719,0.2625310835943071,0.297868712448883,1269.8807173401292,1314.8999100817614,1317.2277124394698
2,origin,222,8,0.1023633398660179,0.1938674595602235,0.2302296714832038,1500.0173654666823,1608.3435693762306,1618.469977267092
2,origin,223,8,0.1124890910339404,0.2410571476716517,0.2550536269210126,1457.6027429014184,1589.001173474771,1606.075031610436
2,origin,224,8,0.1811633974019819,0.4136989196657423,0.4296508140441275,1409.494501861466,1539.4940057788808,1563.9415163428514
2,origin,225,8,0.1607796388316843,0.2571211249876068,0.2816898838031009,1428.1616003963936,1558.3436315679342,1608.3252211904237
2,origin,226,8,0.1666518597835209,0.3996394639485433,0.4959662171403848,1494.0304482016118,1691.4585356755392,1777.2370385587278
2,origin,227,8,0.1472538837932294,0.3770106650983468,0.4091642404655781,1467.8745689680063,1567.804144697606,1583.382108099168
2,origin,228,8,0.1118277670349617,0.175014066748072,0.1921793116539566,1621.51975682002,1659.495026338892,1660.441596491136
2,origin,229,8,0.1432596717191409,0.3246126224597345,0.3547114299029413,1286.9897316245856,1383.0099212027026,1393.3638592848165
2,origin,230,8,0.1140637579745189,0.2457413008545816,0.2804025002817094,1509.8362771916145,1569.3936623510838,1570.9552355511005
2,origin,231,8,0.1412267195371324,0.2664102067169948,0.2990421182536005,1250.3610823368308,1320.066719840371,1324.7142819404437
2,origin,232,8,0.1569623551106032,0.3208695277055549,0.3382220776744826,1515.5966248347288,1679.5128258117431,1725.4195455357026
2,origin,233,8,0.156859945723503,0.3365535968714991,0.3450929606639317,1491.0562849740038,1735.588120243588,1835.152355158196
2,origin,234,8,0.1382190225885248,0.2858291050317361,0.3553353014347415,1505.2613443182463,1666.2000369604625,1714.135707430719
2,origin,235,8,0.1471587750290515,0.3771373992171591,0.3830935174099232,1326.6580556542144,1475.495427715722,1526.1159431552346
2,origin,236,8,0.1384962065036191,0.2060797948292154,0.2118158291311631,1591.7969401728071,1649.9400131256664,1650.4571470713531
2,origin,237,8,0.1356783891606882,0.2869873751311628,0.3161136250574043,1322.7994548136671,1441.1164429990918,1455.1920708566226
2,origin,238,8,0.1441840705864411,0.2546753564689082,0.295468306372221,1459.2824817777423,1623.570450264624,1670.0499697872287
2,origin,239,8,0.1152173219387922,0.2341251324879799,0.271708544811428,1412.843234926271,1524.6766772838523,1527.6395755122658
2,origin,240,8,0.2035588366725123,0.5227202128900186,0.6622706360581098,1580.8930716763148,1619.816767150249,1623.8602296819552
2,origin,241,8,0.1188851055374664,0.2462407971955422,0.2660787503396706,1279.1455991459648,1405.2227834423277,1414.2179621607054
2,origin,242,8,0.1044946630614499,0.1494825254501943,0.1575582700845831,1378.1244962886908,1458.2776205548462,1463.6579698016058
2,origin,243,8,0.1612521105250905,0.293978435096524,0.3312691384326714,1468.025647394683,1592.5871396336895,1612.5465600739233
2,origin,244,8,0.1225223604514052,0.191200677188217,0.2239633487028369,1461.0761190830297,1576.494620930612,1581.1602106323064
2,origin,245,8,0.1117888320196986,0.2046984775479544,0.2398420117435224,1519.0462832169346,1679.0509347782995,1704.7321272618938
2,origin,246,8,0.1241356221239482,0.2245466465125319,0.2623657339637804,1373.269641471256,1447.6524558603076,1465.042563059868
2,origin,247,8,0.167321021449396,0.3964517103277765,0.505017802166514,1397.4201925130126,1459.5239343381531,1484.3910900017045
2,origin,248,8,0.1529193205431461,0.2015664693395661,0.2059285718093209,1491.5126440222034,1575.5562073126637,1579.0571622334478
2,origin,249,8,0.1472745363029053,0.2472231821688895,0.2672135490191708,1437.0308826170046,1493.0608862750703,1493.2698995218675
2,origin,250,8,0.1367903458208139,0.2522109797003806,0.2862639574695047,1468.334285894144,1547.1575596224884,1574.6683843657468
2,origin,251,8,0.1821250641805361,0.5554634340965393,0.7091553556651511,1472.945620364946,1608.6687930718272,1642.0911256877268
2,origin,252,8,0.1650732050031165,0.4673668672248607,0.6013768686876292,1414.242123692966,1534.7435363801078,1579.4866920832558
2,origin,253,8,0.1360781785620394,0.2959666153651638,0.3328375689578901,1504.5915663461174,1662.421750555107,1710.1488960753973
2,origin,254,8,0.1614058726962685,0.308412960939912,0.3296108236081776,1187.5490235621617,1229.8674685417725,1231.9612640373457
2,origin,255,8,0.1676427983677973,0.3398203423069927,0.3977360284070921,1289.664445758477,1468.6473200312469,1519.9973033394344
2,origin,256,8,0.206856320512128,0.6688134221583539,0.9101204088839148,1408.1329308055804,1665.6603628182163,1776.7133586159266
2,origin,257,8,0.1488592290127878,0.3574892785096642,0.3829500522062648,1516.4792122373765,1603.3711417760942,1620.583909761904
2,origin,258,8,0.2090489162565555,0.3935512023288682,0.4115708840797986,1462.509208333579,1620.276612134783,1690.0223520812528
2,origin,259,8,0.2146676876014771,0.5272680132380545,0.6537943963281229,1477.3013423721347,1589.48657452185,1632.3013929493522
2,origin,260,8,0.1598220303849867,0.3508666462876871,0.3848967188121226,1392.3046355489016,1493.162461544924,1509.1904006090183
2,origin,261,8,0.2717556471976016,0.8244494319100992,1.0226526936774512,1538.8510237324654,1622.9773709587894,1656.4544231203347
2,origin,262,8,0.1565031559516009,0.3299212467287113,0.4130557752156101,1517.8872392725257,1599.2749388652712,1619.8414109015555
2,origin,263,8,0.1781590762685337,0.3160032012968092,0.3565709048154244,1456.2740472596213,1598.556132361561,1645.3111722454755
2,origin,264,8,0.1435481867962523,0.1869451003634807,0.1897087874685373,1268.480384047329,1309.6476556500852,1313.607800083899
2,origin,265,8,0.1735227559385583,0.4716127388537122,0.5642947312241503,1451.7337837772436,1532.5886732505974,1534.6446167393772
2,origin,266,8,0.1298403365914787,0.2231956856381106,0.2251714030305147,1349.729093918965,1438.928060258502,1470.402782500853
2,origin,267,8,0.1687128465477066,0.2837312217305672,0.3167590332653995,1479.7118094083962,1579.025922378064,1602.4266793180986
2,origin,268,8,0.1810729733642561,0.5185206339651773,0.5944553811906667,1434.090173665045,1495.914046285462,1504.207085188752
2,origin,269,8,0.1546815167197692,0.3286603586336905,0.3423307487579973,1207.335758948863,1285.7176350015948,1292.7525977693217
2,origin,270,8,0.1934170257526997,0.4827943673841718,0.6335915347938476,1600.595570008331,1782.736233293271,1845.193528802552
2,origin,271,8,0.1442852598515701,0.2551370372305663,0.2858957702623299,1443.5312742530657,1542.5203621392927,1567.3624078161752
2,origin,272,8,0.1869087050603377,0.4190432207801866,0.461424237171757,1468.1069321404498,1655.4781072380774,1726.496175423696
2,origin,273,8,0.1079107458787917,0.1905526917305,0.1995275741495255,1367.591198043412,1431.2393754442387,1431.3527772329408
2,origin,274,8,0.1449128242206835,0.221984483668119,0.2416587318843058,1360.212827241419,1491.4820508332302,1502.4074474800232
2,origin,275,8,0.1517436213142118,0.2941881606992393,0.3399115269537697,1433.9234435032204,1552.897934283313,1569.5585041224745
2,origin,276,8,0.1509766011964301,0.4044838749278756,0.5137817463740303,1400.4582226119292,1457.3361261998216,1465.9802497911674
2,origin,277,8,0.1736494420231033,0.4478287293401191,0.5837614886404311,1534.9728749630656,1766.3727320779335,1856.4562095333167
2,origin,278,8,0.2055166002206042,0.4405674845835886,0.5471322464149883,1402.323311811033,1461.6787971893534,1466.085724276374
2,origin,279,8,0.1485744011994847,0.2397564775654369,0.2499519690162827,1534.2527951366908,1651.3714231189224,1672.2730587734727
2,origin,280,8,0.1016930916813472,0.1364412366619254,0.1365255275660844,1316.8727331619575,1381.8279615793294,1387.12657285461
2,origin,281,8,0.1892315910692237,0.4056527012100379,0.4443233205895792,1361.2656909396037,1508.329889692886,1561.4944886045828
2,origin,282,8,0.1242407521136308,0.2477474957514363,0.2794212382461256,1471.135970591371,1559.5193727243536,1603.8562808834718
2,origin,283,8,0.1485345632853249,0.2413112200728927,0.2651129031412818,1458.1106354560106,1597.819806739883,1627.2886465602555
2,origin,284,8,0.1492741567369155,0.3090181313011532,0.3768233985021951,1448.8685280241525,1546.8005977640946,1563.429004553899
2,origin,285,8,0.2018590296856711,0.5156165461697395,0.5495252641485245,1319.359154652269,1377.6180742667348,1382.085243883851
2,origin,286,8,0.1335726441205647,0.299280473462721,0.3080821828928808,1541.8018229658103,1609.2067001315206,1612.5239896417831
2,origin,287,8,0.1588172810122602,0.3067065966272568,0.3339173696623466,1362.3082292825502,1424.1100950861571,1440.0926981773375
2,origin,288,8,0.1545474172195264,0.3947758772134098,0.4667376249398244,1437.8163315827394,1518.3506060509949,1522.7818872347564
2,origin,289,8,0.1520330065590274,0.2168449169088266,0.2408153727337544,1253.853648706175,1330.0723197363905,1347.3509756378712
2,origin,290,8,0.2047552940084985,0.4754056554849905,0.4953819061497852,1484.1885295258462,1618.2143160690796,1645.60814362524
2,origin,291,8,0.1917976336926259,0.5187768489128105,0.5572800089479638,1412.6090526522144,1518.0984821808936,1544.9092946262654
2,origin,292,8,0.2544347867543828,0.6507455389461119,0.8246430452284313,1491.699006243981,1697.761734579678,1808.1566038524647
2,origin,293,8,0.1946122022125335,0.4605177856644568,0.515875261672589,1491.3031457794357,1587.7777372118726,1590.2777491134884
2,origin,294,8,0.1705066453695397,0.2968203255800762,0.3127622393704382,1440.323223432713,1700.3666301368564,1811.363968332024
2,origin,295,8,0.1589534577024842,0.285861224435765,0.3116828279146048,1233.837787747864,1347.3992286405016,1355.5187888864386
2,origin,296,8,0.1626226948687112,0.3976039006455624,0.5067115430605206,1515.2816811523926,1592.4514815361129,1592.4956193954754
2,origin,297,8,0.1481436754552254,0.2462864881195885,0.281574301607062,1558.0041600365214,1718.0088422394072,1735.4368951136237
2,origin,298,8,0.1492716944273435,0.2835889631993965,0.2977989540190269,1528.1187150297978,1672.993548366698,1732.3139520486454
2,origin,299,8,0.18336405478469,0.4093544467717707,0.4809221167360068,1378.4445497451843,1512.29277978851,1525.875552052789
2,origin,300,8,0.1889985224486207,0.3341994513257198,0.409790958876372,1516.6416692902792,1614.0256083044394,1627.2773006082548
2,event,1,8,0.0749806720615239,0.1564356378604579,0.1727517564428254,475.5909437418028,487.77490137350287,488.4728209197967
2,event,2,8,0.080252330628684,0.1558023902011263,0.1913546293963137,560.4721972497709,598.0495614427853,598.4501940559674
2,event,3,8,0.1030605670400105,0.2173657670520458,0.2385079977276837,660.6560401901866,768.0602879950126,792.4164911887009
2,event,4,8,0.102783267289065,0.197980140691104,0.2372618315373566,764.7988305975443,823.9105645143306,836.1845160739794
2,event,5,8,0.0885282447436409,0.161761152224363,0.188950558820252,831.7831880826602,881.9223181211235,886.1244963586522
2,event,6,8,0.0997653004809288,0.185209910548315,0.1866670123188498,968.873121458966,1029.9121601917288,1035.0235183771188
2,event,7,8,0.0741640625137082,0.1405140740438113,0.1648364827666158,884.636429693832,1018.74256344268,1027.9488479415577
2,event,8,8,0.1189037474060642,0.3039187381125148,0.3926711957946302,1076.9277040059071,1150.2170065329171,1165.1734057339652
2,event,9,8,0.0872074605145522,0.1593318103725876,0.1859044907407284,1173.7112214935312,1219.2103753915185,1221.162514258634
2,event,10,8,0.080820159736516,0.1654367255677801,0.166385702711102,1355.352006011057,1482.6468808745683,1490.9877270936036
2,event,11,8,0.0982685456462353,0.1663494554408862,0.1828931011956272,1257.8561980703023,1333.769953296787,1354.47371159443
2,event,12,8,0.0998017945423262,0.1785643167736284,0.2172942135939296,1337.264721806975,1492.7414352562064,1562.4167776274417
2,event,13,8,0.1031909433828461,0.2066449584125965,0.2195150501708245,1497.6358613110558,1626.808888299606,1657.0803455863315
2,event,14,8,0.089404845838757,0.2039481779988761,0.2186907890951069,1357.2485609332723,1458.5250889459014,1484.8628125667217
2,event,15,8,0.1175125562532524,0.2351817263604432,0.3017559593552948,1329.6092893940624,1387.7117146108685,1391.3735407923675
2,event,16,8,0.1288217324265926,0.253279299897995,0.268862898676333,1431.7372525165192,1527.1164912054028,1538.3853143761744
2,event,17,8,0.0768836667377337,0.1620461642673039,0.1985361231358397,1443.2642492829057,1555.7545476865905,1595.1175299222114
2,event,18,8,0.0970963083233809,0.1784239636551448,0.2053693948524209,1257.982178200676,1338.6900503856452,1349.892773089897
2,event,19,8,0.0849132414202001,0.1634959368625018,0.1969378817773156,1399.7219410649975,1502.2803351131683,1520.093062874706
2,event,20,8,0.1038331590351529,0.2375387540129593,0.3012886591933597,1616.584710421684,1676.363882432816,1688.977640621693
2,event,21,8,0.1226206629751202,0.3099151482150265,0.316109085127088,1556.2431763460752,1772.8501063590684,1848.506121343868
2,event,22,8,0.0911098957239335,0.154445714741428,0.1866689574584948,1350.3254877736783,1458.7625218123185,1469.2299785252692
2,event,23,8,0.1030867614916845,0.2604215696251052,0.2933213662645942,1354.420566172792,1442.830972336452,1446.2690095567111
2,event,24,8,0.0719112656181543,0.1253182012831187,0.1332584361940365,1428.1324664165727,1550.1741447881072,1601.0838753330322
2,event,25,8,0.0945629734669745,0.2394787280499636,0.2754608992924587,1543.9161238005934,1609.5024675173347,1615.3522349637306
2,event,26,8,0.0840675684504221,0.1623071378622987,0.1994933923331946,1468.1006429713016,1560.8615777206053,1573.6688761774728
2,event,27,8,0.1145435355168874,0.218602027644273,0.2382649639437674,1602.5323761923491,1719.586731270772,1770.443158021263
2,event,28,8,0.0802826386799588,0.1594310222876683,0.1892811871151556,1612.7786294083044,1749.995906511648,1772.087036430077
2,event,29,8,0.0863350997103957,0.1217622330454148,0.1288713358692118,1317.3843603066537,1388.38009073039,1388.9228554594613
2,event,30,8,0.0825973232137893,0.1510299556824967,0.1789607752673904,1406.844237746506,1469.5339052286404,1469.9027200948387
2,event,31,8,0.0958572276462614,0.1784474964569103,0.2167341784313519,1565.26473632615,1636.810214079058,1642.2436865959469
2,event,32,8,0.0644416011525209,0.1133354002467058,0.1268715852034595,1355.32140214598,1521.276341444446,1594.289333536041
2,event,33,8,0.1252336411703485,0.2537544841266352,0.2583327241673605,1412.5228909678335,1577.9875369919037,1623.299635475638
2,event,34,8,0.0998939546283522,0.2887194105100706,0.3745636421614846,1554.0825191851864,1614.2190417780366,1618.4282177305556
2,event,35,8,0.1190720233130455,0.2492242979152408,0.3102420106068546,1494.9270535352305,1583.6676632924605,1585.0789525497437
2,event,36,8,0.093103184068967,0.1599399511943434,0.1789685129386083,1482.2250091053702,1556.9483391224835,1559.423300877175
2,event,37,8,0.0829967965710847,0.1716486716826984,0.210033946396121,1622.8370028239262,1716.8157572558596,1740.2579286337434
2,event,38,8,0.093911287184917,0.2207478850225075,0.2651962064375821,1392.8091544265053,1579.8823141928442,1638.8869865979434
2,event,39,8,0.0924604812199945,0.1906686949319499,0.2447907712761916,1410.3393111873563,1692.8275299491634,1783.082420383058
2,event,40,8,0.0943504750501933,0.2232569894283554,0.2731741472525755,1568.2512944900177,1707.790456818166,1721.3390655041085
2,event,41,8,0.1164368213836409,0.2772055027893609,0.2990517569219865,1559.6998967425563,1742.9077455392714,1776.5961466017518
2,event,42,8,0.0781872585296893,0.1743122396981939,0.2124835728212596,1424.916785733176,1528.5761417824897,1533.7073542336077
2,event,43,8,0.0823884564355516,0.1117564446222675,0.1128636622701053,1493.3629802049988,1569.4719437905176,1587.4614579960244
2,event,44,8,0.0917786552879068,0.1620120088531468,0.1751480693184981,1327.4979862901791,1408.5099545265496,1416.314706979339
2,event,45,8,0.0972600348039714,0.2083400080919868,0.2725409820770674,1492.8116636841185,1627.857516927388,1667.9887150607417
2,event,46,8,0.1065737477791874,0.1699793882094443,0.1829266967531033,1396.4803335643655,1579.4000143553533,1664.344089666529
2,event,47,8,0.1309143959727238,0.2808100746896997,0.2947534738673382,1494.7455842752531,1605.5036683339258,1626.1399173698928
2,event,48,8,0.122287496356861,0.2262023285687744,0.2687542516586222,1423.252027527137,1532.7537468930225,1545.4663329343414
2,event,49,8,0.0758064395304837,0.1567734434880138,0.1775934462207512,1298.19936978994,1371.2262321659937,1386.7138870905326
2,event,50,8,0.1514027271823486,0.4066387916126004,0.4669074625040121,1557.0314796872476,1788.360725262314,1862.4739462477996
2,event,51,8,0.0940362106210862,0.1491543273318812,0.153696179651756,1502.8456049791434,1665.425698680383,1728.9215952471911
2,event,52,8,0.065072653700888,0.1006306475879405,0.115098008017927,1488.059690316196,1618.8458292103835,1654.1186371280712
2,event,53,8,0.1058064879551467,0.2261248078250805,0.2435042740497334,1403.0640556743515,1504.5319419429975,1532.7253336666165
2,event,54,8,0.1147994619913286,0.2486980695582366,0.2784995549718585,1508.1383586961051,1633.7762090298777,1690.8647835702684
2,event,55,8,0.1030434617952495,0.2584040526777754,0.3099575795273186,1489.308783379747,1784.6169397965605,1834.5935588384773
2,event,56,8,0.1159401834726136,0.2282060152189274,0.230798134324887,1421.7510162642106,1504.9077686857704,1532.124895182498
2,event,57,8,0.0905425298779356,0.1678583451114912,0.1773932000203679,1386.5955501907306,1435.2037077386274,1436.863624076064
2,event,58,8,0.1055414427224722,0.2731831579508896,0.3443703513589237,1581.4121691296198,1681.636075942221,1701.320661320413
2,event,59,8,0.0889874017575027,0.1897274715517216,0.2388548574377003,1504.9388428730017,1643.6151154147456,1717.598269864027
2,event,60,8,0.1136088999529129,0.2297117677797982,0.2510616882579303,1543.6363393905676,1699.9079425203106,1766.3743425143573
2,event,61,8,0.1017409534628239,0.2872540402827467,0.3740402187538894,1546.4983466039807,1735.9151303374124,1793.8940343783297
2,event,62,8,0.1065710196435044,0.2419256837517779,0.3001229590948486,1453.6883952297449,1573.0563543611306,1589.4948696930858
2,event,63,8,0.0733377044972123,0.1198885893934582,0.1348055378950131,1205.8913093985,1267.8213773102605,1269.8617110675573
2,event,64,8,0.1102941474042758,0.2688523275445079,0.2716522383996557,1401.41306161855,1584.8215229054815,1637.8809698433197
2,event,65,8,0.117948384815286,0.3154161847822261,0.3714595269427631,1541.0116605418511,1598.590502887433,1619.9421334004835
2,event,66,8,0.0892598983535672,0.1326848616328322,0.1398432538918446,1410.5258090127204,1486.3087120265668,1493.9101877476423
2,event,67,8,0.0987563101010667,0.2164493769242489,0.2799174812329158,1591.6070930183296,1736.5202925098504,1792.8791079226442
2,event,68,8,0.1174516557643594,0.2797538434923732,0.3713728616117509,1421.5977861131712,1580.2595240891176,1616.1569810461408
2,event,69,8,0.0922210469989663,0.1409667812729433,0.1457857872795948,1077.839909040917,1180.7398936310565,1194.3877031734676
2,event,70,8,0.1320442512784238,0.3691038404294454,0.4195344514696791,1543.305104243855,1788.3358830522782,1904.8819233794627
2,event,71,8,0.0959224208472041,0.2170473001513055,0.282984037048534,1648.002897615556,1786.7852022837048,1834.2147098233224
2,event,72,8,0.0834944486907685,0.1392762121738209,0.1432517466977213,1421.2083368135982,1470.27101459858,1482.084845302105
2,event,73,8,0.1253149889757545,0.298668603036242,0.3057270095623667,1422.9353552830355,1543.7449812509449,1565.4102310488872
2,event,74,8,0.0884876127827088,0.1484690123453897,0.157345202889646,1502.3018439290747,1589.8780895828818,1620.138139782112
2,event,75,8,0.0752309643826633,0.1622987930910899,0.1833909420155436,1356.946113148625,1573.937217464532,1660.933161473677
2,event,76,8,0.0967393472017154,0.2059814985443248,0.2532289284193243,1339.7409948633042,1470.42479151818,1480.7884114362664
2,event,77,8,0.0786843875131275,0.1114056242707471,0.119466201580297,1435.4649996939208,1561.1597842756082,1576.0407775755966
2,event,78,8,0.0783330786317376,0.1273263251950763,0.1287409092025002,1432.635235188958,1491.953558574233,1498.7513691482304
2,event,79,8,0.116303209592361,0.2376751686242607,0.2824040315378202,1495.1465656660955,1616.9107509560663,1658.5789064365742
2,event,80,8,0.0926863524866491,0.1972204033018076,0.2205499961802817,1371.7748831742665,1519.044410182726,1583.6780176797554
2,event,81,8,0.134266828523909,0.2503727560617227,0.2651660269252545,1419.5130423458324,1498.0501128171568,1522.7797217597536
2,event,82,8,0.1251641249699662,0.2494148396455308,0.309410178930296,1529.878806382893,1672.7759332514686,1674.8727211636703
2,event,83,8,0.1113957856636169,0.2032007601127108,0.2440049112009586,1367.617811440718,1444.4147438006814,1446.5057383068522
2,event,84,8,0.1049583110736517,0.285145047698607,0.3767796968819808,1481.4819281636967,1602.9949241221427,1661.359197755071
2,event,85,8,0.1152370243495302,0.2187452250104815,0.2503136687576605,1516.8833786597593,1537.3875356536778,1539.731883626412
2,event,86,8,0.1226973834375794,0.2633264941352236,0.3266417452240043,1445.3529580034765,1531.8038063191068,1538.5058919739863
2,event,87,8,0.1063168883071303,0.2207784860347336,0.2750567119574697,1458.0295521647677,1518.898866306164,1523.745512324657
2,event,88,8,0.0981214102860009,0.2294650505938451,0.2865137877110643,1576.673079656263,1642.3449489052175,1671.653033302659
2,event,89,8,0.1157979396631009,0.2368693401995461,0.2875920801510908,1443.893943760198,1503.9555088585516,1513.311830924985
2,event,90,8,0.1101767079895311,0.2067048591829333,0.2293544325386973,1373.2698418536615,1557.7146622184005,1641.3155342745254
2,event,91,8,0.11192646185008,0.2814486701042467,0.3721598552400897,1504.3179030401288,1815.828807446773,1973.5147048975232
2,event,92,8,0.1343013679047783,0.2666507895385799,0.3121101645073835,1418.1405441199045,1526.8855846546694,1534.621270911078
2,event,93,8,0.1047712330464909,0.2483204108742126,0.265950523702918,1590.842144888397,1688.7296526919508,1695.0207900089233
2,event,94,8,0.1105623186134937,0.2465355149382176,0.299040237239587,1311.8009741504356,1437.11042963565,1445.9435300298137
2,event,95,8,0.1178291361769292,0.2145720546683151,0.2559344228772072,1359.4707481444354,1432.0895929754638,1448.1404649888325
2,event,96,8,0.1009118568680634,0.170359158441515,0.1836252203782765,1385.0280957721952,1459.9017702398344,1461.540453390036
2,event,97,8,0.0947971548225681,0.1405068688065839,0.1474951874742522,1513.2033494615189,1581.522949147045,1585.8786595262968
2,event,98,8,0.0938692345647735,0.2010397997004316,0.2457924439832303,1487.8633779270308,1583.9791301225855,1611.1670865228436
2,event,99,8,0.0772870504443243,0.175267939166163,0.1994026879570815,1399.129486256229,1536.6560744296712,1600.7450147331392
2,event,100,8,0.0666879524171934,0.1152001184498922,0.1315014496006549,1315.8990444693177,1419.3146737072136,1432.9548708583925
2,event,101,8,0.0974600202786526,0.1794527728706182,0.2242439145135734,1580.9806511165723,1732.4684666062165,1787.6668621891886
2,event,102,8,0.100347213717904,0.1938766313039949,0.208184436098629,1507.910594424965,1644.0985420265915,1664.495707610841
2,event,103,8,0.1190315279824156,0.316754355440027,0.3706705654012237,1434.684478769658,1536.5126664337113,1543.0753991963657
2,event,104,8,0.0720654115270723,0.1307507167223882,0.1456702075033878,1473.1637319979554,1525.568753616602,1527.789544055258
2,event,105,8,0.1134278521962364,0.2226528579816293,0.2463317615527323,1314.3556410945569,1350.450826498571,1351.0696242137965
2,event,106,8,0.1273160839323029,0.2319459085834301,0.2534959167268824,1449.300578300681,1508.9319571510678,1512.7546203783584
2,event,107,8,0.0998326054083054,0.1584215285547085,0.158773362380961,1210.1021887315962,1367.2820036785615,1384.6576654237392
2,event,108,8,0.1269492077665135,0.2615616254120344,0.3235232883888598,1489.3262860942289,1588.6316587131305,1595.5104289191838
2,event,109,8,0.1223750868900339,0.184347601166655,0.1888712690022193,1553.6059127363503,1641.1129688722451,1649.3562858092648
2,event,110,8,0.0922049649466736,0.1946009864151276,0.233225027022043,1354.1047884482728,1500.0369609770385,1513.8328581856929
2,event,111,8,0.1214080250791886,0.2198588851561645,0.234035071672479,1349.770797330218,1474.976470269063,1500.6398277988
2,event,112,8,0.1156251675732143,0.2024063079841652,0.2133188436236044,1492.1503768883615,1557.3223173963245,1559.3748580875215
2,event,113,8,0.1126504231414829,0.1604394332367624,0.1716988391423992,1390.8665658347577,1451.732911328039,1460.0073561785691
2,event,114,8,0.1220066175910208,0.2473671875956649,0.2819430579940059,1567.4592887888284,1635.1691114191326,1641.461075166924
2,event,115,8,0.0751725605769466,0.1404101555088501,0.1587819718617206,1421.3468924944468,1468.5200908218492,1471.1511066452888
2,event,116,8,0.0764907514542287,0.1159522291131877,0.1252421356657021,1337.2285674821078,1411.9682654356263,1421.0605325863494
2,event,117,8,0.1054810381616804,0.1552426047405372,0.158493328876939,1358.2049496280133,1412.4235403132209,1420.6663559545398
2,event,118,8,0.0702045261211576,0.1360637977684132,0.1438354923972102,1389.0753658716428,1465.4348154724414,1474.7728502238936
2,event,119,8,0.082795887760539,0.1083428406349464,0.1094672518113819,1364.4584223834509,1431.7292723150852,1433.2317925874834
2,event,120,8,0.0997081677323631,0.170851719886037,0.1987791654854066,1478.2768330639788,1578.2952896120496,1614.5686604666143
2,event,121,8,0.1209724155027523,0.2604867949263683,0.3218272411001589,1417.4802114296103,1482.0462180973573,1482.7957446295277
2,event,122,8,0.1072719102968303,0.1996934766512606,0.2007725453938592,1469.3132952325195,1557.7646198908587,1575.9638102224103
2,event,123,8,0.1384288746015336,0.321470756003177,0.3508843438846163,1436.869361861388,1548.913907141273,1608.1448570420705
2,event,124,8,0.1105394468525212,0.2055236609053398,0.2177789188198247,1406.4102458942198,1468.3026835303888,1483.4997413138706
2,event,125,8,0.1145281248835341,0.2834080616561505,0.3538786514026529,1491.7147556380548,1686.3022797255126,1746.241407114642
2,event,126,8,0.1336502239659234,0.302281487567846,0.3747191747163123,1658.794769287627,1730.5031240463911,1748.9348184874857
2,event,127,8,0.0950794199918427,0.2219123563946339,0.2809979538676606,1224.479672523051,1549.3914085123831,1703.3015021687802
2,event,128,8,0.1162213469645979,0.2926115215909032,0.3239175041480384,1456.10345047113,1516.2191437940428,1518.0806527698248
2,event,129,8,0.1690565799915442,0.4560495446547847,0.4836592807971599,1465.9643282120503,1582.321403641081,1617.6154702094675
2,event,130,8,0.1251786510510569,0.2785618892589943,0.3507159989294641,1503.761220102013,1589.4529013151418,1602.916464149405
2,event,131,8,0.1012557314534291,0.1914849880425787,0.2195923751466877,1458.7427092203898,1530.1817182803288,1558.156662960271
2,event,132,8,0.0960067182190329,0.180223038410372,0.2246276458987636,1544.8334365790652,1606.3790461888404,1624.3328427497854
2,event,133,8,0.1520700208872534,0.3523583924850934,0.3688420855242259,1383.8632125009096,1649.4716933665268,1743.2637040605202
2,event,134,8,0.1037885845274161,0.1643413967572601,0.1728908205021907,1439.268212434282,1485.091638264963,1487.6871158359827
2,event,135,8,0.1052018713019796,0.2198035575843839,0.2382220684524181,1389.8966338899495,1529.1197985947172,1532.4910416174885
2,event,136,8,0.149738208281301,0.3017008334109321,0.3036396272876112,1369.2068649221592,1537.791702971731,1572.790305137906
2,event,137,8,0.102762510714649,0.2281682694623798,0.2569028795304462,1519.9167220281909,1595.3000908426516,1622.0102184915488
2,event,138,8,0.1162584539333334,0.2392268221498832,0.2725375320513229,1352.6436903341232,1464.4101007299892,1486.1706523599314
2,event,139,8,0.1172318003273492,0.2540509139548954,0.3091025284829571,1504.0892405772793,1834.040318082669,1969.919511270703
2,event,140,8,0.1210615391124833,0.2924288723801657,0.3559715197486769,1384.739460792057,1518.4663793946677,1553.9378531785983
2,event,141,8,0.1026700493565363,0.2468778585368106,0.3156813117843846,1237.9645143212024,1345.572318548114,1356.0110119775186
2,event,142,8,0.1392686816635457,0.2492211810840368,0.3029691465461434,1479.8009887976234,1588.155833013579,1603.853056423104
2,event,143,8,0.1345301175742955,0.2584541724116606,0.2777724663639718,1328.125810103386,1426.616231903062,1454.3602475795196
2,event,144,8,0.1195505469152281,0.1635597642997767,0.1665181566125911,1314.255983895338,1434.602241941903,1438.216078026406
2,event,145,8,0.1485780789632566,0.324881317855285,0.4108816631164781,1490.344016589328,1629.8243118237417,1632.393381509563
2,event,146,8,0.128702011147382,0.3588015265521824,0.4726985022936442,1509.1375446676377,1668.7070871164735,1741.6367742194543
2,event,147,8,0.1026618171810101,0.1700684350012278,0.1763132407811314,1477.9856260335182,1579.7810565845,1596.17341154673
2,event,148,8,0.1565079009456188,0.4490718349160902,0.6187065344182882,1448.6721372329737,1569.929364667773,1592.700627133164
2,event,149,8,0.1911940028833772,0.4016224073920282,0.4702325361708571,1410.2351179184502,1484.869807558229,1495.664428505124
2,event,150,8,0.0879991557169269,0.1802635185970276,0.2251144332090512,1428.342611716561,1534.44856832767,1537.3061664329484
2,event,151,8,0.1441263734575502,0.2706135402812928,0.274432178280415,1525.5424081424949,1652.9444701869277,1658.5465864089824
2,event,152,8,0.1282274249796621,0.271550229166254,0.3360851543834364,1403.7282305023796,1470.9712388213345,1470.9782591548242
2,event,153,8,0.1620788615505217,0.4539358870848479,0.571057330336583,1377.7023562805264,1615.2042600032498,1718.6721453547216
2,event,154,8,0.104611801532891,0.1762576737200452,0.1976844441073646,1380.60262053568,1471.6609382017723,1492.113685475248
2,event,155,8,0.1102404120429344,0.1613231473664784,0.1623354074943371,1565.9164313854435,1675.7383318954244,1693.064107944526
2,event,156,8,0.1233412671337131,0.2367900146374328,0.2664023926240612,1380.728904416933,1498.6946951515804,1525.2872333329487
2,event,157,8,0.1021718752202687,0.2355044330314621,0.2643019941648061,1552.6292716567073,1603.3371776187985,1609.925798690452
2,event,158,8,0.1534244463114285,0.3709969563790607,0.4133649000293679,1562.4611445264868,1640.5680128941449,1646.0792586742568
2,event,159,8,0.1273496178588892,0.2093455698890285,0.2415642688149845,1483.0767849059837,1593.6376392017671,1620.1657924527528
2,event,160,8,0.1566729257546363,0.3144057459439612,0.3234729684464198,1510.1687117966296,1646.0280092376086,1692.243094619769
2,event,161,8,0.1596728692375444,0.3430539772185559,0.3949801758569805,1569.9299476797432,1787.0342792685915,1902.8460884257672
2,event,162,8,0.090493358769985,0.1715059101101673,0.1841608906860109,1452.3646121937818,1517.5780960311104,1528.3645467043232
2,event,163,8,0.0836631796168822,0.1236162475161385,0.1251656606967654,1462.3608446606986,1518.088331161874,1518.4763680445506
2,event,164,8,0.1322839971597641,0.2682560699504744,0.3429668421127249,1387.1345342470856,1491.6821947985009,1502.0382877684185
2,event,165,8,0.1555687385705494,0.4239233240964378,0.4457790466094802,1398.5884033307495,1633.4845202210224,1725.7080753316504
2,event,166,8,0.100633283233902,0.1989005211938913,0.2235716267720057,1528.1835014338724,1660.9482492099178,1719.3694114735242
2,event,167,8,0.1232813319347115,0.3158267470682425,0.4143875794266795,1524.0856630978146,1704.7054874848636,1803.1645680309805
2,event,168,8,0.1950292154910539,0.4648325615919427,0.4835938476994905,1476.9152635842174,1728.6064150308127,1757.3072382253995
2,event,169,8,0.1063956357241313,0.2068184990429125,0.2304816991557127,1496.9505703498317,1608.1957545464993,1626.431172742228
2,event,170,8,0.162568377718838,0.4645674631058781,0.6275701106020788,1589.453048032565,1968.789226828731,2176.006932361548
2,event,171,8,0.1034595878888228,0.2120590583891632,0.2398734858034163,1455.3484992555675,1530.2822459134284,1533.291418284433
2,event,172,8,0.1028614353598307,0.20853491022796,0.2550964417219707,1336.3873450201045,1470.1299530272863,1501.5195588124327
2,event,173,8,0.1102313736783034,0.2418831564855829,0.2666326800261566,1556.51130146224,1671.715826799452,1715.7932029253884
2,event,174,8,0.0876863840685465,0.167863077026264,0.1833495668144351,1408.834669691817,1450.6485694526875,1451.846365135799
2,event,175,8,0.1499508764873873,0.2698273745157103,0.2784832520814453,1420.1750506429269,1495.548124476766,1521.4836651041924
2,event,176,8,0.1344451193558892,0.2552656768055266,0.2787391834149924,1195.8572052788463,1335.8614530968891,1388.3165481409364
2,event,177,8,0.1319829147822834,0.2338697447565036,0.2377850309418349,1627.9417130409472,1676.657402698614,1677.1387834047707
2,event,178,8,0.1336507493728619,0.3521942535454543,0.4838954410533155,1495.169485544402,1608.101673348661,1618.29037345415
2,event,179,8,0.0940187255804533,0.1438239488304152,0.1507053681757711,1276.2887754438384,1319.664547807452,1321.040404705121
2,event,180,8,0.137830052611744,0.3136867610124215,0.3828373399239755,1392.7840664755151,1570.0548540660686,1664.62045022407
2,event,181,8,0.1142030137482433,0.1795259177581961,0.1923718231328798,1418.229181407166,1490.7455432230247,1493.4906694532058
2,event,182,8,0.1246702297914353,0.2276848637176482,0.2481413490778272,1569.027844188275,1746.7273545819698,1814.334841807004
2,event,183,8,0.1602545308495981,0.2871725009787548,0.29818777259112,1478.4980971372966,1672.414824836152,1734.687959548207
2,event,184,8,0.1404195946777974,0.260532660474613,0.2705226171516506,1484.452377433508,1584.6175857757291,1617.1212816678917
2,event,185,8,0.139717076465395,0.4263648366105896,0.575784635761329,1369.4262650315347,1479.766072677586,1489.6539492629263
2,event,186,8,0.1148345980071801,0.2136099659387754,0.2639930746074475,1295.8893360639072,1333.5161691915189,1337.5414255824012
2,event,187,8,0.1107966502957172,0.2168081886843175,0.2446350117647454,1493.261569861145,1598.6597725333734,1642.939839124062
2,event,188,8,0.1423929843757537,0.3507895452371318,0.4081908018477844,1336.6212284357437,1434.330256904274,1451.2710481769511
2,event,189,8,0.1644885893242555,0.314065024305763,0.3154805531143178,1395.833851940154,1450.5415669259985,1468.087279600796
2,event,190,8,0.1333205253461296,0.2838443366488676,0.31613450678372,1466.7484322662228,1598.7360383127152,1616.875805085978
2,event,191,8,0.1216168152917428,0.1825751529368283,0.1865392764741655,1392.4364389926736,1566.2153055694353,1620.3091718838698
2,event,192,8,0.1329572027609439,0.2049153136327691,0.2073138633094904,1482.7270591688252,1611.6454219908555,1645.886320573792
2,event,193,8,0.1249340463436585,0.3122999895105104,0.4217234517107512,1283.6480231808612,1349.1505428187056,1359.9430852225614
2,event,194,8,0.0756019420511123,0.1212410958238792,0.1223404108999969,1530.6190914082508,1638.6045782986664,1665.7424399522456
2,event,195,8,0.1557939117671759,0.2581165565415371,0.2887013258630755,1359.4344309708822,1484.7183642287002,1499.44656638224
2,event,196,8,0.1205305678849212,0.2549471164173401,0.3213239360249914,1381.9624774268452,1458.4210108934342,1463.9064230703927
2,event,197,8,0.0847684862377209,0.165004040152655,0.1957168894237392,1298.791516720512,1387.3984266144248,1399.2143470021667
2,event,198,8,0.157328219009859,0.3706307628212266,0.3872732144284906,1305.618051584722,1412.2972012950493,1423.037035765273
2,event,199,8,0.1586047524742112,0.4670102746308269,0.5789594720637646,1361.345233860121,1432.6734767044788,1432.9764742375826
2,event,200,8,0.1278271875409561,0.2432798310561129,0.2620980534876626,1327.786115902334,1445.9685037091283,1499.2859631541644
2,event,201,8,0.1609767778837378,0.3902985522664863,0.4771245257970658,1398.558459268214,1484.203084599319,1512.9878624036342
2,event,202,8,0.1079192655836489,0.1594527426503254,0.1769293879493981,1429.006280065514,1517.49174906611,1523.9007556050965
2,event,203,8,0.1254005767141299,0.258955565709241,0.2988080609781179,1400.732124059365,1483.0727702887884,1484.706701489795
2,event,204,8,0.1171949150506718,0.2532667492928455,0.276229162047536,1144.328259418756,1239.7207556682492,1248.372986391692
2,event,205,8,0.1466364002632817,0.3371448431392264,0.3994285663675275,1395.3404703174751,1565.6025711913703,1624.1170177060565
2,event,206,8,0.1852449195635329,0.3909712752313666,0.447256229393831,1454.1756703324852,1617.9394623066369,1670.5251777614926
2,event,207,8,0.1141105761728616,0.1971279820706419,0.2031346136452918,1369.0086052617776,1427.0828033975883,1430.826709671083
2,event,208,8,0.1263367674938733,0.2076183732480435,0.2465458512615118,1395.6219488395018,1471.3918418790252,1472.0787342157614
2,event,209,8,0.1587221836980847,0.3137601116390882,0.3362369658912711,1348.2051186145434,1515.315083085168,1563.31440057134
2,event,210,8,0.1237321298927953,0.2396128138519132,0.2640488013496971,1392.7740666535706,1535.673306372724,1558.6541247096773
2,event,211,8,0.163209675092509,0.2712925789972024,0.288973024992107,1383.0338573008569,1451.549576075123,1452.7899463077854
2,event,212,8,0.195988379571975,0.510494933829564,0.5503663155484967,1379.398059981317,1512.7426074846824,1562.3032560227807
2,event,213,8,0.1376618230606407,0.3091761580360501,0.314083920333723,1372.1533487924949,1428.6268020523887,1428.858537282972
2,event,214,8,0.1251710318846031,0.2280008335893897,0.2345054406324945,1325.8195350381343,1404.038019072549,1415.21215960113
2,event,215,8,0.1109010267816536,0.1819325523957678,0.1830028333507896,1454.7301172303703,1576.9218395390992,1635.9269642273573
2,event,216,8,0.1345057605600239,0.3610572000658681,0.4478419782870501,1469.446558003276,1582.9266347447017,1596.2860981519698
2,event,217,8,0.1169572774514081,0.1575597450564354,0.1605991616776274,1482.956971800614,1535.7142738896575,1552.7874156640687
2,event,218,8,0.1653437801168303,0.4753871199305834,0.6048662850850279,1347.7836724173803,1434.404925714469,1443.5310255388672
2,event,219,8,0.1250372923504105,0.2192340027587206,0.2390647741833692,1413.6489283239116,1505.199828508877,1523.2581277597442
2,event,220,8,0.1605887484512729,0.3540131399633148,0.3672486172773261,1389.3977842164743,1503.1709313769456,1533.9503322294786
2,event,221,8,0.1456423568495704,0.3190687524886122,0.3530511664919805,1216.2097610342914,1276.042804203414,1288.2063975923325
2,event,222,8,0.1194024871917419,0.1860027523431598,0.1941051554703068,1490.138640393108,1586.9866311843637,1588.2620622924585
2,event,223,8,0.1353160038206262,0.2865974431399269,0.3143742035443677,1426.801391006576,1521.8296362491,1530.7193179617225
2,event,224,8,0.1442371976334616,0.2863330195682926,0.3408615766331153,1388.3005726128065,1592.9514562751356,1661.6950482384589
2,event,225,8,0.1457280257025797,0.2421718237884391,0.2597324312708933,1341.643890864057,1425.148482890794,1443.6081497245534
2,event,226,8,0.1049426673645354,0.1824993255338619,0.2123505124462143,1432.041897250451,1526.9304022514375,1562.925623451231
2,event,227,8,0.1398917445509225,0.3094758157677074,0.3176383526981721,1420.046636358915,1560.686808357915,1590.714958542894
2,event,228,8,0.1060057368700599,0.1730013258974453,0.1868452827358357,1553.7853412071672,1597.5256508414454,1605.185491252101
2,event,229,8,0.1568296075401155,0.2884136558769974,0.3323914630100434,1256.480862622146,1345.080538288782,1353.3268657347576
2,event,230,8,0.1043545859590297,0.2249394688526952,0.2557740014452614,1463.4525371589325,1554.648022463886,1568.416522574405
2,event,231,8,0.1378198073590709,0.1973347558825731,0.203563917907943,1218.0576517611237,1322.564047953765,1358.097478850257
2,event,232,8,0.1607089839519307,0.3034362894857192,0.3220841084197692,1469.4165086818216,1679.3762016216824,1766.887482321618
2,event,233,8,0.1551497703706732,0.3112585522585603,0.3167323533615366,1443.8890703628497,1576.783678540509,1613.0803783449878
2,event,234,8,0.174688144129112,0.3939401908858496,0.4420299676485057,1459.4287690324209,1537.3278980984926,1548.3366662588462
2,event,235,8,0.1617249632273015,0.344878077782196,0.3996142766118693,1294.930814964403,1429.4669622019194,1471.127715308432
2,event,236,8,0.1959552953806568,0.415977962210294,0.4488771113408488,1492.3823467567718,1585.499467969382,1592.192449513724
2,event,237,8,0.1327405336898125,0.2482949830059774,0.3150154052363458,1263.9212050683898,1360.0696329427724,1387.3965336858284
2,event,238,8,0.1741826132184818,0.327757741131128,0.4008582918419879,1403.9553704384734,1514.5320079894177,1524.9336247428955
2,event,239,8,0.1641559654266282,0.3789686979633885,0.4360147704426299,1393.669902096869,1490.434712309044,1511.977573104134
2,event,240,8,0.147567790587233,0.3161532992214201,0.3557277703811926,1498.497089221541,1600.641594372615,1612.8810276494123
2,event,241,8,0.1333605230065803,0.2433434443373852,0.2460991072491607,1232.295616945822,1328.038655169411,1370.5186971429905
2,event,242,8,0.1281481557359945,0.241946297538311,0.2430381080801172,1314.27103013767,1417.9548583846242,1420.4765304611246
2,event,243,8,0.2226355478440945,0.4669233638060641,0.4796092303338566,1433.7598538439474,1584.6787326854612,1618.3520778645018
2,event,244,8,0.1393258980212532,0.296791520625335,0.3152505653043002,1396.3023106283242,1487.6535960091742,1495.485958044203
2,event,245,8,0.1250410079846487,0.2155932238947544,0.2514070337356934,1440.6661245658863,1547.5507976888298,1558.097291623894
2,event,246,8,0.1357423718510568,0.2835704397594371,0.3704584477214852,1331.1566073857907,1387.733026709055,1390.2604955353308
2,event,247,8,0.1636684632924301,0.380089950603299,0.3901463915025444,1357.8100997927652,1397.081545112508,1404.608827981354
2,event,248,8,0.1829202681709079,0.325736818831292,0.3858887278639926,1412.1362957774118,1495.0266935866837,1508.0005843952615
2,event,249,8,0.1325407110988182,0.2036149216265857,0.2149335124210572,1371.7000778449142,1435.3322921636232,1442.1203480863346
2,event,250,8,0.1593644149470427,0.2987384590023987,0.3616306345273999,1403.1602720754006,1469.1426111747437,1478.687556928677
2,event,251,8,0.1943572321063757,0.5773410070519441,0.7789736173236863,1420.7119987110682,1642.7563966892951,1722.2643962133573
2,event,252,8,0.1766473258324017,0.4677279131547646,0.6027923943373957,1380.7279603569937,1492.8563014064555,1513.9380397724683
2,event,253,8,0.145868651677531,0.3751939294443517,0.506090482325116,1437.5923164949345,1503.901880782353,1512.053824984233
2,event,254,8,0.1397653003784857,0.2691924749245563,0.313345019816755,1125.4820214276983,1203.9109755151144,1224.2032311341154
2,event,255,8,0.1965406481364049,0.4830221221098233,0.5084316184500448,1260.7698823108462,1447.9568731904503,1510.8205843962853
2,event,256,8,0.2086674281037178,0.6343115776850952,0.806800518997714,1340.6777199340129,1559.9687515610467,1640.3446355639107
2,event,257,8,0.1556571834369555,0.3442956076689987,0.404138209406296,1456.5900167704435,1546.2770424453377,1550.2175312205547
2,event,258,8,0.205565089446774,0.4673839314007842,0.5936548315724566,1385.4428298592793,1534.821216907179,1598.9888587360906
2,event,259,8,0.1826037936735118,0.3215868074059369,0.3343791668024158,1411.7399409142968,1572.186895326479,1622.5975367322333
2,event,260,8,0.1591322121977509,0.3845963418639343,0.4482997259071168,1388.111127049738,1450.025491091264,1456.237272948854
2,event,261,8,0.267373096611152,0.7488218020996898,0.8773898463857099,1482.6750506959395,1535.2832219445654,1544.5150011314122
2,event,262,8,0.1421960836151448,0.2471697882750735,0.2507038536622943,1459.5373580471628,1547.6701270415235,1553.0008925544316
2,event,263,8,0.1757249188810279,0.3560297759626248,0.4006089344329608,1394.6912675552212,1538.5624885047555,1569.6551914571514
2,event,264,8,0.1270016948214477,0.1967426047976954,0.219080340466437,1230.9946993807212,1308.5848129014894,1327.6701838616789
2,event,265,8,0.2150603389302355,0.5924353598318626,0.7676811188027559,1425.883185217256,1481.1059243495106,1483.2519412090696
2,event,266,8,0.1487097112354073,0.314699137279314,0.3479506465100079,1321.3249437783857,1391.619687646511,1393.6753909495103
2,event,267,8,0.1857938742209221,0.3203117678502195,0.3536389461436958,1415.867860046107,1552.4237035469168,1591.2424667819391
2,event,268,8,0.1799413939620197,0.4485583413677747,0.4636170195946828,1355.3394526987654,1435.134477002564,1442.2526455726615
2,event,269,8,0.1668468305726227,0.4018648860029822,0.4547638537197881,1148.4432474171886,1238.1469586973956,1246.4295727885303
2,event,270,8,0.1996724022256422,0.5506604583764522,0.760066392963593,1533.4005267766204,1669.2542070330485,1714.5692360722596
2,event,271,8,0.1360415638790155,0.257065364163018,0.2903067533484502,1367.219944507679,1456.45270874247,1478.2408415827156
2,event,272,8,0.1489326741385485,0.2084509983238443,0.2178787260712528,1383.3646866885194,1473.2050252638662,1485.0262300641807
2,event,273,8,0.1570351629105061,0.3563059459826255,0.3830146294904337,1322.5747879851288,1514.139364821056,1517.3890225156613
2,event,274,8,0.1938298506128189,0.314320120142713,0.3254694545650548,1310.9352032416598,1394.4718441914854,1396.8867943762568
2,event,275,8,0.1664217153102975,0.3656246255270257,0.4045491313526776,1383.360474740596,1590.0348078480845,1680.929057992132
2,event,276,8,0.1792651819745435,0.4798224165353453,0.6429614726046721,1358.8409033109542,1413.2889148667082,1430.4491559975963
2,event,277,8,0.1710534963970837,0.4807317768503621,0.6485115070616406,1496.0857282895786,1708.328543567271,1770.2538691958655
2,event,278,8,0.1686214420555532,0.4213884383415185,0.5541748267322119,1322.7251807087405,1388.401443965694,1389.3235151215672
2,event,279,8,0.2131580861449782,0.3776670902234133,0.4091461592249303,1465.3417599411462,1561.006017936469,1562.6245063220915
2,event,280,8,0.1230241939835745,0.248100282437156,0.2670019693783012,1298.2796485805095,1399.523881192961,1410.0438900292943
2,event,281,8,0.1950943995108618,0.3510302879663973,0.3766068779980009,1299.8221863775889,1416.9009091846865,1428.151721224271
2,event,282,8,0.1293224161220324,0.3143734056043589,0.3428632151626094,1481.2274329207874,1705.338276078768,1708.8002121320314
2,event,283,8,0.1571191358126564,0.2211414956852537,0.2261750258350218,1366.371578753589,1433.3703000206972,1456.0581083991956
2,event,284,8,0.1737327864427172,0.3643514921526642,0.4648279906279263,1374.003296199916,1449.7102511985795,1458.4834106056996
2,event,285,8,0.1869955742386963,0.4279328794623516,0.4313991750423961,1262.7463350314874,1363.173522317325,1372.1686180342165
2,event,286,8,0.1240774843262991,0.2398472572747973,0.2421121826042561,1511.740745089557,1678.53750742422,1745.541978438399
2,event,287,8,0.205052910616302,0.4318264702470711,0.5159280333095997,1305.0415435615128,1373.575565699856,1375.471029633189
2,event,288,8,0.1243574953023133,0.2251508504390425,0.2603672700030789,1367.6358230845103,1455.7106317080215,1488.349602479916
2,event,289,8,0.1769356853065276,0.2511562345268376,0.2789985205094587,1227.5982015873224,1287.3660233441317,1296.9130461762013
2,event,290,8,0.1602790613579124,0.3410765636398972,0.3542485915731281,1397.789624383129,1461.419752453629,1463.1519112581009
2,event,291,8,0.1849545108893553,0.5246747311505701,0.530310715615632,1360.6085364995097,1484.6027363889368,1533.4195028319384
2,event,292,8,0.2452634955676944,0.6168150697185799,0.788527973471741,1452.9737474101323,1601.7740517493576,1682.1317527467077
2,event,293,8,0.2389417550914795,0.7600589861944415,0.9666786622195538,1430.4419876379864,1593.2091848380114,1623.066511928822
2,event,294,8,0.1497832634151045,0.334217584372686,0.4082220482518321,1363.3862732528723,1554.2572582402097,1610.8886295584664
2,event,295,8,0.1899051795641627,0.3988865184168886,0.4486481734892625,1197.1157279059,1299.8360867224458,1305.5812044416132
2,event,296,8,0.1864880568169817,0.37693083012599,0.428144096663677,1470.6838505250066,1545.0266087231305,1552.078114395638
2,event,297,8,0.1217671075110929,0.1782263756574438,0.1881161951733856,1487.6099428967243,1576.8723613170378,1592.8861110811192
2,event,298,8,0.180978874550027,0.4272159482817156,0.4410785609030861,1481.886951355105,1619.95104203876,1636.1105359138835
2,event,299,8,0.1993818755243534,0.3040404234083367,0.3083785521477906,1353.058845325502,1476.51902183756,1492.7960846003425
2,event,300,8,0.1614878191167548,0.3721576723461894,0.4913980833933939,1466.1699329812736,1533.582119211518,1536.484224821239
3,origin,1,8,0.1038298106881344,0.1833967722439561,0.1895952347259691,686.5925305933858,726.7688107849962,744.6140110088079
3,origin,2,8,0.068814091147396,0.1011759640437905,0.1044106449558337,664.9495614031371,703.8925717616788,719.5892518695996
3,origin,3,8,0.0697444012561016,0.1491110868234901,0.1624874578402172,729.2386736023868,776.9386243180086,777.5240312303055
3,origin,4,8,0.0903624523383193,0.1609685945345256,0.1684993553742345,816.7748418196499,880.2542920887505,896.4169518491381
3,origin,5,8,0.0976149386283029,0.2219773868400991,0.2732969557229367,937.9296955146784,1031.0138483100086,1052.846628639471
3,origin,6,8,0.0754375678112112,0.1312442178092759,0.1404584550772255,1104.754590756543,1168.8319614797608,1171.9754077817984
3,origin,7,8,0.0675831129270408,0.1606258001055779,0.1935910518200074,1154.2409754047258,1217.0472487308705,1222.387194437589
3,origin,8,8,0.0638607092330743,0.1185809629823293,0.1209150068446198,1106.968522141466,1176.3765396193517,1177.304375585786
3,origin,9,8,0.0722616862748107,0.1295478603167138,0.131683084941695,1184.2604578687012,1286.6694012497348,1298.4717878670751
3,origin,10,8,0.1144436632149687,0.2463384662469439,0.2946335049818189,1351.5559196191089,1448.4546226029167,1471.263191499777
3,origin,11,8,0.0927310300742821,0.2258862553772791,0.2763356437162499,1345.230074226557,1505.9706785377282,1561.6311535119746
3,origin,12,8,0.0832516285505376,0.1661086532042307,0.1970011903625552,1384.531977015126,1446.8836029577565,1449.6648167954852
3,origin,13,8,0.0664180423174362,0.0943203458860955,0.1005911045348145,1419.7547458227425,1573.9916833269865,1618.2786772738916
3,origin,14,8,0.0893209031640524,0.1911815015927114,0.2356637376446398,1453.9499430611074,1525.989151833783,1537.4973962281051
3,origin,15,8,0.0642585966189416,0.1185051428587604,0.1203785203511191,1298.3046999881808,1389.9010641691057,1398.3040465957588
3,origin,16,8,0.0674502862629303,0.1127869954243572,0.1339040766270948,1247.566432989026,1283.3360026257933,1290.7068069563427
3,origin,17,8,0.0951602165776584,0.2798527368417808,0.3788376030155191,1565.702681156473,1661.2141380944083,1674.679155208001
3,origin,18,8,0.0963347061492267,0.2669445423192351,0.3450523650208103,1477.2117876585055,1673.3185615151242,1741.9458773030594
3,origin,19,8,0.0676997649050385,0.0919978573523617,0.0945068537002036,1591.925276110661,1666.592212018007,1681.0929395818189
3,origin,20,8,0.0585263861677554,0.1187218530565056,0.125447771150048,1603.4958073645284,1731.17366556284,1759.025011354321
3,origin,21,8,0.1105816777087799,0.2398949144991612,0.2407245967443853,1521.8822793806153,1541.6895654618747,1548.0973907066282
3,origin,22,8,0.0854240873565738,0.1818172689124098,0.1914043835444432,1461.2526427222472,1498.7136198306025,1503.533129312807
3,origin,23,8,0.1306701289287414,0.4030479725810237,0.5322598415967708,1436.5268517793525,1532.4783690251088,1543.734060146804
3,origin,24,8,0.0517616735127164,0.0903243023619365,0.0919908279424414,1406.8744036874753,1458.494608086913,1459.518294556593
3,origin,25,8,0.0636487889558428,0.1093697302327554,0.1155038869164338,1238.0005449553455,1333.4451706471275,1334.5054718139795
3,origin,26,8,0.064732497401081,0.140697082547181,0.1764537986485642,1666.3981004709112,1728.604776354231,1738.0782687931312
3,origin,27,8,0.0609393823646111,0.141218189500161,0.1812758806074337,1498.329625051997,1669.4461248111038,1740.6544179997998
3,origin,28,8,0.0631534068741714,0.1437037658476445,0.1750422560725741,1341.591926496237,1444.5404666913782,1446.729101969763
3,origin,29,8,0.0938617604351157,0.2105146679107597,0.2421224491043336,1606.048597753558,1675.372598461527,1685.914263502469
3,origin,30,8,0.0704813360036583,0.1250117143913055,0.1280378933528127,1601.4482835873778,1692.9364905815069,1712.2592151442327
3,origin,31,8,0.0823898132729738,0.1960526103592644,0.2042696474356488,1523.7737582308669,1648.8582885773078,1665.5298441672633
3,origin,32,8,0.0934619339135873,0.2305774707779606,0.2349172397637654,1487.1834717744914,1548.0821178986414,1563.7486579133028
3,origin,33,8,0.0782916728157091,0.1530019521609646,0.1767192163240201,1536.2749624934931,1672.97604682038,1685.9623575997437
3,origin,34,8,0.0529264463345805,0.0748442284880097,0.0788704832847752,1683.1888979799437,1800.8704161198557,1836.9082581979003
3,origin,35,8,0.0901286355498018,0.1723673845727553,0.2012970807637172,1654.2213161543878,1764.12738589715,1784.7908791817688
3,origin,36,8,0.0726201314900667,0.1617242603188747,0.1696194694851281,1583.5750068049558,1679.2092824990018,1681.7141718903404
3,origin,37,8,0.0804522771847147,0.1558295538944763,0.1771796208427855,1539.255227329939,1692.6068312267632,1719.6372833855864
3,origin,38,8,0.0721076513740429,0.1416371566762454,0.1695277682637448,1523.3558826482545,1645.903730577018,1680.7015579473796
3,origin,39,8,0.0927370822827277,0.2241770735313364,0.2931932463010558,1452.8995169796492,1581.4467698791066,1637.101190450239
3,origin,40,8,0.0787851287296932,0.21185003878086,0.2159946467646594,1677.7197185139953,1897.054773173557,1971.45419867628
3,origin,41,8,0.0819741005476593,0.1076074326134678,0.1078186644604294,1522.913388113162,1592.9660219889083,1598.245769237359
3,origin,42,8,0.069329161901517,0.146174348008927,0.1709740946518799,1574.3712589103957,1646.0649425216698,1646.7781155280952
3,origin,43,8,0.0607327199126974,0.1096804626823294,0.1275247923374491,1620.1361274307778,1826.4516458124835,1914.848670441785
3,origin,44,8,0.0681566328471476,0.1550721709309012,0.1786530558053383,1420.2251991328585,1506.3730112746655,1535.4289205139637
3,origin,45,8,0.0804805607054477,0.2044079616585611,0.2348163518289489,1591.148843906907,1735.227927634936,1791.7931073614427
3,origin,46,8,0.0757697943710569,0.1640095355811119,0.1945308618032788,1527.963467518272,1553.501715464355,1555.2748237990186
3,origin,47,8,0.0729081762028898,0.1248031673446943,0.1438493886796248,1485.6357701430902,1535.787938576134,1540.247537423648
3,origin,48,8,0.0848610328493168,0.189421847701458,0.1907676310966555,1554.0892819099647,1701.1007053087092,1751.080966359069
3,origin,49,8,0.0609245427296619,0.1187640633059756,0.1298137008610724,1233.0106590866878,1320.6033357275614,1334.1894131281886
3,origin,50,8,0.0805700902539137,0.1737645674387272,0.176260771877762,1551.9484183131335,1660.9039305831388,1697.5342245691215
3,origin,51,8,0.0813598101277843,0.178233311863752,0.185868606190709,1534.392183817705,1589.074910860418,1601.7566705070362
3,origin,52,8,0.0888368845835579,0.1895422658988696,0.2300784174189865,1463.8790860481022,1527.5836432272183,1532.616614201267
3,origin,53,8,0.0789725206908355,0.1811430996613545,0.2442241824704683,1561.024942280721,1663.4623097740296,1673.1989262018913
3,origin,54,8,0.1097966608422915,0.2379202003925649,0.3011597931279156,1496.371999480773,1590.6926536461374,1600.4891142716283
3,origin,55,8,0.0712540584150663,0.1592661642180082,0.1979459469710832,1507.2065849752337,1570.6038073732614,1575.644669302192
3,origin,56,8,0.0839567954060167,0.1846413845183394,0.1876944011782005,1499.9679728444746,1541.2287991416304,1545.8240568617164
3,origin,57,8,0.0718887071968847,0.105545247043935,0.111311916749635,1589.8984516998455,1674.4120146002056,1682.889446073427
3,origin,58,8,0.0971204686914558,0.1709716394256695,0.1735861308231922,1472.8160731418222,1552.6619318752612,1580.5980699558172
3,origin,59,8,0.0618827929201296,0.1046539427274306,0.1112435144724115,1610.976382577213,1700.4343168683115,1728.459050572243
3,origin,60,8,0.077119859328247,0.1186802749816316,0.1216093530610452,1603.04027904056,1646.880358321078,1648.3377639676569
3,origin,61,8,0.0692371261143898,0.1168542193676653,0.1191778878438287,1676.1755907640654,1824.836947795556,1855.4689977293472
3,origin,62,8,0.1009834633700252,0.2516090181333534,0.2769047198684991,1611.9400815132572,1799.9529241224886,1815.856646248672
3,origin,63,8,0.0767379611443794,0.1866129751915809,0.2506706440034369,1382.280329549311,1504.8703856290974,1538.2213189709046
3,origin,64,8,0.0705551970263057,0.0917500103930049,0.0936361076624328,1514.9034950691887,1564.183572981019,1569.2818044645585
3,origin,65,8,0.0794742687907343,0.161658868112105,0.199132019768813,1588.000928333292,1630.416706562715,1635.2488763108713
3,origin,66,8,0.0555069015381523,0.0805716859884035,0.0868244911077393,1563.3532373710868,1648.4063583684806,1654.1117554856994
3,origin,67,8,0.0745401975448743,0.1221449141297494,0.1486392386724624,1519.6417849558534,1661.145785525858,1667.7020791074897
3,origin,68,8,0.0493152048300394,0.0784984998032421,0.0849198859761787,1639.3843551442196,1755.1134509860428,1788.312286529059
3,origin,69,8,0.0572414448401419,0.1128294012641772,0.1402923358678005,1474.143933708776,1581.306458846174,1588.8756357917537
3,origin,70,8,0.0854481401959416,0.2088850264352135,0.2524801757989214,1669.952596993125,1844.9875605178347,1873.492803989095
3,origin,71,8,0.0578791530642093,0.0898462366461395,0.0988317168135761,1518.0847394900488,1648.445263043441,1684.944262493448
3,origin,72,8,0.0838689028454678,0.1194219419418652,0.1261050325149242,1399.1883629842002,1452.7867304245758,1455.112310012344
3,origin,73,8,0.0593789725711903,0.0993002766685316,0.107529963211487,1223.273674873733,1349.549097125234,1355.966218107692
3,origin,74,8,0.1097898546956534,0.2783774221098877,0.2913654025084934,1550.39590058569,1607.2719396845796,1614.498604878942
3,origin,75,8,0.0787242187938135,0.1951050753074456,0.2229784091622344,1605.5542407380772,1747.1681197084863,1798.930196896493
3,origin,76,8,0.1087308997367107,0.2378736310697716,0.2461187177670101,1492.9772356713142,1609.5147684057704,1649.991829411333
3,origin,77,8,0.091945252980363,0.1539521370107597,0.166558561120372,1423.4189947528691,1604.2951217906248,1680.075574952146
3,origin,78,8,0.0922238001665464,0.226236223043149,0.2455298232205782,1512.1402016095285,1600.7464756089714,1607.8996127404955
3,origin,79,8,0.0899998652658177,0.1904993529776562,0.2039719279467407,1490.9953350573671,1590.369653511742,1606.0487710225534
3,origin,80,8,0.0656998912996585,0.1474777425881005,0.1492493471550455,1360.4826641491318,1489.7954446517372,1522.0869255733323
3,origin,81,8,0.0761340382904649,0.0963275762902525,0.100833476097386,1496.3699282838686,1547.8262280567578,1562.20209312113
3,origin,82,8,0.0705207661190509,0.1586204907635337,0.1923513245164781,1516.7207876994255,1609.6990325783868,1617.2462646353447
3,origin,83,8,0.0784755176011818,0.133608933695873,0.1413042460999381,1402.732788495599,1516.0156841893547,1538.195780105876
3,origin,84,8,0.1049438249550104,0.2546755386291103,0.2817853688501625,1612.6476518882043,1675.2023845439546,1683.5556449654987
3,origin,85,8,0.0748035132770854,0.1208777400290279,0.1214359101469646,1540.589643560172,1672.195236446527,1698.5891760958843
3,origin,86,8,0.0728968947889075,0.138283862408774,0.1413183671570182,1401.847795615598,1561.1911929812047,1642.8347612346847
3,origin,87,8,0.0759803299477836,0.1350986898525245,0.1543769416428799,1379.227968584598,1443.5383385473133,1454.2218872533444
3,origin,88,8,0.0727944676102689,0.1532948101562195,0.1679897475736659,1530.400418105712,1580.0277761977875,1592.7195844975722
3,origin,89,8,0.0814078811471297,0.1982138040586704,0.2149620721385462,1550.113872586846,1640.9747215255309,1668.8323698264587
3,origin,90,8,0.0772063650044426,0.1438138152496889,0.1742795245674457,1548.9192480056572,1683.0215897827986,1716.3895279857452
3,origin,91,8,0.0761127585973235,0.1121304582134622,0.1131984144035427,1435.7766553726517,1500.3632698652264,1506.8251008635982
3,origin,92,8,0.0835053429875604,0.1189997801220503,0.1259511682499626,1420.9807882022544,1553.9321963192178,1599.5754020903391
3,origin,93,8,0.067209570228029,0.114666980723321,0.1280235985398695,1375.5816685982363,1479.3032367975509,1503.621843885943
3,origin,94,8,0.0809660701173469,0.1264529040925007,0.1336280083123081,1316.0337673564302,1492.1421464001965,1571.416555014097
3,origin,95,8,0.0858501489014322,0.1981313599381262,0.2494331219990455,1494.617815364322,1591.027473732508,1605.6883687259435
3,origin,96,8,0.0845455785419086,0.2146076442298963,0.2258650693031166,1361.4526972813546,1497.7901415209435,1518.173784783368
3,origin,97,8,0.0755520089330433,0.1558679043774266,0.1588856872080578,1348.9995696256271,1418.174030268961,1430.607851179912
3,origin,98,8,0.0835568773991999,0.209151378850888,0.2339628730074572,1621.938676001306,1701.9660380548685,1713.446846828017
3,origin,99,8,0.0810553476155939,0.1493937324817523,0.1692264169274986,1515.15356411825,1597.8587234886515,1602.563222883481
3,origin,100,8,0.0932443836892706,0.1680944785229591,0.1751540086276832,1548.930799262481,1594.3179044351457,1600.6559852764208
3,origin,101,8,0.0783317391829048,0.1432422789438499,0.1694938515341839,1558.594717672398,1764.9816878577055,1865.1127888927736
3,origin,102,8,0.0871746674860659,0.1480372501044302,0.1728977395029488,1616.0334937059934,1667.829055283047,1677.1115776062295
3,origin,103,8,0.0737193387782798,0.1405461342536951,0.1694670859164985,1560.1134513983598,1707.6283965321263,1766.2401919877211
3,origin,104,8,0.1072912427731694,0.2326100630836979,0.2925164136988774,1561.8840169210418,1649.9462762585304,1667.6415938045286
3,origin,105,8,0.0876968188684318,0.2070420219836252,0.2620381180379042,1414.5696767179784,1487.6005657101705,1495.035949672853
3,origin,106,8,0.1020748559509734,0.1869763949049123,0.2174579466063656,1439.1850254248975,1529.2455700093767,1541.054173457221
3,origin,107,8,0.0865499312108945,0.1523192487259289,0.1731914144911562,1623.5209628484697,1736.89567174608,1744.8052446074653
3,origin,108,8,0.0750920380421481,0.1502105419501656,0.1722483138503718,1534.7787262292077,1638.2812018936283,1686.610662314518
3,origin,109,8,0.0903837350097274,0.2305275011178579,0.2934215327223617,1377.2766495445226,1467.0029329193617,1473.466120953662
3,origin,110,8,0.0961237389777494,0.2069141999032488,0.2104875799376694,1223.9964022995923,1337.4819923462064,1362.0995993101549
3,origin,111,8,0.080158192302003,0.1128264805678995,0.1128896049318763,1445.4745703391325,1497.3245585167908,1505.825279518641
3,origin,112,8,0.0744552743445588,0.150536812033903,0.1643339152993625,1570.0423556225292,1697.4832984600853,1738.891990824091
3,origin,113,8,0.1180113778737206,0.2932432538412952,0.3123859159206947,1553.558772874271,1639.0810691135505,1663.848125995845
3,origin,114,8,0.0801238011088866,0.1770242551417739,0.2150092754731693,1417.427129379039,1508.5782921430914,1535.301252420872
3,origin,115,8,0.0705004393076256,0.114266252119969,0.1244611389089414,1448.5435698309625,1524.602481416192,1528.8639316829724
3,origin,116,8,0.0930631164484405,0.165651640073239,0.1861273903099723,1409.7124024237885,1477.6518314491975,1491.263960352273
3,origin,117,8,0.0809981256304467,0.1452841258896608,0.1473559468248866,1575.8207861073558,1602.5623486601207,1603.9982864978742
3,origin,118,8,0.0838468535111743,0.1508896112572222,0.1716090111439687,1375.9967026574673,1512.5112906511786,1555.339407036231
3,origin,119,8,0.1043616079731672,0.2506615239263001,0.2998795835701355,1523.106987728449,1652.7836227229134,1691.9939083155873
3,origin,120,8,0.0937547383780922,0.2064053285413866,0.2487769441054222,1421.978096475504,1484.8390070754024,1499.6372004016298
3,origin,121,8,0.0664560506724424,0.0917001921484658,0.0987220680439885,1469.8189598480724,1528.4323857331526,1531.9287305510836
3,origin,122,8,0.0879433083928503,0.1367904628376523,0.1574915074854781,1471.3004896938128,1624.4353665994786,1677.7018871027112
3,origin,123,8,0.0975233095664065,0.1976511851718851,0.2132917526452689,1521.554346516704,1554.7429182395767,1560.5983567013172
3,origin,124,8,0.0951322344840806,0.1657546551593973,0.1681625093506179,1418.527035228101,1450.3416323785457,1453.1982831424862
3,origin,125,8,0.0677105446674272,0.0939724496669142,0.1021469960982653,1442.0711629454613,1533.8124905704224,1556.1339153669014
3,origin,126,8,0.1329267082982807,0.264218047721209,0.3169496218517618,1476.81354271982,1576.242043753092,1596.3829223001662
3,origin,127,8,0.1073310408414221,0.2957412867591802,0.3798155068088903,1349.5480521680263,1448.2846777569016,1451.1445755290877
3,origin,128,8,0.1055164182896842,0.2336049311500617,0.2371771565469552,1617.2678370354372,1801.0764849706934,1892.21049094003
3,origin,129,8,0.0966164804753171,0.1433312874447437,0.14492357990002,1458.9155241470494,1539.6035088005265,1542.484803061979
3,origin,130,8,0.1077260568594966,0.2713575054920724,0.3616158165608324,1504.6821863978078,1619.671403630202,1633.4779178472638
3,origin,131,8,0.0976440829490486,0.2207440476414962,0.2744621234781741,1471.3708901955315,1751.5859946729122,1878.0056644365288
3,origin,132,8,0.1137054502698566,0.2525941154953394,0.334265265647874,1318.7383347673144,1386.272622757033,1389.951380027312
3,origin,133,8,0.067704454637892,0.1484022260820594,0.1934939971147412,1544.5373107458067,1666.504351283489,1728.859979295181
3,origin,134,8,0.1187436554082033,0.2371847667407274,0.2736958764217246,1431.7149476140955,1496.9578943596616,1505.485215782267
3,origin,135,8,0.0752786079187088,0.1150517988369729,0.1231627648809912,1473.872882718198,1523.134159795169,1527.0680134163174
3,origin,136,8,0.1078713102241458,0.2659103970235704,0.3471244889579842,1575.5118761413296,1673.0227558963206,1678.947351176618
3,origin,137,8,0.090454953616211,0.1870709935575476,0.1939635921437918,1509.7195304678603,1594.0955521658927,1604.9078772793223
3,origin,138,8,0.1178403681316827,0.2247531891070557,0.2416493952021998,1515.965571550745,1576.8105113825984,1577.3274320534615
3,origin,139,8,0.0754569223130636,0.1625257450004851,0.1777311220344617,1384.612713910579,1449.9079865046958,1456.508637452558
3,origin,140,8,0.0899858178963246,0.2202931857911844,0.239722483611392,1401.316138044455,1479.5095974079932,1488.284017296694
3,origin,141,8,0.0884204055004266,0.1281226965224323,0.1320781922125886,1583.8553740029554,1750.6431360655397,1802.436984333592
3,origin,142,8,0.0881492639050622,0.2286006895022188,0.3132026243663859,1492.8605555635786,1609.7462043719884,1666.0253765008374
3,origin,143,8,0.1109750330299408,0.2282799598100955,0.2472308198032908,1421.0540765392543,1491.7349314525331,1492.5351543259785
3,origin,144,8,0.0770002564774203,0.1520641335464559,0.1753811855942375,1401.8713276316978,1496.6652695747364,1497.9745496458995
3,origin,145,8,0.0694284959765463,0.126740796854695,0.1284773111585838,1437.544358523645,1541.662581670847,1566.8017428637932
3,origin,146,8,0.1186524237460622,0.2164068902038048,0.2371139290645122,1473.8107407319403,1545.608846178199,1551.5375385573898
3,origin,147,8,0.14823449310213,0.3473712528922668,0.3939022198808883,1430.185603612686,1584.29394249131,1636.1984634489927
3,origin,148,8,0.0764653684851482,0.1547785374165931,0.1821049165270872,1489.7439811110874,1606.188985339663,1616.1908069419324
3,origin,149,8,0.0600236860329663,0.1266279007394567,0.1403978876840235,1417.95945236129,1516.711752018394,1530.033550600052
3,origin,150,8,0.0948700073404202,0.1591494256396288,0.1833621414854946,1552.8708399015118,1679.9167438929896,1696.9633829088743
3,origin,151,8,0.0804186480518498,0.1546356355248515,0.1825111647409997,1421.946500578901,1472.3148486405348,1474.4795325663322
3,origin,152,8,0.1274745680066124,0.1898736232161002,0.1954721708739751,1512.398654647086,1593.7595901035795,1607.8331204919796
3,origin,153,8,0.0796321422766021,0.167711158294543,0.1792469465155504,1467.0602491549485,1527.173951146994,1545.0960761800636
3,origin,154,8,0.0678221468325117,0.0916523770001367,0.0922379166498986,1430.9988829000254,1515.728917966475,1520.4824293925928
3,origin,155,8,0.0863913527997072,0.1478524765327073,0.1792192563849775,1468.2759628149952,1548.8986778897392,1568.8420886276854
3,origin,156,8,0.1046367119929834,0.2279352030230517,0.2429488607073092,1586.5927263889996,1772.2343307640426,1779.410163772686
3,origin,157,8,0.0873146174827097,0.1293614284126686,0.1330764306261069,1373.4913595271614,1471.4469306365295,1479.7268277784458
3,origin,158,8,0.1281691974456142,0.2977625754079585,0.3167776774106752,1575.137441154157,1648.2463971597606,1667.4739973560545
3,origin,159,8,0.0804560443147971,0.2027776683265431,0.2516841759836553,1505.8120447821325,1540.9267627178428,1546.0114672895231
3,origin,160,8,0.0712698103596329,0.1214360052271096,0.1270577865255908,1375.1781349210155,1447.4383362857943,1464.2771882276093
3,origin,161,8,0.1256583149367448,0.2436920022045898,0.2826534093342139,1434.122476066436,1529.4732342091938,1533.5734864094045
3,origin,162,8,0.1138557478850023,0.1956250373784063,0.197884286253591,1343.7978022034104,1433.077864559655,1454.3438294137
3,origin,163,8,0.10245387181835,0.237541572293591,0.2855785677795891,1672.574107096364,1816.3091348286905,1840.607591185479
3,origin,164,8,0.0963996058439175,0.2126553340435709,0.2196578421993876,1415.3835347448517,1654.2642192511353,1774.9906822476405
3,origin,165,8,0.1113820123541318,0.2450951678704733,0.2826676030384967,1487.2563032941428,1570.3594278219184,1578.033956436423
3,origin,166,8,0.1181563599954917,0.2443976519920043,0.2451623781146125,1516.9723020844451,1577.044543254127,1587.7450662955953
3,origin,167,8,0.0810539189787618,0.1137665681405879,0.1173420995911811,1563.873961350805,1603.636476436394,1608.3780005135393
3,origin,168,8,0.1051154931972303,0.2479185963963691,0.2944525340426319,1461.3433753725285,1536.3240068798389,1563.6939926289358
3,origin,169,8,0.1170138290231567,0.1610757994692187,0.163338623252485,1489.228370117055,1610.262199665509,1648.8407537950743
3,origin,170,8,0.0941499377133204,0.1762789238143429,0.2012800090544858,1249.6777091786496,1360.272662072192,1378.1423429798435
3,origin,171,8,0.1044035404281913,0.2264488849771355,0.2810581294118521,1568.0608012269922,1639.6829023193184,1649.5383524200902
3,origin,172,8,0.1334492869870583,0.3692459226498294,0.3972133461627638,1384.8028624591452,1478.40953963813,1503.907039900134
3,origin,173,8,0.0962043785155394,0.2124630557274136,0.2476418403441846,1465.0817406186866,1543.959016706639,1547.9391183132236
3,origin,174,8,0.1254007987541538,0.2635924003562694,0.2969655243028719,1412.2641656331766,1558.2131038949497,1599.4951127905074
3,origin,175,8,0.0878905422150508,0.1730419058190911,0.1906013732234193,1244.3933995618438,1355.4770053053107,1388.978835396652
3,origin,176,8,0.1086508809162409,0.2823770277766935,0.3330489331949545,1467.9659529083556,1529.1526970809773,1538.9918422494554
3,origin,177,8,0.1217887164036298,0.3120387283630857,0.3376883644272928,1412.7152057215571,1492.121549409365,1495.6770920406443
3,origin,178,8,0.0855431508617556,0.1509087301894955,0.1740411879577653,1561.741335866382,1603.7320680729567,1608.8946815355612
3,origin,179,8,0.0772448074650019,0.1822612081691408,0.1995380895251077,1132.163499522251,1232.0936852765583,1265.875251189357
3,origin,180,8,0.0886364797453697,0.122049154686476,0.1272535217104473,1392.5222467803817,1497.804094189421,1523.9148212315804
3,origin,181,8,0.1191256082369704,0.2809682879097832,0.3133785717303665,1535.7188688469648,1631.4526552519656,1639.0039401905908
3,origin,182,8,0.095789557345774,0.1648051438661067,0.1895943441150244,1052.8005473314222,1110.9913707436144,1111.3630335467658
3,origin,183,8,0.088895928279106,0.1580407248588317,0.1799720864261532,1552.0810991049498,1689.4671200166017,1725.4188598309872
3,origin,184,8,0.1218145957059892,0.2764805458841625,0.2963889659691586,1449.296332662671,1543.4504375750892,1556.7627629035524
3,origin,185,8,0.0914256210819954,0.1525185558714131,0.1795933159544935,1445.4118500604648,1556.3669831792208,1557.556306548456
3,origin,186,8,0.1078402293021134,0.2256569313792218,0.2611159861026998,1571.796589486138,1660.707231455498,1668.531637261733
3,origin,187,8,0.1334684717724482,0.3248561884939953,0.3906101185508373,1615.1484723149772,1690.0279434799625,1691.9806030974953
3,origin,188,8,0.1123878482266272,0.2039342111348751,0.2286292701517131,1411.3939039116171,1498.1238764519385,1513.087679753436
3,origin,189,8,0.1271517393441086,0.2619183464103902,0.3072113509109107,1453.4768709998543,1593.96931160973,1638.9635934559417
3,origin,190,8,0.1094936949993003,0.2078883567234851,0.2368716647227161,1433.6175630290777,1651.009359311063,1742.1185724949953
3,origin,191,8,0.1066857862630758,0.1842311775638397,0.187225962699427,1498.4183354012137,1581.7251345748607,1592.2400455847728
3,origin,192,8,0.1582557744361224,0.401062540420417,0.4295708452917559,1440.1462672210373,1528.7638986322695,1541.61478030555
3,origin,193,8,0.125437540387317,0.2081638538981402,0.2375038151019597,1457.37336019747,1514.6715484217757,1527.9363921885374
3,origin,194,8,0.1144585521912374,0.1947034847323363,0.2069889077018791,1524.454228403538,1679.26555217466,1751.1997823266383
3,origin,195,8,0.1209961154422195,0.2296035918422924,0.2438251202162796,1436.7741131093303,1518.7744151947031,1522.567350282638
3,origin,196,8,0.1156292391394382,0.2269722842069096,0.2810803195711769,1492.2561724937734,1649.6081840261138,1704.1144484448266
3,origin,197,8,0.1247133270899606,0.315172845885265,0.3913918080287427,1468.311125739692,1520.8536940352217,1521.4550276374855
3,origin,198,8,0.0604222204499109,0.0820851750470736,0.0858479817128681,1174.549871614043,1285.2805045794355,1288.950108017366
3,origin,199,8,0.1065878952937044,0.2097226412534437,0.222966499061063,1450.0622243610346,1520.769451829437,1526.1471321317174
3,origin,200,8,0.1230916922007859,0.2286629664206945,0.265493553558883,1482.7295691737695,1720.5677719154646,1753.1740239284584
3,origin,201,8,0.11390317547991,0.2801706231542455,0.2948644644433395,1432.741679194933,1621.3263663284868,1717.2772938122785
3,origin,202,8,0.1104051009253699,0.2231264190643505,0.2355808237607559,1324.118136695976,1410.406612383933,1422.1358223341388
3,origin,203,8,0.1143925070199635,0.2039619843203954,0.2379360295491291,1607.4012976288006,1845.000379269456,1973.4627191311256
3,origin,204,8,0.1240251238268641,0.1961518491268547,0.221034668483841,1645.565877140342,1737.5973943707386,1763.348190163897
3,origin,205,8,0.1328588587592023,0.26983587803261,0.3267254678361646,1433.52804979212,1515.2902975644895,1527.9825900009096
3,origin,206,8,0.0640757628736343,0.1216025624564953,0.1422752473223539,1133.2093204063372,1236.1089953821686,1246.8790113771806
3,origin,207,8,0.1075875032565987,0.2111254324692802,0.2229644822503832,1451.8987728254692,1523.704667877262,1548.975860408559
3,origin,208,8,0.1467006469767653,0.2966337380790317,0.3127922742962736,1443.7118113871743,1521.4393741265412,1537.3775329653254
3,origin,209,8,0.1209412093314618,0.2503115587752195,0.2648984358440424,1255.161791101434,1390.1063062935846,1394.9883608779858
3,origin,210,8,0.1286383909370975,0.2912667005215639,0.3531455921592378,1460.408276030112,1556.4685247963607,1560.2295467417362
3,origin,211,8,0.1243237372057773,0.2178327459535287,0.2201964192907274,1431.0754888157649,1503.0478149099308,1504.0053772641463
3,origin,212,8,0.1447255163180873,0.3541944469163586,0.4029926958366171,1600.9751849295044,1691.1687619454478,1704.7728375755312
3,origin,213,8,0.1262390475410891,0.2491179171281754,0.2529171114307575,1289.927343779463,1348.5176627931069,1348.5999389000822
3,origin,214,8,0.111650976396754,0.2702829794262644,0.2954589115476898,1394.287140023116,1481.8648219704037,1496.8718270592444
3,origin,215,8,0.0977688803997372,0.1618051440602867,0.1780294401686847,1284.6348811961043,1354.2758727923592,1356.8138443163846
3,origin,216,8,0.1191419353455183,0.255285367554918,0.2813880278060657,1368.4439088880272,1463.598232786294,1465.663291971298
3,origin,217,8,0.1288382681518101,0.2217300722629183,0.2402836932203917,1506.136544327817,1556.7813172182791,1566.973988078882
3,origin,218,8,0.1271018007473127,0.2590695003739631,0.3257277708061905,1525.9368641889328,1687.1074611817571,1741.632331758078
3,origin,219,8,0.1134543985549669,0.2177013454263587,0.2557146754266228,1333.0039361237164,1392.593849293146,1399.945599779442
3,origin,220,8,0.1527347801869368,0.4099837479027217,0.5380934591770171,1455.8791864866423,1569.2798969263836,1592.7964582497386
3,origin,221,8,0.1166710864636003,0.2478807592393203,0.3095316561511664,1466.1426717226352,1596.8930719980344,1598.3668856279012
3,origin,222,8,0.0978900265354307,0.2575557437519599,0.3493786879810533,1406.769132567429,1489.5793922079167,1506.3729797956803
3,origin,223,8,0.1073441196481663,0.2278384109498092,0.288442198307154,1331.1644791250596,1382.8109312189722,1395.3896169295192
3,origin,224,8,0.0807088075314443,0.1339467366814055,0.1390175559446892,1408.8907150714576,1518.1862557611648,1529.0746414459054
3,origin,225,8,0.1471697558673858,0.3043719431296023,0.3449759827489799,1354.4545344928858,1473.207103098583,1506.6992058036635
3,origin,226,8,0.1395049335314488,0.2742984036546972,0.3335424161213648,1429.7795646759073,1583.1665224582332,1635.8368716816003
3,origin,227,8,0.1166574945885031,0.2391595565993476,0.2909422619819644,1369.570185921514,1450.687950815909,1470.1958420962824
3,origin,228,8,0.1038174435189779,0.2113372014425565,0.2366542256831971,1349.572220834741,1430.1220014128496,1444.8854020569884
3,origin,229,8,0.0916329008807455,0.1359320741826814,0.1399483128970094,1485.0750675239562,1651.427377265342,1693.3773732802606
3,origin,230,8,0.1097488589331718,0.2408759524255085,0.2428648399761388,1423.378848060357,1510.588388008611,1528.2631291833914
3,origin,231,8,0.1017990189884804,0.1892285373016148,0.2132300714750126,1477.7739146302613,1533.0224572208365,1533.371745088926
3,origin,232,8,0.1678646568513836,0.4068722699180429,0.5252447425146529,1299.7413903351792,1385.67301276913,1406.9804190336326
3,origin,233,8,0.1339708524523777,0.2536080737503195,0.2538436309087941,1415.3144881543146,1561.2444830548409,1622.0823245025658
3,origin,234,8,0.1092992428181968,0.2429014967532322,0.2638894088945998,1535.343553801194,1771.4512764437552,1891.5236319497344
3,origin,235,8,0.1076857830633353,0.2338936221477588,0.2565961840491418,1508.6770337056837,1606.2196560994785,1615.083366881661
3,origin,236,8,0.0950283898887404,0.1664520735995562,0.1876437773631494,1444.6548422507867,1519.7627612034491,1523.0816210682449
3,origin,237,8,0.1070384271233884,0.2298464931757851,0.258552391554572,1445.80975304844,1496.5753214545712,1498.4121292344803
3,origin,238,8,0.1019343519370893,0.1740054400744193,0.1801950914891602,1442.029960538821,1481.2879599473283,1484.2745509379342
3,origin,239,8,0.1359711097036693,0.3110783079912082,0.3234620915952725,1527.0735097242557,1631.2082358447335,1642.2861759867806
3,origin,240,8,0.1491006439937091,0.2540398460875664,0.28936075182719,1487.8970062396554,1605.3595559892417,1608.5767460028376
3,origin,241,8,0.106936423354332,0.1682215038392701,0.173443432526224,1438.413171602529,1506.6848075359353,1521.3577246607963
3,origin,242,8,0.1071806003635758,0.2100214707549849,0.217495277514623,1471.2817863006344,1536.7573944593762,1550.6186324206571
3,origin,243,8,0.1084768554024163,0.2010476674605154,0.2170009384071793,1414.3910471261966,1501.561595171942,1502.7145163206176
3,origin,244,8,0.1200635249810614,0.323672065391592,0.3733492038910043,1473.0942705652917,1628.1020273606662,1681.108446376997
3,origin,245,8,0.1222002583183959,0.2777928322737019,0.3475218156595764,1594.6843395632543,1814.3005231532372,1848.1823991014453
3,origin,246,8,0.1053227529489496,0.3039720821460071,0.3922056508870238,1432.1641501333334,1526.3267922642365,1551.7219208275178
3,origin,247,8,0.145280789923314,0.2862033453505834,0.3214032341888539,1361.1709691098474,1470.6964031398284,1477.2191583772667
3,origin,248,8,0.110187003967762,0.1790858646985871,0.1855029670405149,1392.4146071600442,1480.212966975692,1485.096965532731
3,origin,249,8,0.1063462463271265,0.2247511483475808,0.2264803577186531,1302.6169003802063,1432.695548312418,1484.6230855800588
3,origin,250,8,0.1049052318209408,0.1621305512946354,0.1648526315837422,1463.0349547733651,1606.9536075698772,1664.7789549802978
3,origin,251,8,0.1334487960187356,0.3744601404700536,0.4149378782148251,1370.7084124436965,1481.8248458947394,1498.904843250866
3,origin,252,8,0.1386112548617219,0.3821482322784569,0.4256993974873689,1439.0842050782508,1668.9188422095528,1719.9927119460508
3,origin,253,8,0.1409874032618985,0.2135256326334924,0.2263905802641292,1335.711418398011,1401.16041294744,1404.5075483497685
3,origin,254,8,0.1088945102300008,0.2437941745973929,0.250637245532315,1558.7563600252122,1613.4302807991949,1634.7951969114738
3,origin,255,8,0.1119277457072588,0.2037030037709295,0.247961526485014,1324.7460057330193,1666.4175130932538,1872.4586339484372
3,origin,256,8,0.099701297293061,0.2498029919407257,0.3245656086109081,1343.8273819125702,1558.4095112976802,1592.4907076431448
3,origin,257,8,0.1598032456245207,0.5577649654602185,0.7660245667942202,1479.2231593592971,1613.8724976976623,1660.7367639468364
3,origin,258,8,0.1097763601699256,0.200327806732486,0.2247892699880149,1410.790890276072,1585.013251162237,1637.034634214067
3,origin,259,8,0.1181550540286258,0.2473534725374243,0.2694677946818071,1650.3489613038348,1763.4156894696173,1822.5863734703196
3,origin,260,8,0.1127027395107171,0.2495020970360112,0.2600387988676623,1378.843981891638,1497.4542389246276,1514.5992396164331
3,origin,261,8,0.1560403968774514,0.3615205017178474,0.4567374331193731,1464.8320689447758,1554.683775945664,1572.189376775637
3,origin,262,8,0.0929808474726025,0.1981564286864822,0.2415073472043601,1569.182961996212,1679.7652361151927,1705.503737380081
3,origin,263,8,0.1522325125725659,0.2483904592446434,0.2573597675209359,1458.630324785669,1677.8044738999463,1742.4391485378358
3,origin,264,8,0.1294044568154246,0.2191463555563098,0.2263362483478902,1490.201118454492,1536.9171310094698,1545.5015078487388
3,origin,265,8,0.1300394293528296,0.2520726662715609,0.3004778633122829,1346.9083657270044,1420.2678806518554,1423.268208276924
3,origin,266,8,0.1389316230331519,0.2796360115313942,0.2841569250390507,1015.3918886330302,1138.1722525344164,1149.8570364021682
3,origin,267,8,0.2030527787199613,0.6098808878287192,0.7554130546879086,1463.887042575186,1510.3931133806068,1517.1754522196036
3,origin,268,8,0.097723315853033,0.181124109448512,0.1898432587569848,1343.9840348016444,1372.7507787528525,1373.3716504402694
3,origin,269,8,0.1256216923155181,0.2468238664729896,0.2810787215654234,1516.8232357151762,1684.197835804707,1755.3591956999069
3,origin,270,8,0.1361446984248884,0.2625420953148146,0.2689287607650422,1461.92973028359,1548.1936437481506,1569.788291359239
3,origin,271,8,0.1582532163890667,0.3168418808001025,0.3869805019019576,1381.2365813103916,1443.548232163319,1451.0359122099233
3,origin,272,8,0.1249001351736608,0.2775076630877425,0.3214757521943625,1480.9379039772273,1544.19193620666,1559.7061020458166
3,origin,273,8,0.1270984650210358,0.2808690204159725,0.3078010001806636,1422.484210675423,1498.1436377868413,1530.7003040441184
3,origin,274,8,0.0922401148583031,0.1846925985999058,0.2244364817532024,1432.353815353753,1628.3106190243811,1684.400858384598
3,origin,275,8,0.118211297098023,0.1874013220380685,0.216163106795072,1209.7288899497612,1258.600989650709,1260.1260517967885
3,origin,276,8,0.1241243952913824,0.2292212550690726,0.2635429779761535,1314.2313991296635,1427.5255781883045,1431.337199830998
3,origin,277,8,0.1376276291235557,0.405870091601927,0.5252324417026342,1477.365825817716,1647.6179358583595,1680.5921785635446
3,origin,278,8,0.1416826451475424,0.2426072394908691,0.284831878848892,1345.3882424904516,1381.9068896690185,1384.2090629844788
3,origin,279,8,0.1694742595730251,0.4310496578258403,0.4873288626457883,1384.2008086440617,1477.580449852002,1482.1463513116028
3,origin,280,8,0.1928098968950212,0.3413590219017401,0.3996532176769428,1486.0631118196404,1622.2003866925158,1656.3572742180434
3,origin,281,8,0.15832735862248,0.3416240670457488,0.4441224561641391,1432.081296325349,1556.5325732093922,1575.2851878452682
3,origin,282,8,0.1348778088815,0.3671859259832967,0.4833567638387486,1304.3775398335165,1624.0773175092163,1765.0531143085227
3,origin,283,8,0.1637938717413892,0.4022464956081015,0.4862660781984407,1545.921374527042,1619.302103078256,1630.8990386669589
3,origin,284,8,0.1052546611984729,0.1825595540139494,0.2092921963138204,1217.8532617734863,1247.8131790247317,1249.1274272084177
3,origin,285,8,0.1394130328837796,0.2257234196513295,0.2533406774525666,1425.9147857940688,1490.9324390613433,1493.1016154885
3,origin,286,8,0.142650372596214,0.2580869883863425,0.2750652183548735,1360.1934823828483,1416.3318356575196,1427.3847298118512
3,origin,287,8,0.1387926534443323,0.3114932552517719,0.3170072273139731,1408.6655323138084,1630.7153085153932,1725.8274262540406
3,origin,288,8,0.1705717883131255,0.290956935411766,0.3172641109615287,1319.869080052567,1391.0526534272162,1394.048587606656
3,origin,289,8,0.1518965231600685,0.2679550107325404,0.3074687885568201,1300.2398518822731,1357.1096402482146,1357.374739180636
3,origin,290,8,0.1406500249938426,0.2939426033929396,0.358586095968724,1400.781630011114,1489.4286904980538,1491.9910360718775
3,origin,291,8,0.1550764270754812,0.2916061538608016,0.3294318323662991,1503.3002452674025,1578.3344357646022,1583.6051129550317
3,origin,292,8,0.1096792007251841,0.2109899218288871,0.2509352870060821,1424.4072113542925,1538.3473737261395,1588.1406495615315
3,origin,293,8,0.1308190798693488,0.2178229115005299,0.2510869943012446,1377.9889800156832,1537.9247806167712,1547.1720688402577
3,origin,294,8,0.1539706110199312,0.3258639003077768,0.3951555909618561,1352.749706120331,1548.2113843686236,1612.9734977580056
3,origin,295,8,0.1807177814040447,0.3650237266998638,0.45743977557375,1525.7191214349791,1651.512431197115,1698.5612259526258
3,origin,296,8,0.1477002120779075,0.3036110849147586,0.321227278677745,1425.1088648218065,1548.8076490686103,1558.128801380793
3,origin,297,8,0.1481578714227786,0.2798150744331533,0.3013223598263204,1389.8860983928314,1435.597375721105,1441.175088916694
3,origin,298,8,0.1205368141671273,0.1665265450157851,0.1716778797892889,1272.346001845337,1352.6239736294872,1354.359729569518
3,origin,299,8,0.1517813182584259,0.2666916669502977,0.2732151097434855,1443.8112664412974,1543.814949623822,1574.4159494434623
3,origin,300,8,0.1454183100305904,0.2905610624782139,0.3572254598808074,1372.8124191003762,1471.8208349377403,1480.9694495381982
3,event,1,8,0.0945658542193397,0.1614187658984928,0.1875345827302791,670.5865922971313,719.3544220344472,739.205735327199
3,event,2,8,0.0658293737718115,0.1021285855489426,0.1067852918960513,645.5895495018668,678.0872541432453,680.2522510069334
3,event,3,8,0.0757670245736747,0.1599293360007247,0.1835370045477826,702.29130795968,755.4165124818506,756.8129554978397
3,event,4,8,0.0995658535900401,0.1681124444758156,0.1684447316504634,786.7745201462809,816.2189755779027,816.3673573271869
3,event,5,8,0.1002587122531109,0.2057119969420821,0.2165395644055424,886.2537420463541,948.956410058024,967.3226965282836
3,event,6,8,0.0785974317225832,0.1237300281982619,0.1332297175582435,1056.4526183163698,1107.3424511600497,1114.986136229673
3,event,7,8,0.0601304339557747,0.1312338581946699,0.1727816855101138,1091.546289276218,1151.1834974564852,1154.9394033414155
3,event,8,8,0.0578352674265753,0.1328700986409196,0.1534195398533417,1078.3602181660392,1133.8278276135738,1143.504191055257
3,event,9,8,0.0685453722132197,0.1315880000461348,0.1366634299351801,1181.8629801867316,1308.731561858334,1342.1075456395065
3,event,10,8,0.1084558787343797,0.2084210937169704,0.2412311530746804,1263.5871999722483,1336.835545213905,1346.7214180671738
3,event,11,8,0.0991127533552245,0.2130779004195607,0.2466240500832586,1294.191862586155,1432.5186381104595,1458.39839956224
3,event,12,8,0.0851450281079842,0.1934874029496324,0.2505071376783574,1357.1181149892411,1460.892392067945,1486.5019644151032
3,event,13,8,0.0820839344161002,0.1881829405583986,0.2473088947712818,1373.9180362965965,1565.480662886149,1653.8345780039087
3,event,14,8,0.0768126682295473,0.1478112114654139,0.1759141081283398,1382.3012368475677,1484.7131923283944,1487.7994055335407
3,event,15,8,0.0677845356008657,0.1654517539267498,0.1935701035833312,1287.7885270928211,1430.462275650022,1467.927805006244
3,event,16,8,0.0767182782509328,0.1353787792086776,0.1510594131013381,1190.961031036507,1248.6455603823874,1255.4600784596685
3,event,17,8,0.1025369093619316,0.235079887845052,0.2974305691894788,1486.9548286884306,1551.2980731087432,1562.0739984995366
3,event,18,8,0.0994039026278281,0.2461272313274916,0.2502188039228979,1421.7769388093811,1548.5596465671251,1571.5928631786269
3,event,19,8,0.0676245970134407,0.1116885815313639,0.1285991432874715,1516.239758904591,1601.961678658537,1618.756390924394
3,event,20,8,0.070737413244034,0.1653765136627303,0.2042177573417508,1576.7456157102945,1763.4944493435628,1853.8091653180584
3,event,21,8,0.1083389552211189,0.2783041758564478,0.3295444922184628,1479.8129166995009,1522.818017820214,1535.9591594819692
3,event,22,8,0.091435285456701,0.1936511806382235,0.2200408635135431,1387.9530106688717,1460.7034886784122,1461.144668056413
3,event,23,8,0.1589130292627274,0.4502700124893392,0.5532284514364282,1404.280352948318,1493.3070942038428,1505.2763015205455
3,event,24,8,0.064134306636136,0.1383073727585794,0.1612908500070557,1382.1049507435214,1465.371590643814,1485.2124587976089
3,event,25,8,0.0770746479505141,0.1398005220529802,0.1626704614104339,1183.0098592673005,1278.10269870242,1296.8149895886584
3,event,26,8,0.0551945479007447,0.1076493234250839,0.1337945079223558,1588.8897477718165,1667.6971943577194,1684.2573013271976
3,event,27,8,0.0620325942385775,0.1380035211858597,0.1743446989917405,1428.8405169437203,1573.3241958586536,1648.2582808682455
3,event,28,8,0.0605139025858168,0.1465860347385331,0.1703643299435855,1345.2116389173411,1449.5405729509566,1456.6692996934594
3,event,29,8,0.0783900330811806,0.2006954129010741,0.2171899602778304,1583.156406806792,1652.0629912945265,1673.2864237773122
3,event,30,8,0.066154965687868,0.1351624108471678,0.1353488252240325,1526.7071826146896,1603.6635915419818,1616.369035087508
3,event,31,8,0.0878271322511369,0.1822120208911998,0.2035248824206026,1454.5695349124044,1549.7680911732307,1556.1038044146278
3,event,32,8,0.089046710589955,0.2260931395732512,0.2413377224115197,1438.013985133334,1576.6538723409842,1639.1088931268964
3,event,33,8,0.0755495868849188,0.1278720773487523,0.1420627560184527,1477.971775726466,1602.5607306214863,1604.7612855582463
3,event,34,8,0.0910668348005282,0.1669323415905727,0.1789386265992845,1697.341448035157,1928.1870943522529,1945.8662007205735
3,event,35,8,0.0761854288370633,0.1376892083710407,0.1630253102189486,1588.7029666423794,1678.6968500760572,1685.0267000069548
3,event,36,8,0.0705816377629792,0.1184950163835014,0.1272081138762963,1560.4149861015037,1634.6307790566798,1643.9856705696604
3,event,37,8,0.0842831312272364,0.1476547917067329,0.1650344055507106,1506.4778109711688,1628.3319631588192,1656.6692438690177
3,event,38,8,0.0644591319459852,0.098986701425776,0.1023561840449064,1484.1979244688223,1608.5562673530817,1652.7070419857869
3,event,39,8,0.1074982629883157,0.2387864680908942,0.2506982795382693,1407.2909404505938,1514.8358123973169,1539.5018816766392
3,event,40,8,0.0819739569671152,0.2209656651916635,0.2951923405445567,1606.077958339626,1752.37626161893,1772.6223725865077
3,event,41,8,0.0889822644474824,0.1982506020771648,0.2574456720537171,1452.6648285389049,1552.049917829967,1558.6484289247849
3,event,42,8,0.0957442185949328,0.2514175578856453,0.263249048993024,1569.2346637037529,1625.0165905850731,1632.6875313756402
3,event,43,8,0.0699691130902046,0.1147546170819962,0.1318130521384586,1564.564428679373,1716.393947818851,1764.005368718154
3,event,44,8,0.0575531327072022,0.0901931118068869,0.0917535119436281,1361.713282522611,1485.9014744052615,1514.4587911412957
3,event,45,8,0.094432280003764,0.2172964201887935,0.2560544432748531,1523.7381979104964,1678.2399829322796,1749.3056832095228
3,event,46,8,0.0754720941434601,0.1048904244620718,0.1096987299388369,1443.893709534326,1513.2915575777995,1516.087286842186
3,event,47,8,0.0898031688637667,0.1801458037310529,0.2013914352365973,1393.6598741395032,1476.7673312384093,1485.8615878846
3,event,48,8,0.0825111374394724,0.170053989430278,0.1829767860060329,1509.1605734087768,1629.2942600062645,1638.4023471536882
3,event,49,8,0.0724008530780472,0.1573000416891951,0.192396712157499,1168.4368794929376,1220.3651762159382,1231.436258423158
3,event,50,8,0.1069997977890583,0.2091112453634205,0.2106643856447718,1495.272687356946,1613.766074128752,1652.255961646789
3,event,51,8,0.0703031226407084,0.1383769720829926,0.1459038516108861,1462.8498996571832,1521.6318076192824,1532.6614343526533
3,event,52,8,0.0746708700308431,0.1784703825784408,0.2296927899343865,1408.2985241072504,1481.6067083540645,1494.885558659253
3,event,53,8,0.0829790302128444,0.1781481330272926,0.2107470852705826,1505.0963977480064,1609.5621305653187,1616.3121632137209
3,event,54,8,0.1015933566051346,0.2151716133594775,0.2695265667666301,1483.5636066364982,1623.4094311255876,1646.2248612598214
3,event,55,8,0.085552698796338,0.1571372528349128,0.1661172144350147,1442.57373203961,1566.202709222481,1570.6544635585174
3,event,56,8,0.0737878734365987,0.1299190913851218,0.1501024401816993,1481.2375007781627,1591.7542227173126,1625.9614082348537
3,event,57,8,0.0695050895008116,0.1504969840721617,0.1827324938778154,1518.329211601401,1596.520289626793,1598.2207528921072
3,event,58,8,0.090419221386078,0.1908750907689181,0.1956125287978367,1415.588401025594,1495.7318134886611,1509.4194311806104
3,event,59,8,0.0659363839856564,0.1027154296857451,0.1120627692108056,1542.6905425280067,1606.6353804522464,1609.5634533265295
3,event,60,8,0.0832753503483639,0.1261721055113848,0.1335120933375291,1575.4929164485382,1624.838714646425,1624.9113525473963
3,event,61,8,0.0708869152077155,0.158439451675204,0.193611659229578,1602.5861174846796,1693.4878647655914,1703.503706221248
3,event,62,8,0.1021261705780832,0.2529879863079877,0.3262006917132785,1562.237548525935,1699.9231336526204,1708.8644720097402
3,event,63,8,0.0687696961878993,0.1413757066685487,0.1748611042078964,1394.863300988668,1479.7885160507478,1486.3221540418638
3,event,64,8,0.0724525543199922,0.1182931699619156,0.1415759068569824,1462.586767371865,1538.1376451833455,1560.5426732451172
3,event,65,8,0.0782616587535628,0.1664238674250398,0.175752364778433,1524.7334379360675,1551.9218522887272,1556.0776384480412
3,event,66,8,0.0779663139118379,0.1569264357073895,0.1901906520574054,1550.971113613155,1644.3939604381092,1682.858253046947
3,event,67,8,0.081819047486745,0.1570265465162483,0.1740664323078335,1492.3543438866504,1615.7432748189538,1625.0342386093207
3,event,68,8,0.0559452510683345,0.0992838317141923,0.1154372878259496,1615.9517274262955,1719.2286535489395,1732.2007928547775
3,event,69,8,0.0576221396416995,0.0928100389079085,0.1093820728513315,1386.119457233906,1491.264098127171,1508.6002166275985
3,event,70,8,0.0695912859345623,0.1040444139082616,0.1144925057445852,1596.85331715585,1798.3888495680542,1816.519244956574
3,event,71,8,0.0673581923803849,0.1511185735306122,0.1914977678098547,1465.3095941230229,1554.5140917062708,1583.464932593192
3,event,72,8,0.0758234868899799,0.1370436490509391,0.1371429150451244,1366.5110094062104,1412.1522759998766,1426.6263804358025
3,event,73,8,0.0630942316348984,0.1200817603866976,0.1461409010857748,1167.902675638637,1312.8449671989442,1339.5616309166203
3,event,74,8,0.1199533522304104,0.3223159011452515,0.3324456020771132,1555.9667798439284,1725.945286634849,1794.8474975709537
3,event,75,8,0.0720210627397717,0.1699656684756943,0.2010988654952685,1585.8211645173496,1698.8041349887665,1723.8755154862351
3,event,76,8,0.1122508755505159,0.2421696393847884,0.2695242479306755,1449.6708107851086,1551.4871076814482,1599.456509543554
3,event,77,8,0.0872843924543994,0.1553036793112076,0.1888109679907775,1403.8786217293543,1589.8205483692404,1650.4204005481174
3,event,78,8,0.0916609123484364,0.2204766838518931,0.2805771675115712,1434.2237599822367,1518.7772555719575,1526.6528715968068
3,event,79,8,0.1306256158772848,0.3724734991984922,0.4712043826433128,1456.737348306752,1677.5313024085438,1798.5743461193847
3,event,80,8,0.0649368736797973,0.1372890341751796,0.1530454274781805,1306.752144898411,1412.7321980616205,1414.253884141616
3,event,81,8,0.0913442467010852,0.1174934006510041,0.1189161451806446,1432.2334508976055,1503.763530798621,1510.1668414342548
3,event,82,8,0.0709295794831128,0.1425609985895229,0.1702696272238658,1490.20276954315,1586.7995991132093,1592.9723659152926
3,event,83,8,0.085311333121105,0.2221755859708511,0.2388506595503085,1338.14028237296,1461.4587474995776,1474.3382284525187
3,event,84,8,0.1074111465211573,0.1928564789355348,0.2126657068595471,1573.4135638122516,1685.0109840187931,1717.3577997912764
3,event,85,8,0.0780470050797953,0.1533728921343854,0.1564491845418409,1512.823408510292,1664.8176736861788,1717.8536382340162
3,event,86,8,0.066765832584203,0.1522297053335664,0.1592597428982854,1358.0138741320416,1471.2454155659022,1517.4888039609148
3,event,87,8,0.0666183726377417,0.143498953878417,0.1860470410252983,1332.734165625285,1477.2854887941155,1547.511505170231
3,event,88,8,0.0735142475429448,0.1471501008374376,0.1477456603820928,1474.9742046192948,1641.5335627106228,1726.9008274568605
3,event,89,8,0.0706602833442886,0.1424362056874159,0.1688982862507196,1495.2292317123058,1594.7749872520892,1611.200270497245
3,event,90,8,0.0894141070557063,0.1789303166091,0.2234842800508947,1510.4092448033882,1680.159490372463,1741.9222571571022
3,event,91,8,0.0803493217197146,0.1276947456270784,0.1418943915600702,1387.9200613691971,1432.7304426190883,1438.6033037596198
3,event,92,8,0.1137113998214161,0.211406714424751,0.2322431381072553,1389.924351561721,1465.904617595843,1495.6993345401384
3,event,93,8,0.0592819101612362,0.0910517265497903,0.0937530582746035,1339.0427391438425,1435.5616558403126,1438.6027999004518
3,event,94,8,0.0766717987598589,0.187479854151333,0.2473972180968633,1253.6738787920171,1381.1495439192297,1430.7162943888673
3,event,95,8,0.0872622620123255,0.1957904732749754,0.230183170701391,1423.5387205685545,1461.6274464147125,1470.23708186562
3,event,96,8,0.0718938743044261,0.1648279127840485,0.1690660462833443,1313.8996073072904,1462.2215645785584,1505.8770483875924
3,event,97,8,0.0751417918355468,0.1257840707199044,0.1427341686987255,1273.101652866533,1345.489563777257,1350.4877643504497
3,event,98,8,0.0858289197602197,0.1932486903166361,0.2546099325280514,1542.9821201848142,1587.1876499833468,1595.3393654680203
3,event,99,8,0.0737240246839269,0.1307489573651412,0.1433665174960855,1484.3378903777868,1539.592407431596,1547.1205656078507
3,event,100,8,0.0752277348436785,0.1219589271243804,0.1418960485034054,1517.7099148006987,1606.4743826329884,1630.2537758507915
3,event,101,8,0.0914899817432193,0.18965502020466,0.2064673971380675,1540.7910101727955,1796.84400093361,1932.4930343692693
3,event,102,8,0.0798910796962736,0.1174568901046963,0.1319782882559295,1533.2980926580078,1599.6777003879968,1601.4729925227068
3,event,103,8,0.0710481988528866,0.1196305350819381,0.1363925573821088,1501.9547295298253,1565.5259175822669,1576.6889862433543
3,event,104,8,0.110637299452745,0.1898424748707612,0.2106551894205325,1487.8625150846926,1573.283415308667,1576.9782113722424
3,event,105,8,0.0924984449843119,0.2034644216230073,0.2589859910213021,1318.2204097512106,1390.126829066424,1392.144139765933
3,event,106,8,0.1158978832458305,0.2678104628312702,0.3069031390484245,1386.624850055225,1480.4085179141186,1490.7697543061738
3,event,107,8,0.0748190569149476,0.112841383546701,0.1242312966103432,1545.3151665728412,1659.5833781135134,1693.285521082707
3,event,108,8,0.0728984340744858,0.1309257420277982,0.1431647291435459,1473.3407112525315,1520.4764516901523,1530.4229094895866
3,event,109,8,0.1302783477555847,0.3133305703560782,0.4074322589259276,1327.808859192741,1409.5337394655478,1426.0935004060748
3,event,110,8,0.085601647761871,0.1546196569784024,0.1649460590933067,1202.232020980213,1318.658328433121,1334.795836922753
3,event,111,8,0.0860369126733294,0.1606660683764371,0.1782382851324467,1407.1067332039204,1531.6480595276555,1562.8891751575013
3,event,112,8,0.0965136245924713,0.2403056140129879,0.3003010640964955,1500.2228915102671,1573.3289378428854,1578.3344392253755
3,event,113,8,0.1152680533691842,0.236635015953434,0.2709659550175659,1535.4554971711384,1689.742371019784,1739.7434518363907
3,event,114,8,0.0784649723118727,0.1859305968845399,0.2274304581123802,1355.226438937863,1497.2273563529147,1518.9562090576585
3,event,115,8,0.0882283263682173,0.1906454686288566,0.1968053552414017,1378.0177209500962,1447.038696709045,1455.7027223687203
3,event,116,8,0.08537459222894,0.1563596656373654,0.1847395482378967,1385.0807051503273,1474.1629839436482,1487.6239609660404
3,event,117,8,0.0817633979892906,0.1373400600630049,0.1397277050936056,1524.9020639945927,1607.146494619748,1621.8860766637497
3,event,118,8,0.0871444879887704,0.1867068343794221,0.2339947148656284,1355.797811537203,1422.3309545873951,1426.8506632576737
3,event,119,8,0.1313128122674536,0.3377182314725654,0.3804437520910508,1523.9444820772742,1695.9658200295876,1709.4741515557755
3,event,120,8,0.0965516793856571,0.2390260984247877,0.3155249422612556,1377.905034490855,1480.9970456918134,1496.1527203254848
3,event,121,8,0.0698550664965972,0.1220092234063907,0.125625496600973,1458.337427697373,1553.8935148985038,1595.3968963268526
3,event,122,8,0.1034790264815007,0.2479793760316173,0.3173224792581766,1415.291809838835,1525.5425989324326,1582.013093101963
3,event,123,8,0.0996188658624253,0.219826859984436,0.2641548867846485,1513.3565650651324,1666.186914267576,1746.043023127769
3,event,124,8,0.0972459357152547,0.1864399720880876,0.2141712184579505,1374.2637978036178,1405.1897437960488,1408.0582164908428
3,event,125,8,0.1221069348265782,0.2571917299231296,0.2641928298075329,1374.602218690156,1415.5719528228226,1419.9570063978256
3,event,126,8,0.1108154635750746,0.1935840357684367,0.2035356484456544,1407.423547195628,1527.0346604748247,1530.4525080206618
3,event,127,8,0.1133826143264871,0.2483051639977834,0.2801036828993976,1331.4097122882852,1429.9164010356894,1439.093774887884
3,event,128,8,0.0901577185585121,0.2179573991190379,0.24346841273535,1567.8688195287746,1733.7563136859324,1810.1931509221
3,event,129,8,0.1202272209674093,0.2767294016308204,0.3076465556393433,1438.14938473767,1557.450625584258,1619.6336049245324
3,event,130,8,0.1225173848086962,0.3394135422364883,0.4694954523915651,1478.3727002875412,1573.4643485607437,1577.00739191217
3,event,131,8,0.097055712581407,0.1907119505160585,0.2193128971333986,1433.3042577870274,1677.821068861081,1776.6508606218845
3,event,132,8,0.1114519635812791,0.2290948630506163,0.2709799721975198,1241.5621544830517,1353.4213128046388,1380.0706096046874
3,event,133,8,0.088378641166292,0.2065148510238394,0.2373995490774683,1486.2663718894917,1593.6288849827172,1635.5827803837817
3,event,134,8,0.1229251879774756,0.2221480253856509,0.2312004156880523,1351.335906347245,1400.082923016064,1404.2847979863602
3,event,135,8,0.0825552551929459,0.1406715468503886,0.1528392792835239,1437.0701253637017,1503.5549436611109,1510.89450557829
3,event,136,8,0.1049810607921161,0.200747783721343,0.2442065538807657,1500.3873143961102,1584.9034564601204,1604.6709631597168
3,event,137,8,0.0970822994293388,0.1445300912971995,0.145372111443251,1471.510706291906,1606.757711191438,1619.19667211541
3,event,138,8,0.1086680319729596,0.203684851030824,0.2137759369239474,1472.1990425253491,1577.5281699006723,1582.4118085860814
3,event,139,8,0.0638454736847378,0.1474788413816768,0.1818301092118399,1365.561575887197,1507.8565815521536,1556.492132651096
3,event,140,8,0.0981003957668933,0.2256287692929444,0.2970445703181207,1359.5160467139003,1442.8257280527364,1448.758380470319
3,event,141,8,0.0888604984068396,0.1403585154601246,0.1575782397000168,1533.1799033339375,1636.0253038812446,1647.986842261775
3,event,142,8,0.099717840345931,0.2339910199744965,0.2975138796631196,1419.036344876264,1437.3191864570365,1437.467679286916
3,event,143,8,0.1058213792314286,0.2180382542685091,0.250304152750503,1381.1524795550824,1477.8632831316645,1498.548879456161
3,event,144,8,0.0928662865048919,0.2179684669897028,0.2808358932264614,1360.4421627677016,1505.4468771891677,1547.5757071381856
3,event,145,8,0.0804279641325691,0.1380882879529101,0.1681705392212845,1360.559114515022,1458.7603613267656,1469.450983446089
3,event,146,8,0.1098444475710942,0.2122308814403521,0.2440865013732148,1427.6397900897343,1500.0476398683502,1509.5707149468458
3,event,147,8,0.1276495591477951,0.3077265440636534,0.341610494284521,1344.7818981106573,1438.2842689562651,1442.4345239307663
3,event,148,8,0.0720874443931998,0.1397407161216455,0.1625774905820532,1424.8933989302434,1509.6689512097616,1518.914784879072
3,event,149,8,0.0783521495888289,0.1270446634719929,0.1303093750404726,1338.051434938754,1421.150097371056,1423.9319154155146
3,event,150,8,0.1029478095664871,0.1969126155103977,0.2373552044793868,1504.2407162507295,1714.6659144799048,1780.666580573805
3,event,151,8,0.0822820745542497,0.1119302489060923,0.1156844621042484,1375.1144001501966,1436.6425925042522,1443.74111466225
3,event,152,8,0.0833244420940005,0.1172093403166131,0.1178366451154621,1449.5923519659038,1540.310552561975,1542.044274721366
3,event,153,8,0.0933028764000468,0.1644337155745985,0.1657373942385967,1402.22570305936,1461.6525749114746,1465.4614392529609
3,event,154,8,0.0742253983893257,0.1406453607794544,0.1720354580085641,1396.0996205746771,1472.575570508135,1480.1250718611973
3,event,155,8,0.0967143480819149,0.1611089640465484,0.1847203544236521,1420.905343052843,1535.2012501524723,1573.3276899630544
3,event,156,8,0.1251808824473451,0.2744285786726144,0.2924772330593842,1490.2210478234178,1603.6633822376434,1633.3903294826705
3,event,157,8,0.1192728661584587,0.1687558856055943,0.1698513208619676,1319.2997635053125,1423.6754226956834,1462.4124285200464
3,event,158,8,0.1327867386369867,0.3264971322236513,0.3829595825791136,1533.3808126652727,1596.1912886473149,1614.4332764722765
3,event,159,8,0.0801159536403745,0.1956652902289608,0.2102025085459784,1453.6179816708004,1520.6822319848648,1529.935154709133
3,event,160,8,0.0787437199796129,0.1610746449393011,0.179875016303126,1337.139260426237,1376.5947204834065,1378.434608865825
3,event,161,8,0.1255061574921982,0.2068710273385757,0.2302929867658895,1380.245511129143,1490.1418570918431,1496.04736452481
3,event,162,8,0.0905112751259615,0.1552685007316357,0.1625648731578937,1284.3096011192897,1355.5828657741845,1380.928400941298
3,event,163,8,0.1244053254786516,0.3004293283987393,0.3671217747606369,1626.0650649018849,1791.9824009308995,1827.5949541155985
3,event,164,8,0.0756993829349824,0.1632984346160941,0.1872701830273589,1316.1561852203413,1527.704382246059,1625.2715169765215
3,event,165,8,0.0965227829078245,0.2076629168469168,0.2347667769584385,1455.9081506380596,1513.6566884824765,1518.5924827947638
3,event,166,8,0.0990482087239371,0.2641323778426296,0.3588564801310385,1443.581093917869,1545.6110904124089,1577.9383856149786
3,event,167,8,0.1032491151760503,0.144762847980101,0.1515858569839834,1491.96540093299,1530.3574541743933,1530.8857637469234
3,event,168,8,0.1105231395311399,0.2467048585575807,0.2617439179527496,1394.2856219921136,1475.1012266703417,1494.9605306661742
3,event,169,8,0.1335882674585522,0.2322970750983661,0.2736584991502152,1416.0729615215582,1578.769575993014,1634.4855583800409
3,event,170,8,0.0878128338684634,0.1255268236906992,0.1327581341002688,1217.5981527466763,1356.2064032989224,1375.1574479644437
3,event,171,8,0.1105314054445059,0.1959273394307958,0.2119901294011761,1506.4361178032234,1559.6970705375918,1566.0346029665195
3,event,172,8,0.1311229052040253,0.3102253027575812,0.3171598582268041,1329.8288099825156,1458.7302311804865,1511.7480056171275
3,event,173,8,0.0931433103779502,0.1820386487575838,0.2116145657363958,1431.3556661739965,1487.6575458847876,1492.7294854201311
3,event,174,8,0.1408877295947365,0.3327667349791324,0.3811483763908286,1353.2680810343036,1423.5292495121955,1424.0774883413094
3,event,175,8,0.0828887204701048,0.1441561943717471,0.1493833353709189,1201.514252268272,1339.1466988012933,1393.2738003189909
3,event,176,8,0.0985172178355278,0.243642563179641,0.2736625785014377,1447.3230764841535,1511.2550643638972,1513.1588293085194
3,event,177,8,0.1507745491521279,0.337510969017015,0.351282154527395,1354.996219021074,1469.9343343543082,1497.3433099772803
3,event,178,8,0.0870213434903473,0.1385967228299904,0.1426885756542133,1491.8346820103288,1581.407493410538,1598.306475713401
3,event,179,8,0.0989474024231236,0.3032203751434503,0.420554303238503,1095.8137850908645,1246.0951701089784,1314.2910277028432
3,event,180,8,0.1004853645443994,0.1805354107503646,0.1968014570704042,1339.5295250999136,1442.7181375857208,1471.395056848913
3,event,181,8,0.1140816856223897,0.1848863547676817,0.1892925550667339,1497.2473638945075,1590.4968106082356,1597.07206737786
3,event,182,8,0.1129238352580284,0.2723592216278624,0.3473708679949316,1004.6677974309011,1074.381193552486,1090.9480394513075
3,event,183,8,0.1009434944883153,0.1772102175177015,0.1949929137737336,1478.7316037872429,1594.4802913132214,1609.1271248083658
3,event,184,8,0.1289153605028147,0.2946605297643611,0.3525683360230905,1393.652575921274,1542.0172911704694,1606.99642567931
3,event,185,8,0.0832858378304741,0.1399063052877668,0.1529685089956938,1412.4321958275773,1490.5570097517043,1497.688586598777
3,event,186,8,0.0823952656209546,0.1134671303728335,0.1163699212324996,1492.346508051669,1574.9618574466522,1577.403722391331
3,event,187,8,0.1171761176591664,0.2165330171128015,0.2251973890462371,1580.014985647343,1657.0268035062866,1657.4996727237035
3,event,188,8,0.0853319408294011,0.1663571930731776,0.2006297065017627,1314.8643864523858,1414.2813756280566,1438.5494920754238
3,event,189,8,0.1168749266933533,0.2778256632752583,0.3335869082660467,1432.0802587746653,1592.8131707646426,1658.5195471021038
3,event,190,8,0.1181766304110808,0.2444579718192697,0.3170611503782762,1387.0111189296138,1607.821261609418,1713.221780186064
3,event,191,8,0.127940384869859,0.2943872480418676,0.3069448774382583,1461.5776572581765,1584.0925592369483,1591.5630457497114
3,event,192,8,0.1572145308730881,0.4091040648217542,0.4719028037447959,1379.5369482636452,1485.4855375113775,1500.8984975590952
3,event,193,8,0.0978616978780583,0.1395035747556623,0.1419527654660093,1394.7068353501752,1428.956690293616,1432.1604817581026
3,event,194,8,0.1252438389172345,0.2633741355671791,0.3105547841826068,1483.0960129740963,1709.0132258092317,1779.4855336284472
3,event,195,8,0.1169812526340185,0.2628812049731395,0.2791396300561065,1412.045590745916,1610.2160754044444,1692.4585218973962
3,event,196,8,0.1132352084208715,0.2628516830513761,0.3355564422610541,1446.9308004846257,1643.2195263931308,1711.485442963914
3,event,197,8,0.1111414071576234,0.2515186628410561,0.2666587658065611,1420.5573530515096,1486.3050800423578,1496.5632637829558
3,event,198,8,0.0484056458240097,0.0714436110817046,0.0754882566082634,1146.1381712962925,1241.562186479668,1254.8800103117876
3,event,199,8,0.1352498043987725,0.2620747958427988,0.2768061321545447,1374.5306638091376,1475.4293937710777,1492.1958776011518
3,event,200,8,0.140985550619981,0.2957395141632339,0.3559676452716617,1419.6574335183068,1589.488834066012,1590.2505022241176
3,event,201,8,0.0975003784732568,0.2254215212594027,0.2439823924208613,1386.5880673953811,1567.26091347692,1635.923928669844
3,event,202,8,0.1339368237256601,0.282255439996083,0.2886624296902001,1287.5296996046357,1339.34158329235,1343.4007871067656
3,event,203,8,0.0968365866551716,0.1640033255477775,0.1771293432364768,1548.5938394700013,1766.243990638678,1866.2340402084296
3,event,204,8,0.1304447296438884,0.2606519514916108,0.2694937711425605,1630.485502195822,1733.7314770690284,1749.3103008182372
3,event,205,8,0.1172946078595118,0.2639648489771451,0.3398692740803076,1399.6178191011938,1501.8687030273438,1526.9561624531873
3,event,206,8,0.0670198847720018,0.1164666427707321,0.1352168598383641,1118.0973103671492,1221.4930053217229,1224.7558255462268
3,event,207,8,0.0757385610434515,0.1521327488943412,0.1845630785466811,1395.1369737460875,1468.051742355121,1487.994599882551
3,event,208,8,0.1076414256978551,0.1445714085769818,0.1470402976960041,1421.9034211304115,1487.5438213773198,1498.909373687368
3,event,209,8,0.1186909106991402,0.2796315888207208,0.3430365866914753,1178.7834551705052,1301.3616405504074,1305.917101646552
3,event,210,8,0.1052005119834156,0.2656605953594996,0.3482146757835387,1415.336507646498,1491.8073809862124,1501.1703441816128
3,event,211,8,0.0909363932085977,0.1435834573646109,0.1627318496154448,1349.7750137337796,1436.004345816453,1439.3143707907927
3,event,212,8,0.1468788314622707,0.2996937255907793,0.3278370153300488,1629.4010458527098,1826.00287227134,1928.2849082189364
3,event,213,8,0.1345391383808005,0.2301806667350346,0.260314917281398,1260.7931929343172,1342.068585897321,1348.2564642427528
3,event,214,8,0.1218167779695973,0.2794727088700666,0.3694393552847405,1355.7090998130288,1410.8321048817334,1421.9230801387696
3,event,215,8,0.11180572777407,0.2297165609051777,0.2534990706811948,1237.5581362072355,1304.6986854929762,1308.221502642176
3,event,216,8,0.1310348169287618,0.2650233069195317,0.2719743701991696,1351.406238701577,1419.974391725218,1423.4001677166063
3,event,217,8,0.1231446533588419,0.1878411241254985,0.1936486403462369,1454.7996861959598,1494.352870129538,1498.8882016199514
3,event,218,8,0.1130300547193372,0.2365565165157577,0.2958799102137399,1484.5503080443868,1646.578543030408,1711.1642389658882
3,event,219,8,0.115826131659645,0.2281754368148952,0.2477612173741056,1294.0869670460922,1417.1950794924387,1446.2244551384654
3,event,220,8,0.1273065364824777,0.2541457143240203,0.2777076854766913,1410.441410078413,1536.155608777529,1549.2478197784587
3,event,221,8,0.1314448753022405,0.3155296653557149,0.3897128179374107,1411.3631941468514,1514.453233133288,1564.116981977879
3,event,222,8,0.1092405020137255,0.226795383849102,0.2617554645462466,1366.7820183418223,1448.9966521639512,1451.0403470190663
3,event,223,8,0.109619915121836,0.2270940623332764,0.2483480693487668,1279.7797524597124,1335.4517922791174,1354.246856806675
3,event,224,8,0.0728428584474265,0.1256957401640221,0.128740497046248,1370.0863801360856,1480.5902886006245,1495.747683077159
3,event,225,8,0.1541653665974777,0.3353111380155952,0.4091727315526032,1306.101398664146,1376.5601397708308,1381.6484471044976
3,event,226,8,0.1317563572187576,0.2719682259109918,0.3348026186478923,1370.1639460290578,1443.2577834796882,1470.5869430097791
3,event,227,8,0.122491064479064,0.2924262865012544,0.3435337628159402,1329.681639901108,1415.1685053796637,1441.0013919204064
3,event,228,8,0.1434348416786077,0.2943986563406048,0.3455726702008476,1297.9453766516906,1362.3111919818975,1368.9558170336093
3,event,229,8,0.1102105910428482,0.1864400493017708,0.2101945881293973,1395.1636990320992,1461.2742421808578,1482.214306486468
3,event,230,8,0.1178133117005006,0.2911929086111585,0.2974693615509028,1352.707120317002,1414.350974818209,1423.6182185302937
3,event,231,8,0.1451123917910809,0.4044708439682741,0.5621988658097259,1456.9230180190316,1655.844888712598,1749.278590963443
3,event,232,8,0.1772674471454826,0.476929681393854,0.635582024053421,1276.992381506361,1364.2854922863094,1388.0613111010578
3,event,233,8,0.1365790041836702,0.3083674228749492,0.3252698069432,1365.520640244917,1505.4007298165511,1510.4580468776714
3,event,234,8,0.1124415452989078,0.2314010623702405,0.2438018266471147,1456.072411258478,1678.3663613557844,1783.2719018825942
3,event,235,8,0.1153910939237428,0.2186110882685989,0.2414444030640202,1462.9820162262092,1521.7893236064613,1534.803459141409
3,event,236,8,0.1093083490181535,0.158483779444936,0.1782029670873936,1362.3487313699934,1434.542049170043,1435.546465821612
3,event,237,8,0.1218099078082385,0.3122938853215263,0.4316317769065845,1405.2193760189236,1548.434865755497,1604.2879594354915
3,event,238,8,0.1196758017596565,0.2436144384679205,0.2856021610433031,1364.3267294566415,1416.1545410461947,1421.116552820806
3,event,239,8,0.115312938350001,0.256977552872204,0.2654336106446798,1471.4212460021429,1567.9238307101052,1589.7924242954102
3,event,240,8,0.1452949659723687,0.2794264448188998,0.3194294756801627,1424.903418918622,1544.0332830664222,1553.821993666377
3,event,241,8,0.1103214714880134,0.2345844267084658,0.3099228596518325,1404.4292753050945,1514.0258799735052,1536.2450261662552
3,event,242,8,0.1161379462046249,0.265456191948252,0.2854392101369766,1405.9321827368997,1479.422955050446,1500.6957160536138
3,event,243,8,0.1033859213716753,0.1949597057066021,0.220902930673095,1379.1204094445998,1464.6829929220746,1470.5314612427226
3,event,244,8,0.1422606844305627,0.3142584445963223,0.3443096536734315,1408.3626136401667,1527.960507930295,1568.4532552765666
3,event,245,8,0.1235664883549532,0.2582569091914287,0.2982885274990261,1514.6981834111562,1686.4931515951268,1746.9883540945514
3,event,246,8,0.1243199835483417,0.2873938970448954,0.3572494158793085,1382.139175186075,1490.7187635930677,1536.519181448913
3,event,247,8,0.137428817343932,0.2679804904313814,0.2680219494378355,1322.9881385385672,1383.8004305361362,1391.5558311951077
3,event,248,8,0.1023308562227238,0.1500256226334076,0.1559636492372657,1312.5871641070812,1380.6388990712965,1394.80095820792
3,event,249,8,0.1482041530379809,0.3349290707524275,0.3510924706695674,1257.3748996465094,1344.8422915947713,1382.9962005156392
3,event,250,8,0.1188086280599949,0.2664398173156876,0.2791327276872581,1431.1851536210463,1608.0717372496783,1689.2106058878476
3,event,251,8,0.128454198529528,0.3305144685827827,0.3447395340544734,1328.8547223958549,1513.497400989159,1572.3949494927024
3,event,252,8,0.160464487805133,0.4202346839610294,0.4291420267239831,1370.1070439692114,1531.448925614931,1536.744375498333
3,event,253,8,0.1427069237788116,0.2283431884224617,0.2617190560504912,1306.6498213715508,1396.185119818913,1418.130946634715
3,event,254,8,0.0920705082370397,0.2004140605884123,0.2287393672582623,1486.854761490354,1537.9420799712773,1548.5959958777528
3,event,255,8,0.1200097202825054,0.3195563719132626,0.4152026164402453,1289.87235790095,1768.0436019143597,2036.5345292872985
3,event,256,8,0.1177279022291094,0.2892957474281326,0.3800600813398668,1295.68863601057,1428.9708129360747,1435.042658441388
3,event,257,8,0.1856981482933013,0.5948450094289174,0.7721599079878239,1448.530404757917,1706.6226457247765,1813.2100405778556
3,event,258,8,0.0981287679681035,0.1929011914585883,0.21925863722024,1390.827108969572,1604.4447930259066,1677.6776455828551
3,event,259,8,0.1495666045925803,0.3587400383542341,0.4076892472665536,1604.933871491066,1774.832105431812,1870.587135363863
3,event,260,8,0.1179095407395922,0.2346111155682535,0.2575431051849623,1346.6907579595295,1459.0978228751053,1467.4100659893418
3,event,261,8,0.1646111967989623,0.2915039207989544,0.3234040357173383,1408.0638263770643,1476.754167948468,1478.243547915548
3,event,262,8,0.1308330986362715,0.2996303150526028,0.3420891357103627,1548.0389235748542,1726.477187982954,1798.8158864083982
3,event,263,8,0.1528956188430731,0.2677516638968341,0.285543104345323,1428.2196916126716,1537.0769964323208,1547.9631604137
3,event,264,8,0.1307033488199649,0.2437810433518346,0.2484655508565957,1459.12890881787,1583.4189427857675,1600.537099568022
3,event,265,8,0.1532802906580716,0.2855609372953806,0.3175354925544018,1318.8090741739636,1375.2184489098358,1386.6257180463322
3,event,266,8,0.1187654791505664,0.2160486791978048,0.2403737120315092,967.510606898051,1065.7071502838346,1092.9692895715982
3,event,267,8,0.1968517378852537,0.5955892565275419,0.7117975710111506,1458.4154587497223,1564.1889451892184,1605.5200920221234
3,event,268,8,0.0973440925546746,0.1706533619186614,0.1714168958135728,1290.5829554990216,1383.5507429598536,1410.1253757702875
3,event,269,8,0.1830875797539494,0.2958999387575555,0.3043019760068214,1428.4818195416672,1524.339594928378,1531.985441992404
3,event,270,8,0.1244935333213322,0.1578093261197826,0.1643996875266229,1418.8898147409886,1478.7120570982283,1483.0615509755382
3,event,271,8,0.1811689978995101,0.330641953825727,0.3853055147403632,1351.5222686580012,1493.7682665864083,1555.4925280400676
3,event,272,8,0.1295223107412896,0.362615610935553,0.4423502194006275,1401.9283876057868,1460.0012679757028,1464.798883373335
3,event,273,8,0.1342926116904481,0.2860450899943268,0.3582516260800221,1380.3898989888455,1441.7186881947846,1455.9954140644895
3,event,274,8,0.1396839243864493,0.3554885704010823,0.4433546983903174,1383.58319604539,1483.6632724001556,1501.4689357307177
3,event,275,8,0.1125201457355678,0.1771168248500605,0.1935306454740462,1169.0393237922556,1225.5235911925615,1233.8304359761012
3,event,276,8,0.1328888728992001,0.1958024622818595,0.2080031714098658,1286.1984333742691,1399.570164011835,1413.891327090385
3,event,277,8,0.0997068411927954,0.1598814563685341,0.1657362301271815,1463.5638146346096,1678.3456414690586,1737.55996925997
3,event,278,8,0.1700814503407249,0.3337486726595918,0.3973454176748166,1311.3750959780714,1360.1653640639815,1367.506081873611
3,event,279,8,0.1873398905698402,0.4384724252822946,0.4868298530245982,1350.8762109021031,1430.4319292230236,1439.8635879992194
3,event,280,8,0.1417682965279152,0.254510440328893,0.3010585670268002,1430.1885424541176,1523.8486055947694,1552.6853815402524
3,event,281,8,0.1621115368600605,0.334541145966156,0.3643044216436085,1406.941652081123,1511.632664992798,1525.8364079091275
3,event,282,8,0.1334839922726818,0.2969508172639694,0.3539741478530434,1287.657016517039,1527.417479686921,1660.6542093904973
3,event,283,8,0.1316674234429745,0.2733288336464334,0.3120357844739675,1522.3655119646182,1626.183952428424,1652.4987874102324
3,event,284,8,0.1084219933410559,0.222343369103584,0.2466231290415067,1172.7807076941692,1220.737546367587,1240.5423264652638
3,event,285,8,0.1575076097730087,0.2715954091945742,0.3389598010016663,1377.075558412368,1487.9144767513492,1498.2679120767616
3,event,286,8,0.1445056748468011,0.3172849320331591,0.3727878012729334,1297.9585253537143,1375.759954377785,1385.1683261511585
3,event,287,8,0.2145829045320427,0.5886968405891267,0.598447429953198,1389.036481911609,1626.9340591186897,1741.1919864076378
3,event,288,8,0.1631037678843955,0.3248553606958497,0.341649236085258,1303.342641057669,1393.7721636917151,1409.5427979045826
3,event,289,8,0.1538968865800403,0.337958122078019,0.4393184584257731,1256.0970289639372,1401.9684844474075,1459.8967985250272
3,event,290,8,0.1604506379941007,0.4209086386564247,0.5235039205683882,1332.065873303175,1410.9829824222386,1422.7786547368066
3,event,291,8,0.1546624108730991,0.3551171162666585,0.4097441537275665,1433.5614441553264,1581.5479675175593,1605.239210449178
3,event,292,8,0.1367833523857176,0.2912941068803594,0.3274066798091073,1371.3249603996085,1466.3219838322086,1493.1742332712267
3,event,293,8,0.1256656438442621,0.2767217597091279,0.3675463108206541,1309.7447436541347,1402.4275139082215,1411.298126044845
3,event,294,8,0.1173031052498281,0.220365419275079,0.252647845182778,1309.786277744643,1388.438286654927,1407.0440856100142
3,event,295,8,0.1555978340034465,0.2578751851102263,0.2734140741050478,1508.1355648196195,1776.895592031011,1920.921269532757
3,event,296,8,0.1106756092340502,0.1797781755704368,0.1830661930439925,1363.6165401673568,1491.849725310458,1502.9806366780597
3,event,297,8,0.1227585415028661,0.2256126615817277,0.2535455657403579,1305.8914250859063,1383.7461703891556,1385.169915481327
3,event,298,8,0.1345340352395983,0.3097150762830954,0.3620028332831421,1207.3354835252887,1268.386563201101,1271.5229942439332
3,event,299,8,0.1537701898802985,0.2567343346626644,0.2672957999739929,1352.026139138227,1429.676438210107,1433.1305384030024
3,event,300,8,0.1806804891237914,0.3883604163597337,0.3960233301700106,1318.1184635689144,1376.3879345221872,1391.9255093022746
4,origin,1,8,0.0807872469062418,0.1914749698542696,0.2002193805593194,735.61453698314,832.4091077286577,867.2987732663843
4,origin,2,8,0.0691450905716843,0.1187638607011113,0.1275035591204073,731.2300171628232,779.9355175206739,784.0626220605724
4,origin,3,8,0.0577606733673789,0.1177669867835749,0.1436112954905452,772.3100969240111,834.0143369150511,837.1216904425395
4,origin,4,8,0.0611755811031155,0.1151813710253839,0.1225474239380621,957.4133254199442,1029.002392379604,1055.38709297377
4,origin,5,8,0.0757953673481076,0.1441010401061312,0.1568522862002503,960.804592638255,1012.2335814299367,1015.823261417802
4,origin,6,8,0.0570912821886472,0.0765876427467042,0.0803341600788844,1166.7635146892655,1255.96231100728,1274.3587105077106
4,origin,7,8,0.0778479066950945,0.1546957876061424,0.1738585752927182,1297.429937194236,1444.6237076716388,1500.6228882482017
4,origin,8,8,0.0556197630291418,0.1098064937362157,0.1162944738010176,1197.5476658747382,1255.988472917369,1257.505870816005
4,origin,9,8,0.0605144617282272,0.1465320680922934,0.1483892392896589,1334.740954326952,1427.9161270447676,1470.3327034345195
4,origin,10,8,0.0785484102615677,0.1849900911486569,0.2218356453592891,1399.5805911513726,1478.6297083754368,1487.966958776355
4,origin,11,8,0.0569466901207785,0.0970358309011822,0.098021165199442,1258.5814810709994,1364.4990839953243,1367.5772180713216
4,origin,12,8,0.0746120540102778,0.1656154519748822,0.1871789981934821,1585.9736603073168,1846.6163298870945,1883.0769740663256
4,origin,13,8,0.0817757559393898,0.1499869248530166,0.180091776960945,1548.94092024353,1671.8548498854518,1714.7840855224129
4,origin,14,8,0.076364950023766,0.1427369123451111,0.1436451693499252,1616.7832386940224,1693.5101115330026,1708.9797692259365
4,origin,15,8,0.0642592619807183,0.1108873589245842,0.1274853743747594,1718.101478753224,2002.6987468046607,2045.757576132308
4,origin,16,8,0.0735274276791292,0.1183641244202662,0.1257915776651936,1476.6625342441218,1622.0407827094598,1668.875899942587
4,origin,17,8,0.0655479760205978,0.091464781918683,0.0928855590878615,1510.6407932205543,1662.1049486086329,1733.7534431538843
4,origin,18,8,0.0797379443494225,0.2104930973441121,0.2325678535598124,1481.6143860079142,1608.1620056641873,1659.8583241683716
4,origin,19,8,0.0745655308645401,0.1303392832299096,0.1397060970980367,1498.9599472318191,1551.3702305935728,1572.6632856780338
4,origin,20,8,0.059587678995091,0.0925261918343461,0.0987865885439329,1542.9508884705515,1588.3257849644772,1589.670991655064
4,origin,21,8,0.0725486763641418,0.125879918617575,0.1456319892069277,1370.0146022249396,1564.007432666749,1671.5345136597791
4,origin,22,8,0.0621624900778618,0.1252385749814496,0.1389000830457982,1550.1313133046751,1644.207066015115,1652.1011990407694
4,origin,23,8,0.0809073280105797,0.1553833456286388,0.1811164754499098,1443.444244670388,1489.689235067107,1491.0887336218857
4,origin,24,8,0.0738636666842138,0.1227467999542504,0.1432689980075545,1423.9295429694664,1479.0688934229286,1487.8949216688177
4,origin,25,8,0.0552117412176069,0.1008704562634247,0.12468806796375,1633.0477101436545,1863.908878023588,1970.2691158339776
4,origin,26,8,0.0725319772525837,0.1142895468206216,0.1307832265638981,1580.4852925205305,1668.2939763366332,1702.3396651941584
4,origin,27,8,0.0566241953717055,0.0942915305452417,0.0978650787352436,1515.902973091297,1602.0324607492114,1611.3558720503972
4,origin,28,8,0.0809081219390877,0.1961918875226123,0.2012542469206976,1456.2187657302077,1528.174280550004,1537.9486659453062
4,origin,29,8,0.063404896614141,0.0862809135592015,0.0898777230385086,1582.1505399903167,1681.06700652364,1697.8121413159074
4,origin,30,8,0.06409362015835,0.1051337009008418,0.1172331536589949,1541.6177903314242,1610.837143728447,1629.2242137500862
4,origin,31,8,0.1020179101175547,0.3019478652697914,0.4096647324101472,1575.9014806056143,1655.5813261546264,1667.3577045104462
4,origin,32,8,0.0648075857657687,0.1080890636945645,0.1305188049468109,1554.0483796745575,1684.53215834371,1704.432569235844
4,origin,33,8,0.0668773541689237,0.1636329550971863,0.1792900974433509,1577.4551286631356,1664.9209853699542,1670.2832389382484
4,origin,34,8,0.0753349272396773,0.1345881181952005,0.1454149072983619,1586.1411657593048,1632.7144435411235,1635.4338681254335
4,origin,35,8,0.0704610259203691,0.1256246067540889,0.1432387146765406,1513.7021275376424,1574.4009162700668,1587.9224662301824
4,origin,36,8,0.0477013152595639,0.0677942935434355,0.068764563997515,1526.8850731137366,1597.0013588512647,1602.2074917912994
4,origin,37,8,0.0750690216605529,0.1653411527835951,0.1824885718824068,1518.7104595893277,1608.470821910318,1617.5493544664964
4,origin,38,8,0.0941744199629722,0.2380654214221685,0.2699061132059356,1488.5809862760248,1550.1174179149737,1561.9311464992609
4,origin,39,8,0.0786859598182627,0.1683728962899667,0.2070884316166597,1652.0368390830774,1801.47700239478,1888.5726452515917
4,origin,40,8,0.063787034154151,0.1223214343449719,0.129541032698224,1681.4366598222607,1709.7078365626628,1714.196354621213
4,origin,41,8,0.078856918399601,0.1492409611267181,0.1661915044852332,1538.862637778572,1656.8712356550786,1686.75360508917
4,origin,42,8,0.0732266088883674,0.1821115373703828,0.2093530215930693,1553.515588132041,1717.0210500367682,1790.4413101806113
4,origin,43,8,0.1024906087145591,0.3183571995620563,0.4351758585306081,1551.9944079403767,1670.8809708742126,1682.161941254784
4,origin,44,8,0.068799179040224,0.1059591857130439,0.1078953115611318,1457.349537632965,1528.153490284849,1528.7502534218904
4,origin,45,8,0.0614104226112318,0.1212376274754358,0.1562153274591649,1596.8227544063056,1649.715066467773,1656.255692542748
4,origin,46,8,0.048731659114906,0.072592593501897,0.0813714038285144,1341.7563872659894,1389.3558769090469,1398.3589641380977
4,origin,47,8,0.0962294656079962,0.2476605452607296,0.292776462707694,1675.499224836872,1840.5227741609945,1914.7469452966716
4,origin,48,8,0.0644539997395008,0.1300689714284531,0.1341467370064307,1538.6156669866402,1586.4749758374132,1597.0065538880103
4,origin,49,8,0.0711568613993932,0.1433710034429924,0.167192017188188,1696.7481209681468,1790.0866910961224,1824.183093188485
4,origin,50,8,0.0932684446018638,0.2049975640582603,0.2079706026294625,1584.0676700748622,1648.5582752950977,1665.484537023936
4,origin,51,8,0.1113719753917291,0.2398776612438588,0.2848759418494548,1654.7674638652115,1758.1946361169237,1782.7562396834064
4,origin,52,8,0.0659770998850071,0.126713110869658,0.1349102814613615,1586.31492193015,1665.342442520763,1668.6356021303668
4,origin,53,8,0.0878123373748577,0.177264336845412,0.219822344254128,1605.4364912157212,1676.400931397622,1678.3876863383557
4,origin,54,8,0.0833312920675604,0.1471689030215014,0.1485606543006808,1614.5934971403897,1696.9707820291696,1711.6131154438049
4,origin,55,8,0.0886594725499388,0.1793049327972348,0.2136896680432843,1574.954852025708,1663.563987451612,1675.8052101821786
4,origin,56,8,0.0662476241409882,0.1080985947215291,0.119923473878561,1467.271214258202,1562.6641135141886,1612.8667960303817
4,origin,57,8,0.0786382937061764,0.1533284988958755,0.1576934596861606,1474.8607980584566,1552.1354237266858,1556.8648127915892
4,origin,58,8,0.0984344201945237,0.2298979023121639,0.2835370409232333,1664.2201704063464,1730.977092750907,1742.0283803110235
4,origin,59,8,0.0905212003137371,0.124817868093621,0.1259536193728216,1550.9060926513037,1608.068553976281,1608.458999289548
4,origin,60,8,0.0806576221419041,0.1750350383549941,0.1862862358654813,1536.2789587577415,1637.857060317856,1655.6574480846566
4,origin,61,8,0.0646757356702702,0.1176335275221277,0.1387484911954592,1465.016629507652,1563.556178816399,1583.6275307819312
4,origin,62,8,0.0745246051435006,0.1531749838930379,0.1690967611928805,1540.868533477583,1651.5816135764107,1671.760504528365
4,origin,63,8,0.0637932866829016,0.1177329956959251,0.1325143424618034,1495.876019858457,1619.7252642508329,1633.0182627214722
4,origin,64,8,0.0801118719678783,0.1803321851330087,0.2061789091972273,1259.96980993458,1348.837026978104,1368.764931634778
4,origin,65,8,0.0789114577938909,0.2236132395026786,0.2560526056804041,1538.9521592137576,1633.316681234391,1662.0403498542587
4,origin,66,8,0.0709595811220197,0.1485846288865804,0.174682102271441,1435.1383091573332,1489.9464869756796,1497.8554760535071
4,origin,67,8,0.0595986678037278,0.1376640515334616,0.1747080868312956,1564.9891515851664,1658.9196594302014,1687.3719025831492
4,origin,68,8,0.0845080335205243,0.1715987656240614,0.1775446854023177,1561.6196252975428,1639.1192291282882,1647.2554810388365
4,origin,69,8,0.068574704720719,0.1009877254178084,0.1039618091020638,1641.926621907617,1737.1524882068272,1744.229629415215
4,origin,70,8,0.0810905911093712,0.176428107426502,0.2087745635073284,1545.4082045156194,1707.5859371576785,1742.4332250142215
4,origin,71,8,0.0839395686245973,0.1847526757905729,0.2064989325553932,1512.6022446671118,1708.9884557522712,1736.5604542812005
4,origin,72,8,0.0742725987633534,0.1160130861796388,0.1196182486966622,1340.526770047435,1467.1999956281445,1495.2057682167188
4,origin,73,8,0.0721016296865825,0.119983336338731,0.1311166914499805,1542.6328123168632,1641.6642606164569,1654.8000733847298
4,origin,74,8,0.0854579670603165,0.2159839189714278,0.2324739611990639,1523.3657415773775,1642.963988260596,1682.5352612239642
4,origin,75,8,0.0781107982560755,0.1411480785734625,0.1437572780120286,1548.7614121534114,1628.719002198004,1630.0994160777484
4,origin,76,8,0.0608121451998603,0.1324081831397415,0.1567570447898389,1329.9009276753354,1453.423345475991,1480.9382517038962
4,origin,77,8,0.0625040730032537,0.0974526455238854,0.0976239404220147,1546.3026437942435,1672.2085186943184,1725.506925741289
4,origin,78,8,0.0758273671781778,0.1303894352792333,0.1418502388963821,1542.5561313522503,1673.5899293596829,1685.6767882748286
4,origin,79,8,0.0810206523241752,0.1641590139637533,0.1844774375596042,1533.4281425212766,1673.0881274089286,1737.4900060636587
4,origin,80,8,0.1307727392586466,0.3612547248983881,0.4403264480725632,1697.9551672177408,1752.6296869469536,1760.2975061295103
4,origin,81,8,0.0723983302978482,0.1679564292112511,0.2205607973913406,1345.3469754642508,1415.58420536575,1422.0776080787307
4,origin,82,8,0.0803136623324747,0.1894930027806803,0.2117949105619685,1478.69904685803,1595.0580076899284,1610.418671046877
4,origin,83,8,0.0606761082399141,0.1024034226698543,0.1078330361579164,1557.356057755291,1618.9703513661566,1632.8654301165896
4,origin,84,8,0.0485741099892344,0.0726280015089174,0.0773784283331803,1590.855770479007,1712.289292637014,1758.767365186891
4,origin,85,8,0.0885876125069412,0.1287911502139712,0.1422039716033349,1568.118575005975,1621.510754475063,1628.254599147711
4,origin,86,8,0.0733537525702252,0.1123386272182204,0.1125930271339732,1566.19695707166,1619.8095703929994,1628.3577965817915
4,origin,87,8,0.0761617043391212,0.1630744191555104,0.200102407764183,1563.130660733115,1741.4946925260103,1795.980270444374
4,origin,88,8,0.0569236140632753,0.1003659246749504,0.1069324863826142,1463.3224351183371,1626.6914834192712,1677.4792964347012
4,origin,89,8,0.0727757537841301,0.1464629491735245,0.1483895568364624,1458.8414426573718,1615.333145678004,1667.19861097457
4,origin,90,8,0.0726158410284783,0.1393209448951659,0.1494438972644045,1574.8634201078398,1790.78030472182,1908.3004007714596
4,origin,91,8,0.0859504614292902,0.1933917358165814,0.2441591863319205,1504.5044576404148,1542.76644854015,1544.4818436453693
4,origin,92,8,0.0575247219470183,0.1008142855291298,0.1110865771641934,1433.1405728239884,1466.7239162417045,1469.9460756388771
4,origin,93,8,0.0638370523284832,0.0954419269941388,0.0965555610938282,1515.4251300457886,1592.327114333498,1601.9173058173535
4,origin,94,8,0.0857392545157873,0.1856669053542855,0.2160684422195292,1407.4856167482092,1489.9831747698015,1528.322217597315
4,origin,95,8,0.0946755575692439,0.2233785281422409,0.2860786984758399,1657.5478353173792,1738.5991813768069,1751.8924186682664
4,origin,96,8,0.0764641164320023,0.1225761295915593,0.1410983540778578,1572.584769039903,1636.53098308319,1647.0273093426226
4,origin,97,8,0.0698921565536855,0.1732200204256556,0.1951099518120544,1496.1063259974949,1530.8087899269044,1535.3699381871504
4,origin,98,8,0.072663289680839,0.1770396689199833,0.2305043440615806,1282.099961328829,1390.9519766066585,1403.924720931184
4,origin,99,8,0.0669774417128943,0.1195574040656553,0.1286174114450067,1488.3090697741634,1564.520378114291,1578.1833034670292
4,origin,100,8,0.0973297038169792,0.124402537455493,0.1264901416869892,1427.7162002930186,1557.745535438925,1596.8109227150892
4,origin,101,8,0.0996481900827397,0.1847365414807887,0.1880397673923418,1540.304904500974,1642.5502700917032,1667.3997666822925
4,origin,102,8,0.0588601457425782,0.1155160317849237,0.1259930086346004,1549.4663138265,1649.3147312537565,1683.1927835150952
4,origin,103,8,0.0760133049933478,0.1170828155334401,0.1279741406116533,1437.9260830534668,1502.8942764486858,1513.4514456028276
4,origin,104,8,0.0669071867981081,0.1081638633156144,0.1136684025281049,1513.6980832788909,1600.6944373119502,1617.4695255168087
4,origin,105,8,0.1048602970914422,0.2742128670673674,0.2961813161996324,1464.479854401601,1514.0840681658465,1524.2907107046103
4,origin,106,8,0.0559407383229751,0.1125363306869512,0.1155265181502953,1274.160933233315,1358.1396591693492,1367.9943796143334
4,origin,107,8,0.0827479557039613,0.1577564516592278,0.1888118275137322,1272.204692297168,1417.2304141561706,1436.4995425372454
4,origin,108,8,0.1054404837391121,0.2507997579761576,0.2704347347447543,1477.4776996478174,1578.4699412413338,1592.481652167698
4,origin,109,8,0.1008426316133274,0.174820706122039,0.1962166534120025,1470.8017106433194,1518.8194382283284,1524.6648236912113
4,origin,110,8,0.0741213435364201,0.1623864921260354,0.1637338184936559,1291.3671329010317,1339.685037022986,1347.2467709538855
4,origin,111,8,0.1123453190506528,0.2577215747056598,0.3157830978991655,1481.6159802901786,1530.0372435419267,1531.3163758355695
4,origin,112,8,0.081471379272096,0.1977084713615745,0.2343777975075466,1307.634379285152,1459.359152512777,1465.6979823204097
4,origin,113,8,0.1285047403112915,0.3114726827073726,0.3620663628931821,1516.4530035597695,1698.7581795097644,1766.5572443367014
4,origin,114,8,0.1187700221310213,0.304422556515775,0.3920063405901375,1544.5040923737636,1591.5798957032732,1596.0246556105124
4,origin,115,8,0.1084092925972686,0.3133943183868986,0.3960849414373537,1532.841278513136,1614.6342108207407,1627.5773148007818
4,origin,116,8,0.0778738094895065,0.1424980340751938,0.162947361831093,1580.9613610790357,1678.64389647149,1699.6068964170995
4,origin,117,8,0.0843820446128906,0.1507706755338263,0.1731143087521271,1524.091840809428,1648.623656976959,1652.0718345357002
4,origin,118,8,0.0849747024854656,0.1498415654118448,0.1757732798919079,1545.2103381959266,1639.1491177221164,1650.9199513242454
4,origin,119,8,0.0726015127526812,0.1000406430826698,0.1009975105700271,1378.04468033506,1441.7047062501442,1447.6456951630998
4,origin,120,8,0.0848688876042215,0.1800681400922865,0.1970731494800459,1265.2881550316213,1349.5243912443852,1356.6786236150697
4,origin,121,8,0.0811882025761007,0.1256529173188199,0.126786244060374,1424.3625348341084,1484.865144894646,1495.1122120768896
4,origin,122,8,0.0946097121276313,0.153274234074519,0.1683140148420653,1484.5925379901505,1559.551657422175,1561.1300823901486
4,origin,123,8,0.1048691356591007,0.1559031300313666,0.1683002550123584,1405.940925707348,1450.0133845398875,1450.504668115458
4,origin,124,8,0.0892433544560826,0.179733813998681,0.193176316094432,1266.8684263782725,1554.6866718805927,1660.805307786199
4,origin,125,8,0.1084530067532062,0.2082813585725325,0.2184396145124912,1560.0412196718771,1608.549148997287,1627.0142544478406
4,origin,126,8,0.0792934191896159,0.1367688328764395,0.1580724934825483,1316.1649379000714,1375.714897231788,1390.245308914662
4,origin,127,8,0.0796893637899163,0.1480455702249539,0.1655168103433701,1516.082643020451,1708.5081791442744,1774.8939159929298
4,origin,128,8,0.1481995113620526,0.4264613955406516,0.4769273333161036,1457.0838908645983,1533.6621992632204,1566.9376167341293
4,origin,129,8,0.1052491432249462,0.2633853212316281,0.3132168908621568,1452.3631678924642,1582.570232117945,1598.2394787632788
4,origin,130,8,0.0870067377714607,0.1864742244832437,0.2302975612498477,1523.4076040572809,1554.0212421094682,1554.0219360054057
4,origin,131,8,0.0849323919043934,0.1421594880971567,0.1460187965032051,1406.9890697949354,1468.8155989383229,1474.1323760349578
4,origin,132,8,0.0908445140717154,0.1909168115675581,0.197196074598656,1349.4828170483502,1448.294181847736,1491.7516347073215
4,origin,133,8,0.103373401708825,0.148756269959681,0.1503249582761231,1505.4308791379765,1620.77951551704,1625.2611447320148
4,origin,134,8,0.0815665146960593,0.1840852747820657,0.1999671018417116,1503.1365095578044,1555.0081261695004,1573.8284932577365
4,origin,135,8,0.0955215229785345,0.2432343732319352,0.3199671196221619,1504.368211845625,1626.3500676322492,1651.173422830288
4,origin,136,8,0.0964953380521863,0.2339943807339262,0.2582676905350851,1443.0459198827732,1514.525493357659,1525.8962308861023
4,origin,137,8,0.102371321495811,0.2877111861879535,0.3204044539342995,1573.4872913904942,1641.5134552524955,1641.611778677863
4,origin,138,8,0.0972192531772806,0.1732487302409942,0.1930115600877392,1509.3240562786125,1580.3589659173192,1583.3606771170137
4,origin,139,8,0.1001190433844131,0.2158274913939802,0.227204560179616,1307.4312690506486,1479.2521997074407,1533.192817055742
4,origin,140,8,0.0936955697397563,0.145341351594376,0.1464534377792373,1458.2631613779452,1516.4361768362771,1530.9127142185273
4,origin,141,8,0.0912597000660748,0.1883778763876903,0.228093125181749,1498.638426642913,1675.2441147959028,1733.9266366652005
4,origin,142,8,0.1240699884792287,0.3426635201080995,0.3903893248108834,1562.6821778868382,1638.2524996974691,1644.003074995817
4,origin,143,8,0.1132637762587853,0.1533526367749367,0.1534063408858638,1448.330643675531,1544.5529518611747,1571.4229797125329
4,origin,144,8,0.1118089900757856,0.2474336870425422,0.2733975615987704,1362.8977440156675,1435.0472950638125,1447.8705621585905
4,origin,145,8,0.1234685303926729,0.2087009734230331,0.2227244055433183,1465.8010039405583,1556.839633172957,1568.2369106157769
4,origin,146,8,0.1142918685187418,0.195111009363885,0.2181276041976955,1481.5159294175996,1559.8904039933225,1560.3712279484091
4,origin,147,8,0.066658392445149,0.1050180195336933,0.1208494660152117,1502.0287268926857,1551.1533098992895,1553.747106166473
4,origin,148,8,0.0807912895567278,0.1438627936395448,0.1455199618677077,1529.2896340200252,1596.7643719265836,1598.8885063187442
4,origin,149,8,0.1026157751505934,0.2241871066236099,0.2468337873120993,1533.0459522171575,1670.957557216013,1675.4654140380858
4,origin,150,8,0.1148608436426378,0.2091653957315838,0.2266388075532941,1509.7265801583194,1648.5556060998774,1693.2602350575326
4,origin,151,8,0.0868828606470913,0.1614036464619312,0.1806490675603617,1421.254751950873,1511.4087143600098,1513.4395540844223
4,origin,152,8,0.1056350892469168,0.2310910408353667,0.2897781749809718,1417.3515477688393,1521.8281045957967,1548.0421848311837
4,origin,153,8,0.0815842640330479,0.1642694858369653,0.1711893601549093,1321.621003758233,1409.6882414405632,1423.7423115460367
4,origin,154,8,0.1019850297119575,0.2106673153251611,0.2549648648849328,1332.7761336964368,1496.124842238309,1562.8912364331018
4,origin,155,8,0.1085673905049225,0.2054491342551047,0.2210221895933287,1309.423952732975,1406.2292374470358,1421.187691859399
4,origin,156,8,0.0791727420735073,0.184760920306917,0.209580489828956,1215.2617135538546,1288.541796357093,1300.3199920733546
4,origin,157,8,0.1291936615236588,0.3205931599877722,0.3220690323143302,1462.3345237930248,1649.3274413587324,1669.1569693162508
4,origin,158,8,0.0946554598409175,0.1965808745684646,0.2477776776865047,1515.4097048033393,1607.0681277513845,1634.984040121808
4,origin,159,8,0.0903305727434169,0.2151296185338072,0.2352294494095171,1459.9149007660524,1489.031980693293,1489.491662796442
4,origin,160,8,0.1417900798815542,0.2039329856402665,0.2087802423612565,1463.7822315511776,1532.9250221739671,1533.6650141486225
4,origin,161,8,0.1107716497697277,0.2814534287253122,0.3424012750401201,1495.9429704114946,1596.837703882547,1613.1643887176413
4,origin,162,8,0.1256359790832583,0.297703688213753,0.3351171554463624,1549.5193593109234,1596.9675447815634,1599.8630893692955
4,origin,163,8,0.0818629056378854,0.1699400591016169,0.1962454011014685,1448.5219201791524,1510.189805891067,1519.1819654695116
4,origin,164,8,0.0997413917008913,0.218793103705098,0.2538798114848091,1449.405032035923,1505.0872497117205,1518.9166947809238
4,origin,165,8,0.0977829164728288,0.2360262994025712,0.3009323327925149,1588.6791234910106,1654.4652454727695,1657.544263483301
4,origin,166,8,0.1393573802152024,0.3376816624453934,0.3752686576052578,1513.3999415968483,1598.0916860258612,1604.1562955102293
4,origin,167,8,0.1120979399806034,0.2781565920316272,0.3441828936245035,1379.4744839624625,1509.4623141795057,1555.2059888582248
4,origin,168,8,0.0992477370657703,0.2354367373983339,0.3048802499980641,1432.2126114189873,1511.4853656602118,1517.0265263376948
4,origin,169,8,0.0987270456023571,0.1837461027316335,0.2115230670634167,1494.0306934150888,1637.577355225792,1700.8547657405354
4,origin,170,8,0.076130457110656,0.1141310344478361,0.1197998787638173,1386.869837882899,1498.7092411711983,1554.394264116707
4,origin,171,8,0.0840024377752459,0.1262956086282737,0.1410810201801166,1546.2810649325647,1695.0994064513964,1705.751617985075
4,origin,172,8,0.1539977789095504,0.2548149404386728,0.3074003906950325,1438.7873826504745,1533.9895554019265,1534.7749624656017
4,origin,173,8,0.1270202220713555,0.3142371835961728,0.3689105168649357,1526.4654585015733,1637.7220182669685,1657.4074196680797
4,origin,174,8,0.0753351197083131,0.1328761740045496,0.1409123794992529,1426.4934563280951,1483.1823087976172,1490.7719151772974
4,origin,175,8,0.1086251629049947,0.2558682816334645,0.3161895468173742,1510.49814053331,1674.623164540245,1678.5933210994845
4,origin,176,8,0.1489876327820029,0.3456884526815863,0.3903399307755502,1492.9832899750995,1635.5694943897206,1668.9406459728489
4,origin,177,8,0.0740410605192057,0.1274548779052551,0.1295349972388434,1469.43467452763,1571.309632848193,1581.483972275635
4,origin,178,8,0.123816086891194,0.2336602630366817,0.2643651252770596,1452.010887475221,1632.37979380145,1678.3483814313984
4,origin,179,8,0.0929587825644966,0.21977010518595,0.28038572552581,1210.9325109674933,1336.181966179676,1347.1426822459443
4,origin,180,8,0.0904496361222844,0.1613997499143001,0.1850810434302263,1255.886528290661,1417.8823672456008,1462.529294516112
4,origin,181,8,0.0910349426767136,0.1817916687182973,0.198909896517365,1423.029634000953,1536.5775380472496,1538.1140506685165
4,origin,182,8,0.1257151776923373,0.3282150446310068,0.4017402424313739,1119.5749361928054,1310.411047681387,1382.8954394170291
4,origin,183,8,0.1173500723981763,0.2108094570158628,0.2211912609266249,1518.6747132861678,1687.8957995510953,1748.8809520042012
4,origin,184,8,0.1409017283180708,0.3234331206206677,0.3526888025540924,1317.5016144370784,1409.1450657608602,1428.4569969332022
4,origin,185,8,0.1139625276383848,0.1858048414197645,0.1987291089697714,1393.2658971446713,1587.19736290863,1644.853283700302
4,origin,186,8,0.145259434649905,0.3909260373839838,0.5184652846893766,1410.930873610238,1549.168671562434,1614.1681675699992
4,origin,187,8,0.1292602687329018,0.2926696387407825,0.3419136773736204,1311.0331699511655,1496.8942463522285,1578.683835682839
4,origin,188,8,0.1310342597567806,0.3218807489986945,0.3292544286633753,1499.6221717306685,1647.3374326393462,1676.7911181748368
4,origin,189,8,0.1139722071030873,0.2659500678873217,0.3459896960459475,1523.2885239791356,1567.717035085169,1576.261413318579
4,origin,190,8,0.0952100829360727,0.1855403770767298,0.1967079442480618,1376.6787964715115,1484.923213667904,1486.5507574575176
4,origin,191,8,0.1272047782743416,0.2653086123543778,0.2830056307880558,1466.0610733062315,1566.1192399566255,1579.5559920929172
4,origin,192,8,0.1524708234227061,0.3590582186617164,0.4733679642336215,1449.4550975382065,1545.528678070161,1572.6319077090243
4,origin,193,8,0.1263628451574769,0.2503302898516957,0.2888808498276317,1499.4142610535782,1638.874238600304,1685.9076703350756
4,origin,194,8,0.1622498712356121,0.4264380357345899,0.4553567391990668,1453.301898844692,1620.2787488743838,1682.722452192152
4,origin,195,8,0.1530850945440361,0.3497915754902106,0.405083384532597,1557.7091650697253,1603.6708157869127,1609.9062574495058
4,origin,196,8,0.0986416711701599,0.250756624696678,0.2901292993336231,1279.5489304955445,1448.395779812103,1523.9591658207548
4,origin,197,8,0.0893381282097447,0.1802065464013732,0.2123409481365412,1416.8589344002175,1491.366738919938,1505.57445401788
4,origin,198,8,0.1275485691754276,0.2882032101342239,0.3094124339596967,1289.7830265449334,1310.9491194527416,1311.0674769257391
4,origin,199,8,0.1263164273108123,0.2351626254284852,0.2715701870109845,1453.6173522689012,1572.8139234651107,1593.493862917225
4,origin,200,8,0.1198439576008122,0.2106905838539491,0.2292033256278299,1479.5728213802709,1602.459416518933,1653.5814496148164
4,origin,201,8,0.0952401904594776,0.1577487472475429,0.172317264384527,1460.0410926273291,1615.0215115637131,1684.546719719032
4,origin,202,8,0.1451587883052781,0.3528643382743616,0.4454032321783849,1550.3456480963364,1689.1248400435609,1744.6818669604356
4,origin,203,8,0.1253066475536118,0.2077376898647828,0.2441950904211445,1515.552133096547,1568.0772309189242,1584.6447106223509
4,origin,204,8,0.0809119156573754,0.1515038851760123,0.1868978243048755,1499.416673039793,1656.1989398681776,1665.323035723981
4,origin,205,8,0.1201886426671823,0.2600742677395259,0.3132577418907891,1708.328543910085,1869.6146683270456,1925.8505821397573
4,origin,206,8,0.1148633040098658,0.1788278575568371,0.182677699295155,1571.1248785630316,1626.0715807487938,1646.8154865867011
4,origin,207,8,0.0968313369123133,0.2057729723985545,0.2617917245392737,1445.380723193714,1522.7322256163914,1525.2446351178958
4,origin,208,8,0.0999627146221423,0.1658706242984798,0.1704563840266689,1362.8251586116446,1449.0515421228497,1455.1384529616914
4,origin,209,8,0.1153459699502523,0.2251933830758875,0.2736816181669219,1429.7323096832524,1518.5483678845858,1536.4844659635648
4,origin,210,8,0.1166408941044533,0.2890356218346824,0.3796598195362208,1568.04984132443,1720.7410778900316,1747.4827231065487
4,origin,211,8,0.1414194069182205,0.3198716693447212,0.401606759665692,1476.3655046082563,1505.7613540010202,1514.816954645681
4,origin,212,8,0.1134590288631187,0.2612433686498792,0.306070281429791,1589.0285398303677,1699.573451268594,1750.5381071398183
4,origin,213,8,0.1067705106165105,0.2741173579949881,0.3560360212115303,1437.494019401764,1542.3714154071022,1560.7170114720657
4,origin,214,8,0.1312536880165646,0.2838997662293074,0.3423987863318732,1451.0946167023992,1570.8501673731826,1578.405988912374
4,origin,215,8,0.1061960556054601,0.1759384772850785,0.1790861674251517,1457.0559276310896,1500.8997680174746,1514.3872674224378
4,origin,216,8,0.1695218101663783,0.4560705854832034,0.622373895005031,1334.3781229051845,1412.2130303861136,1421.407359388665
4,origin,217,8,0.1122699169237308,0.2515784599534962,0.2925744922160982,1341.1527702125047,1473.062803853794,1510.449999980188
4,origin,218,8,0.1560284258618202,0.3198446671210326,0.3867413086935057,1469.848990088,1536.4320420996448,1541.326005865588
4,origin,219,8,0.1774135843615992,0.3776859326595848,0.438756303340887,1372.497371857439,1497.8447664036614,1552.9712647259823
4,origin,220,8,0.0948395163652725,0.1764441148705448,0.1997480619729614,1465.5536161221944,1585.748349600209,1599.6311730657417
4,origin,221,8,0.1392924189690615,0.3038663344066194,0.3636753385609627,1406.6759167722505,1478.8952193559337,1491.5748132836295
4,origin,222,8,0.1080569108693076,0.2495224038728327,0.3188804359387287,1379.5870301931122,1496.723610887154,1526.572994689164
4,origin,223,8,0.1317827033908182,0.2194109199577962,0.2449613892318328,1362.4895412207388,1491.4473675660915,1530.001540792421
4,origin,224,8,0.1147647903386625,0.2663543129864735,0.3220153844862217,1284.2794598806954,1378.6380622783438,1395.9841414471866
4,origin,225,8,0.1799655591546703,0.4741305624796762,0.5376878767703694,1464.4236812650263,1560.1396615912915,1582.4301999129373
4,origin,226,8,0.1541677785201669,0.4149937833160241,0.5005992913413922,1476.8480802395395,1696.452470603877,1774.493020962392
4,origin,227,8,0.1410994962429576,0.2204252239475758,0.227146768997528,1380.6178809833427,1523.978090226975,1557.3482424987124
4,origin,228,8,0.0883339957625078,0.1527148938783223,0.1704093677995577,1364.4222296174803,1473.1634242469231,1508.0314525767371
4,origin,229,8,0.1437965528045933,0.4076215390032299,0.433836807970852,1050.7095900127183,1120.232159622834,1120.6247866587755
4,origin,230,8,0.1239178072960149,0.2650385686031776,0.3049823270966498,1404.4677995358998,1522.66731952691,1594.957547130213
4,origin,231,8,0.1564103058600256,0.3732805451032518,0.4104921381213064,1498.3407075445552,1572.8716935291077,1588.3413091097086
4,origin,232,8,0.1102990368381708,0.2155336592442453,0.2306443226766673,1317.7745299169396,1500.421724877703,1568.1195614216422
4,origin,233,8,0.1583827044070302,0.2282199595838563,0.2387010768918474,1486.754878522907,1623.6080147687028,1650.558911708663
4,origin,234,8,0.1575187853511077,0.3827400325301877,0.4412354095397565,1599.171365608527,1756.5626865774211,1816.306914049848
4,origin,235,8,0.1502972738728932,0.3181644962609285,0.3627136075584139,1359.648123910711,1454.5790095180942,1463.202568810752
4,origin,236,8,0.1401036937469016,0.2763112915872533,0.3187723162628892,1314.2641254549455,1499.252896119032,1523.1406673949075
4,origin,237,8,0.132661772057928,0.2838853336300116,0.3572993687811892,1477.2428613147522,1561.9577485436705,1565.7106987012976
4,origin,238,8,0.1418238533357551,0.3640765296478123,0.4819148170605621,1439.9881123764048,1511.3227895365967,1515.349992866781
4,origin,239,8,0.1539783341939395,0.3703340663399028,0.4314753411964928,1359.1078948986535,1439.526707353904,1468.4637958799651
4,origin,240,8,0.1419352840223743,0.3129206473890518,0.360217599147703,1567.5331934461728,1629.3498223254198,1632.514413450039
4,origin,241,8,0.1514514103488239,0.3722220867448573,0.4758156177083671,1457.417331103018,1575.6960068024464,1588.017359541631
4,origin,242,8,0.1514383519531578,0.2830597474510474,0.3031450903082437,1456.9326046764645,1589.3726736694314,1635.172807201462
4,origin,243,8,0.1442434334569587,0.3251766858936072,0.3906599766003193,1231.7968334239692,1319.8981982510277,1328.140490359851
4,origin,244,8,0.1701158426972188,0.4797006015162389,0.4939073406392039,1500.9953555757197,1664.4469152605818,1735.9185581189274
4,origin,245,8,0.1632946538359991,0.339309834092686,0.4212110693149845,1199.0226867543013,1294.887911191212,1307.9626533399407
4,origin,246,8,0.1261553479652932,0.3154317709432854,0.3678183048083883,1268.4973605903322,1403.9780882315974,1411.1428782210717
4,origin,247,8,0.1203221203959232,0.1648672064155774,0.1701321353922416,1517.2802826097277,1600.459364801526,1604.751932323205
4,origin,248,8,0.1639239485415544,0.4313345275494346,0.4797677789332901,1458.5422595524076,1594.972011172771,1623.0917555063115
4,origin,249,8,0.1543133671857318,0.2743492650981465,0.3109285560060471,1481.8689238145837,1602.0591088981432,1605.1698357651997
4,origin,250,8,0.1410326339747835,0.2463917579610969,0.2952335228542293,1386.3089528215407,1558.4193716995817,1621.924935897753
4,origin,251,8,0.1273883644641139,0.2849097383589925,0.3452916303834936,1591.76278389083,1821.868882163183,1919.6944670851956
4,origin,252,8,0.129447775465,0.1762319306911342,0.1770995364772087,1398.909317630115,1530.609614419343,1555.075039227906
4,origin,253,8,0.2024296204497984,0.4605512525893572,0.4733197519846502,1475.144303062917,1577.7383051341255,1617.3811637090755
4,origin,254,8,0.1892859236352646,0.4327766737880194,0.4385671854656336,1540.535711117842,1659.501549292694,1676.7966779568903
4,origin,255,8,0.1366194406102033,0.2413269172973764,0.2594271019015194,1442.9423375394074,1514.0879264690182,1525.5284391034734
4,origin,256,8,0.146917405348267,0.4129303515534448,0.5387701798223148,1473.9268306175022,1533.3895979955978,1540.9556381087914
4,origin,257,8,0.1590425844920152,0.4216735830346331,0.4473774880510824,1369.3542593099658,1485.4524633520914,1527.6599857225633
4,origin,258,8,0.2104943406504037,0.497901906912607,0.6111911573683977,1474.2976003526055,1631.6789799181618,1637.9399369044115
4,origin,259,8,0.1728657599416564,0.327414627766196,0.3916134215266261,1504.9205994537876,1587.0120776943588,1590.1009150568664
4,origin,260,8,0.1032229418283671,0.1673508742361782,0.171594445621714,1366.2286833759465,1420.2500111101483,1435.3725033139142
4,origin,261,8,0.2628457518340461,0.682536756563437,0.7833795867633758,1539.0009931721577,1751.060249238324,1832.34650551297
4,origin,262,8,0.1148297138282031,0.2232542643909599,0.262943075216762,1517.9952108927243,1685.3429063777628,1770.9027977450007
4,origin,263,8,0.1633898518857935,0.2958963628884867,0.3291400730717037,1266.8363008187407,1315.223417913285,1321.0491114256367
4,origin,264,8,0.1367053191643354,0.2364764475527579,0.2420582325075129,1478.1589098077136,1600.1492182091113,1649.4408928571568
4,origin,265,8,0.1624877224768688,0.3053084340033731,0.3390846836330723,1491.7074458641805,1636.5411118294571,1681.1712598188442
4,origin,266,8,0.1671616392160898,0.339888958658023,0.4136845756078615,1439.092279215476,1486.8826861977586,1492.7381838273404
4,origin,267,8,0.2128180912764256,0.5472334839467433,0.7065601553157954,1391.653406454282,1540.773322682166,1592.8562465826765
4,origin,268,8,0.1108656643245398,0.2021150108140044,0.2198055097690651,1369.9900033290485,1453.599518061407,1490.4746325247868
4,origin,269,8,0.2504017083921084,0.7418073039080699,0.97350937520353,1290.108109450775,1385.3410369598355,1390.4954550581992
4,origin,270,8,0.1350851067287611,0.1939642079051318,0.2040392631837997,1542.3037276241175,1709.5768176644328,1806.8250756653624
4,origin,271,8,0.1095397914424427,0.2498107239919549,0.3105976759790713,1412.4395746911184,1457.087390037719,1464.9586107721288
4,origin,272,8,0.2058977254656791,0.4938963975000141,0.5435204922462918,1398.4547605536284,1528.8137389572998,1540.3435564966762
4,origin,273,8,0.164271666943124,0.3335155598905076,0.3807750192876861,1415.290044386806,1500.492448028561,1514.909300599547
4,origin,274,8,0.2201271252108845,0.6470705424438261,0.8971597969348011,1594.7420644372116,1784.3502416786969,1834.232838751531
4,origin,275,8,0.1705089053819349,0.2270158399192119,0.2432386278109946,1471.4133284366285,1566.0585421930546,1594.074617644779
4,origin,276,8,0.1915293529557723,0.3205182992217784,0.3505314610869983,1471.582156046108,1562.0098930278195,1572.9950978960744
4,origin,277,8,0.1255758499645317,0.1912837588625047,0.206303319965011,1465.0132742603887,1557.4484978175587,1572.8495608009343
4,origin,278,8,0.1951306876163493,0.3692765078488942,0.4085340951081355,1247.9925899082164,1433.8573463502173,1440.55439943686
4,origin,279,8,0.2236143327429954,0.6036403398151481,0.6651578012009535,1403.749728098804,1584.3110677248276,1666.645637472889
4,origin,280,8,0.1694149769307439,0.3201269174925503,0.3673270869452098,1445.3751265122455,1562.940178007717,1600.3905579375992
4,origin,281,8,0.1869204565919947,0.4312163656796858,0.4423307943892317,1514.660846109639,1610.7876474812365,1612.943964795594
4,origin,282,8,0.1787181355170544,0.2848384374725828,0.3176377474527048,1556.144508764501,1773.9310659946825,1877.515535694393
4,origin,283,8,0.1704415950774168,0.3621486570168941,0.4283968940200388,1472.8605204091718,1529.4539769479052,1534.549974824674
4,origin,284,8,0.241727449052047,0.5063108194414775,0.6531006687908698,1455.058886833089,1590.3620080967114,1622.067794374616
4,origin,285,8,0.106080393692897,0.1477661351798909,0.1594206110391247,1409.8988321308711,1583.3572241584625,1592.903306754267
4,origin,286,8,0.149391850265717,0.2507405248644671,0.2520736385801469,1262.1390264102076,1349.7412758466878,1354.4640727403653
4,origin,287,8,0.1756947507096837,0.3706976186156637,0.4689776577583727,1354.028576334269,1483.6389764592095,1518.425053608256
4,origin,288,8,0.2415816233743412,0.577871025676908,0.5981588824409247,1375.7634530810965,1586.965264641348,1612.2308688396677
4,origin,289,8,0.1089862850643001,0.1746771359254079,0.1863887304964063,1137.6645385640809,1257.2430747387382,1300.1826173376278
4,origin,290,8,0.1378338630762458,0.3528689807347528,0.4238403773541958,1353.632358466872,1476.710238907454,1483.6172878239156
4,origin,291,8,0.1697190690352282,0.4491248107079961,0.5760747813088525,1305.4061893233184,1470.0742580130836,1530.0960250922583
4,origin,292,8,0.1451674995626843,0.3801328712957069,0.4964368409489556,1410.4855762207883,1500.8735289686988,1513.9040370511862
4,origin,293,8,0.1666101323992226,0.3982012591259978,0.5176165800102825,1456.165424850676,1512.9601997725892,1513.8425600357025
4,origin,294,8,0.1348614647797073,0.2479975024694386,0.2986831853647404,1346.9785421401557,1460.7163602205178,1477.7928453469854
4,origin,295,8,0.2214416313891166,0.4786734645691415,0.5550398705716707,1353.7886728089338,1412.94450491658,1417.4998778643094
4,origin,296,8,0.1622507619822464,0.2699018482126047,0.2780371133716017,1478.0215932683438,1563.1984886270843,1596.0667245631112
4,origin,297,8,0.1550400464441658,0.2793448413679706,0.3386842011760698,1537.822252884896,1634.3727502640445,1640.6803516691075
4,origin,298,8,0.1604229858844024,0.4183328074598781,0.4985159174726562,1393.5739146219803,1564.8327984000116,1644.2450783261515
4,origin,299,8,0.1880858037710234,0.267287814161617,0.2710274161674923,1365.8697470224522,1487.715436204129,1519.2706015829474
4,origin,300,8,0.2453664222556472,0.6971823674488494,0.8267652307829401,1439.0956142974924,1567.7439622799286,1609.5621316313322
4,event,1,8,0.0855024576176587,0.1688865248769071,0.1844140699357785,704.3024225352518,789.8153306754265,818.2999908346571
4,event,2,8,0.0711469404794096,0.1102510143119978,0.1106697024926715,718.4835022249852,801.3568786991774,827.9167591951802
4,event,3,8,0.0698157803717022,0.1396094128430873,0.1594463427024843,747.3594747369602,813.5871294570561,814.402823536593
4,event,4,8,0.0624406756628393,0.1109194616780818,0.1295204181359615,917.2770643200944,990.1762980013827,1003.3757980873866
4,event,5,8,0.0650755713443722,0.0972098706528869,0.1025705570854417,935.8846591466612,1021.83932063807,1042.4830128262283
4,event,6,8,0.0632446911232468,0.1481369523195671,0.1698043936314418,1164.5803683805843,1299.107873773295,1329.301658179023
4,event,7,8,0.0869982663771581,0.1769090151682072,0.1776520409110049,1234.7184147804203,1358.9359633560186,1402.4243608446857
4,event,8,8,0.0739060344956224,0.1379401389074634,0.1574221148169981,1155.2643577926126,1220.3664978739905,1226.0364146464258
4,event,9,8,0.0666984004302272,0.1286635927254333,0.1474634457246534,1276.4333073118928,1324.7229484424404,1339.544036084434
4,event,10,8,0.0732355619242152,0.1615897565827659,0.2015240793972018,1350.455962669441,1462.1616515328071,1479.4336328553022
4,event,11,8,0.0706285497169212,0.1439745565768742,0.1825547972621974,1241.9283621415907,1376.301714581755,1417.4043403224232
4,event,12,8,0.0756046819745657,0.1382909701028697,0.1478469192720748,1528.411420470841,1784.8888983235404,1835.5929662094636
4,event,13,8,0.0774066471394694,0.1409010288831286,0.1579000323939698,1506.2609646033302,1654.968885348733,1726.937203083411
4,event,14,8,0.0596705193339672,0.0833201267842131,0.0854085583084681,1570.925457675572,1648.6792410726346,1658.2733318286823
4,event,15,8,0.0940041451823166,0.2331824104346433,0.2711855001399606,1727.5510395191168,2132.3913706958774,2214.086636882152
4,event,16,8,0.0748370573059065,0.1306126260542374,0.1577214892669406,1422.2653400582742,1559.8703317298418,1616.7159455350725
4,event,17,8,0.0674999248902286,0.1063142174040156,0.1195589052850608,1428.2382013219813,1564.9017140700173,1600.559421683965
4,event,18,8,0.0863225536710687,0.2129708088401536,0.2176609653848079,1419.2293593780114,1543.3745769678433,1567.4639459530777
4,event,19,8,0.0745505311013745,0.1451903641707524,0.1757719520814374,1444.694459304856,1480.438331390003,1481.4759030398848
4,event,20,8,0.0639877627945648,0.1099238106154943,0.1225752201192347,1487.815225272135,1546.6380698288783,1551.4516281666713
4,event,21,8,0.0676547301522157,0.1009790355487209,0.1048131539985661,1322.3847950805146,1465.7590070037993,1532.267569355467
4,event,22,8,0.0651258758784638,0.1226426298359138,0.1330871648439001,1572.2093836619883,1594.3893182180266,1598.3098720325615
4,event,23,8,0.0776705679367896,0.1671676260337511,0.2115639587842717,1405.8107665656812,1429.5070396850692,1429.6473931148676
4,event,24,8,0.0869541072701808,0.1866977646144103,0.2042716304335195,1382.4691414002684,1441.2378861365564,1451.2768141681872
4,event,25,8,0.0568834238261745,0.1257173824391543,0.1516070645393262,1551.1845067902173,1749.1061467961542,1815.63346489041
4,event,26,8,0.0788029561946023,0.1106432704086718,0.1172567526608823,1544.6126336925734,1692.9670306969929,1770.5806071114912
4,event,27,8,0.0643401227172504,0.0996929716123117,0.1108113556947832,1438.998241684468,1543.4878244858548,1552.476157676442
4,event,28,8,0.0784809919928414,0.1950879958597652,0.2253506065017954,1387.1399959049886,1438.280193164184,1438.7397897498902
4,event,29,8,0.062413841020539,0.0933076031307603,0.1007399787444663,1496.327102847258,1607.2063632193276,1635.4483305321396
4,event,30,8,0.0676656428922276,0.1194166630552785,0.1379684191806591,1504.0995269812518,1624.575600352143,1671.4217451607103
4,event,31,8,0.0984998440372853,0.2747616429245689,0.3600268066667929,1527.678007278289,1613.763821893914,1630.6115266359534
4,event,32,8,0.0740657770374004,0.1188923471051958,0.1194753525756268,1524.615491813163,1621.4003128220113,1662.8577798804708
4,event,33,8,0.0679018767486076,0.1503140444263401,0.1656497544231476,1506.405524953262,1552.0040161795512,1555.7462515070924
4,event,34,8,0.0910089328955974,0.2023971508552685,0.2504281963433293,1556.5620126246722,1604.4540924662356,1624.116436015236
4,event,35,8,0.0878118581761669,0.1799156442777397,0.1974347127862583,1471.0330951040037,1524.2689042115865,1531.5306985831498
4,event,36,8,0.0618007986731231,0.1015622348086169,0.1130775623987373,1465.4672491698811,1567.0070312164385,1581.2082702992686
4,event,37,8,0.0640635429597697,0.1104373259126282,0.1239085077319671,1467.0373748081947,1568.707449480982,1587.5566782215546
4,event,38,8,0.0641282134509116,0.1561703353655839,0.1842145783374059,1414.144932451391,1473.5358823878285,1480.4096809389162
4,event,39,8,0.0713709239100531,0.1330395588391723,0.1592120237420381,1590.383234778827,1738.142914612421,1800.1458248239512
4,event,40,8,0.0815760112774167,0.1853959064561935,0.1951021691752856,1628.3543243878426,1776.345518156719,1817.0700021342948
4,event,41,8,0.0859579161746016,0.1899282108821973,0.207576112429427,1497.8316634076955,1604.7420172587342,1639.1593646663405
4,event,42,8,0.0937968874088085,0.2597519680807479,0.2715425678379065,1505.0045142835088,1725.1342225410865,1828.5310754422403
4,event,43,8,0.0975404095444256,0.2906953728388015,0.3692510347259207,1491.9143355591796,1617.2707298277858,1648.1665862332836
4,event,44,8,0.0805229700573682,0.1577693803097489,0.1656368793995105,1417.4455609354782,1491.1085106906423,1500.6275755244103
4,event,45,8,0.0706430651359244,0.1658155507163422,0.1832412710116008,1576.2826196128465,1738.0665594434909,1754.9445473265118
4,event,46,8,0.0654791176603656,0.1221263390324089,0.13680629088361,1305.7045477233432,1350.735608101874,1362.349368181095
4,event,47,8,0.089129628661292,0.2423176124295406,0.3040989479831302,1606.6554271055022,1740.6407117246831,1811.0953429658
4,event,48,8,0.0726813281757168,0.2094508149149616,0.2810899777601101,1528.2490310332005,1742.0821464706526,1868.0921670789603
4,event,49,8,0.0615736987241303,0.0886946674881478,0.0894000624673511,1627.2754030907731,1731.5518816843112,1776.6325513931129
4,event,50,8,0.0929807294421429,0.1804944041856532,0.2080263362190192,1528.5131709675145,1596.3776416884489,1612.2122637774314
4,event,51,8,0.0941438725988477,0.2281522621669152,0.2983226529026441,1589.7017499039955,1668.5882252384722,1681.4355666357872
4,event,52,8,0.0709430246517678,0.1295464013364258,0.1410088885734088,1523.5279605563933,1613.3021989473311,1618.2447405520004
4,event,53,8,0.0724663286031005,0.1157211485519588,0.1292296817390066,1545.169616683835,1647.9332429640267,1679.4032108005888
4,event,54,8,0.0844181770305368,0.1900197325826928,0.22617377916251,1544.2963480977232,1597.3211547738167,1610.927764012158
4,event,55,8,0.0878442901485444,0.163279255627439,0.1998100770239207,1519.0870296799544,1579.5584662681445,1582.4245704245604
4,event,56,8,0.0889069831469246,0.1652816454156599,0.1656675429218748,1428.9442316043892,1556.0520115551326,1622.648796786004
4,event,57,8,0.0704240075396585,0.1180848807519051,0.1323614394442039,1454.176153946565,1512.637468749529,1529.0262941367753
4,event,58,8,0.1015123341680378,0.2500229192065389,0.2638240615811062,1602.7305770501794,1718.1613719357647,1734.9567794981876
4,event,59,8,0.0829773528997767,0.1054061763868677,0.106499344081963,1486.1920772127378,1597.0223447244105,1620.8176357723505
4,event,60,8,0.0714560872339134,0.1450499478184458,0.1578131697892059,1498.640033554601,1562.189806968431,1570.7210546467934
4,event,61,8,0.0649797423577409,0.1343097614126777,0.1456285894908864,1409.3339341496755,1528.1232297270608,1540.5220681955002
4,event,62,8,0.0789234337110301,0.1806315718776926,0.1910146655725962,1515.0368298257345,1584.8272513405868,1602.0064567912486
4,event,63,8,0.0773801927726903,0.1580566836657513,0.1798365635645904,1457.8753506317455,1563.8376981557706,1593.1495268321385
4,event,64,8,0.0670293829053605,0.1196227745530308,0.1357631610463114,1244.8118320540073,1319.6079696712025,1331.1251767445235
4,event,65,8,0.0859804654590249,0.2161878651784265,0.2221084973973503,1487.0136975581477,1533.6572045241023,1549.126373009222
4,event,66,8,0.0861328133230741,0.16915495698088,0.2002823862353729,1378.4234658933024,1408.9299790919142,1409.5262782186044
4,event,67,8,0.076902927286367,0.1900842213110826,0.2093503766781768,1507.894915370536,1584.004805139504,1591.17092668894
4,event,68,8,0.0908700574447715,0.2259280169457937,0.2443179229038815,1500.9948643981636,1627.1373902700166,1680.0927350059792
4,event,69,8,0.0801842742702524,0.1457130632880943,0.1593820471748645,1658.2315299373945,1755.1914014977008,1777.7273743271542
4,event,70,8,0.0868626586909892,0.1359986167726345,0.1545567730027033,1482.8289623778685,1609.555431107904,1609.776642811872
4,event,71,8,0.0901698320631678,0.1941845473667013,0.2188520037137709,1464.5581975517143,1629.730731915994,1666.2203269226573
4,event,72,8,0.077635538808646,0.1139787719775858,0.1180254605733146,1327.8386052914834,1376.1163121604586,1376.5925156264195
4,event,73,8,0.0665330431608249,0.1256633517736746,0.142594516582174,1470.4657908988102,1576.2668526485902,1598.8146883589916
4,event,74,8,0.1048344089507089,0.3106217009139633,0.3404864407048765,1482.0897741201004,1612.5530975948022,1623.100026311869
4,event,75,8,0.0684210889775983,0.1069986263759388,0.1146962401687161,1510.136923090991,1567.469901635529,1573.3236717874158
4,event,76,8,0.0694700450871037,0.12914403921391,0.1337766721630621,1295.2425127163876,1404.9483410244095,1419.3048555101168
4,event,77,8,0.0601423649141845,0.103724351484247,0.1139773328051272,1446.2156175968744,1503.2167841319967,1505.519862887884
4,event,78,8,0.058126602628205,0.0811647480714669,0.0828769525985652,1501.7836032839618,1665.9728330706473,1717.7627869031403
4,event,79,8,0.081258339157834,0.1913766144186439,0.213064214904457,1467.8800596088877,1558.7533669653471,1578.9749488136988
4,event,80,8,0.1094791923288147,0.2540284323128395,0.3021583505296891,1649.0094136587709,1727.236824645511,1743.7522952929469
4,event,81,8,0.0658254268129312,0.1638517158183683,0.2227622926797627,1282.507528717803,1358.0869207442706,1360.2432329763303
4,event,82,8,0.1065302695150283,0.1995549398652528,0.2077023309710583,1412.982363031352,1521.3859321734108,1521.5198257007369
4,event,83,8,0.0644888734651232,0.0995778097865945,0.1077078035525772,1509.718214039118,1563.5811659074798,1575.6261111208255
4,event,84,8,0.0830378101306515,0.1905590103086632,0.212550957983676,1534.4975878289822,1616.9760040072672,1645.3689567533836
4,event,85,8,0.1099501079865851,0.2241394181770175,0.2740604319159547,1509.9626955227732,1542.1619302436975,1544.849152098137
4,event,86,8,0.0773066043763474,0.1310331935657153,0.1367969827322109,1498.5760161478706,1564.3431343235118,1565.26106337374
4,event,87,8,0.0687710401199533,0.1208444764132336,0.128263632660816,1490.336332458455,1595.393969335037,1602.1475427170678
4,event,88,8,0.0742984913728445,0.1390955358696209,0.1480044148202358,1431.3798430285335,1515.415395340148,1539.9802072132843
4,event,89,8,0.0595104536003659,0.1187071607917398,0.1286170603729963,1405.5359273396673,1452.8737708624574,1463.030662969412
4,event,90,8,0.0624300288031019,0.0814532915584569,0.0832736282585472,1498.1708529118248,1661.02209607407,1719.8727281314775
4,event,91,8,0.0911280518514464,0.2045552885160821,0.266533125188951,1445.0477884211075,1535.980820266882,1564.859098672464
4,event,92,8,0.0659279734311934,0.1194742463047031,0.1443114912451678,1403.1540213125706,1518.0229491030436,1561.9512494783023
4,event,93,8,0.0708042733953696,0.1070628439197969,0.1101423172985825,1447.781440091837,1537.0510385697958,1541.5728892694856
4,event,94,8,0.0789609334913757,0.1700626758664537,0.1872287870520899,1349.898286787419,1443.1461007949829,1468.0771171278873
4,event,95,8,0.1031446738472549,0.2471950521623032,0.3225855293702004,1585.2011543210183,1672.0886699542584,1678.6977673475822
4,event,96,8,0.0796127229316144,0.160116054885965,0.1661776761064411,1517.0607269687523,1577.83026410013,1585.909210915357
4,event,97,8,0.0682787399277578,0.1528855631550844,0.1788825119021725,1435.0227518321833,1490.887451976773,1515.9208990807017
4,event,98,8,0.085258531870172,0.1556518054752078,0.1691034475278843,1233.6116696483216,1360.332915674012,1372.1624005755034
4,event,99,8,0.066987040645667,0.1026286543242858,0.1125292491427065,1417.1783395753644,1514.898487203129,1535.6152685523116
4,event,100,8,0.0783844995223151,0.1132234415759499,0.1139607480970411,1358.1401432537857,1392.59055442214,1395.073238590025
4,event,101,8,0.105273203529775,0.2052863066541487,0.2490827254551976,1454.7385015918233,1494.4956099200388,1500.6565181811932
4,event,102,8,0.0619630597494571,0.1278043801670834,0.1594918155094164,1471.8196523634174,1537.949458256778,1544.6420231940965
4,event,103,8,0.0743651656058087,0.1291059953609289,0.1476698398688622,1424.754620149754,1545.7167092527504,1579.6936890999496
4,event,104,8,0.0606860616152254,0.0971369150164658,0.0974830620167302,1467.6126433911268,1540.8638494148963,1547.1182342066445
4,event,105,8,0.1067272875697014,0.2814892556442064,0.3057229582567443,1422.2597619669205,1466.2861613572445,1469.9749303749984
4,event,106,8,0.0525753833786285,0.086119224020662,0.0955011411966627,1220.9048294634747,1321.9351899058329,1326.5744424330126
4,event,107,8,0.0887032673746612,0.2100210611327737,0.2691712938468565,1232.3469463971112,1342.7676935116028,1354.679426774715
4,event,108,8,0.088188176736765,0.1797432511921945,0.2025061630117501,1411.9746097357547,1569.76620369259,1614.755917400053
4,event,109,8,0.1143612604905171,0.2430791423391337,0.2556577938551822,1412.8029418924011,1452.7127923682312,1457.9646858077126
4,event,110,8,0.0878377801263517,0.1928768918678519,0.2320481333629782,1227.317834763299,1302.827886872052,1320.6873658963175
4,event,111,8,0.0880034135666168,0.1549861143445421,0.1595377054700951,1414.247256855578,1462.7067186350253,1465.3463596490092
4,event,112,8,0.0740674971979825,0.1771305872035419,0.2219131824305198,1235.842333430746,1364.0271134816244,1369.501581038306
4,event,113,8,0.1311081422850249,0.3529341525284942,0.4221034731594349,1504.3908400245834,1725.7873465095574,1818.2075419943253
4,event,114,8,0.114164766848173,0.2755264935863248,0.3463123645832294,1476.159147898584,1528.8861377175028,1530.5349544360115
4,event,115,8,0.1209891090004079,0.3499687143434806,0.4450385454401255,1465.3389188022447,1554.8322489003226,1565.638605828451
4,event,116,8,0.0630713190452173,0.1074202547733074,0.1144762655277016,1507.9108545382066,1579.5124693977086,1586.8487174801826
4,event,117,8,0.0901642885223815,0.1623792472621437,0.1747822136968554,1472.5294893790929,1599.168206241127,1611.8888929455215
4,event,118,8,0.08361581529802,0.1234135843960183,0.1251090601391612,1488.6704699436063,1535.5595383451314,1538.4209984644638
4,event,119,8,0.0796017704989813,0.1204739328281376,0.121897500187459,1324.0545313463565,1422.904760194999,1455.017828617395
4,event,120,8,0.0718297496901516,0.1612027039571862,0.1916391641647248,1234.1779010912906,1321.4455478730824,1327.6175225204613
4,event,121,8,0.0914891375146674,0.1669676317941353,0.1678724015017828,1367.544862985755,1438.8717426591245,1458.3333889408157
4,event,122,8,0.0920990674480706,0.159275265321397,0.1805713137602772,1501.9676933058004,1623.629858454536,1678.2065495813342
4,event,123,8,0.1128426519892189,0.1520943510488351,0.1562294107538719,1310.5934433802663,1387.4850916325954,1392.0830470018009
4,event,124,8,0.093231918999639,0.2133466310147987,0.2348959548228561,1238.0035534678364,1582.068021917705,1721.3971062127378
4,event,125,8,0.1013552797470941,0.2094429710829637,0.2123757894519171,1521.4013986229452,1663.0950308561755,1721.8970518157448
4,event,126,8,0.0845122901620577,0.1422947352649376,0.1468022780145106,1284.1191654399704,1375.3278792333972,1393.14646739757
4,event,127,8,0.0723119712911654,0.1248754219312044,0.1423093828040106,1448.4670898880768,1541.0543773843874,1558.7529079961723
4,event,128,8,0.1138199025767069,0.2815925648617436,0.2900889820423409,1420.9310324962407,1606.4229516271143,1672.54112341403
4,event,129,8,0.0975852922850265,0.2349602832016144,0.2771189247505055,1387.1596328340263,1524.1531336958303,1527.237034352358
4,event,130,8,0.1008383143256024,0.1979853636031879,0.2292022180139748,1482.2826425442977,1636.512893082592,1705.130792250664
4,event,131,8,0.0713997771931233,0.121346200314594,0.1245381116706235,1353.9810968274453,1402.8870064108569,1404.3403968898174
4,event,132,8,0.0913114803127401,0.2035312129828872,0.2189874387521994,1296.1303163877665,1365.1349690987631,1382.3927484199237
4,event,133,8,0.1074466112374925,0.2087632257423154,0.2355573321584723,1473.5194622518732,1645.8640125315314,1677.281363285597
4,event,134,8,0.0781765374556545,0.1635116805165904,0.1724369977010623,1457.3878269288782,1505.512025775146,1505.9429461655984
4,event,135,8,0.0870285702944057,0.2224512951097568,0.2906986317038775,1436.3751785387674,1505.7399809945823,1508.530805530777
4,event,136,8,0.0941982318276565,0.2320522123024839,0.2642308527446184,1370.4339745066898,1428.126284230735,1437.6761209297918
4,event,137,8,0.109501361291747,0.2549258319564209,0.3092778022817275,1548.3905511206258,1666.5141028048088,1716.9526274551183
4,event,138,8,0.1068400169760516,0.2306184934829019,0.2595133883237818,1463.3824967171945,1560.1186955414162,1577.1118386086057
4,event,139,8,0.1025712494663844,0.2334171369139373,0.2627328485853502,1236.013032704598,1379.6596608333334,1447.745089454984
4,event,140,8,0.078473278684225,0.1509774464546907,0.1596211800578715,1398.0285354403086,1495.3785238007183,1497.1448281361313
4,event,141,8,0.0673614994873315,0.1028341840020897,0.110772019621934,1427.1758022580111,1535.0198866895053,1549.5206293660003
4,event,142,8,0.1142258607057914,0.2851189469624575,0.3114315792894893,1552.7554771250127,1707.0306637332308,1755.4262640470358
4,event,143,8,0.1029536883193176,0.1609147908553578,0.1723787488583244,1370.7442547498997,1442.6884146150485,1458.3850983376442
4,event,144,8,0.0901859173955912,0.1573771814118829,0.1763360194686926,1273.3630579316457,1344.538255825587,1355.8734350166533
4,event,145,8,0.1179265504440038,0.189423208130013,0.1935729047072898,1412.5081257620964,1517.0549500728198,1549.0710947788823
4,event,146,8,0.0867239657882768,0.1513546943991014,0.1602824244034823,1430.935155740979,1502.4009132481958,1511.2263057127425
4,event,147,8,0.0884944576633109,0.1764274690249722,0.1941009915546317,1486.0113479936106,1572.7310525660862,1590.890500339723
4,event,148,8,0.0596725422043911,0.1037878814547948,0.1243301936885862,1467.616339546405,1535.4964017760196,1546.9527827019951
4,event,149,8,0.0916252587223055,0.1691875684101739,0.1880467675407599,1499.1495626222354,1625.8187802943835,1643.6221521761263
4,event,150,8,0.0942763443333065,0.1631412401502089,0.1837386891740261,1477.7617488084295,1622.3520226384253,1678.257575481756
4,event,151,8,0.0951251789511893,0.1446250502293398,0.1536700650433186,1367.7092364170462,1470.2258447065255,1481.6930096725746
4,event,152,8,0.096221848184598,0.1779171605347533,0.2191566398836295,1345.5315826693222,1427.789718485307,1452.2209764613056
4,event,153,8,0.0996128646112962,0.1755100463970867,0.1818004493678354,1292.71506952606,1393.691312946239,1407.6041423601855
4,event,154,8,0.1030265267705359,0.2900549133502074,0.4023878442971485,1262.801463113714,1452.5383083545134,1550.2814755225777
4,event,155,8,0.0874135924976045,0.1493201672980343,0.1740096585877799,1244.2542313520796,1321.6755950456452,1332.3440415799348
4,event,156,8,0.0842279780105585,0.1773653200712574,0.1852503580001684,1189.0343780344049,1305.0808300985768,1348.8500092864022
4,event,157,8,0.1283144607850719,0.2925485677567476,0.3108195545391521,1409.46150025017,1611.331816936747,1696.1131083847713
4,event,158,8,0.1436812144199073,0.3291418940314692,0.4078849409018547,1436.6571260433818,1490.8095093347586,1493.4101760037872
4,event,159,8,0.0847343487093497,0.1996120018367822,0.2372214080899619,1413.2181968428138,1469.2137885105867,1476.7730661082214
4,event,160,8,0.114836557096808,0.1602906800656102,0.170082179559841,1405.1933529053806,1451.561301391592,1453.0648332033466
4,event,161,8,0.0956909370845046,0.2653690286006118,0.3531003963478734,1409.3188857361847,1506.2675854409931,1513.1899309163466
4,event,162,8,0.1079435306122994,0.2364178961722465,0.292069570862108,1484.4605794900924,1562.511769910926,1562.6267770741497
4,event,163,8,0.08789708184251,0.1481263062449695,0.1659420676937516,1364.4637311426593,1450.4876254533476,1466.3471548405637
4,event,164,8,0.091217454616583,0.1693761343042854,0.172200024563281,1383.2388043144174,1449.37221929288,1453.6681797028082
4,event,165,8,0.1111302218351257,0.2503769778685882,0.287391313950861,1533.796470937817,1640.4906570835385,1642.628831607553
4,event,166,8,0.1137925156614348,0.2521857349414537,0.3067387175057636,1440.8858270802496,1571.3112314253624,1583.1105781393824
4,event,167,8,0.1329645379900439,0.2994216440740517,0.3508532468094781,1361.3266500353272,1509.7994375740968,1562.783276245929
4,event,168,8,0.1099993499124356,0.2611403832539316,0.2660665462297453,1397.4799377324648,1515.3232710858042,1548.220458985155
4,event,169,8,0.1163953053209989,0.1860608328502854,0.1890493747873157,1404.529156839892,1501.1992284526737,1537.7525069281346
4,event,170,8,0.0960431845246317,0.2311268464597316,0.3037308610346187,1303.2639368130774,1357.6618669492934,1379.896568715469
4,event,171,8,0.1071634818380283,0.1820503452648254,0.1906222386227838,1475.3229936622456,1559.8289108128454,1564.709587502965
4,event,172,8,0.1246405111844454,0.1629500029294991,0.1702314559595034,1366.9502010899091,1433.0219716604172,1460.7959376095928
4,event,173,8,0.1404665932705189,0.3799506975624798,0.5166150346219138,1470.5962517208643,1591.1520675385036,1613.0597500356932
4,event,174,8,0.0694832017278845,0.1328285512069858,0.1377725341735655,1374.2987249640978,1446.436478082005,1452.685416799013
4,event,175,8,0.1054517678968786,0.2402533885066531,0.2916612501964117,1456.0193676397612,1574.13594526268,1574.8929518959878
4,event,176,8,0.1122289609860416,0.2468527450619198,0.2896109487773829,1507.0590268931824,1629.5259699087594,1672.6331959467025
4,event,177,8,0.0895658102635556,0.2330630527611469,0.2888398568662766,1456.8480976963351,1544.9018677283948,1547.6990425247293
4,event,178,8,0.1024224827651445,0.201709161568774,0.2273155193742683,1395.3014551547851,1513.82211242037,1547.760260744704
4,event,179,8,0.1050277792389261,0.2381489194205457,0.2882778930436317,1208.0871123035784,1363.204781132452,1374.5915785405862
4,event,180,8,0.0930510320505953,0.1281862387300038,0.12884257624532,1185.379561164361,1348.0763499857792,1399.0513153692586
4,event,181,8,0.0911713368585186,0.1968269720134916,0.2415383326131612,1325.5895568466644,1478.6094899135794,1491.8132482810377
4,event,182,8,0.1114021452821551,0.285186655487643,0.3695888762220107,1088.6348465567596,1255.9591310442656,1313.5312852765674
4,event,183,8,0.1180225304664945,0.2134465883738929,0.2514142632213582,1452.7499401288246,1565.286735165218,1578.7368519475904
4,event,184,8,0.0982447511815652,0.2886270634183496,0.3443404373146812,1268.4977692549894,1331.1229866166436,1346.4501441235898
4,event,185,8,0.1073368950848873,0.1769852564781159,0.1897961663705137,1336.122132551709,1502.768237103862,1510.870176574202
4,event,186,8,0.0967854214698533,0.2377512883851844,0.3161199283008777,1339.8668114506318,1445.2876429306853,1457.6850594508362
4,event,187,8,0.1352882790373867,0.2405392803222033,0.2701672829307865,1254.073358418893,1338.4972277112934,1373.3119584082956
4,event,188,8,0.1177062620464169,0.2071319084040438,0.2078269560310081,1428.4022908237623,1533.919789164484,1562.6139481601797
4,event,189,8,0.1428173077418301,0.2820459721841324,0.3558274053193492,1471.6653197886378,1544.5369242717602,1548.7740381359206
4,event,190,8,0.0958803999430512,0.1647597343764895,0.1683178009489199,1341.092815475195,1416.3026004297649,1421.1291051637832
4,event,191,8,0.1351159086901679,0.3125463921671042,0.3712794201253746,1397.3283283660571,1485.9781553763582,1487.5642620539138
4,event,192,8,0.1486031924157624,0.3132638525959073,0.3913413974071051,1388.3244632671622,1444.3359786872627,1450.6773521183984
4,event,193,8,0.1124708336480057,0.2417962276748824,0.2953328427447689,1414.4950834902736,1623.1676170988733,1701.526801685908
4,event,194,8,0.1764341781675723,0.4384170784742137,0.4640579864432931,1404.487396814685,1600.746212071357,1681.777255690885
4,event,195,8,0.1057248370250395,0.219627451955238,0.2340453478886162,1458.85299516152,1509.486701006933,1511.744211412034
4,event,196,8,0.0949716918952908,0.183513635378779,0.2279511654150907,1210.7031169134173,1310.7373322530325,1346.1908147247143
4,event,197,8,0.0889252409926827,0.1964815163733878,0.2062135190921463,1353.9595521643437,1414.5810141216427,1416.8411998046106
4,event,198,8,0.1296478327965091,0.2713307377439783,0.2964537895115224,1245.9670224078393,1315.1054533412455,1317.480256112029
4,event,199,8,0.1063431082269949,0.1841335482473626,0.1907756552563405,1419.253667740077,1527.5991721584996,1538.2951515528075
4,event,200,8,0.0883320293736424,0.1288905473429175,0.1345223774715145,1429.6553114349936,1538.8824823221607,1572.9532535431244
4,event,201,8,0.0814479169311776,0.1466437260534908,0.1628129075457406,1383.88701602408,1472.4751397369546,1489.5628460428757
4,event,202,8,0.1192702093132967,0.2184235836823653,0.2369298810544594,1472.929532175573,1532.6598912772606,1538.2485932909676
4,event,203,8,0.1203510656187857,0.2444942991299987,0.3039410111272687,1437.4615020427668,1513.7360183945484,1515.2335653383225
4,event,204,8,0.0703525353563337,0.1266827100464036,0.1499383523615903,1429.6845440541726,1563.3435509311798,1566.9602743780486
4,event,205,8,0.1481153083169879,0.371534350233334,0.3985747578251626,1676.2702193610305,1804.0077565029997,1830.1718801986551
4,event,206,8,0.140825070721813,0.3381912115302558,0.3905576171163936,1525.345667483318,1646.0896417307458,1691.8193854608562
4,event,207,8,0.0924905702748582,0.1571254746008826,0.1682361943944491,1395.3971587808885,1485.4667027142132,1511.0243704397355
4,event,208,8,0.0918214240499782,0.1800236093381869,0.1972434807998477,1347.9704491883876,1474.0559112011963,1490.095390947551
4,event,209,8,0.1141346928040525,0.2553671266836518,0.2707319519458929,1414.413292291107,1549.2918130875644,1579.093765494366
4,event,210,8,0.1279138696273558,0.369708610615596,0.4813389369547235,1496.3494731910685,1547.0237473025572,1550.816444861006
4,event,211,8,0.1396715792180143,0.2906276437002908,0.3012168308697254,1417.407348323289,1469.778649524617,1473.8582407538065
4,event,212,8,0.1081617849027107,0.2486403052231597,0.2489455498934593,1557.9996210319184,1640.0881772444611,1645.5138051178308
4,event,213,8,0.1129335377606477,0.2637813601451875,0.3363994680279013,1404.1981285908885,1488.4944590516618,1512.804802538054
4,event,214,8,0.1473265642115829,0.3771402727712253,0.456293899226382,1396.4992760563205,1526.7901262676526,1530.0807345153155
4,event,215,8,0.1534663223431293,0.4260959180431968,0.5273425232949724,1409.895208506749,1461.653881637524,1470.924291060883
4,event,216,8,0.168759360828413,0.4595130014625749,0.6176282709222626,1239.9833505264526,1301.34884233112,1306.5653066242755
4,event,217,8,0.160148505729407,0.4145308561678447,0.5243660439527063,1268.5158307578647,1400.5531472578225,1439.2014285046923
4,event,218,8,0.2093837098498244,0.6674900966451802,0.8523935619735842,1450.1731020059844,1498.0588935326484,1506.0451345622253
4,event,219,8,0.2012600112879165,0.433536717672827,0.5161806928727549,1310.1157863266442,1425.9096118576265,1471.5075064165626
4,event,220,8,0.1444171325502834,0.353014326293143,0.3810656566810887,1442.7669401885987,1581.231550102788,1607.3818616972162
4,event,221,8,0.1255954011976647,0.27712605984258,0.3414104744379326,1334.919503341879,1443.7652876666498,1472.2774699445272
4,event,222,8,0.1239198877991163,0.3142060874581237,0.3963432660624805,1343.1632134708248,1391.4751164240822,1396.308360769266
4,event,223,8,0.1329441125966154,0.2159195764172495,0.2243412698714426,1275.5557449384864,1313.008862564621,1313.0733070841056
4,event,224,8,0.1465812374006878,0.3036029239225456,0.3825137450554827,1305.138232897853,1414.5296025369914,1439.25992365814
4,event,225,8,0.1267552213453516,0.2484071244565657,0.2643785775579662,1389.1755539214255,1469.1752734845822,1491.986915105398
4,event,226,8,0.1389810124245974,0.3544596620091657,0.4108406091624677,1412.9972852736098,1631.2961336685669,1705.0273160439965
4,event,227,8,0.1165179524211663,0.194479477705368,0.1975349699319215,1305.4945257156196,1438.128601222006,1475.6474133494562
4,event,228,8,0.0971414507365265,0.1753960923498349,0.20253134067661,1306.2098688582844,1356.2185386482772,1360.78148264502
4,event,229,8,0.1372276866236072,0.3618750700713781,0.3715834980618046,1004.9309961076892,1100.6515495263193,1112.0321438614508
4,event,230,8,0.1559606800039138,0.3714187096211432,0.4554907678415015,1346.870203161831,1505.0964172398164,1544.301839806839
4,event,231,8,0.1716883039001095,0.5259543417658956,0.6517379262982858,1477.6039664897191,1635.975786584141,1642.8250607479977
4,event,232,8,0.1099340557360702,0.2128562789625059,0.2398264242576324,1292.1246195226909,1470.072254644903,1518.1193326644177
4,event,233,8,0.1656472251390581,0.2517537312064691,0.2595136310358352,1395.6651230136672,1462.7593769198686,1477.5363564082456
4,event,234,8,0.1041723777905774,0.1855824836343867,0.2007500723367252,1531.8028474713403,1639.408709641005,1667.313104945507
4,event,235,8,0.1425903643559108,0.208809495287209,0.212621208495378,1288.353961183008,1378.5190304372352,1391.0238175073848
4,event,236,8,0.1158715838689441,0.2109248657791486,0.2323428763416734,1249.9460259760967,1436.6590242338243,1466.274371825541
4,event,237,8,0.1310746941264282,0.207996706404302,0.2094243456864633,1418.678428100674,1529.812592377653,1540.2015282509742
4,event,238,8,0.132107107448944,0.3498436546641092,0.4433806100903315,1398.4713673731376,1465.218860693231,1465.5541407418357
4,event,239,8,0.152065333987163,0.3877286722041151,0.466359528957152,1298.6266076900504,1344.184081884872,1346.740947311475
4,event,240,8,0.1578728206415583,0.3302933652563062,0.4077800527623669,1527.6726291266243,1653.2267859719966,1670.8670368208825
4,event,241,8,0.165883279866344,0.4469281058737191,0.5873517224976215,1406.6327650461744,1496.336600688105,1501.7965596896968
4,event,242,8,0.1612048602484938,0.3156294984189856,0.3748040444192219,1390.8390206610757,1498.5557298732322,1528.2278947955344
4,event,243,8,0.1403770967263408,0.3421727266666509,0.4341389024575888,1195.075528668123,1289.705429346834,1315.35510512389
4,event,244,8,0.1314582149651177,0.3692831729190827,0.4679021030751662,1434.1266883204894,1576.654677662723,1638.484094816352
4,event,245,8,0.123056553902044,0.2357696054248214,0.260901295397739,1169.9517804856848,1278.793684178029,1289.913389565506
4,event,246,8,0.1556048177501572,0.4104584177779907,0.4808707830652225,1204.5104718564278,1346.1302389633372,1348.5352158204068
4,event,247,8,0.1360577313011114,0.1903836319968704,0.2008040812902483,1440.5889383786266,1542.4764189411078,1573.7757382154907
4,event,248,8,0.1403370800390624,0.3205653773973499,0.3956010443133807,1400.417045846089,1440.73641689084,1441.8419256214418
4,event,249,8,0.1278602335537081,0.2158098063046874,0.2379462494891485,1441.2372362074627,1552.625509385753,1559.7103258771324
4,event,250,8,0.1650267608978538,0.3876305326180682,0.410071737211506,1354.9962825666792,1499.721906712292,1542.886610950902
4,event,251,8,0.1574217302820568,0.3330653788439464,0.4079677723360277,1567.267400951538,1724.6253529008077,1785.2472403582672
4,event,252,8,0.1020252596556429,0.1661987233175995,0.1725428342232204,1351.286199538875,1464.220114745798,1480.38145469744
4,event,253,8,0.158291421280837,0.3786187552609406,0.4712754476354149,1456.983666058928,1524.9412691275988,1530.4681254468603
4,event,254,8,0.1854295418876972,0.4307590714256396,0.4575903231461091,1497.9295419007276,1600.3805930766075,1611.170064661003
4,event,255,8,0.1700790669399968,0.3236271743868543,0.3281717362037102,1386.381572270402,1432.5437151789054,1436.9365391995598
4,event,256,8,0.1786647758551389,0.4418180518745649,0.5136529465716442,1415.9805607808005,1482.0309296853936,1497.2513901828645
4,event,257,8,0.1818881980031461,0.3344180593834301,0.3693729926730524,1295.1140808306277,1321.5574121067214,1324.60067303017
4,event,258,8,0.1970047482655237,0.4669882614115273,0.5158300779346131,1427.7240838268722,1618.5218226668724,1663.442167104835
4,event,259,8,0.1714820139981892,0.2580799444850972,0.2808771034905197,1476.15782861765,1537.1567413836824,1544.4990213950057
4,event,260,8,0.1029350937694839,0.1262010752800663,0.1269778749457184,1303.516211063772,1382.406547373747,1391.070701844586
4,event,261,8,0.2029932210686276,0.5020803106434646,0.5898918355180538,1517.3883554674046,1778.8666754095411,1910.528747735109
4,event,262,8,0.1174772473763962,0.2110453963487923,0.2398224010368639,1474.2401979196002,1631.3818740579145,1699.4831792449122
4,event,263,8,0.1292032162979532,0.2149882561449403,0.223446510100803,1260.7180785356586,1342.0355808484746,1346.2710958904047
4,event,264,8,0.1370167253084928,0.2557839571724631,0.2980501261753028,1423.231513813378,1508.4334279312045,1519.997952814209
4,event,265,8,0.1445122262824577,0.2787139812888154,0.3158980714515687,1461.533853760627,1684.4505783441143,1786.1533676417027
4,event,266,8,0.1392090716345127,0.2104817518786222,0.2161228889366889,1376.2607114997018,1452.541179455534,1457.092658991555
4,event,267,8,0.2095002741483994,0.4939742988825762,0.6431101353039127,1377.6151698879123,1480.85661721596,1482.6103358888706
4,event,268,8,0.1018321926236799,0.1667421076231368,0.1750750697527121,1311.4087987011046,1376.3664416779145,1402.82220388396
4,event,269,8,0.1487113385871712,0.3098783651950958,0.3333664474886725,1296.808922034069,1374.1939523888616,1378.083264174503
4,event,270,8,0.1453291712438677,0.2368957533914704,0.2727766827978695,1491.0692360551193,1642.019226536824,1663.064580476323
4,event,271,8,0.1227694094085014,0.2343427257221352,0.288472295655124,1370.606279803991,1438.6544504007609,1448.0407146016616
4,event,272,8,0.229295006478214,0.7235607734931917,0.932568993761826,1375.684800485694,1521.6657555749844,1560.7192568905832
4,event,273,8,0.1838402889285493,0.4741132458107139,0.5302560592505391,1381.791687025166,1428.5109045968609,1435.0433908677849
4,event,274,8,0.1985847990542822,0.5268057270055877,0.6943315567962862,1517.0667268310035,1683.2896938752008,1726.007987313489
4,event,275,8,0.1726460450365354,0.2451105916663901,0.2600654155101852,1419.7614881810327,1589.3081319495907,1612.8986573264797
4,event,276,8,0.1847592687255034,0.3118338215012634,0.3382621839332682,1442.3797897921631,1550.2394396516204,1563.5863943682486
4,event,277,8,0.1414043409146091,0.3034716493433051,0.3607074567924927,1416.7490344314497,1577.4770809556203,1658.093111295272
4,event,278,8,0.1980993326859398,0.3608554404812659,0.39551237436301,1175.2788160470204,1285.9595986394838,1299.5297151125026
4,event,279,8,0.2145892730165755,0.6192157171659184,0.7999716776604723,1371.3445559406405,1585.9875177679985,1672.1687963485597
4,event,280,8,0.2141767150383752,0.4923834617830258,0.54832082937278,1425.2025275890444,1575.5941966930486,1606.5737426932926
4,event,281,8,0.1427828250563906,0.269352496459209,0.2832669240079683,1484.297731185378,1582.1787487601837,1585.308945879471
4,event,282,8,0.1577881203954791,0.2641108775924013,0.3117059244838731,1469.6104883654043,1580.8461047726903,1613.2369879253386
4,event,283,8,0.1749109816699768,0.2704591059904779,0.2962434097455767,1445.569910634102,1551.9791792836131,1568.3353990673495
4,event,284,8,0.2303580944323331,0.4381991796856738,0.4521120050545842,1394.6813494846012,1503.584453549253,1541.1642765779266
4,event,285,8,0.1255855153679118,0.3042400917920599,0.3592696960342424,1382.3453732895268,1583.560593952875,1612.6333308456635
4,event,286,8,0.1672718585661143,0.2335799934799725,0.2523946224718592,1205.3970563389498,1282.332321013746,1296.4199353933957
4,event,287,8,0.1657664158675487,0.3364621090609165,0.4018495314443812,1303.0133455593984,1371.6453533288773,1374.7281364846078
4,event,288,8,0.2179073012254352,0.5741597984536632,0.6207777289033085,1309.6047363691762,1466.908044642368,1523.8092916100147
4,event,289,8,0.0913397705516208,0.1373578754579615,0.1456302741641822,1090.9427711971905,1257.372837278942,1319.815121559869
4,event,290,8,0.1915491613644002,0.5228931299044468,0.6929493834511937,1308.2567058186758,1409.9570567687078,1422.5066849230627
4,event,291,8,0.1707469649366937,0.3969710534022874,0.521086887230608,1252.422277073103,1319.8814577137543,1326.9143157890385
4,event,292,8,0.1415584589236169,0.2621463839831865,0.3255547524906422,1367.9113956455533,1444.2817057455063,1446.238286520277
4,event,293,8,0.1450811776116841,0.3875186294586789,0.5258245483767118,1363.4611887621222,1427.025513264126,1432.6613919800027
4,event,294,8,0.1950405532527243,0.5030816415150219,0.5211693134234727,1310.026452443567,1371.2990768230698,1394.500133558845
4,event,295,8,0.2506444499747128,0.4702334979719391,0.4766760607157191,1291.8830603027502,1335.3525265268015,1350.9363157375612
4,event,296,8,0.1246226331650556,0.1654665877273152,0.1735149657078485,1407.880990050674,1470.1096605404466,1486.2777817702631
4,event,297,8,0.1548274508573199,0.321161569139114,0.3973021864989903,1437.596425970185,1535.6718520203794,1546.3959923461878
4,event,298,8,0.1544341079673213,0.3896161977135415,0.526945564963973,1329.6375646781194,1436.767934428002,1464.949764729185
4,event,299,8,0.1699005745859791,0.2653531997144294,0.2837085913367989,1307.7121173139135,1468.9205448989069,1524.730869486919
4,event,300,8,0.1799545417815363,0.3785134241177232,0.4819407624913395,1361.4231048312788,1423.5500051729323,1429.0206211287707
5,origin,1,8,0.0706524601591897,0.1511151937257893,0.1564059961430306,517.0509566683312,544.8278020930578,546.4985632986604
5,origin,2,8,0.0647709802115013,0.1209055303326809,0.1391369675049951,651.8546817678111,687.2310663762885,688.485046445954
5,origin,3,8,0.0804472248942749,0.1750109601069722,0.2264073001652134,710.4903408978234,764.200027867157,783.9879644598944
5,origin,4,8,0.0948021252639719,0.1903741635924019,0.2093806684495094,758.2954964293444,783.0258282036516,786.3537512900722
5,origin,5,8,0.0820299205824103,0.1743955228215881,0.2034073127241516,879.2023912739091,1009.7724105405024,1063.33122632367
5,origin,6,8,0.0940248114355751,0.2047046548848559,0.2155125230451368,979.0642543902694,1060.3641472065365,1071.0170386461236
5,origin,7,8,0.0945438150015859,0.2013399806841411,0.2365578665361375,1189.1254486410512,1249.2388462100712,1251.705568055668
5,origin,8,8,0.1048404060242732,0.2684536647952837,0.2916290424275612,1289.4091500360169,1478.3110905813055,1486.587345743074
5,origin,9,8,0.083145537225286,0.1773077421750254,0.2112043742752689,1253.3869587334098,1316.7808388404587,1333.2347843625948
5,origin,10,8,0.1037714418380291,0.1941415355311638,0.2259295810958744,1258.8285116776372,1427.5388508038936,1479.193740380898
5,origin,11,8,0.0921340681248213,0.2603253092358943,0.3571950546961123,1234.0138944593175,1321.76452402117,1327.3466606243835
5,origin,12,8,0.0778075134616753,0.1578616550101421,0.1839449686559165,1446.9079467698382,1551.5520556538506,1585.8587268768074
5,origin,13,8,0.0650015306233504,0.1258008979856786,0.1460984582261833,1384.7648627695044,1534.0965300424511,1603.793649770731
5,origin,14,8,0.0769086926005818,0.1043501862878119,0.1091543482819416,1263.380592462138,1387.8813054401696,1406.9944726419226
5,origin,15,8,0.0608139351179943,0.0980952004700317,0.1015854609782345,1497.4530828414454,1578.6569988297229,1605.6847600843355
5,origin,16,8,0.0656235905767309,0.1203266314354931,0.1282091140082057,1419.7170269220394,1584.736321810636,1649.7290620060446
5,origin,17,8,0.0753605583055251,0.1389223808303917,0.1548581214553712,1609.528990282614,1694.5679073925514,1731.5222966529054
5,origin,18,8,0.103257450205788,0.2548131181664249,0.2943545370016517,1539.6788367824954,1609.821771422392,1635.776116849603
5,origin,19,8,0.0735365808823355,0.1263723456357823,0.1466385917273597,1519.208009154979,1578.8117819927186,1596.5704629594586
5,origin,20,8,0.0981888617282419,0.1779980765245909,0.2104881095565876,1626.5145086803211,1753.5791064664672,1779.904515180632
5,origin,21,8,0.0602268217611806,0.1037362630719581,0.1086124783762667,1310.4537081785927,1469.9553699644896,1507.032455337857
5,origin,22,8,0.0647857200512156,0.1171941281833442,0.1345320637462629,1562.9081097050566,1605.801363158154,1606.1918269851371
5,origin,23,8,0.0821364663400851,0.196446138701354,0.2402116031670681,1519.5958694533238,1606.320761936147,1635.699435770612
5,origin,24,8,0.0884610530547633,0.1685653176598553,0.1689818245149193,1512.657102849461,1649.749979409705,1652.358538479182
5,origin,25,8,0.0833381734542396,0.1824363580610925,0.225625082675439,1462.029846860264,1656.700725884059,1749.0082785735983
5,origin,26,8,0.0648416370872461,0.1783544962795129,0.2453955766004915,1321.0019062458323,1419.9706830189532,1427.1268296448466
5,origin,27,8,0.0715940454910209,0.1073340042959514,0.1094668028488544,1547.212781581087,1694.1778267896393,1756.2267871449396
5,origin,28,8,0.0731992627327911,0.134310672288823,0.156829330823642,1638.0656303074056,1774.8772223474878,1810.284519708812
5,origin,29,8,0.112085616290705,0.3016998869629878,0.3440666267352315,1524.246172121678,1638.5623899106345,1639.55043517143
5,origin,30,8,0.0753535447533974,0.1743720999956184,0.2039400543936999,1564.666031188245,1653.312566633472,1666.671808566109
5,origin,31,8,0.1021459644968296,0.2670434956605972,0.2814160794156627,1520.1251586696128,1647.7884552357011,1669.0104504492936
5,origin,32,8,0.0867503299574823,0.1592527665549812,0.1852107066762454,1349.5122807918551,1404.3086239653228,1408.902721048035
5,origin,33,8,0.0902693339350698,0.1865442391594233,0.2332571990503784,1590.7091162967586,1641.4689254811267,1644.8822962221302
5,origin,34,8,0.1004463370022754,0.2157851043987708,0.2523929044645522,1448.1114029338305,1558.9512962916558,1582.6617781822845
5,origin,35,8,0.0658055021655188,0.0972459481118389,0.1027205382962782,1286.0641206929952,1378.1872380974871,1381.680157287195
5,origin,36,8,0.0736032458234088,0.1010129161789035,0.1142736487508804,1512.6156859218283,1644.2079351606446,1647.2233965571295
5,origin,37,8,0.0642335564349046,0.11726672479833,0.140996597407634,1328.304372655924,1453.616792626954,1486.038644361326
5,origin,38,8,0.0764772264049423,0.1635713546108592,0.1987324240853197,1465.990822365979,1617.32310117206,1682.5228352639426
5,origin,39,8,0.0775503799326907,0.1532983564107853,0.1909261771268621,1556.1382761288926,1634.6530156263186,1641.419078518296
5,origin,40,8,0.0719113230779938,0.1280900295325583,0.1312448842286958,1488.8220126449885,1661.3326449925637,1695.7383514627345
5,origin,41,8,0.0946465999677389,0.1603305395246113,0.174325702667533,1400.4360034974186,1457.6185678541706,1459.8778938077292
5,origin,42,8,0.0786292071925364,0.1196166375432231,0.1280649878313674,1412.3988408380385,1480.706355420234,1492.396970890553
5,origin,43,8,0.087293768578258,0.1948312697709488,0.209491512429025,1480.8286287964493,1587.0026849622318,1608.350996377176
5,origin,44,8,0.1079879523548469,0.2442763283333668,0.30197457777506,1461.037196482631,1648.958758879968,1732.2200160019772
5,origin,45,8,0.0991830196686861,0.2362368846086228,0.2829040912499729,1555.846389989542,1687.538286915798,1746.3960725527168
5,origin,46,8,0.0987166759673097,0.2039709737672946,0.2533786100041809,1637.3882914314677,1753.4798573217176,1799.3949179513882
5,origin,47,8,0.0875597566985969,0.1938430505610334,0.2273454721034549,1506.2509116435622,1568.120973363738,1568.7166731175173
5,origin,48,8,0.0663321545234892,0.1419313869574714,0.1484146610707382,1334.3804801103483,1470.3600432153205,1496.0105271373827
5,origin,49,8,0.1034877859297275,0.1944766651478411,0.2126993381275963,1525.0745773786257,1620.6961703588352,1662.260805751224
5,origin,50,8,0.0583959754293983,0.1033121900548631,0.1136723790394119,1382.053339810904,1480.618268428635,1489.3050346696482
5,origin,51,8,0.0919023072274283,0.1875683234293965,0.2064015238642068,1390.1779532213168,1592.6322233266276,1635.9126037029469
5,origin,52,8,0.0938905985579267,0.1874252475535587,0.1912145285920475,1582.4577497505904,1644.5368660150627,1667.2213703548275
5,origin,53,8,0.0650335261668069,0.1261823171000516,0.1430983110276864,1347.9322444454317,1555.995715072544,1635.0084454353314
5,origin,54,8,0.0731715625356021,0.1683539993450771,0.2062812439778357,1568.4704207300183,1604.3651461038864,1604.6127737411118
5,origin,55,8,0.0869574648226283,0.1573672015747153,0.1619685044397887,1554.7308642501246,1649.519962885931,1679.387439682279
5,origin,56,8,0.0768740470646581,0.1302792742523211,0.1489054726666358,1176.023223350254,1254.9146366424352,1264.2454459698806
5,origin,57,8,0.1165186801469284,0.3010386242278671,0.3368298982411452,1688.6946318616172,1790.602474450233,1804.51962285208
5,origin,58,8,0.0868707757716805,0.1686371496460146,0.193865582322703,1451.3035657425996,1515.8374227500012,1530.5428123852864
5,origin,59,8,0.0805374585807658,0.1391615038558117,0.1476291731849621,1543.5145761425931,1641.2134407600947,1652.2927346384788
5,origin,60,8,0.0865819880950519,0.181922023162116,0.1939267877571082,1429.5372632177884,1538.5941156182887,1552.2970784869597
5,origin,61,8,0.0821083095734151,0.194294478707825,0.2244396790795018,1617.4587596152282,1677.3593205291086,1680.9645267968306
5,origin,62,8,0.0864711345387606,0.1670691454224139,0.1863373743029897,1569.9163883688875,1620.8922566657864,1625.1302772463723
5,origin,63,8,0.0974926064131606,0.2474303598648561,0.306799493755452,1495.8861765462914,1562.0153100265652,1573.9107253907127
5,origin,64,8,0.0933317285046037,0.1728785537500547,0.172985167350288,1540.4044637745887,1579.474782138709,1592.2983792942568
5,origin,65,8,0.0837875118533762,0.1756146956040226,0.2052672399176232,1720.2728274228575,1928.100464126076,2002.906250600181
5,origin,66,8,0.0817950550353873,0.1744562103881849,0.1773069630211213,1633.7768127899758,1752.3637802398737,1778.4591432712011
5,origin,67,8,0.0939757783122347,0.2156993321350608,0.2303011503064598,1320.6442893501403,1395.620096032462,1409.4985390579795
5,origin,68,8,0.085241739327278,0.1787526742271282,0.2205782639213205,1608.46316660991,1768.6597924366654,1844.682844322258
5,origin,69,8,0.0788169847115491,0.1470070814783558,0.1509620513129984,1461.6679030411583,1572.6690262019245,1581.9120747139905
5,origin,70,8,0.0690001093046943,0.1560107988749373,0.2021807541024942,1530.596669508353,1623.253610684152,1653.6557634660992
5,origin,71,8,0.1128653027889003,0.1938948091788931,0.2142290476787904,1520.6754582405,1747.653913386982,1831.0380251099944
5,origin,72,8,0.0983802278460965,0.1718738114189225,0.187628487678193,1653.4556822088546,1908.0149272122728,2016.790729783024
5,origin,73,8,0.0888110838021238,0.2388832737660547,0.243724002012208,1459.0882914277884,1548.8609294150806,1562.240970875367
5,origin,74,8,0.0774922616754372,0.1500619517643498,0.1792891965299813,1460.1060635633426,1615.069609744252,1663.551845857804
5,origin,75,8,0.0781516817966031,0.1251184697219969,0.1391601969320433,1506.0836657673096,1648.1232722487855,1715.1570616889169
5,origin,76,8,0.073781384720894,0.1420893430214266,0.1696995055071206,1634.9033336253829,1727.971735536585,1733.055679662319
5,origin,77,8,0.1050497199866892,0.2441847344233295,0.260330227601094,1469.1280469429842,1569.3014684455725,1594.486524912466
5,origin,78,8,0.0774559318291402,0.1273004439419162,0.1277458698892108,1329.8592388193724,1378.7822514625398,1380.681661959749
5,origin,79,8,0.105674293835295,0.2972520030316066,0.3221236699083994,1534.5695566262875,1588.1925899225068,1592.6814407887844
5,origin,80,8,0.0770323660187245,0.19712872327479,0.2663598981008301,1568.4769300780565,1706.3223979837828,1763.376433711822
5,origin,81,8,0.1055066018693395,0.2900594206168721,0.397891037074743,1494.1648766177627,1666.8992923404703,1737.1024154594356
5,origin,82,8,0.0719246006773818,0.125355587345003,0.1329788172458356,1373.9796906454353,1432.680677624665,1436.7015221466545
5,origin,83,8,0.0805653743773216,0.1820035326103609,0.1966442226973463,1547.1151604563636,1695.704795421639,1760.9886479998831
5,origin,84,8,0.0586324283064365,0.1358900432362128,0.1787806309420689,1356.573200702433,1396.6818755652066,1397.145162094722
5,origin,85,8,0.0876891802126794,0.1849194622747692,0.2204860692887245,1499.5535075578248,1645.2852876526383,1716.5236757506457
5,origin,86,8,0.0915613876277679,0.2293502950648804,0.2656138259484637,1539.8013551648478,1586.3647286431162,1590.301884845171
5,origin,87,8,0.0729470724901304,0.1394934747598345,0.1434057713778324,1564.9809825804327,1709.0089294284671,1755.3120666468055
5,origin,88,8,0.0767991014536952,0.1891333504313008,0.242878279315195,1579.901014375286,1726.3621239340553,1787.1663330386812
5,origin,89,8,0.1082916188747225,0.2446752814401328,0.3001849226961844,1271.626320599664,1386.5379210292836,1427.0091642220077
5,origin,90,8,0.0786816501769721,0.1901671392184509,0.2568815922051743,1642.3094669423986,1731.9076895580924,1754.9079989557663
5,origin,91,8,0.1080674453552966,0.2073337327801109,0.2411287264038199,1484.9272433258998,1633.757696430419,1635.2307296745105
5,origin,92,8,0.0680178761490414,0.1383011400984626,0.1733262096010011,1498.7159595929063,1569.7531426670062,1591.191377206251
5,origin,93,8,0.0995194042113729,0.2510140057451273,0.2674235413325979,1190.011369718678,1271.7910882720607,1277.5689264921473
5,origin,94,8,0.0759381575573186,0.160005558114981,0.1757592003894292,1654.0637837259524,1794.706450235689,1837.469250365641
5,origin,95,8,0.0796143650746803,0.1620177004823113,0.1986674344155246,1567.39214679335,1691.8235873919832,1696.7065386768595
5,origin,96,8,0.0905061308446256,0.191544762643423,0.2332529083539987,1452.1088332729998,1592.6007867976705,1651.6274038865863
5,origin,97,8,0.0882749376211235,0.1858699096458735,0.2109158396016957,1334.6894288959957,1405.8769883648583,1415.501381290502
5,origin,98,8,0.1037826150593452,0.229890929076462,0.2656887170299504,1490.681391440974,1583.9701611837909,1605.500098807977
5,origin,99,8,0.0944335615767222,0.2769594222110478,0.3728015124972967,1453.209574075353,1534.6958537061323,1541.2761972504688
5,origin,100,8,0.0838212887900892,0.1695876788031777,0.180815351173205,1574.468497612483,1789.6917697416766,1885.68902337309
5,origin,101,8,0.0889178266466718,0.1653113855220402,0.1814827287818458,1506.9990806756198,1756.9786979320552,1870.317816861084
5,origin,102,8,0.0806791931661959,0.107492218811675,0.110584665631786,1561.588116002707,1643.6026810058036,1643.7151604507887
5,origin,103,8,0.0857228079353999,0.1838013266302165,0.2158492753639919,1469.1035812195414,1559.339514583657,1572.9306718670928
5,origin,104,8,0.0939129295790999,0.2193774280583097,0.2513563309067588,1423.8535040008464,1550.049233157125,1556.0402790124638
5,origin,105,8,0.0978073283041458,0.1994364392911059,0.2205210247881872,1594.5140580280229,1678.256713113876,1687.3082190174864
5,origin,106,8,0.089702318519102,0.1677162356908038,0.1795530308791959,1438.5563867070302,1518.5775453992285,1538.898093224787
5,origin,107,8,0.0673279368009331,0.0894508514194131,0.0950681370964096,1599.5944669135838,1718.6626795743746,1766.6305930416113
5,origin,108,8,0.0714347848428809,0.0996610478120359,0.1043629134474359,1535.921579989909,1640.6337447500357,1654.5374220641008
5,origin,109,8,0.1028906958739567,0.2561716556123519,0.3127047123701966,1480.2581184076544,1609.3788089645466,1662.5465163251868
5,origin,110,8,0.0809128711958027,0.1223380009628477,0.1248629023515184,1715.93360092989,1809.2895491188249,1834.7949687310625
5,origin,111,8,0.078430386731705,0.137358883400184,0.1482999806973141,1554.593259922883,1694.7475781704093,1749.94878442987
5,origin,112,8,0.0846262463047819,0.1372287449087446,0.160871740107773,1536.577452849022,1576.0466177891412,1582.5203920307213
5,origin,113,8,0.075348146701733,0.1126966887523646,0.1134225776744131,1578.732963667038,1682.0661301777045,1706.149762565106
5,origin,114,8,0.0993277133071693,0.2251891786393962,0.2498885034864569,1499.127814725017,1557.067925068193,1585.3791684996934
5,origin,115,8,0.0972582221396063,0.2620252280032462,0.3576229478879044,1639.8636267857216,1715.2193502055186,1715.7202855087612
5,origin,116,8,0.0823159873699135,0.1350903265897615,0.154764591074308,1519.723425083317,1726.8490328658595,1816.9326690554035
5,origin,117,8,0.0800450365062608,0.1552208940554513,0.1767516882970814,1423.5158302633463,1487.1033045665238,1491.9766783887458
5,origin,118,8,0.0615687378163083,0.1129061935829856,0.1313281449968046,1202.4517254257578,1325.0687563928057,1368.5478791840292
5,origin,119,8,0.0993273648450658,0.2348607252063215,0.3003815849072888,1584.4928810630597,1795.7444096309484,1882.7583618946328
5,origin,120,8,0.1137423624890506,0.2449164200767809,0.3227521974474941,1543.498175603243,1609.612307768304,1612.3553596973406
5,origin,121,8,0.1039264886279598,0.2422321718927183,0.2653298063144175,1435.9794788953477,1529.8912026955504,1545.3980812241834
5,origin,122,8,0.1146929874448529,0.3107832250528751,0.392034493910434,1568.305846000693,1643.8385088105597,1663.673211584564
5,origin,123,8,0.1129612480506545,0.2365968736494813,0.2436771691785741,1551.862664038008,1674.2773939776066,1690.8935585289194
5,origin,124,8,0.0738547263534425,0.1488760628727488,0.183700691205206,1423.967688635478,1485.4258701553863,1486.9234881548496
5,origin,125,8,0.0924571807667455,0.1539178199166074,0.1827912517877681,1440.9388745143003,1515.560429920094,1522.594003526955
5,origin,126,8,0.0928979338846753,0.2264021060329249,0.2513259930082934,1509.7140055591638,1612.9425086360316,1621.7060436121849
5,origin,127,8,0.1143005022313536,0.2589169000451152,0.3041254346071328,1542.2041250543637,1700.291080233223,1748.6095378043528
5,origin,128,8,0.1319533852203444,0.3384579437711262,0.3544226167059926,1501.7768161464778,1661.4256933909114,1737.7169834180256
5,origin,129,8,0.1080696039718595,0.2823028759421762,0.3766763245487626,1451.054889427645,1531.20281843791,1537.4381398788903
5,origin,130,8,0.0738248991425113,0.1468105395954059,0.1721523163294839,1304.3753301340284,1595.6659491263815,1703.7957469631256
5,origin,131,8,0.0803002542114608,0.1631451318811969,0.1676507853179579,1527.159806837093,1675.0291470799648,1734.4789348057682
5,origin,132,8,0.0805821374471851,0.1381103044839684,0.159706705160625,1314.9640330092948,1417.936436876481,1442.5697270028122
5,origin,133,8,0.0982942202506101,0.2241149257389804,0.2924647251872961,1254.3471623094465,1324.67178407916,1340.5461047710614
5,origin,134,8,0.0842877999239788,0.189151336957336,0.2148273199525555,1592.2804336418028,1705.21117440337,1717.6623130655155
5,origin,135,8,0.105294443642207,0.1872721823323675,0.1997524362113039,1496.2322344925851,1555.9003113730066,1571.718762555185
5,origin,136,8,0.0838953548052866,0.1436854985425854,0.167054169446247,1408.3379073268425,1572.205867396124,1590.9824150383167
5,origin,137,8,0.1095069084606066,0.1773707153651538,0.189150849136073,1511.8468110148735,1592.0089474508695,1600.988679076218
5,origin,138,8,0.1057421055587844,0.222532176407213,0.2719429723296227,1561.096357322492,1749.5379238340704,1835.1484613320852
5,origin,139,8,0.1104471559290983,0.2256969088178234,0.26659152996291,1519.5210123310635,1597.7474389935676,1613.8389217359495
5,origin,140,8,0.1249647943635976,0.2833691341398543,0.3239908939192723,1544.5693939214466,1601.0941457166696,1601.34939885009
5,origin,141,8,0.0711277832565931,0.1515879422409307,0.1954280677659519,1407.8232043489554,1462.8686723365934,1476.1088221770708
5,origin,142,8,0.117641013531194,0.2446998356048259,0.2616284415348295,1421.2957733486207,1628.3818156246946,1682.4579834131591
5,origin,143,8,0.0860373070846912,0.2137660114988472,0.2693495650998089,1466.7573291821136,1556.8610995902775,1557.698887408819
5,origin,144,8,0.0755798318101249,0.1282778490785862,0.1430934734367942,1514.8923893169774,1627.239304815598,1630.0453591497064
5,origin,145,8,0.0871445720816554,0.1930391157258327,0.2063047996822281,1399.8195204121484,1444.9471936218738,1450.1750900343973
5,origin,146,8,0.1104007471149781,0.3057819594007454,0.3609103743617138,1521.481989093939,1636.0631192835451,1648.851526522037
5,origin,147,8,0.1084530772418132,0.2222636866820641,0.2844826474466145,1517.7137019490212,1593.9204724172623,1602.998028605364
5,origin,148,8,0.090406850853144,0.2171686751439664,0.2638949865056109,1398.542031323542,1479.7114517001685,1481.690317517051
5,origin,149,8,0.1436752470674801,0.2583943807353743,0.292893594990261,1487.740526149286,1535.585477917141,1550.1494408785825
5,origin,150,8,0.126288542943473,0.2734366583632536,0.3316440107514235,1492.8868039863073,1554.4007872006705,1558.583228788081
5,origin,151,8,0.1010267193961295,0.1485741091094351,0.1613311353325055,1511.8023841327026,1619.551555615414,1670.158271071667
5,origin,152,8,0.1079175641940805,0.201648722081802,0.2112064062744303,1510.8790185287985,1605.403405837583,1614.1876537599396
5,origin,153,8,0.1092654988095076,0.2007522793781172,0.2131749621675703,1448.5571859364995,1514.4247516553107,1516.9038631094743
5,origin,154,8,0.0877649900097134,0.1396647575343902,0.141087105997786,1464.7939217893268,1602.9716394996533,1628.8940587636268
5,origin,155,8,0.0905129544108462,0.1927958871989859,0.223597505124463,1401.0812743374963,1526.63199920984,1547.568519105837
5,origin,156,8,0.1030406614557685,0.2172447624854234,0.2599654473966822,1440.682268424358,1584.227702376824,1607.614115535418
5,origin,157,8,0.1312631754707274,0.2908926971588213,0.2957299249796174,1559.573817825367,1662.54455525139,1699.911777637593
5,origin,158,8,0.1013120144008448,0.2783413943108357,0.2845663091894886,1478.8049700748174,1682.442090900871,1700.062733122771
5,origin,159,8,0.0910042444407838,0.1583864372901983,0.1629311147157173,1508.432769801813,1627.8724394660408,1650.2648952141597
5,origin,160,8,0.1071571984272089,0.1979871438036176,0.2204223173816898,1466.9703986928014,1543.274016010136,1558.508665234367
5,origin,161,8,0.1106623572121129,0.1726186359995594,0.1952489400261917,1419.735040970286,1512.469655711323,1549.9811265627145
5,origin,162,8,0.0784332973112126,0.1194211510200614,0.129502499570329,1502.687210334338,1590.988454589085,1596.4133835366622
5,origin,163,8,0.0944151060300113,0.2028505102822149,0.2494751525941885,1400.3143103199377,1521.3091677074613,1535.3110024494308
5,origin,164,8,0.1011842036648296,0.2100519307039869,0.2513461560253761,1411.230119598201,1487.6407370772474,1513.8965390775409
5,origin,165,8,0.1224277682283291,0.2078453054456218,0.21524962124972,1499.506819326755,1588.6091812306968,1615.3538018070726
5,origin,166,8,0.0883519839035226,0.1821268190417999,0.2195415195734922,1407.1749348572846,1451.156221951107,1458.840455506697
5,origin,167,8,0.1161771699160346,0.1920080220755001,0.2166025632574622,1410.9956349333904,1504.4690083405212,1519.8462710612257
5,origin,168,8,0.1325706453454712,0.2662855468090483,0.2976833820781104,1333.8039750971573,1437.8569800831335,1455.9216831276904
5,origin,169,8,0.0924072800117283,0.1346870168789397,0.1413560503559158,1568.5399857694815,1851.1832743915,1969.4902972946984
5,origin,170,8,0.104755931160116,0.2166414029096858,0.2770647066289841,1551.295338836313,1748.0834477136243,1841.5174626930493
5,origin,171,8,0.1289005815277659,0.2346082599073924,0.2489049209465681,1606.1475734395824,1727.6404957265788,1773.7508224451417
5,origin,172,8,0.1196199521521661,0.283292540158145,0.3476898717614036,1528.5216448207557,1665.6911875712915,1684.4831190130003
5,origin,173,8,0.08249305269627,0.1889719967437852,0.2475859990689451,1294.6536958009915,1421.8228903204024,1456.8414451600952
5,origin,174,8,0.1317726371216838,0.252306145426707,0.3034885380293083,1549.033605625158,1662.3113514082074,1679.7986207358292
5,origin,175,8,0.0975083326166064,0.2137857473528659,0.2601782479108409,1576.8145494682506,1655.8674910529205,1688.7742228096024
5,origin,176,8,0.1156730910068344,0.2740224303925256,0.3527585579091404,1456.7936849169253,1586.4934299515824,1636.0656762402675
5,origin,177,8,0.1429955245508239,0.3260264068404749,0.3464788683159145,1546.136236472062,1689.8525693867437,1730.7370583061308
5,origin,178,8,0.0932368846405546,0.1452567363958493,0.1518528044583023,1438.4779613026326,1522.4745984633073,1526.1765754971177
5,origin,179,8,0.0858240932973531,0.1514438588114032,0.1543431780011715,1064.724906617757,1137.8816495062465,1145.5532649267689
5,origin,180,8,0.1015836802539365,0.1999329543353136,0.2368589241179429,1516.908432221496,1568.1638779344976,1575.3359357482475
5,origin,181,8,0.1129604236579546,0.2081387895478928,0.2389089285632553,1492.5545333282655,1672.3397853559256,1736.3378579109192
5,origin,182,8,0.1223626592296179,0.2671164705094725,0.2769948785098072,1458.8406260783452,1529.357050863986,1534.5703907634622
5,origin,183,8,0.1073023192575581,0.2435958282541108,0.2857042681400327,1493.777297110626,1561.0741406757954,1563.622823935785
5,origin,184,8,0.0943834853397658,0.1650479657290598,0.167007394335816,1413.4024163473805,1580.448885427486,1649.4910040571815
5,origin,185,8,0.0943205083939941,0.199765571692299,0.2444099748119338,1419.277916545173,1529.3104925624152,1541.408348417572
5,origin,186,8,0.1706463956085641,0.466443013342358,0.541789182604468,1551.5843383329989,1650.2006357840044,1651.1295011618313
5,origin,187,8,0.1126151987872165,0.2421785148031097,0.2850511894840548,1468.0031373325542,1605.344908228465,1616.623845864514
5,origin,188,8,0.1169134186148533,0.3140282942568931,0.3279714598978784,1428.0983847102457,1473.753419339142,1477.373591170522
5,origin,189,8,0.1677743989289005,0.4851020220890323,0.6561417613290415,1468.447028694913,1561.608125846636,1582.5812730500213
5,origin,190,8,0.1011076936952029,0.170211983771595,0.1862654457453557,1372.2631092421184,1469.724533908503,1489.054064799361
5,origin,191,8,0.1053926525573109,0.2373327811904401,0.2886355999759806,1641.0283468327814,1735.6094147629587,1747.267398462952
5,origin,192,8,0.1075350676487729,0.1417967467287043,0.1480358050784198,1475.408636476376,1535.250755865421,1545.3965802771925
5,origin,193,8,0.0952668037517491,0.2080809486807171,0.2575655914588494,1521.5533644111438,1618.2170200484263,1630.9879272208498
5,origin,194,8,0.1047266807003435,0.2145457153484634,0.2193613087796639,1690.973107922361,1799.1631515864,1804.0125838127983
5,origin,195,8,0.0958478275755372,0.2166539100577243,0.2308925614431271,1445.4186797728075,1586.7365913952297,1621.619774836529
5,origin,196,8,0.0947025306550839,0.2156304183210196,0.2550100367147031,1464.7487259465506,1523.6666893615366,1535.516040376083
5,origin,197,8,0.1195684296066962,0.2778763430094447,0.3399140045072834,1388.6084396838016,1499.9499958749732,1506.2057494966475
5,origin,198,8,0.1117166041755383,0.2442539014216613,0.2909871233021173,1367.241455418639,1500.451157159217,1530.1128068386413
5,origin,199,8,0.1193446799198558,0.3231504049003608,0.4423430294133683,1493.4054781698933,1674.297377670683,1754.1733970910968
5,origin,200,8,0.1031694308836161,0.2130937265180175,0.2417559757529196,1391.4611300849217,1546.239948057016,1618.7402201939176
5,origin,201,8,0.1492556606743031,0.3987999622234935,0.4264837353383519,1511.1041540875765,1633.8109290397983,1673.449951375629
5,origin,202,8,0.137819397540582,0.2659800827575298,0.2703289367847817,1488.966627763701,1548.321169841425,1556.97040224924
5,origin,203,8,0.1049323155670083,0.1853085431173148,0.2180437936568667,1361.57786132674,1516.348892956546,1553.5533579312355
5,origin,204,8,0.1150372879483001,0.265596642734874,0.2941191177902688,1565.2511937036725,1758.796444960481,1836.9448568377184
5,origin,205,8,0.1079990001465032,0.2622519912104046,0.3107367209188082,1461.578405308361,1624.9290204527451,1683.752333108284
5,origin,206,8,0.1273395781700999,0.2202288979049788,0.2206557851852084,1525.7011533865957,1582.5268258178774,1594.3214456902256
5,origin,207,8,0.1360486070278683,0.3047358799321467,0.3910281193484947,1338.3428475623066,1442.1295498287045,1472.9291132921255
5,origin,208,8,0.1093233238497417,0.234593917197728,0.3050873833063248,1413.1468040419677,1516.802911367423,1551.791541595712
5,origin,209,8,0.0930395776400941,0.14114511874328,0.1519764515700718,1344.5112462049306,1444.915124761154,1475.461437016229
5,origin,210,8,0.1096402363320528,0.181075177063273,0.2035120525006987,1438.0075598492622,1596.9416876701098,1672.1650716901215
5,origin,211,8,0.113386362259526,0.207394365713181,0.2384617181736591,1493.7910718183205,1574.608557827302,1582.4562396604524
5,origin,212,8,0.1546205854183841,0.3898703949423203,0.5185364548721063,1470.7336956654556,1572.25899146076,1599.6778276184657
5,origin,213,8,0.1300477315310519,0.2433994768100681,0.2521758744471182,1187.3520214132443,1260.481680204449,1264.2935766174446
5,origin,214,8,0.1159643752025085,0.2596147185376199,0.3295017545037032,1453.0556512518554,1576.3398982690203,1601.969654569882
5,origin,215,8,0.1627231348566038,0.3933723983812471,0.4229655966194863,1392.034907196628,1445.8367497497318,1447.3318086894385
5,origin,216,8,0.1048094662614349,0.1899797406829051,0.2134442914612755,1521.874388908543,1595.4508577634067,1600.837296075901
5,origin,217,8,0.1504723817259587,0.3224881705026695,0.3862270167185733,1371.0017389668276,1533.5190010749996,1610.5549648835652
5,origin,218,8,0.1053119522303143,0.1699213297923753,0.1905040749536413,1265.7259133697828,1335.1992609066272,1366.562102199122
5,origin,219,8,0.1368989032350666,0.2959504723336113,0.3038388725631932,1492.0891591382417,1545.1035921579812,1555.8181726530631
5,origin,220,8,0.1173557007994288,0.2839978037167897,0.2869011057710515,1537.2458380840258,1624.515056967474,1637.8448125015836
5,origin,221,8,0.177951094919723,0.4392254016280548,0.4598123159654932,1403.4317839687687,1533.6544711474307,1558.1007310434288
5,origin,222,8,0.1803771952956998,0.4732268656362204,0.6284418186305859,1497.6120194638224,1588.3398311531494,1612.7513165172493
5,origin,223,8,0.1282009772575261,0.2917348010278648,0.3459872420528274,1347.6118917893853,1421.194652342548,1429.8366360713114
5,origin,224,8,0.1105593033063454,0.1974305024277471,0.2285408110639176,1425.4431170346525,1542.550889834455,1565.397763527467
5,origin,225,8,0.1215045522798935,0.2085415001711527,0.2356253863987387,1455.8493963683077,1520.9447205742292,1531.4884280999863
5,origin,226,8,0.133150506243218,0.2191029246917707,0.2372202042327836,1606.315951209512,1689.8530292900357,1712.4797514636984
5,origin,227,8,0.1130831281293123,0.1826163874460921,0.1935964214453839,1329.109369680644,1399.0766953416587,1415.6572750450964
5,origin,228,8,0.1048142796540078,0.152472756684819,0.1553031548919098,1163.687475974339,1217.4112667023076,1221.1403810031131
5,origin,229,8,0.1617632567748286,0.2274387783705499,0.2314046057068123,1481.2192493033958,1541.5519927221917,1547.2841005603734
5,origin,230,8,0.0990155653529037,0.1753227683080064,0.2051104559312384,1316.446675511772,1441.7806547973937,1472.848189577904
5,origin,231,8,0.1181617298284321,0.28792231832369,0.3115465161147928,1389.2032190353004,1501.168302036035,1514.4580130814968
5,origin,232,8,0.0975002013952173,0.1951833707586063,0.232789134986262,1220.4588589233394,1312.512656664317,1332.5501728074044
5,origin,233,8,0.1371630773099813,0.2738224853404771,0.3174212255294685,1129.084732005028,1177.1937390920898,1181.506707815119
5,origin,234,8,0.183810247164022,0.4763697995301856,0.5403287450930973,1523.5647850163296,1802.322522767475,1916.616915913407
5,origin,235,8,0.1156385344416406,0.1854804444141026,0.2006421306566481,1422.3566855009224,1491.6672199884986,1495.6383281915332
5,origin,236,8,0.1371962702991885,0.2777601499916706,0.3474146207194594,1381.5931489647603,1462.264672273814,1464.009854253684
5,origin,237,8,0.151810863026483,0.3816508693123407,0.4539906957271055,1427.1065592845691,1588.5603596905355,1635.4812183867498
5,origin,238,8,0.1447891465838172,0.2204917982281634,0.2221631358414869,1401.957543806824,1489.569355234671,1513.862250965263
5,origin,239,8,0.1715251291206069,0.4778870908727098,0.5889109912196449,1299.3687004360863,1398.2762122384747,1430.588131970526
5,origin,240,8,0.154291731022182,0.4010557325216691,0.4987509207777912,1402.748956478339,1653.7856813233188,1787.7909505982077
5,origin,241,8,0.1275368868037516,0.2105135334533027,0.234421227465631,1531.6625248572975,1639.2277877481845,1640.5772362194152
5,origin,242,8,0.1283837630619354,0.2406303348964416,0.262847552274501,1415.5074195954394,1565.0244816550796,1627.567802931457
5,origin,243,8,0.1260886887000965,0.2545594298834335,0.2857855754003658,1204.8796700232565,1259.4261020445904,1265.1812224047462
5,origin,244,8,0.1946624026046159,0.4295043513089838,0.4862312216222831,1437.8824832189027,1521.585540666359,1535.7430721529097
5,origin,245,8,0.1479759751203097,0.3013773592404211,0.3446548789841605,1310.2581543116953,1507.142656388177,1577.908389154086
5,origin,246,8,0.1304080500988568,0.2573482910599189,0.2805429612376074,1432.5438422319778,1518.9744177667635,1536.9310823419912
5,origin,247,8,0.1456397146452345,0.263383558572924,0.3162834259644749,1365.6923359232403,1402.7897700790968,1412.1698844406765
5,origin,248,8,0.2059094009494044,0.5318972331576806,0.6106588633603803,1303.0719403899443,1390.3485904676188,1390.5861082122813
5,origin,249,8,0.1737203537492136,0.3141064073478212,0.3169503083445821,1528.2893231054206,1634.05751257745,1644.8655724519929
5,origin,250,8,0.1442407162192255,0.2577403845239326,0.2591669039785469,1464.7871949284872,1582.5644843838486,1607.565448192544
5,origin,251,8,0.1555069034837674,0.33425120837744,0.3420451523793083,1590.1347281324192,1668.5453876952256,1672.180070978207
5,origin,252,8,0.1412567647191342,0.2696935667675742,0.3063852265368094,1545.5977524460875,1603.3140943767162,1620.406249784058
5,origin,253,8,0.1505839931315956,0.355239166704095,0.4354173285766509,1413.114703099767,1517.8301243301053,1537.981753109187
5,origin,254,8,0.1168592842644355,0.2698996732486723,0.300207466992496,1362.6192321820367,1448.0679181280923,1452.5553952922794
5,origin,255,8,0.0932610597108902,0.1606351794916295,0.1929663816789154,1360.5536871493473,1436.0259892651245,1465.5009415380744
5,origin,256,8,0.1179123966902174,0.2209904551132569,0.2406840761508837,1512.0513505432104,1603.15548707841,1603.1578767941216
5,origin,257,8,0.1439062910644684,0.2482714017653813,0.2796329776100438,1465.1160759426125,1583.6860104442944,1592.6710279563415
5,origin,258,8,0.1136712159542386,0.2346699932738078,0.2542942906880389,1367.576237824915,1442.2721804837938,1444.237546616203
5,origin,259,8,0.121673478898404,0.2532722416314692,0.309153107837088,1442.8810662505475,1535.4015260918536,1555.522783541071
5,origin,260,8,0.164866590749048,0.3491857647539301,0.4228610468279519,1409.9920504413096,1500.1981689615004,1504.0464674382126
5,origin,261,8,0.1709803414371834,0.4278149184906352,0.5257271459384403,1514.4392003240732,1585.053095341808,1599.1901952284647
5,origin,262,8,0.1148326598481433,0.1775524769654163,0.1893839027969224,1287.4816973401903,1414.338707982925,1439.8072606312796
5,origin,263,8,0.1278472475687245,0.3219853315589913,0.3583336583382898,1270.7496608141369,1398.8726008712572,1410.1094995686865
5,origin,264,8,0.1256625866874184,0.3164989856368853,0.4200002423546315,1435.9388822888684,1627.9654977653056,1732.90253667074
5,origin,265,8,0.1976527594061521,0.4917508681832546,0.6655012018113506,1341.647909859453,1426.4417547473156,1439.262855082392
5,origin,266,8,0.1094333232450637,0.1773536911879334,0.210687677984646,1297.6485512449424,1366.093473876328,1371.368109469473
5,origin,267,8,0.1857714024067945,0.3916077558920336,0.4164917779694188,1412.131035837332,1493.4133540279397,1496.6366224521123
5,origin,268,8,0.130067212033897,0.2845376972158828,0.3468645574421458,1454.2410289725178,1726.261135772257,1835.161399371271
5,origin,269,8,0.1791436539681321,0.4240085161517173,0.4817173160102852,1462.193422271531,1540.597920744041,1550.1411554439633
5,origin,270,8,0.1564840248671014,0.391557646954656,0.4035563529780348,1528.9213666541043,1708.9933605220906,1766.249865256062
5,origin,271,8,0.1595631310397551,0.3027841565208057,0.3616096337738639,1509.756642383329,1597.2103954035774,1605.7309707710212
5,origin,272,8,0.1429298606554303,0.2138851432899489,0.2316794385195974,1439.251316227292,1485.2695469494977,1491.0632846907129
5,origin,273,8,0.1648350790543628,0.3005343094348657,0.3568809965523994,1345.8106524888472,1469.2991947570931,1517.211632037052
5,origin,274,8,0.1297335834246551,0.2451091970668888,0.2988325042292715,1394.887732000102,1477.8489956106332,1495.779558385762
5,origin,275,8,0.1376268674866065,0.3053770406456914,0.3456792543414513,1425.7748752436028,1601.0789270628595,1689.42871807234
5,origin,276,8,0.1360117981295705,0.2470811132844841,0.2645960396926574,1442.2711199328253,1685.2208339445788,1790.0349399135532
5,origin,277,8,0.1334665917662719,0.2272232886686286,0.2658298109654664,1408.5078681653822,1657.7474150152943,1748.346380763856
5,origin,278,8,0.1764034449916421,0.3875025716097387,0.4268075724530377,1417.515221451605,1519.9165220467007,1520.6669984921518
5,origin,279,8,0.1428811437708562,0.3247478507401632,0.4222189541247517,1431.5834778982266,1513.9382252142468,1515.0165805627478
5,origin,280,8,0.1629680560163311,0.4160857423273509,0.5071070266145102,1487.226378610129,1551.5387212867356,1555.3418320831497
5,origin,281,8,0.1395851803546833,0.3242760453687326,0.3831770071409232,1457.057051386993,1573.961282378437,1607.9515660068623
5,origin,282,8,0.1612154413769225,0.2731682346371392,0.2829194270689999,1434.1833021413909,1601.2151589616185,1617.4405397247044
5,origin,283,8,0.102123791880255,0.1668357777927381,0.1745609134849193,1314.3579220528538,1462.5921608949752,1530.163579877851
5,origin,284,8,0.133605071931797,0.2042117488359937,0.2357538431865609,1375.6927581248997,1517.5540188135783,1574.1889629350137
5,origin,285,8,0.1000284648905722,0.1712302099646618,0.1948397016176691,1496.957398234224,1585.3730791018286,1608.6504912070498
5,origin,286,8,0.1309873308840345,0.2059960320539626,0.2309226454973178,1429.853760310162,1563.4499432847738,1600.799504096732
5,origin,287,8,0.1077221733446043,0.2125096994796225,0.2365841415370093,1430.401534019076,1539.575332614682,1540.6788043890756
5,origin,288,8,0.1101038087994696,0.2286647672970588,0.2920382233258825,1271.1074504935627,1354.467137042558,1360.9588277676398
5,origin,289,8,0.1589660161266796,0.2900373198299193,0.3186123389999116,1365.825893904704,1410.8530690061382,1414.7857532628934
5,origin,290,8,0.1003484866063346,0.2162520869316527,0.2492812882064037,1363.6398377281057,1477.9616579324986,1514.1578309191016
5,origin,291,8,0.1813519011226834,0.315307343455288,0.3749773105882454,1383.2709682301931,1457.4921057884826,1476.849935588801
5,origin,292,8,0.1113501531025221,0.2201593504686772,0.2495725759231353,1383.964733577821,1439.3305208257948,1440.723410873553
5,origin,293,8,0.1354786263768227,0.2927094051137499,0.3244389136585995,1432.3781604879107,1725.0475566326832,1878.6481096357777
5,origin,294,8,0.1706417600707933,0.5324772048459125,0.659042124125421,1459.0428417015055,1566.1889578084429,1580.9205415697768
5,origin,295,8,0.108077924016346,0.2251471894050591,0.2516638518658132,1450.8358066708831,1583.903165776091,1599.631749935304
5,origin,296,8,0.1581840442938012,0.331004566373285,0.3761450101824362,1450.3758944948502,1648.7611198659783,1721.8427419348748
5,origin,297,8,0.1085427946479142,0.1797528275974983,0.1852189776295357,1338.862169597696,1397.5424514859717,1404.9461674519673
5,origin,298,8,0.1591024867615434,0.3943871124780054,0.5171114244867973,1409.6459254980705,1537.9633524559358,1565.5742392974075
5,origin,299,8,0.1153728041456716,0.2417043878774058,0.2549117332423591,1215.96232622449,1391.5467263182002,1482.8079675583804
5,origin,300,8,0.1466841163270888,0.2410001119342977,0.247144774441173,1420.389304665062,1551.68026352293,1607.5593893627915
5,event,1,8,0.0648207089823666,0.1399617850421449,0.1804132189954555,501.5172031273229,531.05273100384,538.890210692018
5,event,2,8,0.0819981591021882,0.1694301290838805,0.1721593147776065,643.626186241754,701.4012072738684,714.5691962507681
5,event,3,8,0.0888036721113581,0.1697579857731098,0.1994888348938393,680.0651040690234,738.5259941233909,744.488149329583
5,event,4,8,0.0864163723089806,0.1829858030547576,0.1997945802842811,714.2559217745708,750.7099819626576,753.3181368665109
5,event,5,8,0.1036514860276527,0.2611101674284086,0.2900748500763548,873.266144188359,1055.3904445159046,1122.9881194412744
5,event,6,8,0.0906529096376282,0.186473967697286,0.2308925372259051,950.5315704738482,1028.319567715244,1032.5867690159869
5,event,7,8,0.0824428436670517,0.1511382335961773,0.1709173577582239,1144.503490496403,1204.3034792036426,1214.416753134182
5,event,8,8,0.0803683904297616,0.1751398248463467,0.1869157120504874,1248.0432784366517,1397.8751642230484,1424.4991428939045
5,event,9,8,0.0734535643455483,0.1135020749885152,0.1290683452177057,1231.556952805014,1292.317054682019,1294.767922409414
5,event,10,8,0.1063936580186667,0.2327050355016921,0.2915258417248717,1216.4757505067191,1375.8998046265065,1393.6572736636317
5,event,11,8,0.1091321067455653,0.2824744158571172,0.3268560569131509,1224.3486023841094,1322.634347061076,1341.7968390647738
5,event,12,8,0.0861429156922184,0.2001250872253337,0.2593967797534885,1376.0037368957285,1485.9278870698724,1505.493717278047
5,event,13,8,0.0816848457752217,0.1559085492733223,0.1677206905081908,1335.9060887628311,1414.3749931252107,1430.5877058761905
5,event,14,8,0.0619594297127906,0.115255434742086,0.1374665753155802,1246.695292318752,1325.200844222343,1327.240684730949
5,event,15,8,0.0565419190078125,0.0905803068037963,0.0964706648730738,1449.052161852046,1532.746755141876,1555.0143790705638
5,event,16,8,0.0826390674850676,0.1818948595794714,0.2005878276414117,1398.3861673010797,1570.1913550871209,1641.5342790345885
5,event,17,8,0.0800175069557908,0.1390550072131284,0.1599514185046519,1555.9552271724915,1588.4943690949792,1596.8704747826048
5,event,18,8,0.1048340655354826,0.2354527293516157,0.278624897195789,1507.0401706138568,1555.1867563575684,1559.8178516761868
5,event,19,8,0.0702218276086438,0.1172537496630388,0.1216546440893269,1433.8859278849643,1515.611363860583,1516.0845126447275
5,event,20,8,0.1058279280219074,0.1960950643964013,0.2409627570525572,1573.5128281736206,1702.9473101347785,1738.3825129914903
5,event,21,8,0.0623862684774776,0.0995502900046242,0.1056564953181589,1257.908128628289,1414.1806597582704,1447.202268249902
5,event,22,8,0.0665276994409313,0.1169827208646886,0.1309751443705417,1516.3078275839105,1573.0481028470122,1575.0818863862353
5,event,23,8,0.0727186151362175,0.1555084289373088,0.1717672002422838,1458.4449888138524,1565.1231629538083,1615.0334559562634
5,event,24,8,0.1004672681830243,0.1865675793338108,0.198795787463556,1461.160026381983,1573.041252294231,1577.6046754763884
5,event,25,8,0.0924529405336533,0.1624210465992478,0.1782104150181378,1383.2896838088282,1554.559187851545,1605.8056374938733
5,event,26,8,0.0687547168685703,0.1847033731178698,0.2395546093104905,1284.4752257892949,1394.2527816160614,1408.2392286365812
5,event,27,8,0.0668461037903929,0.1208185094688681,0.1288519568427988,1457.1514879587294,1580.8663296569764,1609.4672289543148
5,event,28,8,0.0647076810047541,0.1092732387681882,0.1181409069324008,1536.5875489715827,1595.8468618236598,1596.6372422337552
5,event,29,8,0.0985824059800092,0.2547635698731929,0.290154760273792,1488.1744522345552,1580.6253586213948,1582.9189735467417
5,event,30,8,0.0801422404544486,0.1855645101716764,0.2090330494200837,1497.520918602683,1604.248260414462,1609.999421576876
5,event,31,8,0.0809099793667778,0.1923616953722335,0.1946921866583102,1445.4320763067924,1546.5061306665957,1564.5504072730266
5,event,32,8,0.0776985049158846,0.1454248221934826,0.1460207109843747,1298.4746360058934,1369.381674519386,1384.1443362053692
5,event,33,8,0.0931451402981149,0.2201141585695977,0.2789239442947648,1527.002145105778,1617.5303054762207,1640.0520185292144
5,event,34,8,0.1139319595265604,0.278277329690905,0.2860312330686279,1399.571288466316,1453.7766223949425,1475.5109404517343
5,event,35,8,0.0727185447529848,0.0997553853757121,0.1081326289774411,1239.371944058037,1326.2283404593888,1327.2649453450333
5,event,36,8,0.0910196052196399,0.1990084169716507,0.2433296995144268,1506.8190299183902,1603.7580250896287,1618.363969821986
5,event,37,8,0.0699548537231534,0.098462480158231,0.0994809199795606,1272.6606068176495,1356.140308453845,1374.542686577351
5,event,38,8,0.0646995988436855,0.1349807047908893,0.1571024577345534,1390.655052057811,1445.332563012053,1449.520267902142
5,event,39,8,0.1002987216846855,0.1861347479442269,0.2204206909973967,1522.6595104187602,1568.3901210959425,1569.133171177568
5,event,40,8,0.0787469474628815,0.1970938194656571,0.2288743262191456,1466.9583788234534,1651.959894315739,1682.5481651706966
5,event,41,8,0.1026838356766082,0.1944588459216334,0.2039436149214997,1349.7143456522313,1425.244563145205,1430.9227013410252
5,event,42,8,0.0753291260051291,0.1265634706640494,0.143070078178945,1397.388033586224,1552.453467051182,1620.2737317789213
5,event,43,8,0.0951926254779903,0.2022991481625448,0.2181242848034541,1419.3000519118596,1510.8787255315608,1524.062426445564
5,event,44,8,0.1032629073979434,0.2130149194005022,0.2653000414630263,1377.949275181472,1566.752230614552,1658.921762678718
5,event,45,8,0.0983238096491576,0.2250818216392175,0.2867766748032234,1489.102280740775,1622.9927660099638,1699.289188332163
5,event,46,8,0.0720482281369044,0.1543904036444866,0.1819428372830614,1570.215540176885,1637.1260695285457,1645.6471642476115
5,event,47,8,0.0985344272100678,0.2151567328604904,0.2677691219693859,1427.7446930257638,1523.8111067272855,1534.6356294802467
5,event,48,8,0.0820396776236407,0.2112047167684859,0.2538689022961948,1304.9158827646038,1535.8120513136205,1619.939882443958
5,event,49,8,0.1114024509060197,0.2200175975838779,0.2299146693975128,1457.9241776605145,1535.0218594627106,1554.199077473952
5,event,50,8,0.0686548884961956,0.1326536003590527,0.1599886229421036,1313.690145746638,1406.0753736795402,1406.362928979512
5,event,51,8,0.0898272004012637,0.1634590415776411,0.1874740444140049,1331.0656457145883,1511.398506853242,1588.4532899902167
5,event,52,8,0.0784674854658693,0.1611401975370366,0.1960903313701769,1512.4325769601835,1558.0254983874688,1564.6406338981794
5,event,53,8,0.0736925763999046,0.1692288267926942,0.2196593196099062,1338.0542138751632,1649.4300754498272,1798.790573413001
5,event,54,8,0.0782517834509276,0.1389616825923929,0.1476459001166945,1500.6203293372523,1596.8320271231453,1622.1441768940736
5,event,55,8,0.0900743141077286,0.155040744101685,0.1741092417036885,1471.1751744304258,1541.438920969723,1556.118776913393
5,event,56,8,0.0971277170989492,0.1820039182131081,0.2185379716420689,1140.8603886115552,1218.0328358049564,1229.28445636267
5,event,57,8,0.1137655608226609,0.3240763379818721,0.371150491156344,1660.8350671776834,1749.450711633427,1758.0004855176703
5,event,58,8,0.0761449663852097,0.1287456640249833,0.1330637812860088,1411.9428567676323,1478.3931485730084,1479.7297046016856
5,event,59,8,0.0893710570460414,0.2051503360226696,0.2618483587405181,1509.6160921378785,1611.980806816992,1626.2701426781116
5,event,60,8,0.1042975768362352,0.244664837271968,0.2634791237056849,1378.1481703188667,1463.202273279362,1476.946375440638
5,event,61,8,0.072553410473411,0.1491077627787599,0.1699788169666579,1574.7560925765265,1637.4433308176522,1637.7305625783442
5,event,62,8,0.0915697334573634,0.1914479496733384,0.2036633079082905,1497.4434016839823,1614.6608551575907,1661.5242262376146
5,event,63,8,0.0741470343034655,0.1577107733133422,0.1615818103900785,1472.912234724722,1582.888377837742,1624.018442357807
5,event,64,8,0.0853986991309516,0.1456128167276754,0.1544208727451154,1560.7913793430248,1778.912412164932,1891.9460217235237
5,event,65,8,0.0810582325863407,0.1165246351912382,0.1252763033249863,1674.2246939482989,1828.731383403487,1850.023600239618
5,event,66,8,0.0901295234734478,0.1886051822320562,0.2005028687922655,1552.16526682055,1629.2132696001484,1653.352034928493
5,event,67,8,0.0912885805846036,0.1781984557348008,0.2031827961197699,1275.6968558756691,1335.7516191305376,1341.0255432780857
5,event,68,8,0.0860806382225126,0.1541837169082032,0.1581728631650438,1550.006074516556,1629.2016282650304,1649.4147406394743
5,event,69,8,0.0924222208692461,0.186145572925844,0.1958694089509776,1411.1870569880978,1542.335089535884,1560.322977504471
5,event,70,8,0.078641901103975,0.1850997899898414,0.1927773103812197,1472.5084196569803,1632.8635556267818,1713.7998476375583
5,event,71,8,0.1162311577154463,0.3198515459822795,0.4041646807068722,1456.051798212367,1668.807173707045,1713.353947859124
5,event,72,8,0.0861459788326124,0.1363741161272993,0.1412135593349733,1631.3319942669216,1790.695132343301,1853.7561536890653
5,event,73,8,0.1140788636165743,0.2603618063682034,0.2663289534675894,1433.333152156233,1521.8444147220214,1539.39628700704
5,event,74,8,0.0869169233384094,0.1444176852712465,0.165194625947884,1434.5778239512038,1567.4642271295904,1645.747449440974
5,event,75,8,0.0974549407472076,0.1906818661176464,0.2027678566357395,1432.8071104700089,1590.0659464603057,1658.1243544359097
5,event,76,8,0.0554278357742641,0.1234016309546411,0.1381184847600015,1596.4350759952258,1688.7967827989416,1697.712591330336
5,event,77,8,0.1059889521962813,0.2592456092889558,0.2897251864806521,1410.9644683559288,1528.946089809669,1546.4807026542042
5,event,78,8,0.0843529112081915,0.1643015828568238,0.16917283482633,1342.1329287800245,1475.768138462608,1522.2095573415786
5,event,79,8,0.0730588573852562,0.1484685224937219,0.157645286665959,1493.817279827178,1583.1932687874778,1604.9564211132754
5,event,80,8,0.0987380648792939,0.2339456130149978,0.3067834238114064,1477.3525905886966,1531.9426206865862,1545.2920944148714
5,event,81,8,0.130882904570401,0.3899957395132374,0.5056732548114257,1417.0851941000965,1521.5254961035157,1549.6732442949385
5,event,82,8,0.073950630100387,0.0998574540985793,0.1011729919428424,1304.4735132490914,1408.3333857586204,1424.2223847329135
5,event,83,8,0.0710681781730159,0.1491784700187487,0.1699309781533305,1492.6514865476934,1718.2021616411853,1833.9499130070744
5,event,84,8,0.0611525212240363,0.1416122282996212,0.157106040517038,1339.7839320921776,1406.0907668048624,1416.600201023888
5,event,85,8,0.0815043142849706,0.1462680000562869,0.1576939637130894,1414.2383753215795,1498.8563879242442,1501.424485563698
5,event,86,8,0.0844762656897435,0.1907003199839239,0.2331355034157381,1493.7063689118468,1529.9159638652277,1530.7547283532183
5,event,87,8,0.0828344304624218,0.1663201407614741,0.2088793729567158,1541.9428423855088,1617.4277891865777,1644.1481764202938
5,event,88,8,0.0917838470291812,0.2284874485960588,0.3000045133686132,1528.1062133388873,1642.2951173059726,1685.187103497875
5,event,89,8,0.1059073272651207,0.2594927157122483,0.3258096563153898,1207.074367280738,1263.2786298028973,1269.269977680127
5,event,90,8,0.0889023925484237,0.1796054551878931,0.1974495623985965,1566.8723562968223,1640.3571478223191,1645.2724401550452
5,event,91,8,0.0987798255692497,0.2096997805309841,0.2550571221490721,1433.1289105682645,1560.1833471130878,1564.5747594625457
5,event,92,8,0.0862878973620819,0.2169789119071882,0.2227225616179255,1427.9231821124924,1555.0131604631288,1613.6973699615585
5,event,93,8,0.099840446814914,0.213751957729568,0.2715369384460147,1147.7023307675677,1239.2830658944465,1240.056252728852
5,event,94,8,0.0600687028623599,0.0907578977565275,0.0950403467913903,1603.0826031247934,1672.1430951833324,1684.4794251668593
5,event,95,8,0.0737433397667899,0.1159418468068427,0.1292601072353453,1536.8900369731923,1636.3210460888645,1657.0664496672396
5,event,96,8,0.0965916087419165,0.1589106533782237,0.1833476978012686,1393.2532004852385,1480.5830208353143,1519.2424539551575
5,event,97,8,0.0819136827774736,0.1452689089987944,0.1770717646114075,1298.1635559189676,1352.4734557811864,1361.7910554703851
5,event,98,8,0.1089133842144222,0.2597553660181146,0.3317637101193953,1430.2665167437897,1527.7245630615405,1531.069931208954
5,event,99,8,0.0913391723728532,0.2216970682038901,0.2391526897524054,1379.361491225081,1441.3193005780176,1441.398079716423
5,event,100,8,0.1015683650536774,0.2376284070773216,0.2949737775655311,1536.7854612658691,1763.4951691483811,1867.85219136435
5,event,101,8,0.0834203594451424,0.1553413699846938,0.1852764163338933,1432.8880273102352,1671.850983179246,1785.578263658567
5,event,102,8,0.0710053902071776,0.1100752835339351,0.1149329507424742,1521.9858998868442,1650.634265826947,1651.042462301624
5,event,103,8,0.0918445818047976,0.1798841538194638,0.1988336323909166,1420.021377900522,1478.978193874641,1489.4313979504286
5,event,104,8,0.1124812530420431,0.2308854793127428,0.2657010096652728,1394.1509957745925,1484.2803592509104,1498.0255960631766
5,event,105,8,0.1033053009781397,0.2500339287190479,0.2528805516390776,1574.4068365580342,1657.6347112034878,1663.3236568812831
5,event,106,8,0.0886128517470133,0.1248169363484913,0.1263693999498298,1372.5823662557973,1458.5959139835415,1489.0088880925875
5,event,107,8,0.1400384063651972,0.3350911814871883,0.3617971064867903,1562.8819283478592,1760.9580869942213,1830.62565967643
5,event,108,8,0.0959748207394295,0.1768658883734826,0.1984767449303198,1509.7636771309883,1591.935881782552,1598.746817188286
5,event,109,8,0.1085350309750891,0.2700818860004657,0.295736447445335,1404.404250752683,1538.6776263253848,1562.8376759734515
5,event,110,8,0.1057737432502931,0.1721280745125457,0.1941140981828307,1675.8663789207685,1727.1701864569952,1730.8053193477
5,event,111,8,0.1049341485463188,0.2024187206651312,0.2060077210496433,1497.8101213371265,1576.792270588761,1613.5404297932496
5,event,112,8,0.0746401369685074,0.1131825519437064,0.118026332283926,1472.2678691225433,1545.985312151647,1553.679033908357
5,event,113,8,0.0846521415829894,0.1221634186486445,0.1298194352429468,1495.1029979506366,1579.0859441528517,1597.2215825172354
5,event,114,8,0.0819216005021789,0.1847459629386244,0.2376408709840448,1431.919626334717,1474.876449246768,1482.5964434948337
5,event,115,8,0.0953491413896668,0.1930793433502103,0.2382522578935452,1577.5123895654713,1634.9141975165812,1644.9607129820731
5,event,116,8,0.0967089194449773,0.1289164943847012,0.1325974932950742,1464.2184194834826,1575.991580357757,1583.721733301796
5,event,117,8,0.0955564083549542,0.1582163922078309,0.17144492898041,1368.0388593677792,1443.6930659240213,1445.378118383008
5,event,118,8,0.0823881465251776,0.1362286645074217,0.1365256139011025,1154.1676811482198,1204.0152865328012,1207.0119258097548
5,event,119,8,0.1046411269438843,0.2212909277847222,0.2218618113326008,1539.815237882162,1710.5225950672495,1774.3777348761998
5,event,120,8,0.1199876332481363,0.2195985211057003,0.2659009934724252,1502.207697232603,1568.2154897791884,1571.6626344126869
5,event,121,8,0.1034140689389578,0.2327100567246658,0.2533952274773771,1390.4084736836114,1472.8834496207417,1500.3814260314905
5,event,122,8,0.1038710252642672,0.2329918313938545,0.2351009695295053,1508.3678974473871,1609.1417460804678,1644.4543366818048
5,event,123,8,0.1370911848764918,0.3414662698309396,0.3691161618588001,1535.8682204394213,1604.3152318863142,1606.2028865080383
5,event,124,8,0.0675071566502266,0.1232050098622375,0.1445380683066008,1338.6485528320272,1393.680175972095,1395.4066803567296
5,event,125,8,0.0941424868877905,0.1578044538037563,0.1820365208673118,1367.152569101023,1484.740662978052,1495.194391477004
5,event,126,8,0.0803578938403814,0.1528981598769041,0.1701927371561232,1460.600867272727,1525.166193731746,1539.3218762998324
5,event,127,8,0.1152119495088858,0.188625293828158,0.2096427397947368,1508.3140180744092,1694.9988558042128,1758.401945588687
5,event,128,8,0.123146489605596,0.2865003063073953,0.3453163213237205,1451.9641911668816,1611.812350787801,1617.6051916439046
5,event,129,8,0.1138528003666507,0.3028444514612767,0.3841446069700527,1393.5154347201158,1507.282494981844,1517.1775856122642
5,event,130,8,0.0817315457609941,0.1506175625783626,0.180784323293367,1267.6570154901838,1509.5354810329532,1588.9856283793135
5,event,131,8,0.0819009676147779,0.1524027666613439,0.1564948869017576,1475.990220476457,1560.8107565136788,1582.9211637825829
5,event,132,8,0.1055149076792899,0.2521848642064157,0.2647800572373387,1269.433324949181,1345.6872637535027,1349.9506971657818
5,event,133,8,0.1053844206214068,0.2209832396811283,0.2647452363942811,1222.1681743537315,1276.2785234469584,1288.729375488317
5,event,134,8,0.1073567046509283,0.2435121084525097,0.2701638691945717,1561.1552238482657,1682.4602114909328,1703.010469821362
5,event,135,8,0.1003365963125062,0.1388770947410594,0.1458224904060049,1437.4642103467966,1584.9066969447135,1651.2250599442236
5,event,136,8,0.0843829947793905,0.1830778210517844,0.2204049810433618,1377.2709448987123,1539.8004697535223,1575.7123760291795
5,event,137,8,0.101912790878962,0.1834155116515435,0.2104346047196132,1444.5270766290394,1543.8908297475257,1547.2660234326931
5,event,138,8,0.1004849760379321,0.1905022501770736,0.2305270425372285,1494.449518296654,1610.8552549145722,1621.8285704818506
5,event,139,8,0.1105479204345974,0.2571471344065986,0.2613293209919853,1482.6366316061155,1611.7902227633674,1643.884136135685
5,event,140,8,0.1045777423292044,0.2088984782939369,0.2399669924897966,1491.8565270488875,1568.9729296631035,1584.0958465458607
5,event,141,8,0.0859333132291866,0.1999944557552344,0.2596730384182373,1363.8108269337872,1424.449875657698,1424.7975685444412
5,event,142,8,0.1151667257152297,0.2585376378707171,0.2604226935896546,1367.499168921839,1570.803361799885,1657.7509007830795
5,event,143,8,0.1241062977092283,0.336304244705563,0.4277270885295233,1409.8864167065208,1519.989302883019,1528.6944679636315
5,event,144,8,0.0891344754918872,0.1589586902891101,0.1846720040154242,1501.124565307069,1587.853413778338,1611.4176764290792
5,event,145,8,0.0860058693616859,0.1659006910560904,0.1909887658996345,1336.8998462079835,1387.3744586163132,1395.7728523124115
5,event,146,8,0.0989257900681266,0.2085554372626089,0.2496267526240984,1474.6026091881777,1586.9296500458372,1596.4012156387157
5,event,147,8,0.120665889891362,0.1898605111638806,0.2173874886685531,1525.2725436761573,1562.6304927416652,1564.2946017181598
5,event,148,8,0.0956350973086264,0.2240172258956985,0.259476882670571,1351.3419770909727,1421.614294991245,1425.1983922148986
5,event,149,8,0.1368947255448837,0.2383121910385123,0.2838662041758023,1440.9998408307004,1513.61526462722,1534.1122999428571
5,event,150,8,0.1210943734756898,0.238789052856943,0.2630744210063641,1406.413504176517,1468.2824192654025,1469.2866202823782
5,event,151,8,0.1078095743033085,0.1741982416681823,0.1989412413322121,1452.116837241029,1573.1972030744537,1607.9475656335785
5,event,152,8,0.1227035761431326,0.3007392736501683,0.3253385512473581,1452.1320863078995,1504.3508813159274,1506.896832864124
5,event,153,8,0.1214322445488958,0.1964965499663051,0.2026663992204019,1412.377236987579,1480.763785380576,1484.460832817297
5,event,154,8,0.1071559985221935,0.1696524434844309,0.1818683838682611,1435.1858759344505,1543.447349448339,1551.9986716314852
5,event,155,8,0.1122502269190475,0.2022945790713717,0.2240505705584655,1371.9722759290255,1456.489214278723,1456.766166665374
5,event,156,8,0.1288817953085057,0.269883868895592,0.3463763248085466,1428.3256535905025,1596.2203093100616,1640.146535892262
5,event,157,8,0.1298531351856506,0.2768809863263982,0.2994551083843341,1486.3640426093195,1531.6001675699426,1532.0703257033013
5,event,158,8,0.0942731055921814,0.1688833101124269,0.1795474032501426,1381.0561205450747,1446.7711966354868,1448.5597757414755
5,event,159,8,0.0922833396830258,0.2104958979422015,0.2286915083778965,1454.633635200588,1541.8610130534607,1560.5483149029817
5,event,160,8,0.1293799463849771,0.296934468438313,0.3685190470603883,1430.8878969438858,1514.417566280369,1529.3051878902345
5,event,161,8,0.1201183447633542,0.2099704295119855,0.2183151605057146,1373.5254626638164,1449.385382324383,1459.665588154045
5,event,162,8,0.0822840638023714,0.1145880067731071,0.1186891980377328,1446.282717300671,1521.3320253525055,1525.5879775773574
5,event,163,8,0.1095824531328621,0.234813012569888,0.3075519819834715,1338.2022414789767,1405.1420316767658,1406.2201210631954
5,event,164,8,0.1152162079967866,0.2460312947563192,0.2569499368629018,1368.260366965886,1411.5277219435677,1424.7466169929978
5,event,165,8,0.1287267083417612,0.2067780219696636,0.2128346174712055,1448.062152639002,1503.532721304552,1521.5161779855137
5,event,166,8,0.0898656207445637,0.1599068823603047,0.1797354115761625,1376.2423859969126,1483.4373576399382,1528.2387315737813
5,event,167,8,0.0946148886245919,0.1678527612100148,0.1880475657655951,1372.9166185938034,1503.1671969293643,1524.1083530994044
5,event,168,8,0.1336718149324141,0.2332090818775875,0.2405121391666675,1276.987944767097,1415.157227416031,1462.896540058755
5,event,169,8,0.107775224738215,0.1589644620496971,0.171540358864564,1527.3631834405462,1754.455061222076,1841.181930343903
5,event,170,8,0.101651837894349,0.2321479818792836,0.2935255250537901,1527.4594744933754,1729.5577571978365,1816.2918373207604
5,event,171,8,0.1485621374338544,0.2669208533694182,0.2775572449247118,1539.7544152314665,1730.8024891261562,1818.8185295400049
5,event,172,8,0.1019054286198695,0.2091966647202359,0.2147926155712164,1481.6231792291212,1562.499246828102,1579.85860783393
5,event,173,8,0.0850470633720472,0.21016915138842,0.2788673115296134,1233.6288894874178,1277.0423569897216,1278.077106083089
5,event,174,8,0.1195661502559897,0.2072102818729849,0.2150861757415,1501.2554232140355,1573.93925578373,1576.0048981418424
5,event,175,8,0.0938537103012336,0.1659540592930299,0.1744150602612953,1532.3038549732155,1595.228550803477,1595.538036957767
5,event,176,8,0.1095245874825123,0.2247213130697068,0.2536484905097658,1395.8702825469825,1543.4309960719238,1594.176976009284
5,event,177,8,0.120023842559768,0.1701665561227218,0.1710380734144455,1471.1260917374468,1600.944094802279,1647.3246968985038
5,event,178,8,0.142355451801815,0.2969026954300262,0.3692651770740893,1383.850926315777,1501.98106617875,1505.098058292146
5,event,179,8,0.0959007609159963,0.1876858466677494,0.1953226678034479,1068.191186358325,1138.506898247925,1146.2667258794295
5,event,180,8,0.1074762825655285,0.2475295074808853,0.2723384271320181,1454.6983756825016,1532.2332034694118,1543.6982998027563
5,event,181,8,0.1376421694264144,0.3010562777905453,0.3511824171385778,1444.4043110423715,1565.0495213023958,1619.133878203898
5,event,182,8,0.1572095913561235,0.4067258697015086,0.4252820002932185,1448.2022762367096,1600.9121662617586,1647.4448477079677
5,event,183,8,0.1070740172511079,0.2868303673096376,0.3809195358264525,1445.2092023616333,1496.7347081581468,1498.897754373647
5,event,184,8,0.116589748049447,0.1973051229897512,0.2009636350132023,1370.628975891863,1593.3564523829748,1698.1094255947958
5,event,185,8,0.1236162776839663,0.3042710044126264,0.3946781303485963,1393.2011934182103,1474.7391626483395,1477.655204483424
5,event,186,8,0.1260546980293422,0.3081227952503096,0.3467747062038054,1531.2184642931254,1622.6061883882844,1624.6869368761966
5,event,187,8,0.1545323471117197,0.3132524106938653,0.3537250626663491,1432.0281454043572,1550.5978848764064,1567.2855182913715
5,event,188,8,0.18360321755815,0.5168030335622574,0.5387558245592088,1355.8026097378056,1414.8638873050725,1425.7082421272185
5,event,189,8,0.2102026515058091,0.5788611238109257,0.7118234098169176,1442.5182031715126,1532.7468024439952,1534.5875056765858
5,event,190,8,0.1507122459808269,0.2760480578000193,0.3000091008664543,1345.5362583752874,1430.695784850983,1437.2788037936791
5,event,191,8,0.126705589969802,0.2033884359764695,0.2220887444523308,1592.0580258682182,1792.5406749025894,1847.50286356578
5,event,192,8,0.1104348848840469,0.2000263548640888,0.2396216401128399,1417.871280547189,1499.5455653333872,1518.7582101167252
5,event,193,8,0.1355067500533561,0.302756409728597,0.3396828035729305,1474.820520898157,1555.4046357781606,1557.3711501196965
5,event,194,8,0.1082983199291635,0.180924063448344,0.2037995445801459,1644.0517592288384,1756.531256572874,1785.5228166257984
5,event,195,8,0.1127869432222709,0.248097491505586,0.2937335042959367,1372.1548047454091,1454.521243415135,1455.827673292
5,event,196,8,0.1379051355773903,0.3367835237131687,0.3633975667869663,1411.426485563159,1474.8216321615669,1489.5115288344844
5,event,197,8,0.1404764319476925,0.3439351407229589,0.4443925122319017,1349.607272151467,1416.9998100693267,1421.7384021649743
5,event,198,8,0.1751797337221666,0.4530965730796154,0.5426854991074391,1338.7239467177635,1469.9078328144317,1487.84612280242
5,event,199,8,0.1602445358795352,0.3955311736896486,0.5144267636154747,1422.6477192575287,1590.4822231489145,1685.791979887573
5,event,200,8,0.1335297755481045,0.1865797901013176,0.1909602738235266,1345.4368650068227,1554.130553656419,1648.9813421719189
5,event,201,8,0.1570582172591544,0.4743274315800431,0.6136044455784807,1485.8063305199362,1591.2753610805169,1592.0630044844352
5,event,202,8,0.1442815567455897,0.2859497943151724,0.3038033439417314,1462.9317464364703,1621.852043991251,1700.6408535578994
5,event,203,8,0.1426054861863358,0.24963305159493,0.2496975712551075,1365.9434567987205,1482.765986721341,1483.5310624759911
5,event,204,8,0.1355698755125353,0.2950447715133308,0.3087233424142357,1506.1946232018831,1751.9976616150268,1860.393375774108
5,event,205,8,0.1355114569664124,0.2626131679113,0.3092763503759397,1408.4831554382015,1534.2735665589605,1545.0413680916831
5,event,206,8,0.1211741230586001,0.2218250852124236,0.2461008017552388,1478.404628870408,1543.8302957535304,1550.9468556538436
5,event,207,8,0.2374362799957804,0.695165638098076,0.8076669779881042,1296.942502223387,1356.8077977488645,1373.4557100652007
5,event,208,8,0.0985327689251549,0.2262513406643826,0.2896128259275641,1361.034641396848,1415.8080210917374,1430.6290038373554
5,event,209,8,0.0932607348270092,0.1324150157509607,0.1457581959788062,1308.3080421313275,1389.000229041611,1390.5443663100896
5,event,210,8,0.1739314687175909,0.3970403211219863,0.4069323604412058,1368.9671426088055,1522.7013535744024,1605.119042959009
5,event,211,8,0.1215327333697501,0.2170187136367433,0.2454061640689579,1489.0215721508123,1542.9919617931432,1555.142087704297
5,event,212,8,0.1471367290288769,0.2593225512528375,0.2756414653379467,1422.5009238613982,1501.995630570037,1516.671533705512
5,event,213,8,0.1551347694016606,0.3480248209604493,0.3782411142631101,1108.281830787462,1213.1803959887554,1220.51325812675
5,event,214,8,0.1087952707258484,0.1665987168681778,0.1742147565887865,1393.6799865066523,1496.7850463624627,1513.000277983455
5,event,215,8,0.1876034748088729,0.4412487021502543,0.5329174477525296,1307.1173681638,1392.8632495423503,1397.0631476904946
5,event,216,8,0.090252742654679,0.1610474343459918,0.1938523703739553,1481.147355711204,1627.602273536787,1686.8146020003066
5,event,217,8,0.1423994333881214,0.212433584261656,0.2224545750943064,1317.8209018613495,1448.1673614351885,1483.4222731093394
5,event,218,8,0.1291152890486563,0.1962047027874364,0.2103266360375756,1213.0083998109783,1281.8144621839394,1316.0881387554211
5,event,219,8,0.1435051576184029,0.3181039969774021,0.3353767229487723,1463.1164741449672,1549.9975284900668,1588.7150028449662
5,event,220,8,0.1284369799791548,0.2536768818756088,0.2655324096043448,1474.0239188499288,1595.3873456483486,1603.557198621518
5,event,221,8,0.1869748244366905,0.4529545016797179,0.5121337264965459,1367.7292390595585,1408.101629822261,1410.273932123643
5,event,222,8,0.1307695117834185,0.2500071285266942,0.294650316895002,1456.7528755348844,1574.6753044780337,1598.222600566295
5,event,223,8,0.1634483628604048,0.3930180277023342,0.4023468127194869,1328.5067558201547,1394.944889191729,1403.0570264095695
5,event,224,8,0.1236798664282649,0.2400174343208294,0.2759619112968102,1379.2498417579532,1488.7927829285734,1495.467787777196
5,event,225,8,0.143955231430781,0.2591260878300928,0.317811922690066,1371.5661954654624,1440.29176282535,1445.4907188178634
5,event,226,8,0.1984007163267447,0.4358406963883159,0.4929706985792003,1538.888396663359,1620.4864371510594,1634.9781472672446
5,event,227,8,0.1273167402511578,0.2300174570030613,0.2633077495813287,1244.7037724982906,1347.4202564953998,1367.46056363718
5,event,228,8,0.1576018362936588,0.3726486469689102,0.4955566007793377,1094.0932365301585,1189.1391156045663,1222.3979340880978
5,event,229,8,0.2250236365945924,0.4426482717108239,0.4918314660249786,1425.7846492425235,1519.22051371751,1540.5502843348718
5,event,230,8,0.1516114567592011,0.3162688722301411,0.3537285310060262,1266.9475310615376,1376.1732056322562,1396.8474221364477
5,event,231,8,0.1418339198713346,0.3569679498907162,0.3812822840130078,1403.01817587782,1590.0088225467211,1682.718209772864
5,event,232,8,0.1185136034570424,0.2762965447958596,0.3458127040057566,1170.1215471452244,1279.2127968016798,1295.5723720880994
5,event,233,8,0.1819945617992271,0.349857129772343,0.3919763914764391,1099.634891274646,1191.5563029425102,1194.1727720012716
5,event,234,8,0.1375773360858682,0.31526028443791,0.402991868679353,1484.0229074387653,1800.0431296191744,1948.4352270991744
5,event,235,8,0.1289864122606285,0.3001164170009023,0.3748512857846962,1328.7641966670012,1418.568705655087,1419.361698808572
5,event,236,8,0.1261839800514546,0.3232134568334744,0.410114779568437,1337.8030557202292,1409.4900638704053,1411.1292403233963
5,event,237,8,0.1712249386339362,0.2939309030855868,0.3227648207940612,1391.4266350776224,1444.4822601746012,1465.5509345701494
5,event,238,8,0.1468656003892401,0.2694461701207056,0.3197247232069257,1352.2121619219276,1419.3979070502205,1444.9198518527508
5,event,239,8,0.1504825558071075,0.3954623000047069,0.5424328668267425,1298.5836601921092,1509.6833773166202,1618.117397736612
5,event,240,8,0.1376137486798488,0.3178590053994399,0.4025395824453815,1341.616542076286,1485.761244159218,1543.4066045030306
5,event,241,8,0.1333216991105361,0.2359724171304439,0.2635816233130419,1456.6790059385053,1584.1246093004816,1610.2958643212537
5,event,242,8,0.1225392499061679,0.2771600194744375,0.3522735022245187,1372.601499008067,1436.6056733902249,1452.702360726958
5,event,243,8,0.1130970559783701,0.2388870855428167,0.2725556275723042,1182.4636400339589,1300.0510877031918,1324.3977913919534
5,event,244,8,0.1914127069093603,0.4173566173268425,0.5119906534144825,1414.0330580472123,1497.5763911115228,1503.787164088913
5,event,245,8,0.1253252617145069,0.2401467578451848,0.2869612599520937,1235.6308940915064,1305.1760773346016,1309.7906612575398
5,event,246,8,0.1769524336999801,0.3578564141980536,0.3908633113654777,1378.446010014156,1458.3056445296963,1461.0652530677555
5,event,247,8,0.1350772155872987,0.2625388473828817,0.3332750319102294,1312.5809714165553,1353.1095409567329,1357.165229659852
5,event,248,8,0.1867185314638205,0.4911350971497251,0.618558692142819,1234.3961943801787,1319.3302488396107,1325.8314429445463
5,event,249,8,0.2193866262155334,0.4152304929121717,0.4558281896201515,1492.7222387019813,1629.1028599960764,1635.541563967611
5,event,250,8,0.1383836620406046,0.2432303416836437,0.2543409693936865,1427.0420605313236,1521.7733110169115,1549.477294691036
5,event,251,8,0.1392241360441664,0.3464167306747234,0.3743984304871368,1583.581166687272,1700.016674114603,1706.9778501893372
5,event,252,8,0.1503559368424988,0.3083776044715053,0.3272371364696053,1497.6833000676415,1577.2477549273185,1580.0791365025104
5,event,253,8,0.1650757006281295,0.3720775749191994,0.4771788493622694,1402.0201482005662,1505.944460813476,1529.788431739776
5,event,254,8,0.1237546574774731,0.2598675630057488,0.3059264431841988,1330.576597536761,1394.5259515372368,1397.6930770351091
5,event,255,8,0.156074327644591,0.3078010530277975,0.3258069239088627,1300.5919371484106,1384.2777787501436,1407.0642763259636
5,event,256,8,0.1555350593234497,0.2595300324664766,0.2612388121285569,1488.0730756971168,1547.0867820626827,1563.5337167052369
5,event,257,8,0.1426655888895206,0.1997838654992934,0.2055681380691176,1384.8760518554743,1509.5960155324256,1531.424928358552
5,event,258,8,0.1320799377916274,0.2183992751895923,0.2442481088798119,1305.24505879534,1404.0778123249015,1407.5455661125798
5,event,259,8,0.1435029277560264,0.2983366034899005,0.3586493690138687,1386.2292798850665,1503.696693691542,1539.1477322771875
5,event,260,8,0.183607494423723,0.2761620557531182,0.2866965194438061,1325.364613796216,1386.551737594056,1387.2713145448397
5,event,261,8,0.1721899914130976,0.3541791910922796,0.4187482294436223,1479.6691008387952,1552.705599675736,1555.4125954643366
5,event,262,8,0.1405196318433654,0.251719276256709,0.2572037749644731,1240.420853084463,1332.3053188272174,1336.2110740216308
5,event,263,8,0.148820697158392,0.2904647861020783,0.3581499996671875,1236.6540008754105,1373.0367506948005,1374.521696686326
5,event,264,8,0.1418221638340763,0.2396417620900963,0.2858468481532908,1348.0021061536982,1491.0930566343593,1545.253418576431
5,event,265,8,0.1914818703174393,0.4993801351902202,0.6818498075490714,1286.107896827738,1371.561925375191,1382.4545265127515
5,event,266,8,0.1533199997969055,0.2685045918456621,0.2816545752941908,1270.3477057886937,1359.9218126280423,1376.1010861615264
5,event,267,8,0.1866786509438152,0.3248658239663784,0.3478549894188785,1361.855135694439,1466.6507187048592,1500.3785116103525
5,event,268,8,0.1676719470497555,0.2396421765779506,0.2445731762586737,1390.8287622975795,1618.836540358211,1709.595730832472
5,event,269,8,0.1959966885254114,0.3868908070745577,0.4499149084096256,1395.2824258163191,1473.1951374121595,1475.2633074891182
5,event,270,8,0.1792170829463023,0.4285931199255399,0.4886304441479654,1477.503739641465,1643.489736379003,1669.4692098174585
5,event,271,8,0.1261283392686366,0.2132451747773579,0.2574302815912357,1496.6555251952043,1606.7033611064896,1632.0602533934684
5,event,272,8,0.1377333723100956,0.2282718294760284,0.2594725267792354,1358.294989719106,1388.3830923691664,1395.9618386022626
5,event,273,8,0.2017465966492105,0.4640293897145201,0.5877586482996778,1330.9116194056344,1421.788386391945,1432.1876225810174
5,event,274,8,0.1168664916965619,0.181094652601251,0.1939375011982695,1359.246899059546,1401.774463588626,1402.2958539578915
5,event,275,8,0.1633909474580622,0.3247955512585011,0.3581268180186875,1368.9823949683152,1529.0370781108725,1600.4588369839053
5,event,276,8,0.1383866146251381,0.186166624592173,0.1924009486984362,1396.5663858246785,1574.1841978863497,1606.4537865215775
5,event,277,8,0.1488910522974079,0.2843577410483317,0.3589399073722142,1412.8105660674096,1603.7288352499822,1682.3240754136814
5,event,278,8,0.1812314871085186,0.3855479801623644,0.3943910474307635,1402.4594254855294,1545.494727298891,1598.605064674366
5,event,279,8,0.1337879763356699,0.1717471145391934,0.17965972664453,1416.6027485524205,1503.8329887305515,1515.4580966473004
5,event,280,8,0.1862972756820997,0.4110007833337987,0.4508118196647545,1450.2395932269037,1539.6249456003598,1545.2625884355768
5,event,281,8,0.1805958822699788,0.4554610572992007,0.5870615359136747,1398.5581713132085,1439.8259718743243,1445.7296959590617
5,event,282,8,0.1580338153443275,0.2961650160872333,0.3218180352986267,1392.1662124804438,1541.9286806792104,1575.447401536029
5,event,283,8,0.1317033801572263,0.2344237712327185,0.254999593123606,1276.6915003273327,1494.1826426227403,1611.461988398899
5,event,284,8,0.162306613884919,0.2589969568043229,0.2791545627948884,1322.474248334274,1455.6299030581977,1479.455721587625
5,event,285,8,0.1796624948055486,0.4054944156586924,0.4741671949647922,1430.6216051441452,1499.5284296742218,1508.933786393574
5,event,286,8,0.172844077906096,0.246968520783608,0.2521915817272255,1343.225035634838,1416.3391981670811,1421.2957044478658
5,event,287,8,0.1391426923224079,0.2985170013295097,0.3600282332063012,1385.1452900646314,1506.8009700820337,1526.492692490934
5,event,288,8,0.1244613642979977,0.2068652722144354,0.2196255876071438,1221.4336077991125,1322.014532080677,1328.2707953229717
5,event,289,8,0.1603905386045575,0.3431661438429165,0.4178370673223672,1293.472693615807,1392.8359281163555,1428.237438617073
5,event,290,8,0.1607157616242505,0.4146426895811449,0.5380821109980217,1294.8426344554568,1360.7824149885246,1362.6205703230808
5,event,291,8,0.1820594891904741,0.4149422328728087,0.5266769519278443,1316.7357754236507,1352.4389920348844,1353.394956123273
5,event,292,8,0.1332799278428297,0.2683597858268728,0.3083583858216754,1319.3018910901526,1410.495786918969,1414.241214463104
5,event,293,8,0.117822429034509,0.2517163176407776,0.3134493319751725,1371.9343780250315,1583.238926431301,1679.5653824849871
5,event,294,8,0.2108281066084614,0.6098058839357576,0.7486880478173973,1404.317992182219,1548.0636115036652,1574.9813252388517
5,event,295,8,0.1625317546696777,0.3243117251428034,0.3748851933679539,1434.9319148098211,1537.8455209637318,1548.4185270314483
5,event,296,8,0.1821959361157724,0.4216946754832242,0.4914687343720477,1476.4453813808527,1754.20257957724,1831.8300805215915
5,event,297,8,0.1417020876644401,0.2549756554872006,0.2797401763334247,1287.3293204172803,1370.1342679736254,1381.172056775397
5,event,298,8,0.1974839532642555,0.4357285699300689,0.5624890786363301,1380.4553770069865,1524.412761540745,1580.3596034797454
5,event,299,8,0.1341457086084107,0.270519345037292,0.3013056131628388,1180.656117911409,1278.7061643996578,1285.5445804320343
5,event,300,8,0.1656733490563399,0.3620434676925217,0.3971197648910223,1362.821270688927,1423.9875333636526,1437.5680907296771
6,origin,1,8,0.0811144429582281,0.1251265141589949,0.1278734856823143,551.9359829602594,580.8963741002141,588.272453868502
6,origin,2,8,0.0668513775271613,0.1059106776257798,0.1092681804610275,644.5666363196342,702.1394203190364,718.965107756889
6,origin,3,8,0.0638481044827778,0.1275280260907512,0.1539744843855015,699.069561252734,767.9281020503086,771.4038143064646
6,origin,4,8,0.0889676005577917,0.2138658716355901,0.2901594270570832,782.4988613301974,852.4705982629139,876.2961343284943
6,origin,5,8,0.1159517839421676,0.2210333119296137,0.2343711188750616,953.1211964970984,1084.379328633805,1122.742733272938
6,origin,6,8,0.0737616453889665,0.1302809955910484,0.1471683987329208,1083.5065300216156,1133.3691328942114,1135.3873168989514
6,origin,7,8,0.0952940611546127,0.230191514425195,0.3001951782614304,1158.5691098991954,1239.3795767775737,1260.5294111937155
6,origin,8,8,0.0813705368181976,0.1555176637618102,0.1566927739538177,1229.982390091655,1351.2060112812126,1360.448427837192
6,origin,9,8,0.0979880086067552,0.2375843303542387,0.2992561437527963,1196.874024468866,1314.8755275363303,1377.494385020033
6,origin,10,8,0.085567412679079,0.1807156599952298,0.2286487085169768,1273.269247900197,1332.450622978129,1349.3709958616482
6,origin,11,8,0.0713763595760809,0.1395654622751223,0.1628200778359294,1282.9846850302,1390.516347296779,1424.6642238207448
6,origin,12,8,0.0846601716596617,0.16029467213073,0.1906554111675787,1520.847067839883,1575.8508809616542,1587.2759903621293
6,origin,13,8,0.0843166590649438,0.1545333494243692,0.1724034561429105,1481.669590033428,1584.208400617937,1621.8017456963566
6,origin,14,8,0.0788362563217954,0.1541428045709284,0.1693098038366563,1311.6534429941769,1368.625216164115,1376.4839314535438
6,origin,15,8,0.0814248825923677,0.1492647202597786,0.1727335990579971,1409.4902413157922,1498.1771817766244,1507.3091483950627
6,origin,16,8,0.0517563195336616,0.0820987124947273,0.099115151531996,1306.322588289383,1437.1378052896434,1448.1305690719212
6,origin,17,8,0.0905268803365702,0.1540677442667613,0.1624743046467006,1483.9309159533705,1534.0187816689645,1547.6107912106895
6,origin,18,8,0.0854619723137561,0.1608612222252949,0.1703296728577079,1546.1694535911563,1629.0840000524615,1651.275576831332
6,origin,19,8,0.100857612845768,0.2131133455857449,0.227733307682181,1432.8457599717874,1549.2081984530216,1561.3512797335472
6,origin,20,8,0.1002324355559622,0.2181898663780667,0.2769838168624021,1624.5234648818464,1820.7832125527689,1860.8335821488392
6,origin,21,8,0.0565981038462057,0.0808379582190916,0.0835637101873763,1486.5775476223191,1551.5968742306047,1568.5925770982906
6,origin,22,8,0.0923839034799329,0.1810915678551053,0.1976292444990629,1520.782137746948,1617.164122141761,1623.703111627323
6,origin,23,8,0.0810242621977355,0.1781063540301193,0.1951967024339035,1463.369275512198,1546.3164362806283,1548.0607050345825
6,origin,24,8,0.1043141301795783,0.1762313964250638,0.1820873424197155,1639.747453628001,1697.052062447264,1697.6259928265663
6,origin,25,8,0.0714739484810109,0.1150144289000343,0.1275246306026859,1581.6643332011183,1652.3842131397437,1659.7035903981007
6,origin,26,8,0.0537870332084012,0.0858670806000509,0.0889067787700328,1404.8266859566163,1550.336191759997,1580.436116839979
6,origin,27,8,0.0573043382496041,0.1233631986856096,0.1363096507943602,1445.4942366177318,1481.921031559994,1485.4183711116618
6,origin,28,8,0.0941390709983674,0.1784767677835004,0.1950007106937734,1501.4089679162223,1576.4413852782343,1587.587907083156
6,origin,29,8,0.071188318280246,0.1103486271267158,0.1324412779329414,1550.9825001364206,1622.913310442845,1623.8918404406645
6,origin,30,8,0.0860518685224027,0.1175510227762621,0.119651197764263,1534.415889622824,1667.6988865290314,1693.2608568132682
6,origin,31,8,0.0678334127583713,0.1124482368797593,0.1150127176832047,1435.5729534075226,1533.0796734363976,1558.7843697803612
6,origin,32,8,0.0779870366406418,0.1876970625458436,0.2352763926324378,1418.3328956822547,1510.977657873766,1539.278424223446
6,origin,33,8,0.0871046894785727,0.1735731907761095,0.1766255998797256,1502.8722376936591,1570.602088178421,1571.2979488464537
6,origin,34,8,0.1031458666836407,0.167627759275899,0.190269263332434,1691.5191545351447,1786.8388785939676,1787.596423313944
6,origin,35,8,0.0849368433437055,0.2377067133352843,0.3301648420263436,1635.424490707635,1725.5895921634642,1744.1083182591965
6,origin,36,8,0.0805633217321264,0.109681585937155,0.1215648755079488,1502.9993187811206,1581.0678097136067,1595.110775954924
6,origin,37,8,0.0829707578079158,0.1150851903252781,0.1259824416524253,1545.403112410724,1624.4812579933282,1641.0102337437336
6,origin,38,8,0.0912625905827337,0.2330738501636103,0.31366094734348,1567.80758367919,1671.2356965080105,1674.442614827587
6,origin,39,8,0.1180468434753045,0.2633349333861112,0.3088596717147217,1373.2482883309212,1479.0242386635975,1495.3326644797469
6,origin,40,8,0.0959819923816236,0.1879767940999754,0.2155626899105044,1613.3986897826903,1703.7299486507004,1718.4249598196611
6,origin,41,8,0.0955296649694688,0.1714595129110618,0.1901142938782045,1530.013237765085,1589.3195208035922,1601.7645261709274
6,origin,42,8,0.094746532760438,0.1962542725522668,0.2043669469552106,1413.6096539349846,1690.369161192124,1765.90460558193
6,origin,43,8,0.0796875697992771,0.1898843234423846,0.2027816624991129,1440.4773193543572,1554.7766793549358,1556.1055965612704
6,origin,44,8,0.0966685780223349,0.166544668140883,0.1835394309769969,1412.7532835190962,1461.4362332752703,1463.645075297506
6,origin,45,8,0.0827609091210313,0.1882765895051388,0.2332700970244401,1485.7378993126945,1551.592941198197,1555.4208577336765
6,origin,46,8,0.0936353849355233,0.2229589066239084,0.2599267795192263,1523.0779490003752,1594.015548423493,1604.176752509906
6,origin,47,8,0.0983886028470918,0.232506818123627,0.300672163781698,1439.3791711491176,1563.4364847236247,1596.9638363473512
6,origin,48,8,0.0832760772314968,0.1447174885039285,0.1757362631894493,1483.6005632200486,1551.187533685379,1564.764067060177
6,origin,49,8,0.0811298239234414,0.1615362282894052,0.1741499105270938,1402.5470108352647,1474.5002370933084,1477.1527935101344
6,origin,50,8,0.0671964367612548,0.1091806533001698,0.1157571653494242,1465.1689530086203,1546.2072701417094,1579.581306785096
6,origin,51,8,0.1102357097622894,0.2125819761003834,0.2172853794073334,1512.0959419393992,1577.5722259929296,1587.7851493802734
6,origin,52,8,0.1132081995115179,0.2568142654438127,0.2834386635842055,1587.0366529741186,1696.6728425540828,1706.0160009781423
6,origin,53,8,0.0839576625128119,0.1843771665967639,0.1856572840529133,1465.671305816291,1587.15071325412,1599.6953709212917
6,origin,54,8,0.0890350123064632,0.1688416384141664,0.1832523000145126,1236.737643497294,1417.1731430278642,1426.8799421150482
6,origin,55,8,0.0863988244688813,0.1943986846577398,0.2193026411523614,1507.2498322853105,1556.9660604572266,1562.641354201627
6,origin,56,8,0.0747100054658627,0.1347040300137652,0.158810454259555,1437.1936398787846,1513.709555594765,1514.6782308974475
6,origin,57,8,0.0712073277772286,0.1772183413028394,0.2384427824190262,1481.649508906172,1558.4306683844768,1562.3181611814762
6,origin,58,8,0.0882445832274138,0.1825339829784538,0.1866782752429099,1520.4594321348625,1565.3204650081975,1567.5649936571474
6,origin,59,8,0.0481956827970228,0.0700857089475912,0.0714001744816223,1430.5819804135638,1470.0877232700095,1473.1168267644407
6,origin,60,8,0.0624607435120373,0.0982524410602626,0.1112252846550845,1548.4575939411752,1632.1486371009196,1654.3788753593833
6,origin,61,8,0.0768552887828297,0.1553412508410712,0.155595521778083,1511.5763655809253,1567.1284428400118,1572.7956361125382
6,origin,62,8,0.0867588447679676,0.1521973424867121,0.17795394130554,1573.490091305317,1668.5461977992477,1678.323912206319
6,origin,63,8,0.0963487275607011,0.2028904918745158,0.224068824218117,1422.3245819827375,1479.6313019418913,1484.3898457488683
6,origin,64,8,0.072714888258251,0.1746241002160414,0.1956046292656674,1548.2852641912602,1616.4278724240785,1637.1133226758927
6,origin,65,8,0.0993356105854928,0.1721931997760067,0.1827448062955827,1433.4482573304006,1512.8108913066685,1523.7611561717297
6,origin,66,8,0.0897941607491605,0.1822448240023446,0.1892596891550849,1548.5578681260515,1614.1040621200932,1615.879277811919
6,origin,67,8,0.0695872893763199,0.1084522344820478,0.1124095025110437,1302.6055500916182,1389.641557046633,1395.6115773624504
6,origin,68,8,0.0779024761386782,0.1486008542064699,0.1679483974058877,1455.1487030209296,1589.6827762529588,1613.290039476
6,origin,69,8,0.0754688323936399,0.1229332386865567,0.1392842831328708,1556.121932232723,1743.2536266653935,1833.5938354392697
6,origin,70,8,0.0572231438589209,0.0951071841748818,0.1076415727308012,1363.0708996214996,1446.1920423763297,1467.1553737785075
6,origin,71,8,0.0788636245904756,0.1779019933749858,0.181015060290225,1425.904160716221,1533.7172004369736,1557.7300026152163
6,origin,72,8,0.0825383535747615,0.1842477315083644,0.218715756621643,1470.1541716093354,1540.707639965403,1578.7280307145788
6,origin,73,8,0.1168973617340881,0.1821584338172932,0.1906977547071518,1563.4501139800038,1634.4815633351711,1640.234495345073
6,origin,74,8,0.0839657160923186,0.1463675031396446,0.1500909040596386,1440.2346954329594,1521.1139432229656,1521.4905578458663
6,origin,75,8,0.0879917811752693,0.171948159423103,0.2171333257307774,1377.3721438030177,1473.1240067217616,1481.4975209052864
6,origin,76,8,0.1283612685968726,0.2119612547106361,0.2221610388937535,1587.562262162778,1665.2895805002877,1671.4709676953603
6,origin,77,8,0.0797634354629364,0.140431053519526,0.1462879922676813,1489.874574153778,1639.3396892431572,1701.9745718111858
6,origin,78,8,0.0927789353219303,0.1588002368608332,0.1911030919566789,1557.5640792525687,1620.658171319152,1628.3308381218014
6,origin,79,8,0.0820991775522963,0.2127479206400078,0.2349117325593074,1575.77507165547,1706.8722893676113,1728.7203706925336
6,origin,80,8,0.1008326328789091,0.2416675155597468,0.250799029593851,1556.3340118709295,1679.0446193131013,1702.791873177729
6,origin,81,8,0.1176297424655673,0.2997009388169483,0.3280375313034492,1571.2648337890591,1660.8781905340254,1677.2520216940168
6,origin,82,8,0.0858067173718903,0.1969097772896625,0.2305246055933098,1435.5251019683542,1671.5398064904916,1759.26165147819
6,origin,83,8,0.0985626480334664,0.2265908777278706,0.2740546139114298,1520.6675935985088,1633.523020552401,1657.6844774445617
6,origin,84,8,0.0944558752318447,0.1573757734162222,0.1761580706074695,1489.497981328046,1608.269370445111,1651.831397760233
6,origin,85,8,0.1069410876314799,0.2083785509544136,0.2105469896153756,1496.5919213726547,1533.9184459160952,1547.6704518633144
6,origin,86,8,0.0612523805801984,0.0876022876883987,0.0888692821323621,1461.894269280725,1638.8429129409683,1654.9120632144588
6,origin,87,8,0.0770622707867189,0.11788654604475,0.1209927735903577,1595.2383655701265,1673.7738102107246,1682.881358522238
6,origin,88,8,0.0962759112027277,0.1854556611558431,0.2201301589658566,1483.4887803163551,1546.9750662187948,1552.5255491319012
6,origin,89,8,0.1021148919444702,0.237094173706157,0.2771888765344861,1286.0708923308848,1427.2985214098649,1428.5184512260253
6,origin,90,8,0.1086090743748194,0.2286009202416381,0.2505134166339114,1500.0747809956529,1619.1545454540858,1658.4554138942303
6,origin,91,8,0.0881722878974903,0.1616613589778757,0.1861077333856441,1591.07307659056,1633.7230144273535,1633.9390495735656
6,origin,92,8,0.0922279184572241,0.2049213754550959,0.2249844576434986,1406.9391241338565,1505.8877004613912,1555.0121428188447
6,origin,93,8,0.0969990800560445,0.2330879267854207,0.3046666251580354,1459.40948921337,1573.7086045325118,1583.5028756685135
6,origin,94,8,0.0872311140235988,0.1769965068994859,0.2011484960479155,1468.7712496723964,1549.7053283137457,1569.5846618933642
6,origin,95,8,0.1037419552574796,0.2169742646647451,0.2215443893725547,1563.0651847527863,1685.130937449098,1728.4268478940885
6,origin,96,8,0.1212042285096124,0.2601836298987836,0.3324835886475475,1602.719259556544,1684.6525116921234,1700.8871319665377
6,origin,97,8,0.098380682229669,0.2268661940029582,0.2415659735580617,1594.481968449164,1689.8287695749218,1708.575627260767
6,origin,98,8,0.0865188471720128,0.1683982157762614,0.1971868699504941,1219.081242908845,1362.5337696399358,1404.1699038295003
6,origin,99,8,0.080873112969913,0.1561112377116878,0.1637080987345995,1461.57442791533,1535.4712960677284,1539.219390464226
6,origin,100,8,0.0970287661666085,0.1678543786424366,0.1698943834147105,1684.2135877836208,1833.2015838556777,1864.0349202965624
6,origin,101,8,0.0919671983250141,0.1946228693941575,0.2104113177557726,1357.3130407945446,1407.259255943644,1409.8521227540532
6,origin,102,8,0.0970050124856979,0.1527566454262195,0.1717354376983254,1502.434449986568,1564.8346592059927,1567.8371130463768
6,origin,103,8,0.0922248118410455,0.2064001217777306,0.2405325388754507,1311.9586228285173,1439.37798176448,1473.0892033246323
6,origin,104,8,0.0950211330590126,0.1564280433602377,0.1769594955957536,1518.8268586177376,1608.3682954131175,1633.746807188338
6,origin,105,8,0.1019085347147804,0.2178043251576596,0.2247418040316184,1561.5753182001583,1683.5432817165874,1698.973103547865
6,origin,106,8,0.1206472192644532,0.1791106221222225,0.194146468241086,1531.425235461125,1690.9185725191855,1768.8632053216609
6,origin,107,8,0.0931204972814216,0.1654479483664498,0.1837802672685121,1406.810157592579,1464.387175180844,1465.9210000945968
6,origin,108,8,0.0865194583804968,0.16105007785314,0.189582748798623,1599.361275274658,1645.2788706023591,1656.0206543804975
6,origin,109,8,0.0913758660285423,0.1608734185369738,0.1911498583676738,1606.29227381972,1704.1474591443052,1712.7779261549786
6,origin,110,8,0.0853281056943214,0.1443930897161465,0.1533210080080457,1503.0419193214514,1566.0740918827285,1573.7741318005696
6,origin,111,8,0.1100364932385409,0.2232486561854046,0.2822706511926656,1602.813179668943,1714.119209646929,1725.608997994373
6,origin,112,8,0.0917261053726796,0.1888999406110521,0.2024209460301929,1645.4043155776824,1833.5802805938583,1889.2583546799535
6,origin,113,8,0.1215088761194674,0.1984320099381708,0.2046321714520949,1571.5551932945657,1736.9918616130726,1819.2942805184532
6,origin,114,8,0.0808859229320711,0.1563655309692844,0.176750683835748,1510.8822966586108,1605.0151797396202,1616.913116700458
6,origin,115,8,0.0763782083239286,0.1342390655600115,0.1513141718351969,1485.982527024781,1532.6063531575242,1538.9917042747538
6,origin,116,8,0.126104923203979,0.2795102217820684,0.336693820954877,1453.4438173735257,1612.059600485718,1641.7733966540377
6,origin,117,8,0.0791109761074983,0.1484881976610452,0.1733022935469942,1478.390414835598,1580.674065157703,1589.2738888618426
6,origin,118,8,0.093685190860169,0.1910636483926612,0.2297909074930232,1537.433756277769,1650.2381165672807,1689.8644780062732
6,origin,119,8,0.0929132094568944,0.2293226288094299,0.2846663592347369,1516.9665580354915,1614.157490554009,1659.7087599288172
6,origin,120,8,0.0927806356828785,0.1811736335423019,0.1883273739317527,1486.351819320729,1555.7198823003216,1569.3321350298086
6,origin,121,8,0.0965857515776346,0.1951542841938049,0.201728464457523,1261.269770092382,1365.4357400193803,1384.2001961609574
6,origin,122,8,0.0836153645312532,0.1837344877713911,0.2245250604553454,1419.988855385558,1471.4358130402604,1477.546122250268
6,origin,123,8,0.1398403366218838,0.2714393756823658,0.3117550327751976,1435.5758340951352,1558.3386787217826,1580.1365014947926
6,origin,124,8,0.0913024152640142,0.1733318328289024,0.1909922952581011,1523.925529341611,1687.0386852073611,1743.7624391350355
6,origin,125,8,0.0982551570656328,0.1910615623731509,0.2274307010025874,1432.013911312671,1525.427790287749,1543.9967125561896
6,origin,126,8,0.1000928059280699,0.174691917319483,0.1947251675303503,1396.2064129909386,1521.1673329073546,1561.2117928141456
6,origin,127,8,0.0734553808484464,0.1512978774478068,0.1561428775279142,1467.8948379382186,1685.2549296814957,1753.8757968889324
6,origin,128,8,0.1271052780365291,0.3062822704203929,0.3418898588334325,1458.945993513549,1587.1785601223198,1596.3766654269093
6,origin,129,8,0.0710461739684248,0.1463152431576812,0.1721514358501971,1562.3011203019405,1776.5211329088038,1846.0541185183172
6,origin,130,8,0.1007337930126293,0.1447078140959276,0.1489580763389143,1502.2241391589089,1562.4755218177977,1572.8460885378583
6,origin,131,8,0.0863103329867928,0.1765179845288129,0.2226198657727438,1580.7644461684872,1754.8999897407189,1781.2755513326183
6,origin,132,8,0.1148487728079514,0.3265351744572534,0.4448229658893545,1312.5725632969957,1454.586282206223,1480.7147130829442
6,origin,133,8,0.1257686544608655,0.3405384504706538,0.4418828269656156,1432.7989460561485,1557.6230525460178,1566.5501257746903
6,origin,134,8,0.1203310883705662,0.2094723762192396,0.2319024549461668,1620.525034824982,1819.63102460616,1918.6098028858237
6,origin,135,8,0.1053423065906604,0.2693859808846626,0.3372385216502979,1511.0900725731874,1590.328232102767,1595.9915793322768
6,origin,136,8,0.0931344157576445,0.1839776971594283,0.2236032493100293,1584.410321379235,1654.4261867492855,1660.54989449268
6,origin,137,8,0.09591865634498,0.2338919322877436,0.2881022126441688,1418.9785745308022,1516.561770112267,1525.9671211053328
6,origin,138,8,0.1134345387108787,0.2338991702403586,0.2930055372044951,1558.869940280688,1703.539643449056,1705.527343449308
6,origin,139,8,0.1060595038926272,0.2199001515683978,0.2307242644088691,1549.82093400843,1623.4360823093905,1629.251196184479
6,origin,140,8,0.1118863550877566,0.2182572259361553,0.2257429219478099,1442.4270655929968,1528.708038922241,1532.986524660449
6,origin,141,8,0.103759112494874,0.236249676095683,0.303322927862979,1305.4866751709085,1388.7730477832415,1400.2256752634842
6,origin,142,8,0.0731475353636666,0.1157278526226919,0.1163198079320654,1180.849947195014,1295.6558548649252,1303.9049406227969
6,origin,143,8,0.083444706929619,0.148232552997293,0.1796393673328001,1456.198637368194,1501.380076703008,1502.4443255406366
6,origin,144,8,0.111897163439478,0.2272694872414833,0.2514696937563235,1569.956770254369,1631.959398844801,1662.675024263474
6,origin,145,8,0.0723265741707113,0.18471276911397,0.196258497588501,1465.3668612517874,1659.1690460869434,1737.0397942545294
6,origin,146,8,0.0916997081075837,0.2206067757549656,0.2342138459148899,1312.7621435811384,1490.7164453475002,1562.72907468833
6,origin,147,8,0.1174247803684516,0.2535880967528769,0.2815149930972424,1403.794971342927,1525.462528948283,1558.207734485626
6,origin,148,8,0.095403791508401,0.1942708458519731,0.239626666189033,1566.480704278346,1632.9920268303808,1644.1016349737902
6,origin,149,8,0.1101992765629995,0.2450410757231682,0.2913631324322227,1398.6512731757791,1488.3587417803064,1532.1445939471391
6,origin,150,8,0.0884026956869455,0.2328746850929022,0.2818290697014122,1618.7193862678746,1712.9523886987783,1744.26775701037
6,origin,151,8,0.0885663265466716,0.2162310098818249,0.244092920366379,1481.5200760883522,1620.0025293662093,1627.4096416979132
6,origin,152,8,0.117634920420113,0.2414309582206371,0.2977281379444095,1332.173906260197,1389.8071583115473,1398.593418900124
6,origin,153,8,0.1388622370799172,0.3033728470122809,0.3088775945904307,1487.7661816184605,1609.6209172436093,1620.0121534390978
6,origin,154,8,0.1189682279660769,0.2988768886454299,0.3522471629874577,1420.3143921552082,1506.8461869893986,1522.6118920954514
6,origin,155,8,0.1061826549324753,0.1867090872010377,0.1919120850837798,1535.6693395261134,1718.99643098023,1802.822360867509
6,origin,156,8,0.1009274869139831,0.2402882266108463,0.2795414051632111,1525.9276306824804,1665.1678627865483,1675.3873326801852
6,origin,157,8,0.1188712030393776,0.2509652467385517,0.3132801642167407,1436.25128792789,1608.1310068058394,1672.2714900375422
6,origin,158,8,0.0811100048267692,0.1145696470905944,0.1182321478146792,1269.4631215602062,1353.525068279307,1361.829288808181
6,origin,159,8,0.0887948132741416,0.1254449605838927,0.1332393999808964,1395.1774421893756,1474.7303190377277,1491.3442455921097
6,origin,160,8,0.0981400996896061,0.1461187683052163,0.1571374875467142,1536.6902443976803,1635.482855227163,1635.713205719228
6,origin,161,8,0.1057854553402004,0.185399047261465,0.1931607390815506,1624.5300674187097,1731.423446271291,1772.4794750716053
6,origin,162,8,0.0978991878929477,0.1925758176308166,0.2102857968111854,1468.4854064733777,1564.4310103363875,1565.263940916736
6,origin,163,8,0.0915177682802587,0.1779835971273228,0.1860385348816228,1375.8084338666188,1544.656430706097,1580.3849936217646
6,origin,164,8,0.106613897144941,0.2258114268119844,0.2324019592261073,1378.0229569941196,1442.934647315068,1446.6147028949654
6,origin,165,8,0.087831722593451,0.1317931134525796,0.1483358560819653,1212.991398785481,1327.187223102683,1337.1461601744202
6,origin,166,8,0.1072623216445032,0.2526536525611085,0.2833668497049608,1592.7245364517887,1728.9595900782042,1780.7964091590711
6,origin,167,8,0.1274710991645703,0.4093237950215841,0.5793509905641062,1471.4719820834362,1552.5834207668531,1563.001593366664
6,origin,168,8,0.1696980484012811,0.3943817444946017,0.4097249190898162,1516.3845148071678,1759.961757277082,1871.6044209823003
6,origin,169,8,0.0870645862632843,0.1351042003563682,0.1476779163278485,1262.0679542058658,1380.9544125999212,1385.0858853263658
6,origin,170,8,0.113746845746245,0.3352832658743808,0.4507033731948403,1495.6573537557738,1642.933780862699,1671.6437803823328
6,origin,171,8,0.0883351687682464,0.172619157955195,0.1788142658077992,1364.9455068703237,1484.0291506165213,1517.2812338513752
6,origin,172,8,0.1087508754881008,0.2026370723767267,0.2068641777725816,1311.9012390314947,1407.9237526564507,1413.8642438110985
6,origin,173,8,0.1207668023803298,0.2547993879140272,0.2962015223458882,1437.371284032067,1579.7551191974949,1653.8467831330097
6,origin,174,8,0.106231005760891,0.1728722193291398,0.1847276292048629,1609.2778894211376,1719.7913268837851,1743.794660110532
6,origin,175,8,0.1135268705854526,0.2566597737593334,0.3362453553125906,1538.9526935697947,1632.9091713071584,1637.4455158356934
6,origin,176,8,0.1035406892616618,0.2426812342212219,0.2436611442646632,1445.9740044040907,1528.9058837393422,1532.2035695483992
6,origin,177,8,0.113097465741149,0.2853935435087855,0.317134796686202,1436.2611522688117,1513.0482372957492,1524.209390436889
6,origin,178,8,0.1472307858923153,0.3769153893323893,0.4225991009020344,1626.176500504767,1775.2263615630932,1822.7149259316488
6,origin,179,8,0.0702818726269906,0.127865778445587,0.1424725076774609,1333.6807977861824,1424.9464207025912,1439.2264944430506
6,origin,180,8,0.0997538134942769,0.1880591399799835,0.2256304267869293,1487.9828290397047,1534.007744962846,1534.9342026316576
6,origin,181,8,0.116583670205537,0.2608822809993283,0.2803035361288858,1498.306064968404,1721.9963094404116,1736.4653817009562
6,origin,182,8,0.1059560113704009,0.2333382649908011,0.2933166721313062,1558.1558838565472,1672.751546406506,1710.7739600752557
6,origin,183,8,0.0989495946835085,0.2052621705929888,0.2103212365500552,1435.0173014718416,1502.4413700112823,1506.4923364867711
6,origin,184,8,0.1417116023947445,0.474399872523262,0.5504420972669913,1308.6083200177864,1441.1755688643836,1461.939441789183
6,origin,185,8,0.1375397536465782,0.3170633466146987,0.3866785966801442,1543.107558821896,1623.0662612072574,1627.158713879927
6,origin,186,8,0.0974177658756735,0.170591552310847,0.1889228611917016,1468.8084264262698,1688.8447682678725,1757.409766267972
6,origin,187,8,0.124640102507822,0.361584386612598,0.4460353099515405,1465.3428827611883,1564.7601198525044,1568.1839386719516
6,origin,188,8,0.105104372886115,0.2426674114474556,0.3149265715636266,1390.1463693139192,1453.934699689443,1471.632817321111
6,origin,189,8,0.138640489912651,0.3805196494400177,0.5088374110959408,1385.8457363251446,1440.7665720963123,1449.762177995614
6,origin,190,8,0.0891012750457893,0.172728675371759,0.2071090994217695,1393.3600855431778,1480.497079641998,1489.2288093395553
6,origin,191,8,0.1006381771364894,0.2144726284143247,0.244186919319589,1366.4913832047,1465.409269572179,1473.7463115711173
6,origin,192,8,0.0788886651135334,0.1645092108991738,0.186313389045113,1254.5960436683426,1470.5873499080808,1573.5277158074
6,origin,193,8,0.0959835826716248,0.2045317125004255,0.2642708419609107,1390.8571563393066,1582.9156396693984,1655.1281366121716
6,origin,194,8,0.1051702906124655,0.2259339485160538,0.2820801026328565,1395.4965480029284,1470.1692740310068,1474.831123946262
6,origin,195,8,0.122410855931581,0.2386146172272134,0.2510905167715053,1540.664151354082,1664.5557772590157,1692.1635722882763
6,origin,196,8,0.1038860620253778,0.2125813555177501,0.2300036194770065,1401.46977736987,1503.4383310639805,1529.379153070732
6,origin,197,8,0.1189074730600635,0.2584042687371965,0.311704280866821,1497.4346706007566,1647.8654479138988,1679.6585778690433
6,origin,198,8,0.1022180278106039,0.2200406239529939,0.2429428897984927,1500.7636337538736,1550.5379186783164,1555.9542537630373
6,origin,199,8,0.0860622566258562,0.2054142647898881,0.2506186910966865,1515.745368378722,1611.1514040018487,1630.334464202513
6,origin,200,8,0.0807047413435814,0.1830408099102443,0.1979808101849292,1349.981085976941,1481.248022730176,1518.7699728038413
6,origin,201,8,0.084721251399429,0.1872735183880611,0.2049451389101803,1479.6460332074184,1558.2468561673622,1574.2144092712758
6,origin,202,8,0.0956516760346268,0.1517503179691207,0.1601712822776252,1435.704392562343,1526.8680282557077,1546.8051229909747
6,origin,203,8,0.1105149451426766,0.2264612356621729,0.2703334764797518,1315.3071078815071,1455.0042350058673,1504.166809432416
6,origin,204,8,0.1142805556908681,0.2298238039989067,0.2522376485849376,1499.3265126271283,1567.357274101594,1571.0032383873145
6,origin,205,8,0.1270141015660983,0.3294987720569347,0.4251804531703254,1537.374381942895,1734.2394632607795,1800.7406664915611
6,origin,206,8,0.0824175031887131,0.1253138828170143,0.1334891089455483,1290.776239169115,1488.73399253283,1569.1917318839896
6,origin,207,8,0.128796206004618,0.3012667855974215,0.3785854178698058,1429.7501538107365,1514.2507169859882,1529.0060626776835
6,origin,208,8,0.1324255954689176,0.2721021395989503,0.3115168537506237,1379.2896032652372,1479.0579351719234,1496.8167342740903
6,origin,209,8,0.1467455876956249,0.3076188516558003,0.3744298265558616,1667.6446360320836,1886.892657248692,1891.5923281510093
6,origin,210,8,0.1574558616780316,0.4170815741998263,0.4277652330690537,1431.5863314525666,1504.9832622559577,1510.4714076278412
6,origin,211,8,0.141846252493228,0.3043084200889739,0.3988274209676834,1464.1913729848573,1542.322096784848,1580.458383127271
6,origin,212,8,0.1094110726505213,0.2393897012907199,0.3153578953618635,1445.5226145804345,1545.0553295124953,1562.8952968476458
6,origin,213,8,0.1297540132300568,0.2824317916075802,0.3682203549217667,1324.2885945505543,1373.5593244904426,1385.9639426794083
6,origin,214,8,0.1379671814868027,0.2514516629236256,0.2859209073646511,1456.1461405261489,1575.396974471577,1596.9940054834929
6,origin,215,8,0.1195509149150851,0.1948968655867153,0.2112371250882087,1420.62526958561,1520.002751540011,1540.3586163681114
6,origin,216,8,0.1499483219752744,0.2779394922306833,0.3268951337565918,1512.2433884780276,1588.810899173994,1599.2724809852748
6,origin,217,8,0.1101807267534999,0.2817188482706593,0.36813517590057,1270.7263403869376,1328.2225170332918,1330.6319745795038
6,origin,218,8,0.1063526760617956,0.1581977548783036,0.164816271935393,1487.5510812759337,1584.7592228617466,1605.8238228938603
6,origin,219,8,0.1329618401008247,0.2660797362754218,0.280546807285453,1416.2655518371253,1475.0080305700335,1484.5840338513376
6,origin,220,8,0.1167418875871441,0.226084423163448,0.2361740931614586,1481.28776943302,1598.8663354629382,1599.0430867035443
6,origin,221,8,0.1126158165277453,0.2318751189819527,0.2462314620676708,1502.5744968375625,1625.9069173048092,1660.6946379046983
6,origin,222,8,0.1040941264184514,0.2286927416930022,0.2756897152705352,1315.9743779660475,1427.783205917914,1432.3964846674428
6,origin,223,8,0.1093091434842125,0.208168951466714,0.224842597217625,1459.2355500686715,1594.737818780061,1650.039011047921
6,origin,224,8,0.1181436758696044,0.2257045750316303,0.2613905037434526,1412.4959008380304,1538.730785384093,1564.2500497134677
6,origin,225,8,0.1343318250116459,0.2374029193567257,0.2777899729436149,1536.870811710084,1609.6816252468916,1616.3065973099149
6,origin,226,8,0.1665600656437013,0.4582959048497609,0.4915139045811396,1339.402001633361,1481.9275354528718,1512.8875216786803
6,origin,227,8,0.1818578255723631,0.4596754291286479,0.5339163402886657,1360.7813282947682,1495.2851124584415,1509.6476245209462
6,origin,228,8,0.1059728897630583,0.2277581612249638,0.2485327287284719,1472.732178434081,1586.7663832378837,1609.7225136636284
6,origin,229,8,0.140336047039299,0.3136439195147074,0.3153515053504991,1422.8685479180097,1583.2371415402504,1653.0591876780106
6,origin,230,8,0.116969951144631,0.2647575714918589,0.2984052621196709,1586.146758779165,1853.3530741028512,1913.9297970839464
6,origin,231,8,0.081950409365784,0.1275174082181252,0.1364267547824833,1283.6753979296957,1374.4728649255094,1386.724988569572
6,origin,232,8,0.1320124193366632,0.2724747326769434,0.3159249910111498,1387.537862021919,1436.6526866387908,1449.9690064796669
6,origin,233,8,0.080006006905573,0.1556508796821887,0.1777471720474843,1387.7576211774892,1510.0532504102662,1520.4370050580003
6,origin,234,8,0.1103559891143698,0.2013043044559518,0.2094500008007792,1537.7311262454168,1640.0502062256635,1646.2618336771816
6,origin,235,8,0.1036210174691737,0.151770578180599,0.1738365341712001,1514.6738527002326,1612.1134547963468,1622.7740035578772
6,origin,236,8,0.1249951581755631,0.2223120289620502,0.2538669132459864,1582.7547445111568,1722.46053464602,1777.5270087082754
6,origin,237,8,0.090988417658363,0.1534496927409165,0.1698830399559589,1509.8415758251992,1617.3960635282622,1635.904783783815
6,origin,238,8,0.0966540090700391,0.1753865783406813,0.1800090266249406,1479.5896601953568,1525.070533069673,1527.302474044708
6,origin,239,8,0.0971055796231169,0.184154029834854,0.1858260616032501,1190.5379403373977,1280.8069098840413,1289.8638652764494
6,origin,240,8,0.1417687564951673,0.3381399899052323,0.370865559729344,1382.1226353718753,1473.155454383757,1491.8404537074537
6,origin,241,8,0.1136349844651804,0.2355211855687289,0.2568979197544665,1433.6629017288749,1470.9812706986845,1471.067635423348
6,origin,242,8,0.1040281923793317,0.1748031382491636,0.1855214974889402,1418.340613249716,1502.5674778340465,1515.3634180808078
6,origin,243,8,0.1648306686490571,0.4140699636571343,0.4972710655468967,1321.694904333568,1407.7148671762925,1408.0100390196635
6,origin,244,8,0.1329419389451418,0.2759943511035195,0.3237305508398244,1443.4579812809964,1562.81862675932,1605.3863700091877
6,origin,245,8,0.1589744051821064,0.4026454137647915,0.5057314987186577,1250.9586815042603,1329.7642110101,1350.1853511131671
6,origin,246,8,0.138596708046602,0.3139403586327612,0.352410192165124,1478.9211536061052,1543.1112941246552,1545.69300359506
6,origin,247,8,0.1304745552160768,0.3476270747866072,0.4534956562509776,1431.402645367284,1519.5235917365803,1541.328048816059
6,origin,248,8,0.1770368197240869,0.2900742344340226,0.3094580569300286,1537.9488635712933,1621.812618348896,1648.0979151524496
6,origin,249,8,0.1112994366779169,0.2325655102545586,0.2890601858932626,1407.5455293372277,1485.2990777209134,1492.4598604998782
6,origin,250,8,0.1372959684333142,0.3119081418491203,0.4068111886376135,1435.9437381994535,1479.5078750883022,1484.6845311419102
6,origin,251,8,0.1740922360646824,0.3786082484772914,0.3981292838676933,1330.1050218251266,1407.0001085986094,1416.1829864315257
6,origin,252,8,0.1504495800871333,0.1904342027392199,0.1997802694790324,1474.3437735490738,1549.7790598091767,1569.3389208401663
6,origin,253,8,0.1838392732573916,0.4058043829682594,0.5135988287051099,1371.773351513676,1460.9815714643742,1501.8165025953065
6,origin,254,8,0.0967133535296913,0.1535924362147258,0.1717169332142921,1276.2217425106633,1461.784277849177,1535.036223050598
6,origin,255,8,0.1149426269369808,0.1850314072151748,0.1861021215438447,1412.3321767536631,1492.7787233335232,1498.232683685565
6,origin,256,8,0.1900164986586222,0.5648792870503803,0.6956976309661943,1286.1985962933757,1366.0205310111503,1383.0875484307455
6,origin,257,8,0.1042283185541434,0.1632897480738628,0.1646081125889742,1479.2050781729015,1541.4805228805756,1552.7516760345072
6,origin,258,8,0.107446993663779,0.2323320697326363,0.2860571771777839,1418.1345328158377,1477.660685250096,1483.0844934997851
6,origin,259,8,0.1135528235606343,0.1844018649409467,0.1855091812034907,1441.3901357552752,1616.386981792757,1650.7866460331825
6,origin,260,8,0.1300116219022106,0.2868404456859299,0.3514099410550363,1546.6188527919,1732.6965100208165,1804.952850273071
6,origin,261,8,0.103043167240791,0.1999055265874371,0.2039051637051318,1436.4687265308198,1516.0247284667616,1518.945296738336
6,origin,262,8,0.088136946010604,0.1449060536929122,0.1611348756993149,1445.0537374232542,1513.4747669359515,1527.0968035392525
6,origin,263,8,0.1505022647362093,0.3941311417678217,0.4637499606867889,1476.860193798305,1648.8050035664294,1673.2127688980752
6,origin,264,8,0.1362669991230698,0.3001917987743246,0.3847262068471849,1410.7133438584606,1543.7395728096342,1556.7008881839606
6,origin,265,8,0.1215314926937476,0.2742269225540132,0.3265274821324475,1371.395253984537,1516.1321123522805,1557.1756199523315
6,origin,266,8,0.1258542240505538,0.2047710054786266,0.2249266691830233,1528.1609120792382,1621.0982210889251,1632.8465123329916
6,origin,267,8,0.1228141698953937,0.2678381670985381,0.3487553093495036,1157.6139639901503,1237.703985786991,1262.2747300921037
6,origin,268,8,0.1388972907664401,0.2929652849511951,0.2978470273825723,1467.9788697493066,1580.084438972225,1586.7431584486346
6,origin,269,8,0.0965057523837488,0.1756094763209466,0.1904007522614629,1460.1380812403395,1524.5544498037702,1545.2730217498404
6,origin,270,8,0.1368047431615242,0.2995329062219411,0.3254651067153971,1470.7666952863244,1530.1672195709896,1547.6540533494556
6,origin,271,8,0.1028868588013383,0.2374427040576671,0.2887709117548776,1331.5723085755085,1449.5614043311678,1457.3789893622431
6,origin,272,8,0.1237758812751756,0.2063133872181111,0.209599428680961,1287.067723229815,1358.6059552071072,1369.1918571324654
6,origin,273,8,0.0958158644288023,0.1237630387826026,0.1254993551942368,1443.657126722048,1509.3878481610425,1518.8245789847394
6,origin,274,8,0.0952689471500022,0.1672143409339423,0.1723408188357716,1140.2987086368123,1240.6214945612248,1247.6893019704526
6,origin,275,8,0.1535199779181713,0.2881734707352009,0.3309059208563176,1338.9157289986258,1431.3094597326176,1454.489245752488
6,origin,276,8,0.1322694660596988,0.257496382510798,0.2874043949778975,1347.5444703036565,1415.4247882966974,1435.2066392393797
6,origin,277,8,0.1507200293814609,0.2513599000523271,0.2765498086000236,1416.8793946126448,1509.4347299036704,1533.218362497694
6,origin,278,8,0.1249801394118364,0.23092381544015,0.2671176597252582,1470.255023069838,1571.5721517625527,1572.1384375657162
6,origin,279,8,0.1238778396589736,0.2672198476603493,0.3321493571714417,1304.9719807893491,1440.6773150981728,1488.3544244662774
6,origin,280,8,0.1323487638919724,0.2586880363309497,0.3130629015254246,1361.6359278042562,1460.0887161074943,1482.1661723386278
6,origin,281,8,0.121383101646736,0.1823043502407476,0.1833674930163801,1249.7932107172192,1404.8549182039626,1418.7850413587216
6,origin,282,8,0.0898275285465672,0.1923928006380145,0.2444176324029694,1418.6226207869856,1494.5296620415136,1502.507553107996
6,origin,283,8,0.1690216175103115,0.43489654341115,0.4491426279412072,1181.1459585218308,1229.1424405961563,1235.189885542503
6,origin,284,8,0.1507281002430085,0.3192229543629598,0.3554526389824773,1450.599123702871,1571.4911092478778,1595.4173303615814
6,origin,285,8,0.1184701399002908,0.2462061057196856,0.2608754964696637,1624.5261085028037,1676.006666410663,1683.820829653124
6,origin,286,8,0.1126245148648968,0.2768067811310977,0.3253901351074111,1379.697975708698,1456.2792734171626,1483.1513023969603
6,origin,287,8,0.1492362043821813,0.2201866615466545,0.2385081366373319,1473.6000905172716,1559.857742803809,1588.5628276689786
6,origin,288,8,0.0907969385797856,0.1808206850111982,0.1809184821808527,1395.5359715188465,1478.071354577473,1497.4033234272686
6,origin,289,8,0.1591913523014314,0.2811169628361371,0.283483641658676,1416.55085151716,1529.9452012236573,1545.5923740366277
6,origin,290,8,0.1272104968718981,0.2805329356125851,0.3096139085356515,1562.6685611777875,1614.0580117820923,1622.7396183864075
6,origin,291,8,0.1785681938118914,0.270562787968179,0.3098458989150697,1531.8763590370877,1594.861165161409,1599.9782713985087
6,origin,292,8,0.18094446540022,0.505082418767685,0.512175424670453,1512.0841557051203,1662.5383434950431,1713.2376099574378
6,origin,293,8,0.1475819521148044,0.4174042019281664,0.5599328192636204,1428.4362546734224,1703.9540945068736,1836.51670401286
6,origin,294,8,0.114284557315901,0.2325833260100517,0.3008378738239341,1403.398127901757,1651.885814704363,1761.6131267030553
6,origin,295,8,0.1599488664575379,0.4029411867861172,0.4184081730889607,1291.331259407603,1361.2481091117415,1361.80375311403
6,origin,296,8,0.1340799375089817,0.3607575918600304,0.4391591141907133,1550.2003338479828,1689.1338350443266,1708.4113731396897
6,origin,297,8,0.1036540909116483,0.165833678045843,0.1775634746636464,1439.8721852089088,1590.807324926571,1632.7243402719478
6,origin,298,8,0.083764957546032,0.1132791275092264,0.1155540527864057,996.935084755868,1083.5901661838657,1098.5901046155782
6,origin,299,8,0.100764813531704,0.1777609204515972,0.2051148529870064,1110.0819428774248,1397.0595598500058,1493.9196521959072
6,origin,300,8,0.1416519266722718,0.3742913684046115,0.380258511211368,1501.7983182138858,1547.7876717170004,1556.7853673798986
6,event,1,8,0.0572517664739336,0.0951025191970943,0.0988886887256886,523.8399505209544,570.2316290530449,587.2440241886779
6,event,2,8,0.0701942112070328,0.1335120157892379,0.1503896562460351,618.8332509289975,668.205358138206,668.5290175925659
6,event,3,8,0.0525596650965586,0.0996606018895006,0.1200827544974806,682.5157192827294,767.4449964144935,779.3439066321667
6,event,4,8,0.072642700880415,0.1774100202251866,0.2327626671753237,770.262518565403,831.4235192287987,832.8601170721138
6,event,5,8,0.1157908522681094,0.2310645862126148,0.2330942783159678,918.8977640247142,1100.183691033892,1175.202484630973
6,event,6,8,0.0820415747637923,0.1510458943449954,0.1790981218938719,1041.8369470371315,1086.869722457985,1089.3624967906976
6,event,7,8,0.0952894449889014,0.2333715182532886,0.294160145817349,1113.3608651347324,1204.798456830359,1205.7321131623464
6,event,8,8,0.0826568135835581,0.148556807111399,0.1705209037014186,1185.7156190107382,1288.2931786663928,1292.6591721531097
6,event,9,8,0.0827783485419696,0.1947701182344384,0.2605815633218616,1128.37959894003,1235.935119372686,1275.3089126772015
6,event,10,8,0.0945855157991792,0.1861063224863946,0.2210348250425228,1233.191235062739,1285.570593284163,1302.809357474772
6,event,11,8,0.0735935537532935,0.1551443057975087,0.1741508858228194,1239.590563583655,1296.5068276081138,1310.481075844472
6,event,12,8,0.0953769347013411,0.1824877027841397,0.2041941862800887,1478.3342981444978,1548.5034630328278,1553.8556735107552
6,event,13,8,0.0744465185927662,0.098729905013017,0.0993496190674245,1425.631303680439,1545.5496440641357,1587.798872387581
6,event,14,8,0.0642783276086419,0.1229222009096527,0.1443609706856524,1248.9278706381288,1278.882330207481,1279.0644409314082
6,event,15,8,0.0757012926609677,0.1460257640767468,0.1720200897097997,1376.464469454463,1448.481977613989,1454.469818504975
6,event,16,8,0.0629439978297376,0.1324518110192016,0.1703458053876076,1277.187400070171,1386.419422550229,1395.3296706845226
6,event,17,8,0.1441483270047446,0.3095498915139749,0.3138765579300807,1457.7184169223465,1522.8972649132909,1532.097770180669
6,event,18,8,0.0824316562672182,0.1466755526939775,0.1516529414967995,1469.9826939132151,1525.181511258575,1534.7772197978445
6,event,19,8,0.1241394660367494,0.2641010890382733,0.2716648974635473,1391.5283694910447,1502.4826934451992,1511.3421968947014
6,event,20,8,0.1122902059386877,0.2450926115613208,0.2890819706311907,1559.060392615058,1721.228345140397,1800.4173196433726
6,event,21,8,0.0734937632597035,0.1294212903954253,0.1424633656215261,1475.4723038837803,1601.2961874069233,1625.6166047040433
6,event,22,8,0.1191559421377111,0.2647237984332615,0.2958874876702742,1461.6377602476846,1520.2316835945874,1528.10057515289
6,event,23,8,0.0901802976321418,0.2117335420891003,0.2623094997047315,1410.5260443561951,1521.3811855516035,1522.3354179184848
6,event,24,8,0.0977697325275936,0.1786924239591064,0.2152800471949612,1584.9732767328871,1635.333451664594,1651.8857538099107
6,event,25,8,0.0901396294665644,0.1795923646165295,0.195231235658151,1544.3240491855963,1614.3111746542545,1620.6803260830688
6,event,26,8,0.0700252423929515,0.1164551488574394,0.1255362595066219,1401.7178568249972,1615.536876035226,1730.9662374160157
6,event,27,8,0.0622698091520219,0.1427522361431732,0.1553699529325564,1407.035357619333,1455.1871101087995,1463.9195208681372
6,event,28,8,0.0783850316271167,0.1301523243618131,0.1396782477709215,1455.7842783500878,1506.5365695272883,1517.8233450904456
6,event,29,8,0.0906726964073099,0.1964984963970426,0.2343385232205866,1509.863454182021,1576.069580523498,1577.7819557900846
6,event,30,8,0.0789314762218417,0.1161062271272378,0.1242977866015114,1465.1533194088845,1531.638743747979,1543.202053199666
6,event,31,8,0.07086389009601,0.1054742073895884,0.1099125148204774,1364.3584391414938,1404.5736645018856,1408.1724361660124
6,event,32,8,0.0941825439002627,0.2060146919795028,0.2435700564490082,1397.6184552682992,1579.1850029523357,1604.8220139185926
6,event,33,8,0.1013331988506247,0.1727911280042797,0.1927214338527815,1437.7775399849386,1534.5086623931002,1557.0130273387902
6,event,34,8,0.0896952018084671,0.1469482070086263,0.1573021230676978,1641.4580464974151,1842.5490984627,1913.8258338060848
6,event,35,8,0.0979979682362908,0.2876831573714749,0.3403933851311711,1579.8060416806495,1648.3327801982032,1650.4032118891787
6,event,36,8,0.0705012773911666,0.1083137023320046,0.1182331774992373,1463.6936632120053,1540.687473883906,1549.9549970566395
6,event,37,8,0.0880388603982028,0.1437135455483514,0.1633343101503102,1484.4293259243625,1612.420306615964,1630.9257439158396
6,event,38,8,0.1106895851548972,0.3290367651712004,0.459604232233528,1544.9005656579966,1726.538978308116,1805.792007762542
6,event,39,8,0.0959247379564292,0.1480905574493709,0.1495942887004999,1365.0165818558305,1459.3310629180532,1481.7571409293785
6,event,40,8,0.1023545851076202,0.1913981249642015,0.2004012211793449,1538.9017216347313,1664.1084789746203,1724.683123834017
6,event,41,8,0.0816689974594729,0.1962338869701932,0.2443947391289222,1500.9842479975132,1558.293812562996,1560.174365274687
6,event,42,8,0.0880555514035997,0.1823596380967704,0.1835372483520756,1377.3158755222075,1612.785401277626,1648.7933019057791
6,event,43,8,0.0780593264557672,0.1886606992626065,0.2135084104511521,1399.0094827118064,1536.289537690249,1544.840636325128
6,event,44,8,0.1038758353949117,0.1718868863290295,0.1905484510457462,1367.845061450087,1429.8897388544551,1430.3458993773954
6,event,45,8,0.1011885436589559,0.2282450377936055,0.2446663466383202,1446.569298152402,1514.634405713679,1538.3830925184711
6,event,46,8,0.0867789674732732,0.1763772960700729,0.1781692027073165,1447.4748312825336,1538.370519231279,1568.0177464669955
6,event,47,8,0.0804723540548862,0.1064761402251484,0.1083780908278306,1368.3081264377236,1419.2288713467244,1428.7498172356063
6,event,48,8,0.0914948753006507,0.1540448827277612,0.1749394651181468,1447.7865009404593,1486.1764631495355,1486.457190131657
6,event,49,8,0.0970873761851887,0.186842496462719,0.1872098172595286,1320.9895417676046,1352.7976147882143,1356.210102481003
6,event,50,8,0.0828031618494443,0.1360186684554817,0.1502579122063618,1397.65889222501,1478.764120868152,1515.9655121775018
6,event,51,8,0.106056074039975,0.2740481243079565,0.3364427991892268,1457.2212056974192,1519.876655773362,1534.423284586842
6,event,52,8,0.1092736095152591,0.2308892208712279,0.2386257600033765,1504.3746964100803,1619.702008203093,1620.110116085723
6,event,53,8,0.0788054330993576,0.1590147857178015,0.1609082850960971,1430.170910501755,1562.9357790724084,1572.1271380023018
6,event,54,8,0.0808103226257838,0.1544155920430778,0.1693151576031692,1192.3013170181175,1352.3666798032084,1383.9110073974746
6,event,55,8,0.072507335353044,0.1209014083268544,0.1395335232165928,1437.876529526972,1509.6827675874622,1511.7050716948013
6,event,56,8,0.0949190176358695,0.1875327411738265,0.1992006733043844,1379.816491802122,1498.9412544858517,1516.9697159662564
6,event,57,8,0.0590692524880553,0.1466793724955239,0.1923983304525776,1430.7306471993668,1513.3507768869931,1514.382099577997
6,event,58,8,0.0746878982883506,0.154310001779943,0.1858530824525756,1462.6042355972302,1499.1463059542707,1503.300758667888
6,event,59,8,0.0653452974188621,0.123354201603205,0.1489944447996897,1370.7043795293105,1431.5160567843072,1437.0927649354485
6,event,60,8,0.0480260190307155,0.0661651372282386,0.06797037376963,1486.778397474961,1557.3677290348587,1559.7504566703724
6,event,61,8,0.0979220646377942,0.2524356532058227,0.3277900847103338,1462.6690668964163,1497.6891996114043,1499.398651058474
6,event,62,8,0.089769989754454,0.1671448414722701,0.2005602192302214,1554.115481955258,1620.1629821305037,1630.6288933315273
6,event,63,8,0.0938662575940248,0.1721588891188274,0.1994406410338975,1358.2369525281233,1388.7997805825908,1390.2801342189944
6,event,64,8,0.0826561759699451,0.1824477016035917,0.220192157616216,1521.1685683644412,1617.948992508369,1626.559870917168
6,event,65,8,0.0847972129367583,0.1743379490982992,0.2205579460847619,1418.7132372658627,1476.3825123642152,1491.1055880146505
6,event,66,8,0.0626433920296736,0.0931132374548916,0.0934978895451604,1503.2683550338854,1587.5675375985315,1598.6266020941978
6,event,67,8,0.0847113296826088,0.1661659117761882,0.177662323251877,1271.1268613257462,1388.8548444181813,1405.747961070393
6,event,68,8,0.0868614036777197,0.1341073311063074,0.1347370247506104,1455.627530878535,1555.568325740956,1560.5283743867
6,event,69,8,0.0612141205687675,0.087679946269194,0.0908264316239428,1481.5825109503537,1574.5237843216896,1594.0012221636807
6,event,70,8,0.0650545250117377,0.1027772422911695,0.107757323958555,1292.3011480474772,1437.9184166847042,1498.3390759202975
6,event,71,8,0.0835644233074563,0.1938088768021214,0.2017630651437803,1358.7306691340468,1477.3123236823585,1507.5539441255555
6,event,72,8,0.0844156732996818,0.2108414691831147,0.2744486555858722,1406.1158735807194,1432.7895466255943,1438.3276804499733
6,event,73,8,0.1437749964946792,0.2864520931891625,0.3304525106756179,1531.3707681696849,1725.6632592214896,1818.1405594097344
6,event,74,8,0.0717993816188834,0.1187139114032183,0.1200746003565098,1391.1073527960832,1464.3219137540475,1468.7062090605723
6,event,75,8,0.0840445753241507,0.214483735882339,0.2763587784868827,1342.503283910991,1417.7459615926498,1423.9782399483274
6,event,76,8,0.1382964632136577,0.2842736573534469,0.3405858900493604,1550.8639074774103,1612.66208537762,1615.6680784598375
6,event,77,8,0.0859783929672682,0.1469253174059167,0.1605149981661823,1392.012162596466,1505.281961785103,1540.3939231346992
6,event,78,8,0.0944141971162478,0.1632456193678113,0.1705607400199875,1505.7548097159508,1581.4442127177645,1604.0098664874815
6,event,79,8,0.0854104870776335,0.1894553071961188,0.1914549115841286,1525.125807525308,1654.1497098727416,1682.4637772321844
6,event,80,8,0.1015809951205322,0.227457675112124,0.2332652132340391,1507.212630569623,1611.0843934896775,1614.415818436548
6,event,81,8,0.0982249326966882,0.2340345279907535,0.2599981570429779,1476.7686735127545,1568.030662831366,1593.0322028232697
6,event,82,8,0.1112992384116065,0.2818365047859765,0.3160761730609548,1400.2005573596168,1561.6176760109256,1562.852451671746
6,event,83,8,0.0972088650454277,0.2331464631487641,0.3095027337724316,1485.793214060608,1596.843441666283,1609.4158444459988
6,event,84,8,0.0816189486333707,0.1542163513044379,0.1750439416046821,1471.9339440870867,1581.2563968158397,1584.018913774897
6,event,85,8,0.1002476841552364,0.2240618628635328,0.2612197741974877,1415.3929064330048,1479.9330076394276,1481.7281997950952
6,event,86,8,0.0678272279359095,0.1045363120298923,0.105597937534764,1417.094632425169,1543.962129520573,1544.0164536099137
6,event,87,8,0.0902865330186716,0.14130746550336,0.1578794103903872,1538.3172092751856,1613.1132956073052,1617.8626186464
6,event,88,8,0.1254633866290371,0.35271276063588,0.4476215319361767,1459.400092768189,1609.1638795645383,1668.8081390471675
6,event,89,8,0.07677867329209,0.1324410534634625,0.1526199812880849,1239.2746947109663,1377.2686653390797,1388.4782333499622
6,event,90,8,0.0904149712956871,0.1615469622788242,0.1659673446050987,1470.892300734896,1644.4532275131303,1731.93647953029
6,event,91,8,0.0887227865681969,0.1784635914018545,0.2056209131123041,1529.0815333981222,1588.2479227066874,1591.0607817555488
6,event,92,8,0.1150005284808626,0.3222938219581777,0.3767715579999869,1372.6184072102565,1533.7584885760828,1608.8917765053886
6,event,93,8,0.1190076445497003,0.3068290958987051,0.3822092413815305,1434.7642303575597,1514.995306184618,1519.6792098691717
6,event,94,8,0.0856804954025727,0.1797641571616036,0.2081091761033323,1446.5301283080953,1538.0682512059784,1567.2042915702043
6,event,95,8,0.0972694594861294,0.1960714185637821,0.2300384587296278,1511.3863610872145,1640.7342839231403,1690.6695871387467
6,event,96,8,0.0837116821354786,0.2299206212809168,0.3097135790036502,1565.1892197092036,1677.571400315505,1677.794392183873
6,event,97,8,0.0808050566546531,0.1830931686481124,0.2255424918313433,1536.5006100057008,1601.5459927355648,1610.7085651300283
6,event,98,8,0.0799114527648838,0.1962451974837695,0.2548025492663512,1221.0722594325953,1363.885401962825,1366.5151437103432
6,event,99,8,0.0804149053019429,0.1515298410681338,0.168144310346658,1443.8441556665257,1514.8301217945043,1534.604053636711
6,event,100,8,0.0944142219236535,0.2543083842208247,0.3066467802300441,1624.5938063055182,1769.8392990016584,1787.4019498743835
6,event,101,8,0.1080528451246509,0.2575140146639085,0.2865309183690669,1303.0624219366773,1356.1808530193132,1365.4103179180927
6,event,102,8,0.0977397766301045,0.1850110692181404,0.1869118380832295,1442.733512481838,1511.4509964411975,1529.4407022672294
6,event,103,8,0.0702330686209794,0.1271633708205064,0.1402562574179596,1245.5828263575572,1317.4767996920443,1333.5736487829192
6,event,104,8,0.1117264750523145,0.2684445223708466,0.3182596467397632,1480.4184705715363,1567.443009820405,1598.8639812059228
6,event,105,8,0.1235886067350652,0.2897900018092395,0.337996282283212,1499.9647968100614,1579.0525436740477,1581.6877344751915
6,event,106,8,0.1004445078359469,0.1390670181428145,0.1444339942113513,1410.6457698967265,1464.0568678606844,1475.687885781406
6,event,107,8,0.1147496452066572,0.2124590910446696,0.2329711977695981,1343.1422602957311,1399.8281744781627,1407.4866264367051
6,event,108,8,0.0940920073453238,0.130308554574718,0.1329988571595087,1531.361773895283,1578.2257199723597,1578.314623847739
6,event,109,8,0.0716806274750376,0.1094276443919612,0.1216341261641894,1584.074066902588,1646.94469679424,1655.3749477058734
6,event,110,8,0.0879378322368698,0.1567507065415876,0.1758088581185006,1444.7322513261674,1485.8984029343592,1486.5531028163057
6,event,111,8,0.1122396782764465,0.2235756676916619,0.2494599185842583,1554.8514627849008,1641.839900243117,1647.0351470715511
6,event,112,8,0.1015524122786377,0.2651045201433731,0.2874757587435006,1574.3068985848158,1772.3533284483892,1779.569647235228
6,event,113,8,0.1384523624356342,0.2877492100765878,0.3191737510884397,1502.8858768365756,1647.0496047692295,1701.0118619433322
6,event,114,8,0.1312482218935803,0.3408282666036711,0.3628110525192525,1491.380837731092,1535.2452516774013,1538.351334742647
6,event,115,8,0.0664867135755752,0.1143438969720446,0.1189452976919708,1426.6067837399148,1463.9993856853662,1467.2666894646434
6,event,116,8,0.1360079016817469,0.3243710802129444,0.3537420508887667,1408.453595173561,1473.0764502166564,1478.1384691091991
6,event,117,8,0.0728117140449126,0.1306705936545634,0.1313158639740666,1431.397095888069,1555.4152732572654,1579.617086685135
6,event,118,8,0.1079973038171121,0.2192516391207245,0.2579085293774513,1478.238638143156,1566.7637134620556,1607.1583187658166
6,event,119,8,0.087698673311242,0.1784493863101434,0.1929517850020359,1470.193675810665,1554.8373669423468,1576.3662451849098
6,event,120,8,0.0952054479810111,0.2361968407101823,0.3113320830498617,1424.6657124948176,1485.8527330621248,1492.0309951717593
6,event,121,8,0.0858549179799685,0.1580047893753362,0.1791136721467109,1226.016405645025,1459.1008819885155,1533.3166624821645
6,event,122,8,0.0563877880815407,0.095927725116902,0.108444903167932,1375.3449822379785,1427.0289300683824,1439.854067044472
6,event,123,8,0.1187583534698123,0.1995102645588511,0.2153427905825825,1416.061365178354,1625.5700832563996,1705.343524705241
6,event,124,8,0.077167129392566,0.132698392591062,0.1442735398334671,1482.286177943903,1603.5702618688665,1616.2443961207318
6,event,125,8,0.118505130960315,0.2420314966456128,0.2432878279538765,1409.8043281185437,1565.5874628137665,1590.0306963182738
6,event,126,8,0.1160395048161361,0.2612885553757402,0.2714740201504353,1328.6410192939911,1473.2519477284031,1487.9789816675752
6,event,127,8,0.0912610151194245,0.1284634931141106,0.1293629118257974,1408.658225328979,1559.882458482896,1602.5642422365202
6,event,128,8,0.1375325560974767,0.2880228507316625,0.333932474067988,1401.3188190887693,1509.765477311258,1533.3647032311003
6,event,129,8,0.0777360200258692,0.132686524479078,0.1516710393957593,1528.9752194791408,1745.9492587087984,1780.8878852146554
6,event,130,8,0.0998679907878425,0.21800715966933,0.226744335043932,1436.532867909945,1504.9781878298056,1511.4042396034845
6,event,131,8,0.1173296915315661,0.2962173580892135,0.3933788518995928,1517.525011610545,1773.0907289777056,1849.4853801358377
6,event,132,8,0.0982618175233832,0.2747569823065607,0.3277198786055598,1233.602265378771,1334.6878490911613,1351.7866571748357
6,event,133,8,0.1332203874420503,0.3405068645463917,0.4255118121279938,1364.1281269164797,1471.483093989824,1482.4337090654724
6,event,134,8,0.1161021058488429,0.2581853336849956,0.3096680660877929,1546.539961957105,1746.3322844098989,1827.465941232458
6,event,135,8,0.108510372080616,0.2506622472604735,0.2508580867787057,1470.6573387562294,1551.9710914060072,1564.9770394836428
6,event,136,8,0.1007924307768616,0.2010194739683057,0.2301929689700192,1502.7885440021296,1584.205806914985,1604.0852634987575
6,event,137,8,0.105259361105432,0.2299265967836317,0.2348584498628002,1375.3758654960934,1492.5744940959285,1506.451305453323
6,event,138,8,0.1083335138353214,0.2057007867801421,0.2445125283603209,1512.2358808322167,1658.98877017126,1666.198969465985
6,event,139,8,0.1082771479718827,0.2319393340239396,0.275871753177914,1446.4069667974018,1574.3996503536437,1585.5321278289491
6,event,140,8,0.1068789577040821,0.2609805808362944,0.3183514672932219,1448.9121615697557,1523.9575674967014,1526.6240677091912
6,event,141,8,0.1119991758704441,0.2015244272900462,0.2421963202002177,1275.77214077082,1349.9056706244448,1367.0773741624769
6,event,142,8,0.08013627811202,0.1251540259451785,0.1402579473162039,1167.2753503557333,1255.7058723883752,1268.1059445187927
6,event,143,8,0.0935069062877903,0.1652700251078148,0.186268040858366,1397.949039587259,1465.5053250618844,1472.8505728224902
6,event,144,8,0.0922702601277501,0.1802580044470449,0.217601935366855,1512.9612923234183,1595.2022341613938,1629.1225379673426
6,event,145,8,0.079840906798883,0.1727155637001999,0.1823254076823,1418.616750084968,1564.9461901212028,1636.2007893739055
6,event,146,8,0.1063842113092335,0.2812710373835885,0.3147233581412348,1270.3119546292392,1422.8726091432393,1493.767180698038
6,event,147,8,0.0901588047546697,0.1543685364811343,0.1564156147428132,1341.5235062918389,1382.1776884369276,1382.4718096491488
6,event,148,8,0.1195286974696003,0.2460139507454348,0.2849507374933038,1517.251487763768,1569.4470018781412,1571.6727241467331
6,event,149,8,0.1091141108247285,0.2026455858750216,0.2194571827589052,1359.583400342202,1530.0170088842528,1591.7860387084577
6,event,150,8,0.0807664727389363,0.1388500695240593,0.1432238969483384,1572.3454619415315,1635.0478166262194,1637.235227414079
6,event,151,8,0.0858749572792466,0.169664234291216,0.1739640436913317,1465.2129663813507,1691.5267885021365,1694.5780672672431
6,event,152,8,0.1331433246752032,0.3303460840836041,0.3478409365361493,1292.7881980906488,1432.359282028698,1507.3493453782812
6,event,153,8,0.1501936187393578,0.4044858500783563,0.4898483629562518,1455.8476065132293,1610.993551776673,1643.7953529689264
6,event,154,8,0.1328715174556219,0.2933787895196862,0.3306601240424356,1368.467407463683,1440.531538322716,1440.9441729133637
6,event,155,8,0.0985952505266234,0.1845963701055572,0.2025623956793847,1468.627340463128,1573.396636212586,1620.3343898310372
6,event,156,8,0.0922976300401837,0.2498405473937251,0.2956831402154926,1484.05299156574,1553.6679901550483,1554.8755868911326
6,event,157,8,0.1095004766098787,0.2049300686211438,0.2089448080186372,1364.9859353284191,1475.5900733549695,1506.3482693603703
6,event,158,8,0.0788998202609621,0.1719781439802098,0.2105130457492547,1227.0374212824486,1313.792799746403,1321.8179237383615
6,event,159,8,0.0943663984245262,0.1360416853142126,0.1388251996133511,1327.1887834085387,1408.1417907972225,1421.6246400324476
6,event,160,8,0.1193547333259772,0.2573277279367851,0.2748429490601158,1481.5590215261382,1606.944318041072,1634.7318086161222
6,event,161,8,0.0761082734490857,0.1347032681671305,0.1347771904840601,1583.7931693738017,1686.212462369738,1739.4113662924651
6,event,162,8,0.0823808297221143,0.1720024838799908,0.1803516855371572,1431.209869450135,1530.6501725316512,1566.0864101034008
6,event,163,8,0.0852765406322864,0.1348514031625768,0.1471620414507756,1351.1384319505846,1405.4840622876102,1415.4345332504458
6,event,164,8,0.0961164294013804,0.1349911339605289,0.1369082078614423,1365.224160395051,1429.1474339714152,1438.9901904889853
6,event,165,8,0.0930865812860882,0.1936925653612424,0.2327515000104797,1232.3731774059968,1371.0589887916185,1417.5038100833815
6,event,166,8,0.1133716963931169,0.3160408955985432,0.3865085530778703,1528.3880724508176,1673.7884103964163,1726.4528257066906
6,event,167,8,0.1597300498873328,0.3946219884372315,0.5162275022095864,1437.7008861324475,1512.7711559687616,1524.771273581922
6,event,168,8,0.151904478592433,0.3529149074089482,0.3972688001903418,1458.458861288344,1717.1241154809024,1823.844687095812
6,event,169,8,0.120262532683837,0.3178930807984284,0.4073827427010492,1246.1893734961882,1447.037822077778,1526.0943158855064
6,event,170,8,0.1428856494480132,0.3557172346166279,0.382242772602645,1451.3305036230483,1604.3298655913204,1654.6741322360062
6,event,171,8,0.096092731011321,0.2164999042809036,0.2390027137832298,1308.134223062725,1442.274247533088,1472.9608328115146
6,event,172,8,0.0981118609904886,0.2123641504622521,0.2294695990675194,1235.2133664189207,1333.0032941490197,1358.00840214983
6,event,173,8,0.0938967386983294,0.1795318384240467,0.2088175411612702,1354.356018094647,1384.883475648949,1385.1256725617636
6,event,174,8,0.0969325782521809,0.1474585121165518,0.1615692484138575,1532.2318836912862,1681.4399329461812,1704.8654788413655
6,event,175,8,0.1015567770616857,0.2580618990210579,0.3264148275923779,1451.9321542494067,1486.7345700080964,1486.9744190744252
6,event,176,8,0.0806721212351045,0.1444573181552266,0.1623702128143695,1398.7310400231986,1481.4036965279574,1499.9479640010884
6,event,177,8,0.0950847840900528,0.2167121418695889,0.2310910775330724,1368.231351240212,1459.07871269157,1475.4039595635777
6,event,178,8,0.1251648379581357,0.3745756856026391,0.4641244777784312,1518.9738617554635,1565.777495887938,1580.3731528505098
6,event,179,8,0.0735781552730594,0.1080589962761991,0.1167399343425594,1304.1633002167937,1375.3394641824464,1388.819055202618
6,event,180,8,0.1082409542132002,0.2023893443894152,0.221901571657522,1443.8385661070702,1485.019889929491,1486.3488212717905
6,event,181,8,0.0818724769409913,0.1647367290378743,0.1906193206964273,1442.2304149679069,1655.7808418865015,1692.549390742564
6,event,182,8,0.0864201507155798,0.1676286110552365,0.216256713397083,1479.1753782797896,1578.197015611679,1603.002480147569
6,event,183,8,0.095012912226804,0.2150278455994415,0.2315066090255384,1366.155396074373,1441.453136581932,1442.9203475573884
6,event,184,8,0.1062859722416434,0.2643835020336514,0.3079981738276526,1259.5175121545196,1371.3816553834492,1385.984230500309
6,event,185,8,0.1115008426715745,0.2360444063605924,0.2721657640204425,1510.5851000920504,1663.3263740060336,1720.501621031813
6,event,186,8,0.135517728383665,0.3476380519479291,0.3957814604607882,1412.321447038157,1637.8031748008325,1711.7984815085542
6,event,187,8,0.1246547727811517,0.3289205933013593,0.4209798545488433,1385.6521846864655,1517.2791150423282,1517.6210396117526
6,event,188,8,0.1034527417159007,0.2743847955794061,0.348894957183975,1330.1107189058305,1403.4178356717257,1407.5189624057464
6,event,189,8,0.115670069893314,0.2627130950365846,0.2713662603438482,1321.1865268818233,1391.6673094872358,1403.9757430052566
6,event,190,8,0.1205577507939874,0.2151133008324758,0.2441907205222354,1327.4543733642065,1402.953209775966,1418.6646142885552
6,event,191,8,0.1062618758040422,0.2245516280639587,0.2781778295024012,1303.0200087998833,1385.9776695459304,1398.935438211444
6,event,192,8,0.0881309549354562,0.2238071642467581,0.2868962129139394,1229.436506315998,1499.1694488527187,1629.316398235194
6,event,193,8,0.104617439282431,0.181910846196454,0.1894180742889153,1360.785651543339,1516.473885626861,1568.1651184861394
6,event,194,8,0.1132368205365507,0.253477968428594,0.3284583728957833,1338.0052367104502,1414.500317050106,1424.7645199448316
6,event,195,8,0.1135501688815898,0.2294990695744442,0.2488088568730251,1496.5224595271409,1608.249908981196,1613.154009803072
6,event,196,8,0.1012317733547695,0.2054434829891956,0.242354228768227,1347.745676863688,1477.042678057058,1504.8647416099318
6,event,197,8,0.0908527728433491,0.1891557344795299,0.2366933457267606,1464.894464350347,1511.030223096128,1524.4637361332375
6,event,198,8,0.098574655216209,0.2148756189394037,0.2460618946218173,1416.722106095449,1499.5432354263198,1510.1451342378969
6,event,199,8,0.1518765840744348,0.4111990379548144,0.4300198084485708,1451.0311027717453,1576.90783323058,1583.265441326068
6,event,200,8,0.0778553396940164,0.1862698512184862,0.2226733292199199,1272.5056185266185,1361.0335273438202,1377.4181801940035
6,event,201,8,0.0939262223991172,0.229448498899498,0.2338535864478065,1415.197400337681,1498.381648959543,1509.1952436506635
6,event,202,8,0.0801725386633779,0.1224409339393449,0.1235903391365017,1397.9629828544926,1485.8473190631678,1508.7339364583886
6,event,203,8,0.1279654430171562,0.2183420596803169,0.2297885744518451,1273.8576592647669,1496.9892307859316,1596.9175257570364
6,event,204,8,0.1135281135247555,0.2656279085057523,0.3314107562940515,1426.960040752096,1510.666908402871,1520.7802219210755
6,event,205,8,0.1180096100461083,0.3029478659055225,0.3529002602564472,1488.5513612548734,1720.8625266880715,1792.6503258131827
6,event,206,8,0.0939135970073857,0.1994729263432536,0.2400698417974286,1243.7858673485898,1421.1871602726503,1506.1429265468687
6,event,207,8,0.1365231846729786,0.302903268010367,0.3373689974545974,1399.815681060063,1493.098936521964,1505.083823635232
6,event,208,8,0.163233570835925,0.3183832225042492,0.361608677998616,1355.189795745464,1469.4690410809856,1501.397827310063
6,event,209,8,0.134266720022732,0.200469326634102,0.2200396388218906,1553.444071065251,1618.5462288482024,1621.4269296536158
6,event,210,8,0.111283523993544,0.2759222789296019,0.3210173968282133,1396.3479797341809,1515.677094498606,1559.2797862530545
6,event,211,8,0.1334558803186056,0.2397696486889448,0.272476100117863,1426.817949628355,1505.5207684479929,1525.4437002902123
6,event,212,8,0.0910087723167998,0.1928419888183293,0.2325832262350966,1400.7522864456596,1488.0043987193335,1534.357493883799
6,event,213,8,0.127132055092895,0.2430089956681937,0.2786438526178783,1258.6281813471862,1306.2611770167437,1318.85779047264
6,event,214,8,0.1057886723636153,0.1491207399718926,0.1538029541011106,1362.552329096619,1480.8351116397662,1524.513962988785
6,event,215,8,0.098687364734322,0.2051596516597312,0.251325523336631,1345.0146377932335,1441.6565187109345,1449.60971172012
6,event,216,8,0.1347468549708816,0.2560047826878644,0.2765516676213138,1471.2624472807577,1569.9617137761827,1606.8664846051106
6,event,217,8,0.1028631953556803,0.2562160083539788,0.296306867685323,1258.3477282489275,1328.5302808159297,1342.210411436465
6,event,218,8,0.0797133640036617,0.1691034707451443,0.2018523212006563,1450.6317159202454,1487.2387971713097,1488.8827915754953
6,event,219,8,0.1163570727731189,0.2408372182262034,0.2491680681858503,1351.993464303087,1397.8503091509272,1401.6365652539655
6,event,220,8,0.1297826554448268,0.3155161130278956,0.4023405783368264,1457.7160701083028,1565.6494362968417,1586.171598775674
6,event,221,8,0.0987628876662664,0.1847549194095527,0.2142335876142382,1458.131568233993,1591.291258775456,1603.2299683969718
6,event,222,8,0.1074587309736998,0.2473780637282253,0.3120589022044903,1237.080658807613,1338.9012465891908,1343.641513008021
6,event,223,8,0.1258378078375504,0.2794235154637447,0.3076367207647599,1376.5937444321585,1418.3575713014309,1419.8232644818638
6,event,224,8,0.1108549796901896,0.2292152274424265,0.2764383055048024,1351.2198865019363,1445.7499804016873,1458.2839550414394
6,event,225,8,0.1353849894368301,0.2379841524833932,0.2410372424987381,1522.309628770371,1627.6623094856693,1649.7056230710834
6,event,226,8,0.1597086929523349,0.4049827981317035,0.4258144764987336,1283.435847040662,1425.952590947028,1447.9482923872226
6,event,227,8,0.1762352716317609,0.4172186459434498,0.4703410115584655,1288.11575360559,1433.666280717648,1475.7909695088406
6,event,228,8,0.137564836056712,0.4027020049924362,0.5024396404810236,1445.28876397484,1535.842589005528,1548.0043970292354
6,event,229,8,0.1288053663746516,0.2511779729316007,0.3095723176457003,1348.2928335433742,1520.1908416386857,1586.9355312852651
6,event,230,8,0.1164279256115617,0.1988383437788944,0.2163311377252003,1497.3280153019216,1705.7354277061163,1717.2667261088834
6,event,231,8,0.1008104689713842,0.1917924496603333,0.1971165749256673,1245.365637353988,1344.3752688396069,1364.235110201746
6,event,232,8,0.1095579560348342,0.2078894541077909,0.2426099042064545,1327.8374126040155,1375.4734129409123,1380.985067017566
6,event,233,8,0.0774700455161714,0.1298738810531129,0.153602933774387,1315.964842161829,1433.646483750037,1460.4078654155112
6,event,234,8,0.1203369904018732,0.2465752294891645,0.2620566642459614,1463.321013492039,1552.6011221344224,1582.8296099131717
6,event,235,8,0.1028870650643759,0.1810817890277919,0.2196248812560998,1464.4163152711803,1558.5412215452625,1583.8625877158545
6,event,236,8,0.1034985163511436,0.1483618812179784,0.1518666967731217,1510.3191409425683,1607.5934848457805,1639.4233957607964
6,event,237,8,0.1325814732248413,0.3237250580004201,0.3874677269461423,1462.348524647104,1585.3386528427966,1614.8631047923875
6,event,238,8,0.1185911310460524,0.2181401764000166,0.234627066222639,1415.001429613075,1499.8659835985147,1503.7777346541875
6,event,239,8,0.1233209204653303,0.2719219826246621,0.2947469239115227,1153.9658962948745,1205.7917136320036,1205.9215133312014
6,event,240,8,0.1360922401315051,0.2711943547984082,0.3107243849694167,1324.119167560702,1411.083242313714,1431.2006329148803
6,event,241,8,0.1281869447459457,0.2845293129845797,0.299620169577558,1382.8066380210655,1416.6575381793734,1422.2530957370711
6,event,242,8,0.1150215667831788,0.1756824911988743,0.198969428850312,1356.1391135598292,1411.2117228130824,1424.4086371593892
6,event,243,8,0.1439297666756083,0.3506361321249988,0.3876836498576002,1272.1653937790106,1371.9015404410263,1372.730758163288
6,event,244,8,0.1051983634820811,0.2227326650487723,0.2481956295597521,1357.9905852396112,1415.0886954567918,1418.8913393783316
6,event,245,8,0.1210819194386989,0.2730500549665196,0.348784418250306,1230.9942728876172,1273.5080723169017,1275.6574514270478
6,event,246,8,0.1093914880992787,0.1802008980765601,0.1987982762336889,1435.4947920070142,1475.219506531044,1484.5301783196917
6,event,247,8,0.1538423878811004,0.3895017486062574,0.5202035064926651,1343.6213376563885,1459.612517164141,1484.4852892855365
6,event,248,8,0.1424774320846622,0.2326874864018072,0.2645392873752351,1522.9716701741804,1550.5720545819663,1551.448666550308
6,event,249,8,0.1098447029741889,0.2323984893132253,0.271275827627713,1332.1723077798026,1413.1226575442963,1416.9199466874604
6,event,250,8,0.1638330515569615,0.4331166559903373,0.4683486354030708,1380.1061444023271,1432.3181125281687,1437.5235049254925
6,event,251,8,0.1655883247016338,0.3908169400387685,0.4844007170391372,1283.8180785507668,1351.4449738509566,1363.8157420568211
6,event,252,8,0.1539089548280381,0.3101952049546318,0.3432907694435029,1434.6822328810158,1549.3505844475544,1595.7218935373555
6,event,253,8,0.1786958902085298,0.3338659107312928,0.3636953557778913,1288.7254182689344,1371.5044330983485,1394.3378789131416
6,event,254,8,0.0973285160361402,0.1503090786623417,0.1586926050138015,1242.0765364945833,1432.0103666600742,1500.7755697822038
6,event,255,8,0.1108177172963468,0.1551846178800227,0.1590528618676908,1365.990035439258,1473.312841613355,1502.9367480842338
6,event,256,8,0.1508008804412011,0.3577073289915804,0.4263501429167726,1236.1721612012827,1329.6369214607291,1344.188671960906
6,event,257,8,0.1197409680354765,0.1997016299505678,0.2312655183275398,1431.008916273935,1523.9170347611307,1526.6753589095165
6,event,258,8,0.1252717804154408,0.2918296684322615,0.3047391659690542,1373.3461180678264,1473.7722680165036,1477.330741183936
6,event,259,8,0.127487004518052,0.2995347417044413,0.3699791915052693,1424.492180353201,1545.2856914200538,1583.788850011342
6,event,260,8,0.1306919622310679,0.2720145317922234,0.3304753241878195,1475.841106645458,1668.5153126908808,1734.912796010457
6,event,261,8,0.1536875790122573,0.3334725635500952,0.352136275398277,1400.106373610644,1441.4962828912644,1444.741863721851
6,event,262,8,0.0937875873893295,0.1708960277553023,0.2023261196240681,1386.6619128759564,1453.6103336917845,1475.8758124462229
6,event,263,8,0.1616113968685212,0.4220399490857417,0.4996800181240965,1410.0467678837815,1526.8495423484824,1528.5370852694234
6,event,264,8,0.1285183913971124,0.2771421454397188,0.338795564338211,1384.6861017322965,1503.9992592514454,1519.3239654936056
6,event,265,8,0.1225812343329246,0.23811728723776,0.3001614864462626,1345.6439245002823,1439.32209064813,1474.0789184889377
6,event,266,8,0.1333414155025775,0.2462629694723555,0.2475937940651341,1461.2370134161547,1527.0109762643751,1527.799307922504
6,event,267,8,0.0949550368094405,0.1577874987149788,0.1863937064182483,1103.4243547162305,1151.7155954652524,1152.8846349119003
6,event,268,8,0.1078762129337617,0.163775182594873,0.1751408341718995,1388.143917630495,1481.6845041448305,1484.9298561164844
6,event,269,8,0.1261177666943002,0.2344151607638182,0.2693451633843248,1420.9756390456605,1579.4322302642624,1640.4245823145795
6,event,270,8,0.1222720074703891,0.3087024521178172,0.4003156008281323,1422.4972883576436,1541.918931571612,1580.9332612016392
6,event,271,8,0.1140796498997599,0.2795998696830206,0.3423866708746909,1314.3629451251356,1432.8271310493883,1444.8689499482325
6,event,272,8,0.1485624661046374,0.2780200556217955,0.2885278622669189,1201.7061924327218,1272.1474723931735,1282.8396647915386
6,event,273,8,0.0786651491229785,0.1342467784747745,0.1440020686195888,1409.902030389352,1492.53369354891,1494.4078409713084
6,event,274,8,0.1284906943625813,0.280282892138088,0.3057016398862212,1085.677032996049,1212.9939517060268,1226.2664965988104
6,event,275,8,0.1029804142912046,0.2106481820278002,0.2121823824907444,1294.3415517685082,1389.600139711186,1427.0146045820518
6,event,276,8,0.1532324714665501,0.3481694590755175,0.3502628984034611,1293.13257527193,1346.8462831713775,1352.444799301494
6,event,277,8,0.1041920784140804,0.1994301886807545,0.2469878080607362,1377.0591677606035,1542.2113686189894,1606.857862818054
6,event,278,8,0.1405197107427168,0.247096123512755,0.257104961683027,1426.3901812021545,1526.640007219281,1530.9181118269742
6,event,279,8,0.1085066061520482,0.2300290993860655,0.2790575529295928,1230.444389801196,1319.1830841993308,1334.2707735064048
6,event,280,8,0.1252314132496568,0.2180592565718912,0.2467724979079067,1311.3882395019516,1380.6611272330815,1393.5478296731417
6,event,281,8,0.1184073807132683,0.1628924158942803,0.1741627166360441,1226.7498955906558,1435.0238611506425,1480.3281087011887
6,event,282,8,0.1327283538237181,0.2686400392353314,0.2841279826030541,1358.536960629939,1423.3592258792985,1425.952562626812
6,event,283,8,0.1133605001398397,0.2672216315385165,0.3167502790689546,1129.1756751740377,1228.5712439262682,1236.4862671269336
6,event,284,8,0.1361984845109171,0.2859672024988369,0.3510864946155904,1400.7185201353002,1513.4790413292365,1519.886798018555
6,event,285,8,0.1202541883202135,0.2396029648747394,0.2431467325576077,1560.9014066779123,1615.9430528408825,1630.8746997322244
6,event,286,8,0.1205771421339359,0.3213576159425277,0.3997200757670439,1331.8817892242791,1415.45220071142,1450.736821038257
6,event,287,8,0.1448492146546807,0.2571873340748811,0.310096096460963,1453.0633264007745,1611.478883468935,1642.6493504350371
6,event,288,8,0.1125324340188274,0.1895899494071379,0.2010880443518532,1352.104635598177,1423.874140081072,1457.552989342827
6,event,289,8,0.1357096559272525,0.2484283089760834,0.2676542545423263,1363.5301748483496,1470.3013540227814,1477.5087075741144
6,event,290,8,0.1349061497157872,0.2962055309893978,0.3072034240321587,1559.668589833612,1733.6299640156988,1808.482973029444
6,event,291,8,0.182220943565564,0.2698555087691193,0.3046456621473388,1457.3606508599537,1531.572815802096,1541.9069192739082
6,event,292,8,0.1438848109730063,0.3479368852872419,0.393171972095233,1469.5526329236643,1562.928581493079,1565.1098407320658
6,event,293,8,0.1464996758038082,0.4077574830720067,0.5376469144441822,1352.405197458934,1540.7496787988634,1593.4418094598198
6,event,294,8,0.139276823842991,0.3913191480227451,0.5177018656031371,1348.9780077152886,1608.7590294368692,1696.7932152864098
6,event,295,8,0.1531431916688879,0.3611543248425893,0.4114761414428077,1228.4832995379309,1303.9265341036871,1304.853936152191
6,event,296,8,0.1598715985833998,0.3164182000029188,0.3684294497907247,1473.817839118068,1572.7544699497969,1580.9262450728984
6,event,297,8,0.1275386908150214,0.2823005628626847,0.3275291109864054,1440.144842061577,1703.978227498612,1756.927584530316
6,event,298,8,0.0920278352244179,0.1871488243774084,0.2380524293313143,962.5043611502384,1055.5687578204454,1074.1666363648503
6,event,299,8,0.0918911029423754,0.1645228748750535,0.1778500924054991,1067.1393454912172,1277.0129138452978,1353.1628852718266
6,event,300,8,0.1725245306490652,0.473130308271147,0.4999227904677152,1403.1610048775674,1502.1145855936616,1533.479216880423
7,origin,1,8,0.0811524372132611,0.0994808470026163,0.1002290416966926,533.8802010740657,571.6072525655917,583.3192355532314
7,origin,2,8,0.1100855814406868,0.3149703756428902,0.4236102285778341,686.6939182886955,752.8911876335366,781.0178917704927
7,origin,3,8,0.0916079567659167,0.1946085468880496,0.1995838546827115,680.6621242652628,753.5824900361688,781.1795055695426
7,origin,4,8,0.1116692413235774,0.2726560732847298,0.3404971933568882,863.0631030181742,898.0607808310523,901.3056875349298
7,origin,5,8,0.1044129169672034,0.2572464299851534,0.2773294909175917,966.8210189987218,1061.6370597751882,1073.15661763629
7,origin,6,8,0.0797533519147334,0.1381377718616005,0.144783430892738,1040.6654742500564,1088.7254938297235,1101.5220670771023
7,origin,7,8,0.0908566207125686,0.1280258876001668,0.1292759345376181,1220.621546572023,1287.9831709391942,1292.6126911553738
7,origin,8,8,0.0936924257378157,0.1896630444457089,0.2359133330181465,1212.5074553895438,1296.3831678133718,1299.9014817687869
7,origin,9,8,0.0951747050593226,0.1602447425433826,0.1793392526486643,1289.2013211178587,1357.8430885487053,1358.1245040337913
7,origin,10,8,0.0850900396005222,0.2038854466552193,0.2624262812643655,1316.921119668944,1379.156606011213,1381.9410294180657
7,origin,11,8,0.109434502526932,0.2633808710792216,0.2798409907015448,1434.5764784771895,1509.2183836556123,1510.647544243755
7,origin,12,8,0.1330457873285835,0.3116243305546262,0.3815498018644716,1407.9570709935306,1491.470779121432,1521.167892349121
7,origin,13,8,0.1038880129155599,0.2076595931268008,0.2424759675608964,1495.5181127262351,1588.7370370729975,1615.826869415108
7,origin,14,8,0.1226062760389879,0.2614671000691987,0.2654418437973997,1474.960717188066,1563.9724488948884,1571.1777522335815
7,origin,15,8,0.0532990805867955,0.0771270125055432,0.0797800092848682,1461.277896522275,1556.263838276227,1593.2256566990322
7,origin,16,8,0.0819084368422405,0.1946022147654523,0.256717845887163,1540.0088078260171,1687.6479364636116,1701.4212212318575
7,origin,17,8,0.1111481051403959,0.2033839092327739,0.2103550685302644,1460.327066175494,1563.3724264978675,1581.3950377664692
7,origin,18,8,0.0962314679539962,0.2845679794560402,0.3037045160947264,1512.8413467060618,1676.4463427271123,1696.7340517094085
7,origin,19,8,0.0588743359774033,0.0898252191193655,0.0974956997417122,1533.716133205216,1603.28558686275,1604.1243493830805
7,origin,20,8,0.0946091832496498,0.2157332175272709,0.2610784970891608,1425.9546130558983,1485.9970505493202,1487.587896070399
7,origin,21,8,0.1006916183088297,0.1998105804090458,0.2029263232478244,1519.529969168237,1658.7515615696648,1701.2190472973218
7,origin,22,8,0.1002333423087868,0.187381435888167,0.21542222070852,1569.6206083202333,1620.926951691,1625.7408239113583
7,origin,23,8,0.080042041073675,0.1486735330728786,0.1701257756020625,1609.1020571977406,1671.7094040776667,1679.1983291061542
7,origin,24,8,0.0868836805312125,0.1367041297541033,0.1493200337312429,1444.790154467943,1523.429915177051,1553.1325428880475
7,origin,25,8,0.0831362995524324,0.1659804086231493,0.167957731724376,1349.781119154536,1406.7952061312244,1414.952498495284
7,origin,26,8,0.0794948096662003,0.1345651135842777,0.1473251225539026,1526.3184792990255,1587.1582951229368,1591.065868706933
7,origin,27,8,0.0952372866235992,0.2291819486614521,0.2924071137004622,1523.666811571579,1553.370848900221,1555.8781501331744
7,origin,28,8,0.0900437245952781,0.1861983117998689,0.2272239681004744,1621.0537040694048,1699.2018074232408,1713.136139861792
7,origin,29,8,0.0901254017142525,0.1942654656087531,0.2014386120406975,1517.7964962014423,1694.0744334448714,1731.37645072565
7,origin,30,8,0.0848554897075145,0.1812335497360475,0.2095365189183233,1396.4505260752912,1477.694218755684,1487.0216378072362
7,origin,31,8,0.0771056891048732,0.1335342118616025,0.1488960952881231,1418.7585057397064,1479.5488279321496,1487.4268688580307
7,origin,32,8,0.0809491292797729,0.1534493392318409,0.1871464528981014,1553.2406094223527,1615.9373318115672,1616.7941540631266
7,origin,33,8,0.1416614234001938,0.3276901663189003,0.422495312064072,1708.7416995284427,1918.7111061981768,1967.268234618292
7,origin,34,8,0.0859001714169109,0.1658296095844595,0.1846779963801616,1739.9074953672591,1866.465964220587,1930.9154948012767
7,origin,35,8,0.1136004666687211,0.3210953645721306,0.3328866833882085,1468.87387477015,1600.6491272429482,1652.926376368233
7,origin,36,8,0.0760007296319515,0.1381445124014911,0.1555579363136988,1477.2636758139906,1562.7291580283568,1574.4580585917868
7,origin,37,8,0.0936021616065857,0.1917394777989025,0.2142020995267466,1397.0802792257475,1503.0119573301768,1516.4493828855727
7,origin,38,8,0.0705750266128304,0.1013376143195123,0.1024848349336748,1359.4108819589987,1458.9086023485302,1487.797276599082
7,origin,39,8,0.0868723234534564,0.1864507043103287,0.1882712576632477,1460.7407842862444,1506.627789005191,1507.6287588204382
7,origin,40,8,0.0898362183744212,0.2122353825524641,0.2573049449949748,1409.686388215882,1540.1307262567757,1552.187416423183
7,origin,41,8,0.0759044587988696,0.1226922651646346,0.1295631510249304,1547.431992878595,1603.977796538607,1609.257855634552
7,origin,42,8,0.1030722773043246,0.2807714691503805,0.3385237703829217,1466.9241064544217,1593.228003780692,1636.740139458272
7,origin,43,8,0.1033114800769514,0.26868440540638,0.3088535355586311,1568.1796662067318,1782.7371586088486,1875.1167734180667
7,origin,44,8,0.0929657696981178,0.1802797076283948,0.2223962603038971,1414.30582995713,1483.9405038221523,1496.0429739823087
7,origin,45,8,0.0912922136647856,0.1877106501087512,0.1900234835156413,1387.3323618898587,1494.7117092700537,1539.6282997597716
7,origin,46,8,0.0901117953861426,0.2044748862347748,0.2391207645681904,1528.36874282821,1657.7078336095765,1693.562981883606
7,origin,47,8,0.0742620131069992,0.1497157368258239,0.1874985608379591,1584.400985141311,1727.0975004169195,1773.7522631226848
7,origin,48,8,0.0936840890908586,0.2795239261068373,0.3653793555651586,1489.898830590921,1539.816466874583,1552.3055941240773
7,origin,49,8,0.0971431335250539,0.2067081438167593,0.2174995167222499,1586.477859376454,1656.144694741086,1658.6327907181785
7,origin,50,8,0.0768412890675808,0.118901655479681,0.1314746299985608,1580.678440827909,1734.4449215252168,1769.228033837427
7,origin,51,8,0.0827999779008481,0.1710264745377346,0.2102299644899251,1492.7559723777115,1613.9960516847036,1660.1533216322978
7,origin,52,8,0.093115512396258,0.1916936798090821,0.2332836009730952,1529.2748241918143,1607.548384296853,1607.8868110164808
7,origin,53,8,0.0922790775964726,0.210797138713994,0.2246532742968195,1312.715092396465,1370.616363558379,1377.1643823717973
7,origin,54,8,0.1115626805647243,0.2356481618601489,0.2795248778913644,1457.9065219541449,1585.2416590652897,1618.6413473461082
7,origin,55,8,0.1305640068976016,0.3493392383467466,0.4281538771568342,1583.886947852305,1741.093508951711,1768.2727695938247
7,origin,56,8,0.1051323374769144,0.1786777279245479,0.2002738575093647,1625.0326646766537,1669.8205957808818,1676.4931197420613
7,origin,57,8,0.0912251155227967,0.2079475297482279,0.2464156421503719,1500.4925791765463,1602.7036803253652,1622.0342027815714
7,origin,58,8,0.0805274992339506,0.2027942531892142,0.2226868803384546,1501.825876305243,1701.369776476423,1774.0762835761589
7,origin,59,8,0.0765502856718162,0.1265143256283164,0.1273321368326386,1584.0005259209047,1720.127580200766,1740.3413573309915
7,origin,60,8,0.1066728403570534,0.2514216548219937,0.2697686483030337,1263.698767986848,1340.9836261785413,1348.212581062833
7,origin,61,8,0.0775229778005087,0.1663175894377979,0.191458269204704,1362.5046289854397,1457.8800633746678,1470.7954579495326
7,origin,62,8,0.1043860541244916,0.1591298978568393,0.1630801589411843,1516.684858399131,1584.74543210314,1603.538081475603
7,origin,63,8,0.0934404013805274,0.1987098524189655,0.2519895052263133,1460.2687771591188,1581.951165975256,1583.4167814160696
7,origin,64,8,0.0935878394867356,0.1561535814993827,0.1756277081347059,1364.2401031379666,1468.6765868324512,1499.8172596159943
7,origin,65,8,0.0870539046209797,0.1335540214215126,0.1448566683696805,1602.4711679516608,1677.439793492997,1683.6702409836255
7,origin,66,8,0.077353704644233,0.1284879887039051,0.1338616318811247,1535.4204848233558,1626.5962123745862,1644.8154089140555
7,origin,67,8,0.1010636936076428,0.248222041008381,0.3212543480270707,1516.5401177025915,1712.1434046916495,1791.5753126439142
7,origin,68,8,0.0969043467144742,0.1453809105148145,0.1465230548978883,1572.6269570531883,1610.995488275976,1620.9862648480123
7,origin,69,8,0.0833728943353385,0.1432479648821573,0.1477013568841536,1614.3187102723818,1654.8147763832733,1663.118008922805
7,origin,70,8,0.102051073240649,0.2225415551267601,0.2357809838369447,1511.839327807453,1574.8972986369656,1577.448923038164
7,origin,71,8,0.100362682393793,0.2888978082838904,0.3466089357662055,1373.070468975156,1450.000526418203,1461.3745592163712
7,origin,72,8,0.0990186734553268,0.207708504726438,0.2457387175475882,1422.3339269731553,1486.5333171208897,1493.7740066370102
7,origin,73,8,0.0957244405196893,0.1671164993616529,0.1761127103588058,1432.1362249599845,1464.9200006221267,1466.040446972847
7,origin,74,8,0.0998883151752769,0.2376285800806652,0.3122829372603998,1497.496905933218,1550.296262434001,1554.0477943965009
7,origin,75,8,0.1203442140891393,0.2765768142902143,0.2978079255125636,1469.733242691536,1558.0131287708707,1576.3948963462346
7,origin,76,8,0.1021792434225586,0.200540183832411,0.2400164173452424,1598.907224590531,1656.1307507446395,1659.25334108486
7,origin,77,8,0.0939572668388656,0.1925473211840865,0.2124268492570757,1494.4552469817104,1543.0719572038934,1547.5476880085132
7,origin,78,8,0.0919598282562228,0.1920942291585864,0.2198198602562535,1505.5606341255343,1563.3153450500845,1568.643861636142
7,origin,79,8,0.0809657187015836,0.1660705912382598,0.1962493563579055,1413.0054840153598,1559.726239983329,1580.9266523958372
7,origin,80,8,0.0769187303261415,0.1223578017116686,0.1299937197929423,1624.3141067291317,1750.893804634781,1756.1335949436273
7,origin,81,8,0.0764223269487719,0.1689307373669926,0.2134239840374198,1492.2194985184856,1671.667549757174,1731.3979671009906
7,origin,82,8,0.1199984228750879,0.3212538356682148,0.4127649382198755,1460.840709609514,1501.3119733782469,1506.3275876710768
7,origin,83,8,0.0906602319146595,0.1867600039737932,0.2331644007589971,1509.6525553456554,1594.632085454061,1599.6120175782526
7,origin,84,8,0.1031383165701064,0.1474213653987246,0.1587139545953733,1655.080212860973,1856.4363190871736,1960.0229317026703
7,origin,85,8,0.0816569925814821,0.1437216957983451,0.1523094501267167,1430.6654368991149,1476.613551539903,1496.22913877346
7,origin,86,8,0.0857697894152335,0.1564717432180266,0.1623854595216727,1546.1044283146498,1626.0951572966326,1648.8136829799848
7,origin,87,8,0.0736711406289253,0.1528742485986691,0.1956946523112624,1603.0392227386274,1787.822821778706,1851.7332323544324
7,origin,88,8,0.100889993687684,0.2561488951677493,0.2859252580659851,1560.27243233506,1777.2549176757875,1865.6811297621568
7,origin,89,8,0.0893972819439107,0.1755154637135972,0.2020226791637201,1500.887753173625,1567.9307991201972,1577.4990584869415
7,origin,90,8,0.0804160730711258,0.1718913802987283,0.1891991829448531,1337.301713291231,1457.5944281499433,1476.9296720969544
7,origin,91,8,0.0803665084535141,0.1604410667085705,0.1963023343710306,1598.941083529142,1677.051004729502,1696.3533013899948
7,origin,92,8,0.1001273364434013,0.1763463845476395,0.1823802033189652,1468.6768977486308,1581.6792987969322,1608.1115351030946
7,origin,93,8,0.0869995354891136,0.1560638978019649,0.166949564317312,1591.2240568473662,1744.5064828825523,1767.5844094560216
7,origin,94,8,0.0836895968393033,0.1501228624862989,0.1548057682397038,1510.1507267837708,1579.6244566203122,1598.3301796679311
7,origin,95,8,0.1119300387088013,0.217396190902484,0.2627886113484077,1492.1742853980754,1666.7881871558145,1710.2580442114988
7,origin,96,8,0.094208737883338,0.2018203475341248,0.2297248246413532,1554.2542103013377,1659.0413955054148,1684.0358111314224
7,origin,97,8,0.082997097281261,0.13869199430503,0.1478303935311773,1686.896824894996,1759.900511090668,1778.905112501073
7,origin,98,8,0.08495790968964,0.1683797791719834,0.1751142300798693,1352.4893817075776,1426.200672266571,1441.7832446244004
7,origin,99,8,0.1018059822195121,0.2297160747089756,0.2625393952084661,1535.1020799227852,1637.9484756018708,1643.7020151957952
7,origin,100,8,0.1044076593732192,0.2221722863954981,0.2650701943821592,1630.4895161898262,1841.2703329963756,1938.286299705908
7,origin,101,8,0.1171145302936266,0.3498728887293955,0.4568690466017109,1531.1005997075613,1739.4018837043818,1776.092271744173
7,origin,102,8,0.1095523009638217,0.2375445247314109,0.2639720914990232,1692.016539172216,1823.2050077027493,1849.6234082229444
7,origin,103,8,0.108723442422599,0.1790759928985496,0.2023730228978495,1484.183409462357,1558.880421188902,1562.5367019370851
7,origin,104,8,0.0749671608869401,0.158966504258539,0.191322537383389,1539.7140492411013,1610.6763388719228,1625.159685786037
7,origin,105,8,0.1106334062422652,0.2860381268014991,0.3800085628070932,1449.3915899489612,1521.241794656957,1525.3800673851367
7,origin,106,8,0.1042935993429121,0.2443120132568545,0.2616636609147679,1480.0412654009165,1521.5899953027815,1522.5058978449713
7,origin,107,8,0.1023340171399551,0.2433605717616169,0.2902298970589759,1217.4116741517469,1301.2969894793798,1315.099196027093
7,origin,108,8,0.1362584359489013,0.3431145303355603,0.3672885416365826,1582.093212463295,1686.091665934125,1695.6500231814707
7,origin,109,8,0.132239672030208,0.3295227073687875,0.3402249362401564,1428.4843810933223,1556.8222396554274,1568.329504007372
7,origin,110,8,0.1135408021446422,0.2623697837063191,0.3148353468194017,1296.3173610965805,1368.1085377020424,1370.622179698891
7,origin,111,8,0.1114781072342737,0.2132931588464215,0.2356090199782429,1601.9939334858211,1808.690043444382,1822.655729047388
7,origin,112,8,0.1014096290018088,0.1820170039872311,0.2087670944015608,1462.1467090981962,1545.7029498041784,1555.3315069370776
7,origin,113,8,0.0797810451165927,0.1421780550524948,0.1640671462082947,1471.3273415389967,1530.2813897871663,1546.4226455231164
7,origin,114,8,0.1036440155368908,0.2828123169599199,0.3689666844474885,1493.832055740416,1553.2889388105673,1564.690323247357
7,origin,115,8,0.1096954833194521,0.2843387296269273,0.3842186123892183,1297.6149338881507,1521.252660512328,1619.2885255033964
7,origin,116,8,0.1173156442532808,0.2322304637669952,0.2666843813160011,1561.6907025502928,1678.9149374519325,1724.6295078899454
7,origin,117,8,0.0778678373848608,0.1734028028865404,0.1736871197733123,1520.38084967436,1571.7183529557012,1577.9219449711568
7,origin,118,8,0.0978563270024705,0.1547312420484464,0.1585171879616267,1247.1517800829608,1382.8310532279186,1416.8181901569646
7,origin,119,8,0.0665284608329441,0.1083412839415192,0.1186842355490134,1366.5489631562484,1504.4897691013437,1524.0810085104647
7,origin,120,8,0.1027645387776006,0.1905409389371122,0.2194185531006191,1533.7213821191897,1621.7779402380722,1631.114949027319
7,origin,121,8,0.0791636565715926,0.1566238906700531,0.1597254870354882,1529.6469125484532,1645.5457037223707,1670.453821539485
7,origin,122,8,0.0872961804272776,0.1796351477459989,0.2037066256932393,1552.4191769976303,1645.9689979197096,1660.7311833531685
7,origin,123,8,0.0729714192070819,0.1376969488510424,0.1655681369914537,1576.1262465798611,1680.1294814996525,1708.432708120089
7,origin,124,8,0.1330772001316864,0.307312423944651,0.3305408483935098,1530.9872023395533,1579.365014155767,1587.696425930688
7,origin,125,8,0.1261744552024979,0.2645301366187771,0.281113663306096,1509.8170062197623,1622.3709429382538,1624.390274114275
7,origin,126,8,0.107811024725788,0.2875332363161058,0.3678426090985459,1523.3970147771563,1618.9449471027642,1628.058713657054
7,origin,127,8,0.0891657190130417,0.2244624614962531,0.2859858042837088,1565.8286569771042,1732.974355808299,1792.7202557651
7,origin,128,8,0.1133374931570287,0.2591932506750391,0.2967637639334013,1328.507161527253,1393.0748263504338,1404.5162068757618
7,origin,129,8,0.0899091661580533,0.1624505835039087,0.1932123549065182,1446.0510544827123,1552.8774276613603,1573.857607429038
7,origin,130,8,0.1401379967285803,0.3609471198374897,0.4706773694622711,1482.8030428504646,1735.347355717612,1857.6421194301467
7,origin,131,8,0.0767272321010122,0.139971605189331,0.1516638002266633,1463.1269988926197,1564.5363288339795,1568.9510547820823
7,origin,132,8,0.1249993967862665,0.3174979361828859,0.4332949824725379,1476.0734652638766,1762.6980582527603,1885.9383398994323
7,origin,133,8,0.1279007279104704,0.3051397600409091,0.3660294801103806,1574.8190308807937,1653.05442640259,1683.6932273259097
7,origin,134,8,0.0837956801065204,0.1694140082904622,0.1878160353798066,1591.7406058793374,1729.2862740266148,1776.231591569483
7,origin,135,8,0.0926866095718071,0.1998520538183003,0.200996481512531,1462.0935784500884,1638.8508599179636,1690.4687028259866
7,origin,136,8,0.0882551131545664,0.1632466421554107,0.1674159682542807,1559.0759759320547,1725.8472845777455,1738.0146087146866
7,origin,137,8,0.1122180128243892,0.2586515500746301,0.2603572870656578,1531.0485539255922,1714.875669946157,1812.264536404956
7,origin,138,8,0.1048986964139561,0.2555608739569698,0.2739299066060813,1479.7664802773354,1668.9742446645794,1725.6097767670046
7,origin,139,8,0.127011210253968,0.3447422234022838,0.3783062569948964,1250.670873513093,1314.0905072973565,1324.9502051385882
7,origin,140,8,0.081763027097547,0.1631383066356486,0.2015332378662727,1440.8261564747756,1559.8952086125098,1561.512938366957
7,origin,141,8,0.0967011455574487,0.1821315106406553,0.223545432584811,1575.4470385962748,1656.2497558512905,1669.3184109691913
7,origin,142,8,0.1091992157602108,0.1830171358136653,0.1909056716661316,1555.4523484580664,1702.4644930981042,1758.177769469518
7,origin,143,8,0.1053374561543143,0.2314963543371546,0.2467386428489295,1447.0496223258456,1525.5586493993092,1529.3961248077185
7,origin,144,8,0.0966639426339654,0.1562541478209826,0.1628938391751184,1387.2978092795972,1462.1546502455228,1474.1574847455142
7,origin,145,8,0.1266149996288136,0.2880218758125303,0.3524525700753879,1486.9591708744988,1654.6628016231991,1700.5387868599196
7,origin,146,8,0.1172886545758835,0.301009761544766,0.3668309747538716,1530.7789497404606,1672.1421997446212,1740.8709323310422
7,origin,147,8,0.1020762445159916,0.188677391072715,0.18948450650512,1566.984805391821,1731.9954776096831,1770.3465123621204
7,origin,148,8,0.0864172432036716,0.1162056589085839,0.1178088563859871,1350.6715465682448,1425.055702689384,1432.898699709776
7,origin,149,8,0.1189449307437121,0.2260904821689852,0.2339681847959168,1528.9433259605908,1651.0612784531977,1697.0666637830511
7,origin,150,8,0.1040293978530232,0.2215150892845256,0.269724329735188,1556.2729366762117,1648.474519379792,1668.7031860978511
7,origin,151,8,0.1038769467022802,0.2194026787201866,0.2457811873871616,1567.068074502249,1691.9717775873671,1722.832012460926
7,origin,152,8,0.130002165783668,0.3906315875566668,0.5358275378167253,1437.6115283196025,1511.427000202974,1518.2703029397796
7,origin,153,8,0.1400093481287241,0.3554341645055306,0.3556156979539583,1616.5167371796606,1749.739016801945,1792.021286201068
7,origin,154,8,0.0972293467939147,0.1699893991755589,0.1863277585851256,1417.4149407145603,1544.030858996196,1580.9504469212254
7,origin,155,8,0.1169205613096863,0.1955110389371309,0.2007146381991429,1505.242406299668,1574.3073638692408,1594.205387696283
7,origin,156,8,0.1198225938980384,0.2537018140198936,0.304651321590847,1628.8549756928478,1759.7905950206612,1792.1696762339318
7,origin,157,8,0.1326956434457722,0.3522873802800717,0.3669981007402699,1451.6337328315233,1557.5266415766307,1580.815650964175
7,origin,158,8,0.0963172399416143,0.1777001951731709,0.178039873235038,1535.5883389925189,1607.926171612947,1614.3429497972309
7,origin,159,8,0.1128797587003131,0.2485348786014679,0.2817706393132344,1418.67451676737,1448.2914935043025,1449.8722194507477
7,origin,160,8,0.1339184542464672,0.2239019162741396,0.2254352353497917,1467.0068010068326,1602.9443915425284,1633.804600892003
7,origin,161,8,0.1324824601826158,0.2977110724394511,0.3678584030277841,1494.6427644537994,1607.6536209404208,1616.3331725209266
7,origin,162,8,0.0911118082901406,0.2029472374855173,0.2569429355290257,1139.2713068283442,1243.5012591266795,1259.5634999779709
7,origin,163,8,0.1162911812397194,0.2736785456358744,0.3382748237070533,1435.5697465198052,1585.2798623705178,1648.0933994536715
7,origin,164,8,0.1366070402621048,0.3223641427507372,0.3809893803154404,1451.0175993699468,1538.207598639935,1552.7166731210625
7,origin,165,8,0.1055635872816641,0.252088511781946,0.2867126623007017,1245.7970012965825,1378.3805536190437,1434.0280798027825
7,origin,166,8,0.1417424307141493,0.4188542229445874,0.496370297173884,1478.5937315687077,1580.668309869112,1588.8607739666602
7,origin,167,8,0.1238410441494871,0.3802827039164954,0.5326760278055166,1303.3663693709568,1450.263167285918,1478.4048651253574
7,origin,168,8,0.0999623776414395,0.1858738963410418,0.1901437605331832,1456.0864724307785,1537.8636430977433,1543.9942507685969
7,origin,169,8,0.1332879110871771,0.3198917660505261,0.3879410027793714,1604.6602543788529,1914.8073936266765,2048.255535527981
7,origin,170,8,0.073886538214303,0.1348581888519603,0.1460539112427723,1458.1740887067992,1541.3072102242595,1547.6515557750276
7,origin,171,8,0.1223418544253167,0.3017216546323248,0.3678398865083045,1298.0260031385776,1371.1872152328967,1375.291132531593
7,origin,172,8,0.10239191892074,0.2652881644041605,0.3099775123719675,1526.1034228704543,1789.773927007834,1916.4104747093456
7,origin,173,8,0.131957532519637,0.2755342899300343,0.3212757019073215,1431.2783668327795,1565.515810251423,1612.110423697786
7,origin,174,8,0.1058657904604523,0.2083011407046163,0.2393783037819259,1569.030103581965,1768.8686548590283,1787.916669859307
7,origin,175,8,0.1846888760696796,0.4717714996554188,0.4955303649946783,1471.376324945495,1522.680914422063,1539.985535565991
7,origin,176,8,0.1180631536078115,0.2275820375817508,0.2297901428269851,1343.948360468386,1427.0036629118515,1434.00930765722
7,origin,177,8,0.1401088697127254,0.3147347737445048,0.341207854025546,1453.2230035575622,1522.1752546102116,1542.2018978296226
7,origin,178,8,0.1770775113971861,0.5363626624011443,0.6805841575270074,1485.5068787774344,1565.9446603419865,1569.785821001253
7,origin,179,8,0.1040383264009557,0.1580165388439358,0.1678557371464619,1408.6716265029936,1625.9350234524784,1690.662513906908
7,origin,180,8,0.1259433974432717,0.2353976742351118,0.2789694975220256,1548.1490585946349,1609.8679550960458,1613.8064351303915
7,origin,181,8,0.1043898360587528,0.2235895006946822,0.2877653962677298,1530.8521307710043,1621.8207362198166,1633.1698573913238
7,origin,182,8,0.1025627428128922,0.1707095882109331,0.1986402317089413,1422.5553058893393,1621.5737303446456,1716.8381984104976
7,origin,183,8,0.1099282420031895,0.2172239416701967,0.2657445094531367,1542.847938693506,1628.7209288325762,1647.1072440378491
7,origin,184,8,0.0972577205206627,0.197103285720997,0.2091352824860374,1108.9595323270323,1318.2648082805426,1418.4400875625206
7,origin,185,8,0.1138807409710164,0.2320763170190726,0.2378187188342277,1245.5418309180718,1343.71631520423,1366.4905698570533
7,origin,186,8,0.1276118482803135,0.2415102195891592,0.2637299339213237,1544.7356680017945,1667.4430476225525,1698.4105910449875
7,origin,187,8,0.1375974702834772,0.2460658100005333,0.2564292149959585,1586.4691068629706,1736.79510323517,1785.5611771961946
7,origin,188,8,0.1412519173815654,0.2659023331562522,0.2837392323748938,1535.883607587576,1607.830503248528,1610.121015721068
7,origin,189,8,0.1188229131665105,0.260855407269225,0.2834087279092663,1536.2761168673949,1702.02327843323,1747.1609121982813
7,origin,190,8,0.0836728433532686,0.1454947849646607,0.1608810071874627,1460.8124971745165,1553.756180295902,1577.086570434018
7,origin,191,8,0.1401848612637355,0.177606699290658,0.1852466588258806,1586.0446511984433,1714.6968950683734,1716.7318678040826
7,origin,192,8,0.11122334010197,0.2000446451005903,0.2159298453536245,1488.9737299060002,1539.3305954423329,1551.9818601577365
7,origin,193,8,0.1258605932432333,0.2726650427655097,0.3039892474395559,1562.320338762033,1698.3031154963749,1737.1936541643468
7,origin,194,8,0.1667321480303056,0.3466150754259175,0.3629808278860656,1527.7406882517482,1606.7705074102714,1613.2446429340323
7,origin,195,8,0.1122722142341131,0.2147565431223901,0.225176123074437,1472.1955207464807,1589.0562009544306,1633.8128484194576
7,origin,196,8,0.1183885180650575,0.2092005801411671,0.2398678966073781,1487.167717389674,1602.0889955644489,1623.7429857231705
7,origin,197,8,0.0871078346479175,0.1692320556245991,0.17997728126334,1482.2317779235295,1595.6166824892423,1601.8825588507418
7,origin,198,8,0.1066063364982597,0.182553003489326,0.1908555320729218,1387.9879495075131,1506.260683145751,1547.4158096313388
7,origin,199,8,0.0989910531930407,0.1336470887457365,0.1346845125639924,1317.6107934735746,1423.9979574340218,1447.4303354726933
7,origin,200,8,0.1191852996341386,0.1818068912251864,0.1963173734939934,1424.4464662543132,1613.9650420976516,1668.3643154674446
7,origin,201,8,0.1193052689836274,0.297147771922146,0.3349929638210321,1491.8841035126486,1608.517195955564,1643.3791866417791
7,origin,202,8,0.1580512919163186,0.4218316729414941,0.5620966926256941,1426.9024738521923,1587.16813671509,1653.575497478516
7,origin,203,8,0.1184341132393968,0.2310056043086125,0.267237784098711,1362.8455868849144,1416.9523454706598,1425.908875378953
7,origin,204,8,0.1632788364967385,0.2998711177357063,0.3420176990971575,1262.125931167037,1365.9751867120544,1368.6515913451458
7,origin,205,8,0.1267673373282362,0.1838289505849237,0.1998129374999653,1359.4976586400826,1547.7360996163893,1623.7549730361866
7,origin,206,8,0.0667167205164223,0.1183396694789502,0.1365326942459848,1107.319722595228,1189.0097884661693,1204.2311115433713
7,origin,207,8,0.1152695843890592,0.1755167277747178,0.1948042501940008,1473.8553263997296,1552.617314556267,1559.50591917448
7,origin,208,8,0.1359474040622685,0.2636516358676379,0.2871738863084982,1460.1153659474603,1539.2086957000402,1554.510446239377
7,origin,209,8,0.1163011148266856,0.1949836034221413,0.2116287394271755,1420.2022419653467,1512.6187422660405,1515.1184429876707
7,origin,210,8,0.1293097230253803,0.2099324369391414,0.2201309936842224,1516.5115715230168,1683.5993293043257,1756.6547862092584
7,origin,211,8,0.1718121872865733,0.3660877715620297,0.4053450636466782,1544.9572998550727,1726.7020003370503,1761.0745522314796
7,origin,212,8,0.1184885186884781,0.2043078457818964,0.2107036856870904,1477.3766155895887,1563.2168482257696,1573.619357496102
7,origin,213,8,0.1417126581229592,0.2332590794660727,0.2364139584006462,1490.0939516803917,1620.5531133351833,1672.509893626759
7,origin,214,8,0.1581271229836451,0.3638509370835877,0.3733145025222881,1451.394784727093,1739.988689598263,1767.1992004193448
7,origin,215,8,0.1032101911982581,0.2038699898912717,0.2425204035954455,1425.946551887712,1469.914896724506,1470.5505058770188
7,origin,216,8,0.1402943145148096,0.235416508842133,0.2460539776343061,1490.279492119717,1628.790197436428,1685.0565274206826
7,origin,217,8,0.1157566504928041,0.1775270808516499,0.1827267552807356,1253.2452759837886,1316.1967309532988,1324.595910038199
7,origin,218,8,0.162027234757471,0.3204080661644354,0.3363486525087346,1507.5359199188565,1657.5176046992503,1728.525135722461
7,origin,219,8,0.1351906507750805,0.3056443666159824,0.3843353590014434,1306.661482019112,1415.4279104849634,1425.7466754913123
7,origin,220,8,0.0883333228910665,0.1143972413521708,0.1160395830006405,1424.7360405088905,1528.163679887359,1557.8498128140652
7,origin,221,8,0.1195641383149384,0.2448745986015561,0.2626757481913592,1540.594125222739,1594.873665218524,1599.47736908732
7,origin,222,8,0.1226510716565029,0.2216201270021979,0.2613564879726254,1438.997829022534,1500.358141728001,1511.840382255613
7,origin,223,8,0.1711993272428124,0.2648331519092337,0.2997123100707182,1270.0679078789465,1503.0219895118123,1600.892544703334
7,origin,224,8,0.1175389694939465,0.2198877306835977,0.2199481368174252,1350.078264861976,1500.9177655063254,1544.7776015606962
7,origin,225,8,0.1467875015926955,0.2633554907961792,0.2968520953025406,1173.0132753766336,1221.70894924504,1225.9366486634678
7,origin,226,8,0.19802317721176,0.4167269624841613,0.4971906780260073,1448.1368625532275,1566.4532764446903,1623.780547402166
7,origin,227,8,0.0873876555730531,0.201659560753117,0.2402212682231714,1412.9171546817165,1495.1158831560076,1505.9062423782011
7,origin,228,8,0.1525745093534079,0.3344691798909542,0.3478249886302176,1394.5144664653983,1559.874098710062,1625.9507801431305
7,origin,229,8,0.1385365392637894,0.3052614748935676,0.3821169655400093,1468.7015201011734,1575.219835943516,1610.1653264384115
7,origin,230,8,0.144668769265785,0.2875836603242022,0.293685821085363,1307.9618253312967,1392.6092009708464,1392.9462928058122
7,origin,231,8,0.1780888388362107,0.5300164211233921,0.6614286086756009,1486.2385445770387,1609.3773934793944,1616.673814077126
7,origin,232,8,0.0864918025943949,0.1318789111851388,0.1371987856190223,1345.316381227699,1425.7851380650643,1447.3671570150575
7,origin,233,8,0.1378823434323327,0.3505403808927756,0.3757925005289246,1446.43126492486,1583.87521631118,1618.739585155457
7,origin,234,8,0.1764253181241827,0.3718526906943839,0.4369897021293504,1391.7724083786686,1506.0146878533292,1540.6072315068643
7,origin,235,8,0.1709986222254146,0.386347461334845,0.4571402702980431,1312.566862648324,1374.0636121374291,1384.354461072304
7,origin,236,8,0.1225260008670999,0.1987229144473098,0.2003869311349343,1343.4169237104848,1420.5137973046103,1440.2641818960485
7,origin,237,8,0.1631275921266654,0.3521030234208531,0.4484925981199123,1415.526284084857,1614.9489594493357,1711.4231531571218
7,origin,238,8,0.1281361924377575,0.2108546203569097,0.2176836848886472,1504.747545920754,1592.9823888503247,1602.5354826568612
7,origin,239,8,0.1503449041647931,0.2222969616451416,0.2439728184897977,1609.5267610831136,1680.958950686436,1684.5994109758824
7,origin,240,8,0.1331242385347891,0.2385273065654598,0.2474305860107173,1433.66000311506,1468.0434971666066,1468.4071400489304
7,origin,241,8,0.1631703320694289,0.4132390716586388,0.4185032787690138,1556.6706353750517,1836.4849092642305,1893.2500411290944
7,origin,242,8,0.1095349967797895,0.1659468441862329,0.1761709013879416,1381.8400135229267,1465.006319878902,1467.9450480962678
7,origin,243,8,0.1848347403215927,0.4539184066450075,0.4691883797014392,1403.320500515165,1494.1457868740008,1494.2471443273043
7,origin,244,8,0.1533568501450302,0.3299239182089368,0.3905022454445898,1352.5266972927898,1436.1534345341947,1463.4023989448651
7,origin,245,8,0.1836476348584967,0.3362039970840931,0.4138961288847879,1419.39745019887,1499.733576288763,1511.8580050228757
7,origin,246,8,0.1821925972378732,0.4374599624376514,0.4583501747447407,1402.6758492374845,1651.274331176828,1796.9972018314631
7,origin,247,8,0.2088277912749606,0.6630220676162407,0.8272578889987104,1314.9115668485124,1437.259118591541,1466.2968442005376
7,origin,248,8,0.1243607807707248,0.2541301223091305,0.3131669796671411,1390.0323251279626,1457.7693332122738,1458.8811042699422
7,origin,249,8,0.1282804421076191,0.2340328340147254,0.2639285063863141,1481.926162845766,1549.762163519728,1556.9048613067932
7,origin,250,8,0.1029901399128632,0.1370231465632938,0.140323227229366,1598.5451769147712,1678.9114328577084,1693.5608858893609
7,origin,251,8,0.1315928020902583,0.2154056914342929,0.2358447650539483,1375.8572264888944,1476.0679755608658,1496.6751533469526
7,origin,252,8,0.1538357121446519,0.3483775410962624,0.3506217308510383,1501.3819809367988,1678.054231617721,1767.582470772821
7,origin,253,8,0.1442114266170874,0.2614787265556837,0.3116743829524074,1458.908100127596,1627.9883394627116,1709.5746208838204
7,origin,254,8,0.1171849374961445,0.1950629737096996,0.2224947841674607,1333.4500660926008,1395.3064719840604,1406.980436925635
7,origin,255,8,0.1789891362907113,0.4124598453424127,0.5287391207916311,1393.8034075457294,1498.93302297543,1534.1291944952018
7,origin,256,8,0.1070416807229571,0.2207542738010985,0.2476089682530942,1392.4839305682628,1457.6432312766308,1463.1094390136786
7,origin,257,8,0.1568301572655493,0.4270966249139654,0.4536315868930029,1477.923695317846,1679.7782317710744,1732.2421683474051
7,origin,258,8,0.1374412303589381,0.2036298306347162,0.2098116778500339,1605.7448421783708,1694.404313089504,1727.1964455636933
7,origin,259,8,0.1872989638535638,0.4217536993588112,0.5219873456888569,1415.379517795852,1581.111877565795,1650.7223437702655
7,origin,260,8,0.207807496389946,0.5409242029724173,0.6058837708878552,1349.996387878845,1471.026295683722,1497.0768026544713
7,origin,261,8,0.1857440662633529,0.492005368536741,0.6608947935981673,1395.2649656852543,1460.9063221735491,1463.799882933464
7,origin,262,8,0.1748061638763682,0.3748109295347862,0.4135963016285519,1404.6851955203476,1520.4198511547568,1539.7558656772478
7,origin,263,8,0.1336440249790687,0.244483460223566,0.2680589778910797,1405.5993022965183,1520.3364600299917,1521.9289919270416
7,origin,264,8,0.1339648560907372,0.3463003764505405,0.4526235449512486,1432.6845734737026,1494.099326039469,1496.4484949230311
7,origin,265,8,0.1501238600920687,0.2494720081959376,0.2523045897839093,1493.935168424828,1570.958502446827,1579.063761824603
7,origin,266,8,0.1495354749083485,0.3144964574047129,0.3855630297029979,1599.8780180540318,1766.6445848564097,1769.4612745303054
7,origin,267,8,0.1631426708702157,0.3663709752148028,0.3979838327700622,1285.1383683117529,1436.5433555022264,1464.8963471850714
7,origin,268,8,0.1648722743814526,0.3866392118707649,0.4453078809183452,1502.4008827573025,1591.0480737975972,1611.8691022952464
7,origin,269,8,0.1510911962510868,0.3409667379506658,0.3534753708538875,1602.6353836927155,1846.6462715567532,1955.49880865844
7,origin,270,8,0.1527153281453016,0.2567632848008654,0.2938722581401175,1158.5630818467143,1209.4229790936083,1214.7452952527358
7,origin,271,8,0.1488569263059166,0.2873641484106676,0.3330895162389749,1510.7919502330874,1581.2286014977688,1596.2743274565998
7,origin,272,8,0.1806621907604187,0.4568447037324873,0.5776331929708359,1152.2255505003875,1233.9437545153037,1259.0895808746686
7,origin,273,8,0.1872112713148676,0.4044196885466795,0.4921059041235792,1456.1286955191777,1583.328282016795,1597.7769628328151
7,origin,274,8,0.1791804713392493,0.3255925918497738,0.331993223280394,1441.076889737147,1663.7313630198628,1753.6467783029009
7,origin,275,8,0.1720397382931378,0.3191372577996264,0.3652555003210835,1442.8373443223325,1509.566366268648,1511.6525095666443
7,origin,276,8,0.1207265637996271,0.1841242603586423,0.1863463346914002,1321.918351217677,1393.6939462378853,1405.4036237477974
7,origin,277,8,0.1562404226133976,0.3369603678841775,0.3945911379887526,1421.1050499066837,1539.5962325521166,1598.8157678274524
7,origin,278,8,0.1527578041662186,0.3579781070439852,0.4309843480681742,1422.6040932844269,1501.40719627617,1513.2628963660873
7,origin,279,8,0.176514076116197,0.5264906034007413,0.6900335069746735,1111.489093631967,1237.411760446721,1288.259561203635
7,origin,280,8,0.1033937658842132,0.1584669762039268,0.1637734832642774,1163.5143522303904,1221.609332420508,1224.7466037934166
7,origin,281,8,0.1647256514597166,0.4454575510898581,0.4868487877204221,1379.7015989259207,1466.160415908839,1472.469135780608
7,origin,282,8,0.2266771573634023,0.6179961921793417,0.674722989256372,1365.1948959550173,1460.5706976877746,1466.9280147112977
7,origin,283,8,0.1250914432819936,0.2369608775340018,0.2760345549490177,1105.5174206938418,1179.1016459554105,1200.7409080846603
7,origin,284,8,0.1392831641886274,0.3552777232956626,0.4851041384788875,1183.5453173288088,1307.0747601654466,1311.3616119294154
7,origin,285,8,0.1972050972207127,0.4875461173290375,0.6436573451923968,1387.974533459347,1458.7642526306065,1483.7216206357637
7,origin,286,8,0.1731231909607121,0.3274564998550321,0.3288408997449467,1493.065658460424,1609.8284255641677,1612.5359498295566
7,origin,287,8,0.1286463803036968,0.2197841431171387,0.2579260116995061,1448.08749359853,1586.5712894216472,1626.8151526744102
7,origin,288,8,0.1785240087984257,0.3961453393428521,0.4008915450305602,1170.062716255005,1256.1841978408268,1263.7897602642415
7,origin,289,8,0.1422262262136615,0.2461643908717002,0.2943790838690611,1376.9852851261396,1450.2121607293834,1462.8548690172172
7,origin,290,8,0.1620065808618861,0.4142011232126346,0.5360200796604117,1510.1423367950003,1541.4023883712234,1546.2660725361209
7,origin,291,8,0.1751412475196498,0.3728194927372807,0.4121961589248106,1397.6612128422664,1516.9036620366396,1580.0396743914794
7,origin,292,8,0.1759784242230705,0.4361409660954752,0.5133406571323039,1431.2943740446938,1520.9510409486586,1529.6589177052583
7,origin,293,8,0.2098334754058838,0.4920586595504542,0.4987087951332927,1425.5909687512683,1551.7426487564178,1587.0215009950823
7,origin,294,8,0.1919032223452741,0.3370560516688666,0.3678546002970024,1351.6085209677792,1498.6671517596428,1546.8209415228312
7,origin,295,8,0.1787727629402807,0.3457665516936073,0.423144288185461,1449.4965508984646,1584.8853853521084,1649.6618816931098
7,origin,296,8,0.2278430306094763,0.5406576783041412,0.6717575941707191,1349.279434287735,1432.3237088894048,1441.092836460187
7,origin,297,8,0.1594665962182641,0.3198766292706047,0.3798886665810121,1468.4462697518934,1585.8468558475,1624.2836970453695
7,origin,298,8,0.2196289844329225,0.5435556276772057,0.591196950220028,1381.0401553597246,1486.7075703758935,1507.418909032791
7,origin,299,8,0.276220045239704,0.6830900126368306,0.7049692057749499,1439.9593196679502,1560.5330308013863,1569.4903813218557
7,origin,300,8,0.2162074563315266,0.5891019330045627,0.6281472447654415,1453.996221658014,1579.6337633585713,1599.181021077907
7,event,1,8,0.0761669401079503,0.1096654971801762,0.1226762952607896,508.8858885578074,554.3109058287207,576.3293469131007
7,event,2,8,0.1355780272460078,0.4260367629578263,0.5629563232389934,673.5573521536078,762.9866810060574,799.1716066252213
7,event,3,8,0.0924251101992652,0.1958008411396923,0.1987201233838982,649.106913367588,682.1749990176629,686.005958642466
7,event,4,8,0.1286844444980772,0.2557634483837098,0.3081620096106824,824.8743670182375,874.9115891620523,880.298208860746
7,event,5,8,0.1084556441043301,0.1908706707734629,0.2252972079914923,937.2957210278676,1057.5384773178769,1075.3197335196985
7,event,6,8,0.1000809958975187,0.169218490750506,0.1846508811758557,996.7872849245474,1065.6693668952337,1071.0856742036908
7,event,7,8,0.1116512154403755,0.2359953690644755,0.2552154530220809,1195.7928672092164,1272.3710923650651,1272.5768268648603
7,event,8,8,0.0764113774376802,0.1300564494855824,0.1521524878231397,1160.7188201917577,1251.2041563947892,1285.4032576074983
7,event,9,8,0.0891847933248855,0.1668208336251822,0.2069228550652718,1229.823333962961,1322.936292087675,1331.9905880890497
7,event,10,8,0.0776085940729931,0.1331875863825847,0.1335214372247172,1285.273326429168,1342.6753800220126,1353.0629148213484
7,event,11,8,0.0992017134152449,0.1981284760085485,0.2332838365498311,1399.4019439822946,1472.809316490606,1491.5758505092074
7,event,12,8,0.1111811518993932,0.243881016494785,0.2886177706878529,1371.7945161756602,1452.7189746388426,1477.0282799577406
7,event,13,8,0.0852830921921251,0.1507298401845934,0.1766412652829702,1447.608324356185,1565.3602009958677,1590.337291982587
7,event,14,8,0.1155144384124128,0.1926844084543602,0.2029089304720533,1403.0160619698172,1490.2689345302867,1505.1380322800364
7,event,15,8,0.0488618479270216,0.0726649359089911,0.0769067344091206,1420.3032813337911,1480.2889187093217,1486.5734694436435
7,event,16,8,0.0908326127777642,0.199739605793579,0.203938526360136,1455.6967675296369,1560.06229343617,1584.067471772258
7,event,17,8,0.0943640102505251,0.1507465894007009,0.1587818863176732,1395.6951474125267,1463.6044246151616,1466.1290359851316
7,event,18,8,0.1057695206118481,0.2772900810178029,0.3073397739472217,1467.2248067425433,1625.996196940519,1635.5391374813244
7,event,19,8,0.0856098187806277,0.1445748252838359,0.1472550914919097,1544.879678216941,1615.9048879307938,1629.7045020985113
7,event,20,8,0.097267037994839,0.2234556966378992,0.283587347383022,1381.626106262598,1423.841003161791,1426.8689926254929
7,event,21,8,0.1088311460002416,0.2675668985610587,0.3022331289591805,1471.6713416711907,1606.4953348331967,1673.2389468186052
7,event,22,8,0.1029783311806919,0.2120411530905094,0.2491617804296812,1554.292921614055,1613.028830010463,1628.336728267716
7,event,23,8,0.1144040292871386,0.215489359781124,0.2537142693150362,1557.4239082723348,1637.743301615238,1648.013368158841
7,event,24,8,0.0855596433377833,0.1518440681746228,0.1550337295814988,1400.4525632691546,1489.840892984564,1528.991117946856
7,event,25,8,0.0814816095468153,0.194813996776221,0.2476564364059065,1276.112790134063,1329.4336308077363,1331.0812350173226
7,event,26,8,0.0727540101588006,0.1625640200208742,0.1860955455859293,1487.4540480281498,1566.9080479041909,1574.4711192956877
7,event,27,8,0.0924293874066782,0.163070680390053,0.177288903087646,1521.6292859253624,1613.6958670510096,1642.907231251325
7,event,28,8,0.085525046146462,0.1640767738574366,0.16644024631575,1665.439217733138,1874.4057713592117,1941.178282457033
7,event,29,8,0.0916336971933577,0.1949054825332719,0.2122347758715109,1475.440927505995,1624.704210425548,1648.6163229080914
7,event,30,8,0.083087104106588,0.198053711481493,0.2467728974148434,1353.276329672029,1486.7227415964833,1510.049739873572
7,event,31,8,0.0731848838753729,0.1076937540360064,0.1205311364617955,1318.970187736476,1417.4410400389277,1427.1547457737552
7,event,32,8,0.064853434299726,0.0970680167462996,0.0986064284328025,1468.360647173508,1540.2996788066114,1547.2703409791732
7,event,33,8,0.1405406434866704,0.3009402412183641,0.3799003718102302,1631.201965789695,1776.4943020259236,1854.3521073088325
7,event,34,8,0.074713078346423,0.145227225735215,0.1466173270260231,1669.920123604113,1796.309987630671,1839.4058055375851
7,event,35,8,0.1025039812385827,0.3056394251014571,0.3320185916934199,1403.306630329119,1528.0115717591575,1552.22095453603
7,event,36,8,0.0653557082024308,0.1104074601737635,0.1198406159575179,1445.331332856861,1522.701012211151,1525.9996713360474
7,event,37,8,0.1124472741400415,0.234521040716963,0.2390766249479496,1375.3756906950257,1543.9690593857558,1609.4439800879056
7,event,38,8,0.0795979566376225,0.1157762777339911,0.1199434040079417,1301.1412009746011,1364.1346476100553,1380.7057638370732
7,event,39,8,0.0874989704395623,0.1750537896853771,0.1757813250050848,1439.684638685132,1540.8405617882777,1566.7453573087228
7,event,40,8,0.0959983574901777,0.2193845585812732,0.2374556970075051,1337.0003228629323,1447.054623684268,1449.1516957765384
7,event,41,8,0.0992641736332217,0.2170418067582418,0.2332750824812471,1509.7801980012434,1552.8849315475957,1556.4506743035556
7,event,42,8,0.093768799665047,0.1917029594582068,0.2431640855698803,1368.7973101907876,1419.204853339273,1421.055946526585
7,event,43,8,0.1201775424952375,0.2954771870360185,0.309513215553676,1540.0580139340725,1729.1889318046165,1818.4341464048289
7,event,44,8,0.1231584081893454,0.2367669311119995,0.2891992171005809,1349.972100767273,1434.8355919312426,1442.2875993502216
7,event,45,8,0.1082586307891423,0.2526086442468967,0.2862344324607411,1326.9683867481358,1388.9835804433196,1394.1348724501363
7,event,46,8,0.0912267841371801,0.1635183346409454,0.1923750308068544,1488.5608116238943,1667.5568074395007,1730.177687624403
7,event,47,8,0.0858739010668018,0.1546669370556415,0.1698227687271683,1553.0872911332867,1678.6773247239123,1744.9225270564746
7,event,48,8,0.1016713035478085,0.2868208549007269,0.3605484605736521,1426.051601346387,1545.959502464844,1591.006072468561
7,event,49,8,0.1181247484667123,0.323322360328747,0.3417849029818933,1540.3684762323212,1617.3695427627242,1631.065250255106
7,event,50,8,0.091781041083287,0.1895664566111692,0.2261064235308981,1539.7499338099133,1791.504320613498,1894.7185151634692
7,event,51,8,0.0840316564564606,0.1457151832123512,0.1719691893682147,1459.1806823491029,1494.8173695087944,1504.5306872664032
7,event,52,8,0.1003103703608121,0.1784170797404868,0.1913354203664082,1466.0196313065885,1522.2451172773704,1532.817031782569
7,event,53,8,0.1023310969421526,0.2481766147352418,0.2767165747057403,1281.739739414505,1349.8496683414107,1353.9559165129267
7,event,54,8,0.1347863848168554,0.3697684994548297,0.4191680241737457,1373.28628542388,1444.1288117514373,1458.4655389010095
7,event,55,8,0.1300875548734443,0.3407760960590424,0.3717995747150903,1531.6143069359175,1637.2304043554473,1645.3142575005893
7,event,56,8,0.0980466859510412,0.1617743347651453,0.1723995378954427,1544.8478102756294,1613.2236475048353,1616.8104064047798
7,event,57,8,0.0921781723326732,0.1989988629079913,0.2196522136553629,1435.580144461523,1478.5328794776815,1481.8805670593024
7,event,58,8,0.0790102168362743,0.1766786990421166,0.2017764047489883,1442.6242948676909,1668.9377135528955,1754.2529122215758
7,event,59,8,0.0767125309362549,0.1482577358167191,0.1693195008714502,1521.6542212927664,1623.614693074182,1642.3227565620914
7,event,60,8,0.1272088449277308,0.3277676229198356,0.3954543141546047,1234.6220057262994,1381.4064602827634,1427.4060543243984
7,event,61,8,0.0732975881730776,0.1139428407126575,0.1179366612352249,1298.7626486293188,1361.8853497284465,1373.3634189212207
7,event,62,8,0.106706839268292,0.1883958543222516,0.1909722207453202,1455.7837333383495,1524.598439094094,1530.0674052535562
7,event,63,8,0.0943041565402804,0.1797259942890654,0.1993767422242577,1467.4519835217766,1588.7928749434486,1627.3721963645278
7,event,64,8,0.0885613060270247,0.1494056039032847,0.1614021834378737,1315.4781768476792,1390.059241732616,1407.9320682744803
7,event,65,8,0.0756261209800903,0.1166936617994794,0.1206877459727312,1549.6333921438036,1616.8539428208917,1619.1829327088828
7,event,66,8,0.0762136730191554,0.151317104164557,0.1775075032274852,1475.7468372336398,1606.0066933184585,1612.0534219785336
7,event,67,8,0.1050294656205506,0.2091219714908892,0.2178121391861915,1464.1903893442814,1601.3978498486124,1673.4990611676358
7,event,68,8,0.0889343358046394,0.1312161968428993,0.1457258887993018,1492.4279240106885,1607.7773298042675,1632.5254007874612
7,event,69,8,0.0960700942561398,0.2097100467174148,0.2361376646518568,1558.5796173633305,1644.9147772874985,1675.638455456284
7,event,70,8,0.1095211797737035,0.2735134068190487,0.2811723680150553,1432.0475290476445,1532.4580104765064,1575.0798721127442
7,event,71,8,0.0860282805697899,0.2267247011534218,0.286664523381315,1336.6589870601836,1447.5443728546877,1459.0381335106913
7,event,72,8,0.0931353036942218,0.1423803840368711,0.151284113133943,1357.9471736947935,1448.7278684923542,1460.057494054996
7,event,73,8,0.0921200116001892,0.160895084652359,0.1842361772569345,1382.3306803799137,1462.6512844536855,1488.32913093128
7,event,74,8,0.0831306527514381,0.1805301759664498,0.2194621559299233,1396.18185963231,1478.2708438245156,1481.834157480438
7,event,75,8,0.1034919657161247,0.2137310489936213,0.2151599399578844,1440.3586592317824,1550.566619725932,1576.0006787166958
7,event,76,8,0.1062307399859605,0.1860748867115261,0.1953785199733179,1556.212940613491,1625.1942490815204,1633.138707464455
7,event,77,8,0.1454474995277123,0.358191896868357,0.3819204561714175,1435.4954305977672,1490.4857283905587,1508.3765390585766
7,event,78,8,0.0900506068554447,0.2088377581662522,0.2318056267203558,1422.6454825231697,1516.3460340596828,1529.3012649395175
7,event,79,8,0.0811138114086907,0.1788450521163746,0.2157929023911775,1388.472357276774,1504.2508936322636,1533.8202997319588
7,event,80,8,0.0731060472495698,0.145528689091224,0.1606028150149464,1571.896080855122,1692.228597579699,1729.611452422473
7,event,81,8,0.090080208165948,0.2081463315296194,0.2718719620857985,1428.96200620827,1571.5617283430531,1610.3410036521068
7,event,82,8,0.1307255440606323,0.3476221402392574,0.462288486633176,1409.8886144453725,1455.538587111072,1461.6923059201074
7,event,83,8,0.0805743933902992,0.1615452131249796,0.1778027293403684,1462.12112509869,1526.2533330619435,1533.1985611157954
7,event,84,8,0.1125678060936068,0.1499022387289438,0.1499193296230065,1591.856343013355,1805.192009996026,1891.40422100836
7,event,85,8,0.0828208750539512,0.1436396739636636,0.1679620274735767,1378.5823270109047,1438.390977518933,1450.988198527469
7,event,86,8,0.0936619052399677,0.1970738554125433,0.2252969501163243,1485.7001603560911,1579.054227721762,1580.624054476884
7,event,87,8,0.0662565243606987,0.1126703102537889,0.1165465591931185,1505.3974540761574,1617.3773112670317,1631.8362896078336
7,event,88,8,0.1193803709913933,0.2591658891001728,0.2720376358591281,1509.6540891512943,1720.3630238632188,1792.6613747540862
7,event,89,8,0.0970612782526177,0.1893873891327139,0.2324645174074311,1451.7495871277206,1530.4558876335527,1542.8283713861504
7,event,90,8,0.0840766068640191,0.1544603461877706,0.169736043397911,1282.707596681831,1371.9726947333677,1379.5915171053675
7,event,91,8,0.0658862418016203,0.1115904517080576,0.122727164713284,1540.8714646906642,1659.1401469281227,1680.4443830437006
7,event,92,8,0.0937784316302282,0.1711386831545691,0.1776010549786657,1423.7901129035154,1501.0301462627244,1504.5490347773084
7,event,93,8,0.09688759755672,0.1745138674626406,0.2088096392446921,1569.3220986265912,1744.3097377315603,1807.727296544566
7,event,94,8,0.098645889939922,0.1569002990414522,0.1686282194688297,1457.553550451023,1543.8905684657318,1550.845669559192
7,event,95,8,0.1157735061706771,0.2654778463169811,0.319109205117796,1441.2623612522416,1644.602341039082,1728.7117151303669
7,event,96,8,0.073404900603358,0.1091940259393661,0.1149073626025515,1469.53586857463,1548.743106588187,1561.4528998223736
7,event,97,8,0.0973656306022895,0.1886195906794109,0.2387123615631189,1622.377335427679,1671.899867866453,1678.283514242702
7,event,98,8,0.0824771038379683,0.1611284949298458,0.1700410281953024,1300.9752910884574,1357.8450106239488,1361.032993197926
7,event,99,8,0.1030110302170493,0.2013348522571209,0.2235796484720578,1460.226750595992,1564.9593286270738,1579.8301265581142
7,event,100,8,0.0985657445317402,0.2601504772908392,0.3267424363196089,1553.2246025258776,1731.8259000255707,1795.7469963037556
7,event,101,8,0.1250759511031856,0.3974420147830666,0.511684911653512,1459.0340686833815,1631.6336661599332,1687.8555972170195
7,event,102,8,0.1040448596068116,0.2521744394836369,0.2904760386839493,1646.9021404329228,1744.7931555379114,1773.987653099956
7,event,103,8,0.0969046210242518,0.1608583246673299,0.1673057330550775,1407.7469781935245,1491.1540358837233,1497.9142207483603
7,event,104,8,0.086983733928239,0.1862885866179229,0.2014099762541444,1483.6169781253,1611.9074462166511,1654.496335735072
7,event,105,8,0.1112215919338426,0.2465374125188114,0.2963296424359935,1384.384486549044,1486.6883743553865,1496.9492770558606
7,event,106,8,0.1002824457323999,0.2488171676843666,0.3152897291052405,1393.376600609951,1448.724385636285,1453.854369069856
7,event,107,8,0.1055691403590121,0.2339217643168253,0.2525349627045091,1203.1240155746175,1280.188713467309,1294.1160298527984
7,event,108,8,0.1364533102409366,0.3435645650084444,0.3640368033339066,1557.919566699489,1757.5207820356798,1800.2467193163484
7,event,109,8,0.1232440553138873,0.2653795081272359,0.2742595216698716,1404.4834107676263,1484.066303830941,1485.1480016342066
7,event,110,8,0.1100809726317716,0.2266572603586246,0.2522784074799361,1236.7026044293782,1319.4538508491833,1328.7152120310895
7,event,111,8,0.0852037588512876,0.1945633845941168,0.2204694627467149,1551.2006283377475,1763.5073940961372,1792.1607958557338
7,event,112,8,0.0861549830346795,0.1631307839284656,0.1840178919654137,1399.737219478024,1461.4021735024446,1468.8524481081213
7,event,113,8,0.0925669418971338,0.2101479398636337,0.2606785007382336,1411.130283615276,1458.218258675071,1467.960406756574
7,event,114,8,0.1081470524160298,0.2623026475766434,0.3057061941530812,1436.1428640256868,1505.658853666671,1510.4609382414567
7,event,115,8,0.120681629072033,0.3324339758194696,0.4067952639230575,1268.5751613539426,1452.4201875592748,1522.3255416391391
7,event,116,8,0.1138911106226852,0.2238603476561901,0.2388371232194067,1518.0106361370836,1703.6050313126125,1795.0630782106095
7,event,117,8,0.0732457357798639,0.1324414681220425,0.1521982870477096,1450.0469637213262,1486.993691976794,1488.8938689016936
7,event,118,8,0.1126745328737348,0.2538872208175242,0.3172396875556607,1240.1663201731965,1365.133022908446,1402.3459479599626
7,event,119,8,0.0928829885639195,0.1792446160555912,0.1862941140770433,1331.803655825756,1435.2951134267903,1471.0975480760032
7,event,120,8,0.1226970138328029,0.299556966253236,0.3502570522523237,1486.200906847711,1546.201491045567,1546.3648572090751
7,event,121,8,0.0943515916934813,0.2418728514632208,0.2612732846540126,1517.1711146062912,1631.1327328897137,1662.3584299697338
7,event,122,8,0.0874708864818485,0.1594680957944744,0.1943871146606585,1472.032939716546,1599.506050587226,1627.133952956851
7,event,123,8,0.0829577295476982,0.1347804508572855,0.1351603814911898,1529.4661184756649,1621.8564461602853,1651.1847136086585
7,event,124,8,0.1343919041732664,0.3221108302410042,0.4036632685751684,1477.5313951964297,1539.1788021134955,1559.804896594901
7,event,125,8,0.0880641954014619,0.1702913859441366,0.2049151998454463,1455.822938703191,1555.269186328045,1558.7429218947834
7,event,126,8,0.1120374541156418,0.2598937360060903,0.3052785360854073,1481.935318962864,1601.9519819230095,1620.9174388497927
7,event,127,8,0.1034316036372057,0.2039895772997465,0.2192424890640027,1529.9858447725428,1733.4211449096665,1811.245079023164
7,event,128,8,0.0985575921507715,0.1893748887698402,0.2013039653440071,1292.0147185988772,1407.0898256160049,1431.829905986896
7,event,129,8,0.0989762188102769,0.1906174460332805,0.2304721849130536,1385.4749700251296,1514.0379648379262,1523.1336948185833
7,event,130,8,0.1073939619134088,0.2304896804568254,0.2884759907762103,1405.412537374356,1581.4011039870709,1652.176446116253
7,event,131,8,0.1024988639223101,0.194213644603045,0.1989055073008198,1423.412666545796,1558.600837680628,1561.1198143816605
7,event,132,8,0.1226327902474783,0.297810171512548,0.4002015057528422,1432.121643404544,1736.4881191984366,1909.373569984119
7,event,133,8,0.1398908438927427,0.3801253703979271,0.4256492984106927,1545.8739430562164,1621.1221536081366,1633.3716975320517
7,event,134,8,0.1005279864054553,0.2691786735656893,0.3036297349786096,1544.2952102724998,1722.8082780005034,1794.5544885828317
7,event,135,8,0.084331527312432,0.1783416790583343,0.2140774908015725,1420.6797449077517,1542.6597630445865,1564.5871524294205
7,event,136,8,0.1156137809083692,0.2850067967041585,0.3266829756012817,1524.1831171632678,1721.8825574922744,1795.8047652727544
7,event,137,8,0.09838440868069,0.1811748053415785,0.2261320515335419,1467.251870988715,1621.46400712248,1658.075546747866
7,event,138,8,0.0905492338753289,0.2147508807422136,0.2341320411552984,1410.9982685364366,1603.3888882158185,1658.4279263510828
7,event,139,8,0.1186185747244756,0.2977793198907775,0.3154978603946094,1236.328381373988,1377.89137805121,1417.6161846818247
7,event,140,8,0.0735197708285574,0.1196982413331903,0.1371411698562889,1440.8529778561535,1602.8622533297437,1657.4161787488565
7,event,141,8,0.1068966842499141,0.20732679656154,0.2342572676945011,1551.272107505216,1614.242381895776,1618.9333564303518
7,event,142,8,0.0958494050382793,0.176817955613776,0.2033678007045494,1506.7930223447947,1575.2344366349157,1577.595571013878
7,event,143,8,0.1027411297824449,0.2373059380277055,0.2779620933716266,1413.362941872125,1573.2098934793255,1632.524656885006
7,event,144,8,0.1092275554852989,0.1693839257099575,0.1715420151949105,1293.1161701789274,1397.8430443820664,1408.0603315175977
7,event,145,8,0.1492528552896632,0.365056662152899,0.3900420145116475,1457.9932629328118,1662.9061079447092,1767.947476137493
7,event,146,8,0.1192986593152935,0.2396791149259464,0.2676539502578917,1472.7953471024025,1572.2353244784883,1625.4324507986123
7,event,147,8,0.1239096392779941,0.2841632946185993,0.317775730356733,1529.3517851844306,1639.3222602768617,1666.935960547106
7,event,148,8,0.1059248312578147,0.1936563964797752,0.2291476712410906,1305.4908482893345,1375.902568963622,1401.8096673826865
7,event,149,8,0.092746188784674,0.1515397046035441,0.1649510962969106,1510.1107663188195,1716.4389342856184,1806.48610961836
7,event,150,8,0.1118067128096681,0.2145688890066632,0.2463131080698307,1523.8306002718575,1609.4973098700968,1626.1776997530264
7,event,151,8,0.0946077061324244,0.1637669364580314,0.1848876511052627,1533.2157667786137,1650.5819785140477,1659.680657213071
7,event,152,8,0.1020858826591595,0.256739322124227,0.3516976938115032,1383.1102845979722,1462.5481560648925,1479.402515299266
7,event,153,8,0.1405371974650344,0.3493538468613015,0.3737472974515096,1579.7941723830882,1689.915771284862,1704.9094301828595
7,event,154,8,0.1265537223149259,0.3206555391070928,0.353568369228391,1381.4237424909795,1481.7783603483952,1484.572874828193
7,event,155,8,0.0996473402368284,0.201902004534879,0.2615074645034749,1473.4419624659529,1649.634772323964,1683.585642023818
7,event,156,8,0.1204967096865536,0.2861859512826981,0.3408290966746976,1560.275445746708,1641.1405517421065,1648.358386163258
7,event,157,8,0.1388555164121301,0.3273654085010021,0.351519203033181,1389.3225082470426,1516.6779211201988,1536.3027678609158
7,event,158,8,0.0937060205522035,0.1822860165115006,0.1955384245952971,1520.8475289985463,1609.6063547215035,1616.5888999816175
7,event,159,8,0.1134465337667729,0.2432228252942582,0.3127414133225567,1343.4043770098085,1393.3059213266026,1404.6717202818404
7,event,160,8,0.1363949746882025,0.2687491860189457,0.2843589791702373,1418.903179923328,1587.25501336331,1632.6775868653356
7,event,161,8,0.1476157463200198,0.3656697321068574,0.423911017971963,1430.252387853389,1544.8406721234144,1560.1716569826922
7,event,162,8,0.0837139025060876,0.1314206992777034,0.1383598586311869,1114.2448625166655,1188.2936972751254,1205.0370725271114
7,event,163,8,0.1278787921127682,0.2791510758463262,0.3482411179209208,1391.7354616732146,1600.14938076641,1715.5287138404965
7,event,164,8,0.1251035336492142,0.233655639065873,0.2913076894062158,1408.079220160948,1510.4719980208574,1538.5127225739056
7,event,165,8,0.0895993613797749,0.1654639374544219,0.1668198086413777,1217.4316798187383,1313.1344456995298,1314.25865705836
7,event,166,8,0.0982886576168598,0.2217337464047393,0.2564893420616229,1471.1261493059355,1530.457749492818,1531.1627255114963
7,event,167,8,0.1305931387102813,0.3921854321490833,0.5446062868163491,1274.544273449929,1345.6058136379063,1353.2076989228565
7,event,168,8,0.0909976498990962,0.1588528221605237,0.1835080807633392,1356.997036387619,1452.2171341161177,1456.0088355776516
7,event,169,8,0.1177933078919884,0.2252287655396418,0.2728852322063477,1538.2428578734514,1786.2319022028498,1867.869304275186
7,event,170,8,0.0882508279067218,0.210255647178942,0.2306557940182593,1428.1095049045416,1555.5973879830533,1595.8440581923414
7,event,171,8,0.1159742867364779,0.2112194901471689,0.2169022932965578,1241.6305024080316,1330.8933445481111,1348.153694006756
7,event,172,8,0.0828214848653733,0.1660777851126837,0.2069902138438837,1442.9741413052052,1619.1608677301765,1678.56894867993
7,event,173,8,0.1068420209610682,0.2296738874145485,0.2670596237590233,1397.3579163383754,1513.8462614661964,1554.625443758513
7,event,174,8,0.0917170969573052,0.1515168401852246,0.1709071967528374,1516.5999317415026,1696.861565034812,1756.9547009251228
7,event,175,8,0.1878582084960718,0.4787442466231543,0.5685790086849228,1447.0819206131755,1547.5648596022877,1596.8995578723525
7,event,176,8,0.1066666689732846,0.2080533998656444,0.2368592576287653,1299.6844074469911,1386.2189948615976,1397.8030083303709
7,event,177,8,0.10671627679881,0.2164982407716816,0.2627378863900572,1419.1826889513236,1529.3472893845228,1546.0858936283232
7,event,178,8,0.1679233328981999,0.5082387434441366,0.6982367825257247,1409.3264474439616,1507.6756979893155,1523.8669939087804
7,event,179,8,0.1007111451004868,0.1705044000491627,0.1981497597054524,1350.258883435779,1495.7937909407333,1526.4452914365368
7,event,180,8,0.1312736570459406,0.2068842102952616,0.229899699169126,1482.6061850489032,1555.0259518863431,1569.2887488762394
7,event,181,8,0.1082366842056254,0.2415269082238186,0.2507365863649339,1446.7401229194036,1564.4741796178982,1583.5464000695922
7,event,182,8,0.1106513033206595,0.199885612699176,0.2116078802411272,1395.453826959504,1525.6994976467545,1532.4289140733108
7,event,183,8,0.105953624945552,0.2153561973433184,0.2556601604007404,1491.779200819293,1541.5010869804128,1542.8763254691612
7,event,184,8,0.1077460087933369,0.2544147506854319,0.2814753439822273,1094.2245982320776,1312.5480287390694,1405.090710194332
7,event,185,8,0.1221060166704326,0.2719684651766666,0.3316019586476887,1195.0987274762188,1249.8540237853765,1258.6679754946845
7,event,186,8,0.1192861147879214,0.1772579025333298,0.1914109652708871,1458.4386173851808,1534.4661620395254,1569.736160776839
7,event,187,8,0.1726102756458249,0.3445305195399932,0.4041120715740111,1525.4832209098447,1662.9306627637127,1692.8055398725596
7,event,188,8,0.1204562543107892,0.229863800050157,0.274936923292825,1502.6441549172118,1550.754799881271,1560.8456106986496
7,event,189,8,0.0840291649396997,0.1524524684427209,0.1826546463079736,1444.3242285477202,1542.8864250392576,1545.3263177225826
7,event,190,8,0.0831036314656428,0.1347818138713648,0.1525981246317723,1388.4486344726538,1484.985134760021,1487.8958492178124
7,event,191,8,0.1272235734207908,0.1970055967364206,0.2099906631257157,1520.245347511475,1680.604242275138,1685.0988702059722
7,event,192,8,0.1245186720765797,0.1917488114045017,0.2098782922662826,1443.0823072290254,1600.802208601726,1667.958421304125
7,event,193,8,0.13129690037774,0.2636266143405295,0.3278037674289806,1529.3088158957055,1671.6685262006397,1684.4185311760937
7,event,194,8,0.1150646129619258,0.2598227590561243,0.2815219066422087,1460.2453257324205,1588.7607391274018,1602.725681619127
7,event,195,8,0.0893793434753321,0.1726404439686344,0.2134354022222525,1400.867356658393,1501.6461258399415,1511.807568148724
7,event,196,8,0.1271407853172627,0.185366563267436,0.2035803003080671,1465.057818636404,1591.450280020429,1599.9060933752337
7,event,197,8,0.1297462701091325,0.2699119875285181,0.3015816736824476,1421.84793561618,1550.08115109379,1559.2973677586513
7,event,198,8,0.1362295576306377,0.3278774501736843,0.4384174872725319,1341.110118602767,1471.8554721241394,1533.0785387008996
7,event,199,8,0.1010720029645442,0.1511700310228963,0.1535162505079143,1232.6042435476215,1330.8180701363694,1360.206613443266
7,event,200,8,0.1061727824599153,0.1885576440564766,0.2242624220332849,1370.995941920194,1570.3278353398998,1628.4086365482483
7,event,201,8,0.1027910664299733,0.1585717766275199,0.1617129233915249,1432.1216792263615,1534.7679000106127,1558.8894842144232
7,event,202,8,0.1457601803500502,0.4162442175880121,0.4997848517568591,1366.387879934659,1476.8153610603936,1519.3132794425728
7,event,203,8,0.1204132881243699,0.2459029278878551,0.2880855552881188,1301.1141984961623,1387.8779110144928,1398.9772846904468
7,event,204,8,0.1766411858610463,0.2602654108088262,0.2630399670738539,1176.1325882806436,1307.7053933622772,1323.92394513796
7,event,205,8,0.1032641940140503,0.1379525119790353,0.1435102734711485,1301.8498454245964,1435.7149517692749,1471.9441559485078
7,event,206,8,0.0745910464221534,0.1322928771425116,0.1449030297118818,1073.560832789659,1160.26563425539,1173.0361802399077
7,event,207,8,0.0994841546579079,0.1692738598821717,0.1921972287460908,1465.0346513438296,1542.3494418038215,1561.7643464340854
7,event,208,8,0.154599805122817,0.2930119038042147,0.3105790929896888,1395.7103832157643,1476.83513504804,1479.214037796628
7,event,209,8,0.1016733364114007,0.1590776226480908,0.1666807348369838,1328.2460041705294,1454.9544086153132,1457.8403939015825
7,event,210,8,0.1451544610299968,0.2650150198717794,0.3193726025275394,1479.193560016935,1705.1632498612244,1825.897378258888
7,event,211,8,0.1427015178147195,0.3150721709284873,0.3330021792180305,1482.9470951378676,1665.9806366849648,1753.268237415411
7,event,212,8,0.1133286320200481,0.1737479753006225,0.1873087388690402,1429.3983088849243,1524.28258437986,1549.4157358322525
7,event,213,8,0.1457798722208529,0.295346008282404,0.3192474101599291,1418.682865205444,1523.975101726404,1544.0281488123742
7,event,214,8,0.1258414458825626,0.2400660249993997,0.2413108842496237,1368.0469996392676,1604.1710124783378,1632.2348900805464
7,event,215,8,0.1397912051578764,0.2345352393322827,0.2618837353233403,1340.7868633047342,1424.0706052632747,1431.3137779833878
7,event,216,8,0.1558622532082675,0.2610396694426944,0.2987979994967278,1460.2360785780395,1640.5101241323416,1725.0541882958876
7,event,217,8,0.1456033488782579,0.3186224915015602,0.357397086526978,1234.077388901014,1346.394759474476,1377.504936827697
7,event,218,8,0.1429706987285973,0.2757133598761462,0.321195051261419,1494.0890585539062,1757.9359343355495,1887.2381029097955
7,event,219,8,0.1128899342977848,0.2552028667922956,0.2935978877320739,1284.7097999403911,1358.6656548685337,1366.3661336113832
7,event,220,8,0.1135805775785146,0.2079733877817881,0.2280923127410039,1381.0325610898583,1454.7594888321348,1490.7576289111018
7,event,221,8,0.1500976449039258,0.3661855086171801,0.4775802379773686,1524.320213564093,1609.7261049819576,1632.6557099048216
7,event,222,8,0.1323362534414609,0.2212145036597575,0.2334829519968832,1378.2753446975616,1422.1592845077466,1428.480064012274
7,event,223,8,0.1284678300253087,0.2004523072743841,0.2205226627826125,1224.6471417682512,1409.9331324537752,1475.5344357487752
7,event,224,8,0.1225987971249369,0.3105323959780285,0.3549968566001479,1282.379594536994,1429.1101068542782,1480.8261518008726
7,event,225,8,0.1298607048507619,0.2739661108699455,0.295887092033838,1144.611663042262,1248.0870567928332,1248.4276085530132
7,event,226,8,0.1277258143774356,0.2249697206320983,0.2300873621482831,1388.521574377972,1443.59965140726,1444.9221359318271
7,event,227,8,0.1166470860285281,0.2544676310688047,0.2636179052490173,1360.8474941464367,1415.904350890417,1421.664900628679
7,event,228,8,0.1381083603490774,0.2932390574742315,0.3678721295233316,1307.9779207557208,1362.4986609277742,1363.9629659453433
7,event,229,8,0.1149322189410386,0.1861235731776329,0.1963647495390347,1390.9688652829543,1474.4161622416298,1505.1020201554302
7,event,230,8,0.1235394335508089,0.2400791066775687,0.2869792145422775,1286.386353516134,1344.6021404551934,1355.4223301321665
7,event,231,8,0.1459812973567132,0.4120546446812078,0.5494436206404172,1432.0791234429914,1505.4155902509874,1506.3204334390098
7,event,232,8,0.1177732347030801,0.1964638342212655,0.2110115133323148,1295.5951369445306,1352.9804591521113,1358.1504482456544
7,event,233,8,0.1229832623033395,0.3082827581133155,0.3413224996396455,1395.6579222479947,1537.635714080398,1589.7045930457036
7,event,234,8,0.1321264628054629,0.2381448836024479,0.2824618858659897,1348.3802444068974,1425.737515733032,1442.6937157960317
7,event,235,8,0.1129983731510962,0.2538871885063529,0.2804404006454214,1244.4871565906865,1304.642020345747,1304.9134433590257
7,event,236,8,0.0971151765948283,0.1564546101448199,0.166957311863671,1283.2797815082,1367.0748791881238,1367.3020888886306
7,event,237,8,0.1205932200618144,0.1948113270496493,0.1952749815823333,1346.8169187694562,1594.0078213457984,1708.3558436233538
7,event,238,8,0.112904326243264,0.1704674415682961,0.1912323760343799,1470.100709432877,1555.874782032634,1558.6676784986955
7,event,239,8,0.1604582468201313,0.3526500544347302,0.4136519978924734,1596.6514796829438,1764.1109250639158,1840.216500320328
7,event,240,8,0.1306359302353616,0.3053629271398325,0.3991732045098556,1357.423936514577,1415.3148587493467,1420.1649380201666
7,event,241,8,0.1400878639245766,0.2695324340678487,0.2895739247307702,1479.0577977397372,1674.4590383808677,1675.7664806859336
7,event,242,8,0.1038496607836081,0.1884440352550799,0.2097453372051959,1339.4129427777173,1429.2833785103098,1433.1833993164666
7,event,243,8,0.1550401534469247,0.287096557986749,0.2934801683019097,1363.432072394531,1465.981913280696,1471.8809410257595
7,event,244,8,0.169184239176471,0.4535000812776066,0.5358378444550165,1319.2075983117002,1404.8345837106829,1407.0722866424849
7,event,245,8,0.1897418053375396,0.376930200476999,0.4004051443827913,1330.388646116481,1420.9561837839462,1423.4085375833831
7,event,246,8,0.1772527816436769,0.4013551815402104,0.4031814072728683,1337.1214510935615,1583.131801682734,1730.0710392743536
7,event,247,8,0.157599824803479,0.4613113602258281,0.5980819039864231,1271.8621233146564,1411.4175190439223,1435.6886205068122
7,event,248,8,0.1458810682787735,0.3700356701199162,0.421411583262941,1336.9368288093087,1393.8131569313214,1395.3034207193748
7,event,249,8,0.1686418528505957,0.3327046221971084,0.3552453840842264,1428.4685564435626,1544.996141317094,1594.214639115676
7,event,250,8,0.1253472231965395,0.2160183666129572,0.2363342908830626,1538.9591162140036,1662.858972756991,1676.3533976880697
7,event,251,8,0.1507706053159846,0.2162770886473103,0.2166925096330121,1307.7459668411375,1395.2595052135152,1404.8827650265034
7,event,252,8,0.1656681872241231,0.5106640508480353,0.6920051501422301,1443.4019614581375,1577.2613583107234,1613.331660008799
7,event,253,8,0.1446471362359768,0.2625009855178402,0.2648779577734017,1401.962516891725,1529.8567185597103,1572.26752937906
7,event,254,8,0.1480995356840549,0.3215046802181664,0.342684011130447,1296.553993396623,1369.8235184612015,1391.683954942754
7,event,255,8,0.1507174244509576,0.3572623385401706,0.4468054686070201,1337.4965254421695,1381.9187645478023,1382.6870272658327
7,event,256,8,0.1198643009048471,0.1876499225035564,0.2070270286846789,1342.81786219992,1446.044340322695,1448.3915662095603
7,event,257,8,0.1996727495966719,0.4663394161841648,0.5182730390213982,1433.0731550453384,1561.82901174963,1598.5698658441593
7,event,258,8,0.1639417795990314,0.2929966059727153,0.3408509665780178,1553.2834037830366,1664.0810393977072,1709.650041777403
7,event,259,8,0.1543399726729551,0.2747316982958678,0.3100895286366159,1342.914936756823,1445.93605292523,1458.2447270607288
7,event,260,8,0.1629920101204998,0.326170468299594,0.3411689771915656,1310.5222408860031,1401.1202428754862,1407.8958669649194
7,event,261,8,0.165589987838424,0.3678567667490759,0.4500727557716293,1329.877631611391,1422.6084042627956,1435.70204955699
7,event,262,8,0.1688220866857357,0.3817276587580088,0.4581532780268615,1343.3613291845884,1442.9669914316398,1461.066313968746
7,event,263,8,0.1283592271335302,0.2126497646995589,0.239819060718978,1350.6302633960436,1472.112120585588,1497.3499763442892
7,event,264,8,0.1110287861014202,0.2328468204833359,0.2910828087559868,1385.6913250058417,1487.2344759925163,1505.9805746101122
7,event,265,8,0.1915458227702043,0.4005596631166654,0.4794892182599379,1434.4519918103715,1593.2595100338467,1660.3560531828878
7,event,266,8,0.1344591251946428,0.1957458138087775,0.2212622557962787,1538.90892333977,1642.6708041088834,1668.1572045374146
7,event,267,8,0.1685191745188857,0.3064336274073719,0.3078542333416141,1232.7429320046112,1321.574693097473,1326.1316507002566
7,event,268,8,0.1832779366772358,0.4237959902773883,0.5364522090394256,1481.604436084542,1513.9406895495729,1514.536616343773
7,event,269,8,0.1250384039321161,0.2370158477624909,0.2825965536726776,1565.890364535097,1750.7558120906283,1826.3261504040745
7,event,270,8,0.1361427372673889,0.2172278040505066,0.2204044707448322,1129.8930096832369,1193.449655441957,1195.1506815793982
7,event,271,8,0.1597907456256879,0.247659469092073,0.2627111309496686,1437.7139527215224,1478.013539709306,1486.1475530336927
7,event,272,8,0.1664246405399346,0.4542529524425029,0.4855039119719883,1073.6783968222085,1149.388088074328,1165.6023384514883
7,event,273,8,0.1763027533768448,0.3214678071605902,0.3361339120992395,1444.9627674888009,1555.2514543260445,1572.3108067229496
7,event,274,8,0.1593607850780075,0.3319080637507738,0.4207824219997293,1383.448161198672,1628.1679846798847,1751.5057526912642
7,event,275,8,0.1976060825749288,0.3383093241618912,0.3673692476211367,1382.971821821098,1496.0045503283693,1508.3194187990584
7,event,276,8,0.1966602688705069,0.3932736362243595,0.4338967081541455,1290.781865001814,1359.4665133363214,1370.0209696974389
7,event,277,8,0.1745114849098561,0.3714210387700675,0.3896123074414523,1369.5451265653398,1499.553408943934,1549.604317081211
7,event,278,8,0.1504375709187045,0.3328716855220981,0.3357497710816517,1386.217906139772,1469.3060399718856,1479.7002340564695
7,event,279,8,0.1640990743890887,0.4902208522872601,0.6619245960703372,1091.3585827516256,1223.4198613866688,1258.136955444848
7,event,280,8,0.1240734373836655,0.286075699091515,0.3546579127167914,1136.2045021160902,1278.974624066563,1343.5922170845142
7,event,281,8,0.1234804734296387,0.190059541730846,0.2080988249021441,1367.11482896652,1430.9649813634437,1431.883961896723
7,event,282,8,0.1646359664533684,0.4130639630435109,0.491981697555734,1346.210510578461,1422.9615147288987,1423.0338367167578
7,event,283,8,0.147338317392008,0.2303588776325279,0.2418338141983997,1053.40814682086,1161.4458178139987,1195.4647705418424
7,event,284,8,0.155958538020579,0.3832598175445274,0.5043792078920935,1128.8128090361688,1229.799744316315,1231.0722029214362
7,event,285,8,0.1539079094514139,0.2464946968672973,0.2734624102274821,1309.4787823260071,1372.2021125057872,1373.40496596701
7,event,286,8,0.1287037043919097,0.2296054256701825,0.2667616127932267,1404.2864184915245,1518.0415559466014,1526.3146368609823
7,event,287,8,0.151259758843856,0.2491075070618796,0.255762710111696,1416.955553674764,1528.385432546146,1528.937892916579
7,event,288,8,0.188831333574704,0.4760354444521695,0.5637152751008344,1126.9912231383269,1229.3711907102718,1241.69980613498
7,event,289,8,0.1403600726905128,0.2334228665554724,0.2583259726282006,1296.6936772834958,1358.1118200654214,1361.2765482397615
7,event,290,8,0.1797175260009879,0.4021527816259811,0.4147472648554112,1416.4587354169444,1526.2900755332023,1546.703384363298
7,event,291,8,0.1780108176624285,0.3655853160197516,0.3947453776331642,1352.1834842209923,1529.7253001642575,1618.3370510229984
7,event,292,8,0.1657751375086299,0.2986107238967684,0.3327698730398573,1370.9417051469718,1463.772498523786,1471.2450453426477
7,event,293,8,0.1739232452342227,0.3491245967369755,0.4018204698707838,1341.4436986971457,1443.0496102372322,1452.4142008125064
7,event,294,8,0.1680511723130076,0.3259965809847123,0.3271655851845761,1346.4573222326226,1534.1592775946474,1625.5518854586917
7,event,295,8,0.1517970296992157,0.2601079101829215,0.2944630317896033,1389.4768760446111,1434.2345075477094,1441.048568974231
7,event,296,8,0.1822456229774569,0.4757576941399298,0.5449548610065919,1296.4261775531763,1400.5695982314005,1404.0861898736273
7,event,297,8,0.1194518097429535,0.228457974829438,0.2808431390042122,1425.3532860818168,1544.1604953416172,1571.20644593457
7,event,298,8,0.2707567792089898,0.687233802845478,0.7422290300703005,1334.3850682031302,1420.06384192786,1439.143085885337
7,event,299,8,0.266630652870525,0.5731035563272305,0.5888197116851501,1380.803416182505,1511.5785039328202,1512.771514223337
7,event,300,8,0.1753139642723647,0.5637123330569367,0.6941023289180068,1397.7708576809737,1531.1184154032794,1582.9873565419437
8,origin,1,8,0.1129579919344823,0.2384265742642228,0.2954539872085114,560.4333542723201,585.1609332765547,593.3573668909404
8,origin,2,8,0.0626616812787405,0.12303870540839,0.1406162454796205,550.286162371942,608.5091393487035,614.7782914646954
8,origin,3,8,0.0767474850732351,0.2092096654754676,0.252640545547013,698.9162039743128,755.0023317134674,764.0163534121832
8,origin,4,8,0.086538213226072,0.1907251339484536,0.231585536915326,870.4061418452796,940.0237679040836,955.5949829736314
8,origin,5,8,0.0937524601680087,0.1419810028902044,0.1460205145254391,970.0026355269902,1060.6524848986985,1068.8387746390356
8,origin,6,8,0.0890307305579487,0.1496603827990049,0.1553588688318055,1054.4901825701409,1162.7309822768864,1207.2105048934093
8,origin,7,8,0.1167904622981076,0.2943548626451758,0.3562590241984416,1127.5437279912803,1192.6830107868534,1200.632211798356
8,origin,8,8,0.1071236049629119,0.2254187710249582,0.2514168213589265,1045.519629790213,1099.218949693656,1112.1481121414736
8,origin,9,8,0.1207418882309246,0.3241034058902777,0.4117606771224345,1436.6027933523492,1618.05618307528,1665.243106137678
8,origin,10,8,0.0831213419864248,0.1725427244507734,0.1785466799506927,1397.163507181715,1464.4559375491046,1467.026321102195
8,origin,11,8,0.0839821173113181,0.1793957770335155,0.1960275521169454,1234.1684964412564,1302.639822101634,1324.515373212766
8,origin,12,8,0.1040529229581105,0.1801576222373168,0.1828137178784645,1415.0976451436818,1484.1838019018542,1485.3199345950584
8,origin,13,8,0.0724501957592929,0.1337398992511934,0.1615860667333441,1348.3552424629452,1458.6432051771214,1469.4050765710367
8,origin,14,8,0.0942525957804825,0.1875616351217591,0.201881462856143,1437.783696906968,1536.3332054641328,1565.9697042874404
8,origin,15,8,0.0931803458873089,0.1917003134671159,0.2238968474992206,1430.1822632898131,1471.4654296199212,1472.645755806442
8,origin,16,8,0.0722487042933084,0.1607883114024134,0.1757459919503037,1432.302873567732,1504.853926338341,1515.151109105244
8,origin,17,8,0.0754417348855362,0.1417270033731683,0.1560597724310568,1539.9007399570726,1680.4015231909175,1744.49246691769
8,origin,18,8,0.09164792740632,0.1771728348142803,0.1988747849065189,1353.2830809413151,1485.3160771876649,1507.6201714894682
8,origin,19,8,0.0895204889404441,0.1986029523828922,0.246063972533329,1488.5928148432424,1606.3494209381795,1614.7295080178974
8,origin,20,8,0.1064745931310266,0.230063087762382,0.2477087682998068,1214.213736618476,1282.6404982600866,1289.3137857052657
8,origin,21,8,0.0895036210255127,0.1478870766224185,0.1600627382253903,1513.9576787133012,1629.4349126640432,1660.1029921190882
8,origin,22,8,0.1347797111113158,0.3276241406163772,0.3452183356624497,1528.3455294536705,1613.5338383579715,1639.3680396272207
8,origin,23,8,0.1004039947889214,0.1666830119049612,0.1897746130221155,1522.3899195489964,1616.9376468752785,1626.3091188327248
8,origin,24,8,0.0929571716030539,0.1828407166873144,0.2215332668963489,1548.6969935425047,1600.0410692232438,1604.0233815836327
8,origin,25,8,0.0760338946039771,0.1275911755549249,0.1395767115688003,1522.7655807454055,1621.0519586666976,1625.4014760963194
8,origin,26,8,0.0900791909129948,0.1458814607919805,0.1606220797173329,1615.1231998712688,1742.4873938230855,1747.0219258033571
8,origin,27,8,0.1072426898233254,0.1624153437018941,0.1678328522573161,1502.1557589920308,1593.4660946965705,1613.430367304515
8,origin,28,8,0.0766917101865946,0.1520719315814786,0.1971839649631808,1504.864809793872,1623.828767798567,1676.912477068947
8,origin,29,8,0.0886900408761073,0.1833990682670904,0.1940860909350201,1550.2304687763549,1696.8982204113115,1711.0068862259218
8,origin,30,8,0.10622577787865,0.2337616452628785,0.2745764356632297,1559.5723691303383,1739.5067911518984,1793.5129359416608
8,origin,31,8,0.1215416231846149,0.2863477588129997,0.3164666057804352,1350.676235117413,1537.9061637690731,1573.606816884835
8,origin,32,8,0.0819510502924935,0.2157126972864622,0.2486360518606892,1532.4448930478009,1587.920391496195,1588.5024126603078
8,origin,33,8,0.0965355397274062,0.1559164796269488,0.1779545640300372,1560.1236603428847,1721.3938243254174,1782.9382476692747
8,origin,34,8,0.0810401101089769,0.1616621811586845,0.1782002530587917,1672.3112914411076,1794.8918792396537,1821.808733101581
8,origin,35,8,0.0926772407240196,0.1547275814249422,0.1608908192644093,1386.3539095581857,1457.2910279802977,1463.5743367331067
8,origin,36,8,0.1050150717766012,0.2808544022143722,0.3050969915873418,1642.5816254339757,1840.89200480848,1901.0122963659653
8,origin,37,8,0.107252619623327,0.2510030633445593,0.261979689114611,1411.393349849548,1520.9997034642583,1525.368915291579
8,origin,38,8,0.1079526421779652,0.2058144907348131,0.2268904903003193,1566.8183307686154,1754.255860021579,1839.5414897017092
8,origin,39,8,0.1057532595980378,0.2522569470694263,0.3022208039499799,1566.700506901284,1645.6404293991957,1661.5607135268776
8,origin,40,8,0.0697129860344141,0.1015339756141419,0.1098776925247561,1480.7898002471654,1594.4849815792563,1622.827041184721
8,origin,41,8,0.1087604921721633,0.2120459273832982,0.2586702040991566,1576.708293650066,1645.8612412304117,1645.9738142247031
8,origin,42,8,0.0900730295000537,0.1468997644061833,0.1661726828285702,1608.2654662860468,1647.6832974725248,1654.1750243146694
8,origin,43,8,0.0981543813111592,0.17943593578517,0.1822025019657662,1573.269723738205,1730.4984857436475,1788.2781350135588
8,origin,44,8,0.0717314009119295,0.1230924702336358,0.1429200052572814,1603.2573885641368,1776.574006951321,1868.2869226540413
8,origin,45,8,0.1108389974632447,0.2210917138193218,0.2565494434854611,1459.1786429176173,1579.8689575982685,1580.7811501743051
8,origin,46,8,0.098990304958499,0.1734167176409441,0.1774161416406542,1651.7725717325811,1750.210041455318,1759.234769334303
8,origin,47,8,0.0915170524659916,0.1847756224922412,0.1895307033440556,1573.688831204259,1699.829736046069,1719.7398324164835
8,origin,48,8,0.0969387444024312,0.2457384112696956,0.256739634260537,1563.208931499193,1685.2580031626228,1703.276341223828
8,origin,49,8,0.1331622960526968,0.3559219664530504,0.4064546428203291,1685.2533345820164,1839.755643263512,1897.198735304169
8,origin,50,8,0.1177162666867959,0.2378768620572734,0.3003165348658205,1541.485123597956,1591.281836981381,1597.3313108144764
8,origin,51,8,0.0919777529039906,0.2280797104069116,0.2659411618415441,1526.017942595062,1588.0719040246704,1588.1775307660887
8,origin,52,8,0.1027793133814524,0.2639723833265464,0.2984267256537838,1507.095986058379,1586.5237706905837,1599.9089251144069
8,origin,53,8,0.1049390164839152,0.2218521575752972,0.2886040183739387,1598.1612521027228,1698.3986074786128,1712.5452745481184
8,origin,54,8,0.0966087576705247,0.1373334048206559,0.145583400661768,1687.4777263241338,1722.1041749543592,1722.9498552098098
8,origin,55,8,0.1202696815878363,0.2624702462135975,0.3323911390446993,1470.4687946034255,1604.9805986571944,1607.0403068098112
8,origin,56,8,0.0991709705850137,0.2187601510850702,0.2479183271943065,1528.1905952883897,1661.981608928893,1718.2074841803897
8,origin,57,8,0.0917528140008927,0.1458430739243363,0.1557027716845488,1477.766146401577,1573.4452528880015,1584.3999781758037
8,origin,58,8,0.096352451944415,0.2025321312300567,0.254103410735429,1622.3088531219466,1712.829299093099,1730.2645425580836
8,origin,59,8,0.1148838943865168,0.2824200634627986,0.3710207891049777,1585.1777141954628,1674.8440649689858,1677.231176380738
8,origin,60,8,0.0913865227653277,0.1661919022982597,0.1855346485130227,1459.8336053647188,1573.373720264432,1577.1019384978213
8,origin,61,8,0.0786594447433767,0.1494144737360334,0.1697535652518668,1210.4753349419846,1402.1261708808715,1474.3105390968174
8,origin,62,8,0.0877387795889192,0.1537391311435147,0.1610158159077565,1557.1322766580504,1664.278593141118,1667.295938188994
8,origin,63,8,0.1013619593558665,0.1478221331445148,0.1491394545894309,1548.030895601673,1650.6103903162846,1662.118098159653
8,origin,64,8,0.1181192782823936,0.2921022015037123,0.3041547755258498,1334.7591491778403,1591.0198873739637,1717.539782183174
8,origin,65,8,0.0792757371997059,0.1697017819320924,0.2023766440829055,1638.3151858424449,1925.4395430534173,1936.331248037018
8,origin,66,8,0.1145087875660293,0.2570400733936172,0.2963309720929796,1449.8266259444808,1536.0876252640646,1554.678051854701
8,origin,67,8,0.0861560530209912,0.2576290350705514,0.3145281165465797,1042.1581034346768,1127.2845570131722,1138.9034793527503
8,origin,68,8,0.1004159483082289,0.1949766886166835,0.2041363703867767,1377.888284042606,1505.4964327167938,1506.8346705532915
8,origin,69,8,0.1099372246912522,0.2925595359964026,0.3781329782188232,1534.7042443318207,1614.1856803116275,1614.276387789896
8,origin,70,8,0.0913997143284055,0.1364319283317336,0.1418143628509625,1602.2570441652883,1734.7393262033245,1756.4515911893504
8,origin,71,8,0.0960703982583094,0.256142373514964,0.3073013257756126,1530.4569815372663,1591.628184106627,1604.491970337271
8,origin,72,8,0.1041756101892478,0.190204382640176,0.2226222189842703,1568.569915622441,1645.0697251461788,1661.6581030989498
8,origin,73,8,0.0985270402736333,0.2084133663121176,0.2496373876086986,1707.3376280820498,1888.097862594925,1965.1814930395185
8,origin,74,8,0.1063256844019589,0.2896263148834935,0.3485296862417406,1651.9457211157526,1756.33309910934,1768.7460468078218
8,origin,75,8,0.0727073082955739,0.1058039142825825,0.1118922488688545,1236.550529908104,1330.5879048812308,1361.1898606510345
8,origin,76,8,0.1528788091564117,0.4468440841071401,0.5649090357761435,1593.9471645265028,1756.2034925687951,1795.3535883068998
8,origin,77,8,0.0909277006103875,0.178620323140862,0.2121896670201237,1406.2335076089007,1490.7052324520844,1490.953320688628
8,origin,78,8,0.1172175568641591,0.1933557656365294,0.2000434462471004,1488.6390850458083,1598.0595470194585,1606.7494149292324
8,origin,79,8,0.1139396721948904,0.2432429043004247,0.3153126468748339,1499.1128169091985,1669.9437587210102,1730.2747166150673
8,origin,80,8,0.1555299090815765,0.2683407135630791,0.2781036135015662,1670.5757619614217,1743.9853854802802,1764.0052809172632
8,origin,81,8,0.1092086730496776,0.2696565541918115,0.3284256211229342,1593.9487821732953,1655.9365996775364,1669.4949905278793
8,origin,82,8,0.104247680915756,0.2192280883744856,0.2631441647429644,1454.2990674373716,1534.4566667144816,1535.1674184137653
8,origin,83,8,0.1002045494506271,0.1471005468526459,0.1535137593788044,1476.3264415576014,1668.2438664006197,1727.8297447481043
8,origin,84,8,0.1021330841984264,0.2271435884541531,0.2784036518375247,1470.823817960709,1586.3611597403856,1591.4353333741867
8,origin,85,8,0.1734162440062591,0.4481772102750149,0.4774449059289535,1556.611307037152,1772.5189315862306,1865.060340166208
8,origin,86,8,0.1220070867453876,0.2425223332287712,0.2718260497973432,1514.8645533379597,1611.2358989641896,1621.1940633181446
8,origin,87,8,0.1050006056805856,0.2545930568306963,0.2889304060023514,1604.6102456009469,1852.309966532856,1933.9958172741708
8,origin,88,8,0.0813910629101443,0.1326455997511337,0.150398898436563,1463.6467305474252,1525.5237798234295,1535.9312204101427
8,origin,89,8,0.0809812685460402,0.1474745220041414,0.1624815564409697,1556.2312015836048,1694.055882411724,1711.941215116872
8,origin,90,8,0.1060967561032858,0.1818163158247175,0.1936131684782581,1525.762831189424,1605.9853308468855,1625.663990376454
8,origin,91,8,0.0897793757098885,0.2162624302279811,0.2778488173854806,1455.2891627017711,1533.2848363551914,1552.940600612803
8,origin,92,8,0.094694474862112,0.1440422008675626,0.1449651300581232,1442.1741768830136,1499.6193741979996,1503.1837337281245
8,origin,93,8,0.1219499288945538,0.2664011227186733,0.320275973479,1385.7429209047125,1506.1831721597628,1519.2121737123514
8,origin,94,8,0.1271672230653239,0.2102076608547994,0.2121475992562891,1506.7015773433793,1614.2319784664774,1615.429419458086
8,origin,95,8,0.0646826869487095,0.1158093928851826,0.1308425325042113,1232.4083049522392,1371.9182383630662,1395.311752837751
8,origin,96,8,0.1096486890642003,0.2819857908837382,0.3511798790045396,1426.3726138825102,1647.4159733085853,1744.4622813220126
8,origin,97,8,0.1015670184914722,0.2191247901880313,0.267649324002837,1395.637081212674,1561.2703664846676,1618.5301223453987
8,origin,98,8,0.1138834377425516,0.2629576960173573,0.3009166097873978,1533.6744660982888,1654.1661254555845,1678.4773464583593
8,origin,99,8,0.0870514289036839,0.1813317757200712,0.1934559282963441,1442.9567515260856,1546.4090940834524,1576.364130655141
8,origin,100,8,0.1070722886580652,0.2130405296767118,0.2352104436106396,1522.4357785806358,1589.7114423341854,1590.2516825692476
8,origin,101,8,0.1012447796413906,0.1395400277391798,0.1491293690471247,1472.3960844615715,1559.1919819158772,1576.4948402887887
8,origin,102,8,0.0877489509368531,0.169375946668421,0.2022380034211138,1556.3890256835584,1771.8858181661135,1873.2942868395648
8,origin,103,8,0.1013564608964013,0.2826395939793919,0.3647114141220135,1315.5359065245652,1388.3763613721908,1397.825525315914
8,origin,104,8,0.136914156563414,0.3012842630922016,0.3148437357445278,1542.216988703463,1604.633312299761,1610.259849856557
8,origin,105,8,0.0663711968284301,0.104701278041059,0.1127869746913713,1541.677113143005,1661.0116596077796,1662.0508356100156
8,origin,106,8,0.0890757308807216,0.1777658957314019,0.2086076842808349,1471.2905267658605,1603.465595118122,1609.592136211628
8,origin,107,8,0.0949835942801088,0.1838084623305769,0.2170427142375892,1422.4363317173058,1506.4132825248726,1515.0714952451774
8,origin,108,8,0.0856364173097385,0.1699190927649272,0.179034403890551,1423.1437775735435,1521.603235412768,1545.364360404379
8,origin,109,8,0.1215031045024537,0.2480116743661162,0.2622471389450916,1431.359614741138,1529.1686478931647,1531.605195005083
8,origin,110,8,0.1247334353768143,0.3186017252292292,0.3804256883991733,1517.7522827349912,1763.7184802910258,1821.7479275972792
8,origin,111,8,0.0784083092300034,0.176736163030617,0.1927320635278604,1551.6931683900636,1628.2638286144531,1628.325206922707
8,origin,112,8,0.0982599702166545,0.2039280168913748,0.234829130889789,1527.345226955297,1701.4625872629772,1802.5764931918184
8,origin,113,8,0.1107230376640644,0.2116638877367572,0.2194165827224625,1393.2256802609688,1524.7265962142071,1569.846764161271
8,origin,114,8,0.1114607858442082,0.2155539742912972,0.2505327237750239,1460.7621873581463,1569.281112103692,1588.917843810278
8,origin,115,8,0.0741352516708648,0.1098126268855419,0.1103466875491397,1612.532616033338,1741.2511724302742,1786.1141477465626
8,origin,116,8,0.0877735019269187,0.1696824699227969,0.2004744337111471,1605.3731619176615,1689.5761270403525,1698.3204988047437
8,origin,117,8,0.115667304928305,0.2551798531129853,0.3071997958985825,1607.7584413051245,1776.5043410109522,1786.7422466575883
8,origin,118,8,0.105395779052328,0.1776778385389558,0.1824165893007971,1211.7313345344132,1339.1013985058885,1344.0855132348563
8,origin,119,8,0.0964877829708767,0.2008156477657817,0.214245281936797,1481.6633824906507,1553.098157041967,1554.8803452187724
8,origin,120,8,0.1092558402396407,0.2151700962680998,0.224764926666529,1487.1207554491075,1640.6759976612389,1696.3001506968071
8,origin,121,8,0.1107224584884033,0.2998542757810627,0.387939218931004,1451.290252725602,1534.8128823855825,1538.636350017377
8,origin,122,8,0.0787145125522931,0.1325786169149367,0.1412242202711733,1207.984760436098,1306.1494572689514,1319.737369082124
8,origin,123,8,0.0922406164023663,0.1812446310085873,0.2134668903277498,1400.1380043139245,1453.206324575343,1457.0094764445232
8,origin,124,8,0.1019982964843611,0.2279514682891036,0.2978021824808248,1528.9236970412765,1599.515256393537,1599.910027380264
8,origin,125,8,0.0780296771604007,0.1662436145867219,0.170467508528217,1241.016722601636,1367.2462271190302,1367.5889037634795
8,origin,126,8,0.0935638338873453,0.1954063701632186,0.2191352869742366,1459.5926282439968,1566.3176014561045,1594.129876359991
8,origin,127,8,0.1262774580932489,0.311050017622981,0.4169096773479514,1514.6210859728503,1627.542471477338,1635.8366310088627
8,origin,128,8,0.1134458147582646,0.2508354946341822,0.2545112719616753,1470.653960490586,1656.796289595288,1750.212698348265
8,origin,129,8,0.102230506764584,0.2570192208188749,0.2927929036085706,1504.5074453460502,1548.5335704961217,1548.6443113928003
8,origin,130,8,0.0935620780625065,0.2041285524817254,0.227460734818483,1456.085145866247,1709.9548188321576,1826.275519086004
8,origin,131,8,0.0801277737700438,0.1866825219559134,0.2161730487161793,1541.1829496617927,1711.971310625707,1781.7404834106
8,origin,132,8,0.1318302617877626,0.291679610045398,0.3728001269212823,1461.435595709466,1510.3536429749036,1523.3969315643328
8,origin,133,8,0.1049874445195505,0.1863407114669142,0.2026299749377705,1451.3280849930009,1555.864876098388,1564.1816158214676
8,origin,134,8,0.1163243299164461,0.2957922617553309,0.373826623587437,1297.664328529554,1409.813283381995,1420.2750684174043
8,origin,135,8,0.1047893749552316,0.2687069713367834,0.3289829748496729,1359.9277547792572,1455.0597201700612,1470.7187115223016
8,origin,136,8,0.1197047078333193,0.2439275660605386,0.2798230613977147,1455.554893051014,1505.8518364730185,1508.587086097103
8,origin,137,8,0.1005795416165226,0.1863211833300215,0.1975532604658801,1411.0916222776614,1546.4450949283912,1596.618171272215
8,origin,138,8,0.1300872172233561,0.2316132667220767,0.2386467010304354,1641.5631345662189,1671.975022838731,1677.8726165405249
8,origin,139,8,0.1200213567300945,0.2823944815879639,0.3644851009543512,1226.851158845389,1315.71643926298,1318.6418538066314
8,origin,140,8,0.1263180949815733,0.2663121230663293,0.2861831800946343,1594.4568236728865,1706.8769005744166,1714.4508146997227
8,origin,141,8,0.1026952561055508,0.2237861233108309,0.2824407149489794,1530.8206410477792,1703.4622312613462,1787.088473339008
8,origin,142,8,0.1111892426720582,0.2029900332079496,0.2268348895025196,1516.080349396786,1574.2820981753136,1586.140028537015
8,origin,143,8,0.1001841710791678,0.1788132503265618,0.2142763302588821,1480.0380296443366,1598.7820118363547,1635.4760924492366
8,origin,144,8,0.0695993308689778,0.1220202080943566,0.143245227577198,1441.3244730905508,1533.6896064364537,1545.6139295308851
8,origin,145,8,0.0794732197638201,0.1124175110279829,0.1217447243234446,1426.4399220208477,1579.3094378938283,1593.8001724785092
8,origin,146,8,0.1101617190810328,0.2471356358755397,0.2827361148849867,1297.6999308818913,1392.749980966854,1401.75933079752
8,origin,147,8,0.1184027360049174,0.2337886007224352,0.2812549074968175,1615.0482595597978,1741.067379367765,1773.6968445936254
8,origin,148,8,0.0881088443058714,0.2045245381070364,0.2553603296885874,1502.2845652158398,1577.3952445119935,1606.612801816956
8,origin,149,8,0.1025401096193382,0.1882569530445377,0.1939583577217839,1194.3825699163128,1314.5243669855324,1344.0288253208982
8,origin,150,8,0.1272379453080775,0.2289881542100835,0.2750973551310695,1371.3949989141672,1431.3939957716127,1434.5048668190225
8,origin,151,8,0.1078730089984225,0.1427560268887877,0.1477473190690005,1409.031155474695,1559.8006878956403,1613.69962306475
8,origin,152,8,0.1383494628888106,0.2973419313443438,0.3751725553564736,1546.5255495107776,1645.5546995594564,1671.0819266532023
8,origin,153,8,0.124377353448757,0.2432451299575917,0.2877344962497896,1379.3915039531928,1503.238780312749,1549.9702952709606
8,origin,154,8,0.1036079255195323,0.3048836125957362,0.3940917549198607,1391.0717915182825,1518.862646511375,1558.8299508817
8,origin,155,8,0.1369644564919631,0.2123419815271641,0.227868938273601,1456.1048404649198,1607.384163695196,1648.971608572383
8,origin,156,8,0.1311774464812103,0.257874084750552,0.2717398477418757,1500.8412029580538,1531.138519280426,1533.1579958702794
8,origin,157,8,0.1543487444080218,0.3799224749581395,0.4304641118865027,1199.304130940286,1400.6759991493282,1511.8711660686608
8,origin,158,8,0.1219507877956402,0.2101301420973697,0.2435227263006911,1535.995997596671,1606.9892499506218,1611.8086089290048
8,origin,159,8,0.1226936836995873,0.2240420194082659,0.2690514807887493,1503.4524843788126,1597.1944886014144,1616.3197660099063
8,origin,160,8,0.1199891992016602,0.3335280229039084,0.4591166182752502,1373.600560984277,1597.7252360211885,1713.7989931191644
8,origin,161,8,0.1053135038134309,0.1780797505879127,0.2003957131801209,1548.888680412948,1674.8810541789032,1687.0978617984724
8,origin,162,8,0.1277897353134683,0.2798162862304508,0.3311695209375472,1542.602220154732,1663.2309464676484,1670.091097852301
8,origin,163,8,0.1374398180746981,0.2297666789326781,0.2759102082797897,1510.6173734953632,1608.9787828081585,1609.415940645067
8,origin,164,8,0.1442173312450728,0.2183104663234671,0.2364451208741707,1433.9539259109297,1520.0177024909865,1538.834962055328
8,origin,165,8,0.0880425791055696,0.1459759825141081,0.1525392065107875,1329.4692872446683,1394.664457489816,1398.7109441184923
8,origin,166,8,0.1009643299229582,0.1844315063597008,0.2145379316470745,1276.671803746986,1328.4833672224438,1331.9121332148873
8,origin,167,8,0.1459520979066197,0.3741661804165922,0.4871616278057534,1407.240622402123,1522.015123456866,1575.991787912212
8,origin,168,8,0.1125794071614568,0.2179751083706657,0.2324199917172676,1486.4837723144292,1577.8290435443346,1595.405643427448
8,origin,169,8,0.1448951692062444,0.2923192061876177,0.3318283577590912,1478.579163700719,1576.0389557938804,1612.7909798958065
8,origin,170,8,0.1232394074528697,0.2653577379309901,0.2661647347153874,1435.217509824309,1534.4245094844896,1570.5855696575193
8,origin,171,8,0.1241258968737096,0.2636177462880614,0.2818238765549539,1368.348158467079,1471.535333746441,1471.6796175927675
8,origin,172,8,0.1016567326450663,0.1349301593852502,0.138730669843964,1415.6938883221587,1468.6981830276436,1476.7571148124664
8,origin,173,8,0.0839516240314834,0.1657855122338117,0.1874290354096156,1178.090513534676,1321.7898083875796,1384.1644346870305
8,origin,174,8,0.1772854719324243,0.430240249162926,0.5693875736884243,1458.575462935309,1590.143188116584,1634.63701219119
8,origin,175,8,0.1035538321489236,0.2895642345307272,0.3585125083009863,1446.971039803135,1606.0990821312528,1671.3321122343714
8,origin,176,8,0.1281669374421542,0.3093154644730294,0.3921239476196159,1665.5336413934556,1964.324424999405,2029.999708442292
8,origin,177,8,0.0934300873604833,0.1557656045472807,0.1754077333801846,1508.0096852181473,1568.2993325901737,1582.7988744632084
8,origin,178,8,0.1461693943528132,0.3468767605636652,0.4575572568266879,1505.4872012580597,1583.4863378838895,1593.722407280399
8,origin,179,8,0.0897846803471957,0.1758563445024843,0.2018385075660196,1538.4823890493144,1593.88568335473,1606.6284013492775
8,origin,180,8,0.1304497904660688,0.2852212233999111,0.3149513266573374,1503.951921476675,1632.3749285846036,1679.874796247069
8,origin,181,8,0.1168553337087734,0.2194149318866559,0.2295020672288186,1529.3799697516065,1611.4383978081432,1628.661590586627
8,origin,182,8,0.1459127685353617,0.3768646420878251,0.4611774720832313,1493.7957730553233,1687.9683946155026,1760.4147117309865
8,origin,183,8,0.1095827213248103,0.2351894461732287,0.2573485244992298,1345.1533132962063,1454.3076344788217,1479.275398803114
8,origin,184,8,0.1442321702862808,0.3132409189536775,0.3609921605903045,1429.3107088727086,1522.9971222331142,1548.1787894487338
8,origin,185,8,0.1375979158102065,0.3251614001115629,0.3995638195309974,1377.4884717956431,1468.0908438105955,1470.6397720054215
8,origin,186,8,0.1438274371943526,0.2753925872648804,0.2950181514771854,1411.880688100828,1479.1269403357428,1481.7964678318222
8,origin,187,8,0.1660539850415398,0.3926022120473574,0.4353785239585642,1448.1591035329373,1509.430735674388,1528.050800402641
8,origin,188,8,0.1258193588434766,0.1942062817535725,0.2096628662074156,1364.905147627847,1443.1596831794152,1448.0965774579568
8,origin,189,8,0.1439568170767281,0.3348556797032307,0.3572141038642658,1491.974740364869,1577.173009216924,1593.4119642220303
8,origin,190,8,0.0857234376558521,0.1031042893940331,0.1049168377169438,1559.536867102143,1594.0082292751065,1596.736150071226
8,origin,191,8,0.1527046199943022,0.4271274842118944,0.5322316397525373,1462.9190265462028,1538.5716897375637,1545.851866323551
8,origin,192,8,0.1008247265286604,0.2798042992174153,0.3678472195401571,1428.9360450901747,1645.421947212401,1742.4891351485574
8,origin,193,8,0.1020708348594218,0.197420532857124,0.2131134506073101,1420.7666987236926,1555.8363520169182,1580.129048432611
8,origin,194,8,0.098268568078767,0.1264974010607798,0.1292909782966838,1428.8154585928417,1528.313957297154,1532.0344594434048
8,origin,195,8,0.0929802531605558,0.1634377408626963,0.1707452743650017,1418.6257657905644,1493.0980599794966,1495.271217511244
8,origin,196,8,0.1025390943288975,0.2273075649053938,0.2477138571015055,1434.5698176536816,1534.327041739986,1537.7409083606906
8,origin,197,8,0.1731764523336703,0.4334219329596845,0.4588757835907746,1484.050790662589,1621.6037860861916,1621.7362650928037
8,origin,198,8,0.1187859963016577,0.3004122194351232,0.3472911086866332,1518.7914923529945,1617.5322921061472,1656.1324478611982
8,origin,199,8,0.1586875977447932,0.3807932058166385,0.3994614306283811,1426.8490371782034,1523.5654227994487,1529.5684594324116
8,origin,200,8,0.1782685711418248,0.3714105822116281,0.4026570072117755,1510.284313078865,1608.4803257925914,1624.9830705124282
8,origin,201,8,0.1211243272548004,0.2043299622989744,0.2372443830247629,1497.227265141545,1581.5062619305806,1583.2947323934131
8,origin,202,8,0.140839551084559,0.2514845051990416,0.2689570671502024,1359.3563541691994,1515.888900466196,1582.970629353759
8,origin,203,8,0.1307044779858809,0.3285645019789682,0.3779874282894255,1220.2701335001514,1311.5395123363398,1317.2640912334596
8,origin,204,8,0.1211899057068117,0.2740568123747729,0.3020528222604223,1239.2354350592325,1334.9065818206595,1346.7204941053176
8,origin,205,8,0.1300215668271128,0.3171237279845013,0.3737573466740685,1380.162595851759,1588.241596607617,1647.019548770321
8,origin,206,8,0.1526362419417161,0.3188270376325077,0.3762917069656145,1532.2338716487052,1599.426093457766,1613.233782179106
8,origin,207,8,0.1483837084356065,0.3749369120837843,0.4203719871572404,1401.4878908191793,1495.355689886714,1497.1058085791904
8,origin,208,8,0.1280829844571842,0.26807575685428,0.2764640710647628,1594.5889870014346,1682.5312920867202,1689.5510844976704
8,origin,209,8,0.1241392551308012,0.2137807254853997,0.2539584834131673,1536.235865956504,1677.6184861552597,1703.3490667505505
8,origin,210,8,0.137354131367176,0.3066724265001803,0.362418680520218,1431.9289407649694,1539.8225084045716,1540.6336779266064
8,origin,211,8,0.1531163540415077,0.3305521235976757,0.3463639218438313,1513.088970783114,1629.671111946841,1639.9210347024905
8,origin,212,8,0.1488271960323797,0.3599512258601068,0.461539928254267,1324.21783111628,1397.3234857935695,1399.834967499799
8,origin,213,8,0.1237639243957788,0.2949075877214096,0.3371711515646292,1167.2757210814557,1378.8721612331185,1455.8816141047628
8,origin,214,8,0.1369760352071395,0.3157317712045253,0.4075965220240277,1419.227475912974,1489.176363846031,1493.5061290810452
8,origin,215,8,0.1763445896156977,0.4325899384468362,0.5187474803758507,1376.2267923748432,1479.9857010699209,1496.0264386154972
8,origin,216,8,0.0907619637313911,0.1409504686191482,0.156291295541389,1396.627967873544,1463.5892381029091,1471.4137528453118
8,origin,217,8,0.1477755635236118,0.3474434852374168,0.4490736132235948,1537.4235908592143,1690.0973287500235,1729.274505274744
8,origin,218,8,0.1305762292341322,0.2260388283217155,0.2583227346675696,1493.756971953556,1575.7082569132745,1579.1566725998357
8,origin,219,8,0.1240935627784195,0.2210710438754646,0.2485127232081197,1447.8824300015003,1527.9674838903943,1539.0330623684629
8,origin,220,8,0.1608771962156301,0.3392274837082228,0.4087120309840285,1565.6774771223356,1720.9645630060877,1804.554397645368
8,origin,221,8,0.1348016346179273,0.3371619188676217,0.3834908208496507,1416.8173763302543,1626.699802880451,1672.070403459803
8,origin,222,8,0.1359247820915822,0.2875474974147065,0.2908896983689887,1599.523467547093,1724.487425507557,1760.207053920361
8,origin,223,8,0.1148915887521071,0.2015243245647033,0.2218122411508285,1394.7791781661465,1504.52190875452,1550.015723312885
8,origin,224,8,0.1532436101370089,0.2942340565717853,0.3015673840635804,1430.2848904761786,1506.1578258208167,1512.5713276177632
8,origin,225,8,0.0951582034441563,0.1669751229550128,0.1709048937957446,1458.154028477058,1578.4346649712045,1597.1114447501125
8,origin,226,8,0.0965883434553008,0.1944948960839987,0.1980930620020145,1553.7294347120217,1654.89864677875,1679.178474761388
8,origin,227,8,0.1079954634620526,0.1997055824401402,0.2393063513173066,1406.2896999150955,1493.7020842221762,1503.405454293058
8,origin,228,8,0.1622619021061258,0.4146936924836645,0.4400038176273187,1570.8114459088656,1685.732675835632,1689.110841100029
8,origin,229,8,0.1098280350735271,0.2034959462190334,0.2292735147722225,1131.7308308487736,1155.9906864365405,1157.3001010665512
8,origin,230,8,0.1335771274258415,0.271842107430473,0.2927400487208775,1490.6670419717316,1697.9940829413883,1811.0420628257295
8,origin,231,8,0.1106749733757794,0.2521065913160877,0.3103065918935236,1444.346631835988,1535.8112715857017,1538.6108976672135
8,origin,232,8,0.2176816642944858,0.3959886752537106,0.4288468805903874,1470.8890543769685,1670.7238761102187,1717.8482158860882
8,origin,233,8,0.1256566747692763,0.3177221915350168,0.4169967795449723,1312.100913013596,1383.4780512747493,1389.3373417476785
8,origin,234,8,0.1832733524947031,0.3871118026434947,0.4645179609857178,1392.307899583168,1449.822474769966,1450.873091123964
8,origin,235,8,0.136691726166837,0.2955850815603313,0.336728797104119,1355.6874828634736,1506.175759666593,1515.4036211352234
8,origin,236,8,0.1280425540592374,0.2480586311382704,0.2686301001144604,1633.194175195469,1713.7624121610963,1729.792717940526
8,origin,237,8,0.1450756233311106,0.3741321622844186,0.3856328044472504,1408.0274351195214,1463.6291290545269,1468.3195525554886
8,origin,238,8,0.1240896062035298,0.2942891521238839,0.3664069110907,1487.5658250668473,1608.9506840405288,1645.723772054146
8,origin,239,8,0.1185199777967447,0.2324661205874979,0.2632360587022949,1468.3770677217813,1570.8715955614323,1598.6583849005997
8,origin,240,8,0.1293759229769947,0.3229482691980057,0.3662985790801548,1439.135688159264,1536.6321050862582,1541.7670210366982
8,origin,241,8,0.0933541853463771,0.1738552327339894,0.1865180066205888,1178.9742478281423,1240.3630972274634,1245.107406137372
8,origin,242,8,0.1171656759615645,0.2131695733117677,0.244145259435079,1279.552444058299,1355.2218275631317,1363.1801552698807
8,origin,243,8,0.1344425623376514,0.3007465104278882,0.3815418891553499,1455.0916975515684,1558.3446747186426,1610.4891653076784
8,origin,244,8,0.2548615231153859,0.5250566473656855,0.555253983575875,1446.3696089775442,1526.2791295423797,1528.4752919117452
8,origin,245,8,0.1018751461880454,0.2363573786058722,0.289087963377188,1320.103363967659,1471.6517162137236,1503.340898486524
8,origin,246,8,0.136166527393406,0.3114415504511528,0.3960148227989261,1299.980520766873,1477.1360957895054,1491.7559020819892
8,origin,247,8,0.1266072671135206,0.2260748980037225,0.2428528715334507,1410.0596123313794,1489.6399720880927,1495.9284238974474
8,origin,248,8,0.1753929416050459,0.4059580601215412,0.4474865336808121,1309.054699362383,1429.7401176117232,1442.452673988652
8,origin,249,8,0.1844141231678327,0.3005860901142472,0.3062501251450352,1468.9606285842358,1520.9237165457282,1524.1764149250926
8,origin,250,8,0.1997299505416632,0.4631857415808224,0.6030772145833077,1461.6777329369918,1526.785388196766,1537.2631674199208
8,origin,251,8,0.1628532620176883,0.2983980089877058,0.3181019935714758,1494.033514500551,1648.292541932637,1724.975158921922
8,origin,252,8,0.1559232391988628,0.2568981129028769,0.2598740165404424,1396.2993190855077,1510.5823121560254,1531.9585358299698
8,origin,253,8,0.2053990644160566,0.5523664278285971,0.6169342760508831,1561.948873319017,1872.962047952661,1943.8653500987496
8,origin,254,8,0.1618268634981205,0.3772689455227013,0.4202193116810005,1318.8310968306384,1364.0005528468398,1379.0726433945674
8,origin,255,8,0.2054183206894795,0.4489738792995094,0.5269799799616312,1389.5793538793357,1466.8959039864671,1471.2243120587405
8,origin,256,8,0.1288341275194698,0.2682744759398586,0.3254992115037785,1588.445013264415,1703.4827464679263,1744.6431248212325
8,origin,257,8,0.1048809925317562,0.1720632673547161,0.1867771962457603,1355.6683537099398,1456.6822909136697,1489.2382051752782
8,origin,258,8,0.2040804539130629,0.5028260186285991,0.5398119995082701,1410.0049938864718,1503.895320625699,1520.171048813858
8,origin,259,8,0.1081356957613814,0.1899536738591751,0.2114727631122107,1416.459879993761,1494.2669952699223,1498.9717797145083
8,origin,260,8,0.1356329424896042,0.3499089956148912,0.4500606562652665,1341.0619614910036,1398.0509141370644,1410.033894072816
8,origin,261,8,0.1536737590628852,0.3249413382219553,0.4140684734071901,1310.0880054353668,1384.3596363812378,1389.4101198979313
8,origin,262,8,0.181599009872417,0.2915118307300756,0.2990923731963422,1509.927901189854,1655.785880770498,1687.4062965698158
8,origin,263,8,0.1267645943602012,0.2421725169754929,0.2840260668659273,1502.5314737142285,1609.900212598086,1617.092378945429
8,origin,264,8,0.1271080649534468,0.2275616877169737,0.2293742534020797,1400.523476660629,1486.9876792476075,1509.7681095727953
8,origin,265,8,0.137366784410146,0.2876157666893874,0.3222142068571721,1462.94332751473,1533.1230067121942,1537.058292034487
8,origin,266,8,0.1361698560280846,0.2649411364968864,0.3050895292942127,1429.4811870348085,1480.0905332752131,1487.8735633085964
8,origin,267,8,0.1207393405805583,0.2547413216702943,0.3057103968387455,1509.6082967581297,1597.5768102591396,1610.8731426231968
8,origin,268,8,0.1343613217814329,0.35181686665656,0.4142978283867171,1367.7072963766934,1481.2140551699183,1538.682128184738
8,origin,269,8,0.1349727041780423,0.2758954150572039,0.2945639159574098,1344.2811650255985,1415.953115818422,1434.10246178314
8,origin,270,8,0.1485087219368905,0.376647350002833,0.4160310989734705,1538.9405320355606,1751.661453939363,1842.76377423918
8,origin,271,8,0.1288602219660887,0.2666301011177352,0.2849917380589292,1192.9112804972433,1268.9686006197069,1281.7456920491643
8,origin,272,8,0.1899231660714869,0.5159063944381984,0.5666952348613774,1407.8300314114938,1516.6662554932354,1525.6950121542638
8,origin,273,8,0.1304609102038227,0.2598170008274638,0.3210949014425664,1369.1264176168283,1454.995322936286,1457.779326700501
8,origin,274,8,0.2223016877288735,0.4286544634096756,0.5281274013320972,1382.5500536700715,1469.1567344240611,1502.115439428214
8,origin,275,8,0.1775463707117016,0.4854643218954972,0.6013380796948495,1431.1989265508837,1618.5949433103322,1700.7094314797907
8,origin,276,8,0.2346829860187178,0.7748951179141261,1.1082779393598297,1311.8845160121275,1440.1900497915335,1443.3574580440509
8,origin,277,8,0.1514158594500118,0.3906791980232595,0.5162537100586151,1495.8213295826338,1615.8961449363314,1625.0084722017373
8,origin,278,8,0.15019870215324,0.3339292220878153,0.400652926541607,1364.875190655296,1425.6846065102125,1426.595397410354
8,origin,279,8,0.1764227091837657,0.3719982483176244,0.4583117457025122,1356.486668232828,1405.8477804104955,1416.802342607425
8,origin,280,8,0.17651531490326,0.3535435070844634,0.4347510208981325,1243.211517404244,1310.1376427152086,1321.5193702670083
8,origin,281,8,0.196345482166829,0.4343382348119142,0.5289911576531607,1378.7583635624435,1523.2123805340143,1526.6369870469382
8,origin,282,8,0.2295388331849481,0.6435454848599337,0.8434865845825691,1496.876044887055,1662.6153131447838,1716.2940571408192
8,origin,283,8,0.1496029620874723,0.2779909383991544,0.3168759459262482,1365.3901722217188,1505.6058588455576,1542.2344939588268
8,origin,284,8,0.2248050404151381,0.4307620992699828,0.4756695485824161,1335.373092635954,1475.045616627246,1505.7622376668685
8,origin,285,8,0.1268018987969746,0.2582281424556673,0.2873897144816984,1372.4205022973388,1425.9352980642348,1432.2023221311142
8,origin,286,8,0.1460492919723954,0.2282444622108628,0.2296246401064132,1387.79013125587,1448.568347590565,1450.4664571672663
8,origin,287,8,0.1636176932814704,0.4213427012425795,0.5774539187573362,1410.9757195116013,1529.4893352219426,1539.3710504613798
8,origin,288,8,0.1669033863790747,0.2379182602573254,0.2407871678277264,1415.5085814067131,1484.8103936483171,1500.794695158659
8,origin,289,8,0.1208559254040562,0.2136888837084833,0.2432925875241083,1543.8553504133683,1708.0885788326336,1760.9518204281055
8,origin,290,8,0.2036025709201898,0.4221618313874115,0.4473395504651147,1290.724304365525,1401.9185401537084,1432.587721214292
8,origin,291,8,0.1252035024196262,0.2384582461243657,0.248963191932344,1453.5564706670982,1564.4553092908131,1565.388446163719
8,origin,292,8,0.1575761327352163,0.3338969834691698,0.4383291490903174,1319.0201297126057,1428.4868688016943,1443.6617697917268
8,origin,293,8,0.1548816467740036,0.2849886678250812,0.3193959354563285,1351.8439365739366,1573.3048793925514,1657.4133584366757
8,origin,294,8,0.1848240080425826,0.3828136452446367,0.4579073083912194,1413.1370770935982,1473.4985485593932,1482.243074175691
8,origin,295,8,0.1668461392508141,0.2886470531322043,0.3029209459071706,1473.5985670302648,1543.5539895090008,1568.6056368687143
8,origin,296,8,0.1675331680872438,0.3429095465563113,0.3633044707848457,1467.2266414818528,1673.6842077544202,1730.3452244460047
8,origin,297,8,0.1804784944699122,0.3899130608670801,0.3909265630995963,1337.0933195734274,1410.796138580046,1412.2775404402826
8,origin,298,8,0.1637831452506738,0.3127602935867445,0.3659882581029,1441.466970865419,1555.2983206516187,1571.9658107510584
8,origin,299,8,0.1436242061597076,0.2528852066597535,0.2555734972697512,1549.5202800379143,1617.453079899896,1630.1445811157853
8,origin,300,8,0.1603616967844651,0.3342287759207361,0.3601974118664316,1304.5615479948883,1455.416162247453,1522.8487904642247
8,event,1,8,0.124105964798584,0.3095563610277134,0.4106708209160784,551.076249207092,576.2370056396105,580.1054574789613
8,event,2,8,0.0587318581967459,0.111051989025569,0.1316424577563507,526.1829806230104,569.598457507904,572.7220907750274
8,event,3,8,0.0720036988702872,0.1665712168195324,0.1749081520941581,691.9423373970046,747.8590892172829,755.0217944908942
8,event,4,8,0.0972108551682997,0.2047010196589292,0.2373259096678562,847.052549247205,969.9608211590554,1010.9023709120604
8,event,5,8,0.1046060535704119,0.1998414205999424,0.2237701256812587,944.7770375980174,1092.0439810183134,1110.7915120323548
8,event,6,8,0.0837963270822777,0.1409639957530037,0.146855569616287,997.4606218249764,1077.63622983508,1100.883610836938
8,event,7,8,0.1310618083694156,0.3165399301202463,0.3241615295690779,1105.2558865044248,1172.7361814667972,1189.8618580368636
8,event,8,8,0.0693515696897469,0.11899385072108,0.131686328243563,1031.671498402929,1083.903972135132,1094.9511402394714
8,event,9,8,0.1236104336201885,0.2986800238112577,0.3424624119419024,1368.0408644119402,1492.9544295796295,1510.8290880186034
8,event,10,8,0.1019994909069433,0.2194992927047149,0.2305575310425665,1355.118721354937,1407.1097351228066,1409.5252208259813
8,event,11,8,0.0897589539408526,0.1838062513859777,0.197562295681025,1168.9169075394302,1208.4410268363931,1209.3322645166531
8,event,12,8,0.0905197120332696,0.1936275620342998,0.2410708145602445,1358.3338154581238,1424.2248727718122,1429.633153765575
8,event,13,8,0.0736880816667136,0.1462506899428292,0.1772493974462191,1343.289325704584,1468.4341062421736,1493.9667694604032
8,event,14,8,0.0817859239131434,0.1408717558384272,0.1446764512332378,1362.0995590812408,1431.1331681032275,1455.181132364876
8,event,15,8,0.0885526885642467,0.1766563787729894,0.2080164364797675,1405.7681372442598,1508.8258090763704,1521.7838334755816
8,event,16,8,0.0841693894165533,0.1922094672644887,0.193908490615696,1368.6497536432455,1458.0897100433936,1463.2747195195973
8,event,17,8,0.0824585441601401,0.1489144265753082,0.1642195363226796,1489.605943576128,1593.3376618880795,1607.6920558836862
8,event,18,8,0.0827663036739107,0.1383575359784529,0.1429998206723671,1327.757814909657,1469.787364956269,1496.51278149837
8,event,19,8,0.0815355470577084,0.2119306549626038,0.2778620575787133,1446.1754412958628,1570.3949884803324,1600.7915326648988
8,event,20,8,0.1122880023242385,0.2195327116575201,0.2313260712559119,1167.9607775792,1264.5867017415394,1276.028747360327
8,event,21,8,0.0818262376173195,0.1220781625981438,0.1415257095384121,1461.5531136788873,1602.2761475051202,1686.7862173228827
8,event,22,8,0.1484214595573619,0.3319882721069566,0.3344922022009458,1460.10362465895,1512.3221037614835,1515.3481621615963
8,event,23,8,0.0892075974763625,0.1779069386054165,0.2191937829661526,1457.2733637336978,1518.5850405568028,1526.6519775555728
8,event,24,8,0.1082741142888889,0.2528550532987483,0.320248469528797,1493.304705041718,1586.519500036677,1591.6097948682282
8,event,25,8,0.0881318315894056,0.2133697181624673,0.2736705299620914,1481.3244880185252,1557.6917651757856,1570.3369547978225
8,event,26,8,0.0787624598758735,0.1202512449900632,0.1347198680158122,1572.735607289999,1663.886137797843,1673.5769266638656
8,event,27,8,0.098569065645699,0.205742111542775,0.2546317396404637,1444.525706852755,1516.8885612770057,1523.2700678149747
8,event,28,8,0.0790831310862752,0.1287357776868773,0.1325901584978003,1461.2469934120322,1589.0939027579634,1624.2813152237843
8,event,29,8,0.0876127198964121,0.1848853197476132,0.2381608280511521,1524.3926144819511,1621.5618482644372,1637.8180340614272
8,event,30,8,0.1304466960929282,0.3387920422867619,0.4222862581782819,1529.575373812546,1840.7649008861729,1972.664105263599
8,event,31,8,0.1164578712958544,0.3006991556737701,0.3288863182160667,1318.3338078481515,1461.0964635573769,1477.6105386658694
8,event,32,8,0.0827734666468515,0.185104421243577,0.2095728793712687,1451.8665860691267,1519.118972311296,1534.953614372184
8,event,33,8,0.121238319926366,0.1961789139102349,0.1982843098234153,1507.1835512130874,1603.3872224305408,1639.7549449766414
8,event,34,8,0.0817117751802007,0.1638791740571648,0.1718200752143086,1613.5521331248567,1749.4942982634095,1798.6612880894777
8,event,35,8,0.0757562211593466,0.1415442391180535,0.155562520657805,1324.9348415068782,1403.2195279369066,1407.925947425662
8,event,36,8,0.0938998448916473,0.1799270613141085,0.1876028862632516,1576.5912405810975,1726.492770270493,1730.9748169980553
8,event,37,8,0.0922888889502693,0.1523880626566391,0.1611301382866368,1365.9310147182632,1452.2640557459292,1454.5298528672956
8,event,38,8,0.1011239057647374,0.1956518611330106,0.2312093674313445,1528.174149452633,1719.8848410256246,1805.272170571627
8,event,39,8,0.0988694918127398,0.2376534514065048,0.2546518623398464,1534.707633627202,1617.49248785628,1628.0759787046406
8,event,40,8,0.0678096327182804,0.0969688776158934,0.1024345718222238,1409.043490071327,1487.5011697748037,1496.4302358307216
8,event,41,8,0.0814626488092978,0.1535055406323148,0.1786667475897569,1542.0844183365443,1663.5649198148387,1692.648671178437
8,event,42,8,0.0905459764889131,0.1406098236723906,0.1475295330416751,1534.1893777784217,1576.721824076888,1579.9876775273133
8,event,43,8,0.0866428347352832,0.1619537229111355,0.1873216307367639,1486.1212051966222,1591.4965435435447,1627.3109294345938
8,event,44,8,0.0978984501541174,0.2108441416275708,0.2299788717022391,1555.488304398369,1744.6211839124244,1825.4706021138288
8,event,45,8,0.1041387988026252,0.2810446723307713,0.3008555457244935,1401.788914678866,1521.6280193622615,1536.1353065020182
8,event,46,8,0.0820975786608901,0.1561776927146106,0.1837175647202927,1590.539933312833,1702.74211975043,1734.7495096840655
8,event,47,8,0.0784339257843559,0.1792005729527208,0.212872529128874,1520.0370009283492,1646.6335725750494,1662.1901363815912
8,event,48,8,0.1013366930761021,0.2585611668862672,0.3185095172975814,1517.7407020488058,1776.5865044561083,1894.2693897738625
8,event,49,8,0.1266252482418618,0.342124967535451,0.4695020670061232,1654.1138127725326,1781.9529740243254,1808.816616835163
8,event,50,8,0.1222479983553297,0.2858717755975337,0.3720290452197219,1491.4099386024625,1577.8427802437602,1579.669161232773
8,event,51,8,0.0830047593049158,0.1944390723061334,0.2161884900873539,1474.826377494443,1545.0191225601177,1549.7606645371934
8,event,52,8,0.1088890016641099,0.2756628922141155,0.3199324150841679,1467.2180955185408,1557.7027538350922,1585.80652442687
8,event,53,8,0.1087110990608333,0.2692555006074716,0.2772898782474813,1513.9040522890546,1605.7642268353989,1605.8200917762877
8,event,54,8,0.1045097842665956,0.2178212408641222,0.2412683889305253,1622.1598894165563,1662.8918526671926,1664.4011925216732
8,event,55,8,0.0980988941003647,0.204939327184404,0.2408476422255323,1428.0780312942784,1663.2377935566751,1764.2489298350615
8,event,56,8,0.1210958289286928,0.3256828325017535,0.3390719758201808,1473.9793816259871,1563.0262637009798,1570.965100901174
8,event,57,8,0.0945324731393487,0.164267469338171,0.1691264484765749,1430.1436073014129,1576.3501555410712,1585.8747355497808
8,event,58,8,0.0994476003483651,0.1832439586900209,0.1974418753434672,1594.5807213855528,1667.2317654134808,1691.458487476712
8,event,59,8,0.1188236160126726,0.2713037965941174,0.3492601469681007,1531.363702949015,1576.9003579166472,1584.0067634242455
8,event,60,8,0.0784214076768812,0.1181650752092158,0.1192990444122599,1394.097666596107,1492.18496365973,1493.6173015489944
8,event,61,8,0.0980860970954843,0.200578896843569,0.2259816677141012,1180.5691726691916,1419.1123081985402,1514.506330557325
8,event,62,8,0.0997839934075222,0.1774140960304421,0.1879662135254421,1509.179656992539,1654.264013323448,1703.6420155899373
8,event,63,8,0.0879701672811594,0.1401303112330862,0.1600903579814389,1507.953750228938,1561.2960647900316,1566.26839694965
8,event,64,8,0.1006722177697762,0.2232797438013523,0.2403233154775605,1283.8745223610229,1524.651528751452,1637.3817397710668
8,event,65,8,0.1128615278751368,0.2872873929115452,0.3623613451219357,1590.965484406678,1815.3604761067088,1833.3858019210893
8,event,66,8,0.1012103553972624,0.2267065697418712,0.2804330683151898,1399.0872169252434,1502.5546397107214,1509.0794783315096
8,event,67,8,0.0731263988734636,0.1641242960438153,0.1697397627703083,981.0973070280406,1070.8840050016895,1077.2135146302858
8,event,68,8,0.0931530848983214,0.2002267324920387,0.2203130503024833,1313.4578912840384,1459.479460186342,1489.1073223528276
8,event,69,8,0.0892534500906288,0.2022944545810557,0.239697303806305,1468.6064144791212,1551.91098912418,1560.2446447147436
8,event,70,8,0.0682291412513403,0.1098058191120711,0.1234662860533066,1545.227134776526,1668.823488614406,1678.5701831419929
8,event,71,8,0.0917619353601695,0.1810936733319989,0.1970176588155581,1477.6836205727875,1557.3686047181538,1570.8152075158198
8,event,72,8,0.1163744858072668,0.266220588955903,0.3447950162101857,1514.347306695402,1723.7475325515477,1789.6827166417954
8,event,73,8,0.0863167054404909,0.1539509823132555,0.1624876784403476,1630.0122025793914,1866.0144365959704,1963.5707259622225
8,event,74,8,0.0799654722661861,0.2071437748870051,0.2736084799925925,1562.8414040601092,1698.162889111104,1702.7698510759164
8,event,75,8,0.0643735007483216,0.1014864162388501,0.1167370344024,1173.6542024771722,1212.2713512528323,1219.4081797141791
8,event,76,8,0.1129193004763781,0.2510960579483903,0.3117694084186383,1544.0505103074977,1742.8795442808482,1845.431739929788
8,event,77,8,0.0896731843586397,0.1341083287184351,0.134280754655288,1345.6875856489066,1442.0493246064734,1450.105418504554
8,event,78,8,0.1349746519877859,0.248641898597439,0.2626452039513084,1432.2841341222347,1537.164790853488,1553.4959886940808
8,event,79,8,0.104777839447808,0.224774871718774,0.2729965001328227,1457.8366330242118,1622.1489562335037,1663.093646716991
8,event,80,8,0.1362532607787632,0.2550584232530904,0.2748691379756863,1621.1430222095337,1694.9246688509384,1715.9073960642015
8,event,81,8,0.1124669855728425,0.2870551793495251,0.3235923645988176,1570.5244243053,1631.102078525961,1632.9383686977872
8,event,82,8,0.0833398554239774,0.187020945011181,0.2314790592600173,1417.690741558217,1511.6917085780678,1532.6613590733614
8,event,83,8,0.0880792357138812,0.2015756113236371,0.244461014795208,1418.1829891072184,1533.53891709783,1561.1443743031566
8,event,84,8,0.1025657134010977,0.1659911389775121,0.180324613015307,1443.5901174796084,1594.027556022297,1602.9780756343616
8,event,85,8,0.1289637291151284,0.3008348134436836,0.3569126597744008,1480.3966207889014,1612.6025305746855,1645.2003895900953
8,event,86,8,0.1162739003097798,0.2313847388617823,0.2789053971059134,1477.6810065571506,1662.7473827097108,1745.5682748056877
8,event,87,8,0.1100279949749008,0.2803266877383096,0.3650570004065914,1570.700029061029,1689.4721686810476,1731.7836604675408
8,event,88,8,0.0763750185910935,0.1439537442822868,0.1491231163986303,1400.272870163394,1454.9722111645067,1460.6988802784367
8,event,89,8,0.0789773571139602,0.1512807949297939,0.1865747734250258,1497.5874365665,1637.7612311497787,1701.67358530092
8,event,90,8,0.118806696233609,0.179985097729697,0.1818155630109034,1495.263866920469,1590.4412307704622,1609.239760180055
8,event,91,8,0.1104113411358611,0.2941161757592514,0.3350322936132537,1374.1933693858953,1449.650631171251,1464.7465525852454
8,event,92,8,0.1139516980903408,0.2587153654936863,0.2679503243791112,1380.4632224034435,1470.049058768432,1489.4938537001292
8,event,93,8,0.0958082569708543,0.1576631019095126,0.1771348208353703,1343.3100213021175,1433.814880551534,1444.018189345189
8,event,94,8,0.1087670928922138,0.2004827198918871,0.2118039966307074,1467.4086183575828,1543.1839925316026,1545.0964901141244
8,event,95,8,0.0631968182830366,0.1321312250982627,0.1486726712837537,1192.9594263577835,1295.8309041083075,1315.0924096324436
8,event,96,8,0.0947205169166655,0.2746144016685034,0.3617049055996448,1347.3885582997218,1489.4768672680975,1534.1800523602728
8,event,97,8,0.1063980588621793,0.2202740646232485,0.2645988027754828,1320.27453191743,1381.5785685549686,1383.484316584504
8,event,98,8,0.1005418553894177,0.2302852680375018,0.283739109380873,1442.3251086511257,1495.159036920905,1506.1546757020617
8,event,99,8,0.1007029249783501,0.1961873744351368,0.2062520391576501,1412.7218309394884,1607.7727094084976,1677.6727816168598
8,event,100,8,0.1018689717419303,0.2044934477528477,0.2405318576813767,1451.8763523442358,1523.855301845393,1530.3679701120702
8,event,101,8,0.1029538030807821,0.1748583732446209,0.206696153874274,1407.3470844804838,1479.480911071573,1481.9387250348364
8,event,102,8,0.1039083591374935,0.2551621430725094,0.2672405657269398,1506.7400286716995,1675.3604930028764,1690.8025069015478
8,event,103,8,0.095475906329371,0.2259487160446915,0.2579625185319362,1280.2437532643428,1329.046314965385,1335.3474902756138
8,event,104,8,0.1014400461133587,0.1450082126843543,0.1473391868877401,1489.6105300930808,1557.5295903692568,1561.3508455331028
8,event,105,8,0.1428764950221577,0.3179558323030017,0.4134764726555613,1546.7944137539475,1783.8241978857793,1865.6469412021409
8,event,106,8,0.1014066980796801,0.2534105235641406,0.2636877625429862,1449.3920438359858,1541.4757724888352,1545.6343042244396
8,event,107,8,0.1143973353392193,0.2703326773063056,0.2847960961668258,1425.049063198592,1528.506069238073,1555.3046079312753
8,event,108,8,0.0938687470247685,0.1990262537551966,0.2224153315355745,1334.9366971159443,1512.0768970697268,1558.3022313502374
8,event,109,8,0.1109136892946017,0.2030578977514426,0.2398778370529399,1365.0289189032844,1458.6170556733507,1466.4963751092964
8,event,110,8,0.0905305981002846,0.2237735435722331,0.2539173923817946,1430.0214716955704,1606.1389552627784,1688.1694449805193
8,event,111,8,0.0959613020435709,0.2588846989597969,0.2840850990455976,1477.5063438702427,1577.535521263542,1588.9797257824885
8,event,112,8,0.1154904144300936,0.1916041125710345,0.1955832148915735,1463.8721136777197,1593.17015665536,1641.5502841763991
8,event,113,8,0.0977405869287662,0.1333507971503465,0.1380155147602871,1350.0319468513626,1383.404615761479,1384.415201418167
8,event,114,8,0.1428513427640503,0.2871102810842744,0.3588039920079488,1422.8150426539885,1547.2846395878616,1553.0574239787638
8,event,115,8,0.0739430986460766,0.1025264181750948,0.1128528841880362,1541.5899625634854,1612.9169653706754,1613.2501154271015
8,event,116,8,0.0955533539846293,0.1841193706316634,0.2115269941665902,1518.5281950977364,1586.416681239701,1600.093664548298
8,event,117,8,0.0931819621511936,0.170108839353073,0.1879535351591304,1519.4858092065158,1637.3451458493666,1661.0881708973095
8,event,118,8,0.0955552305373594,0.153912140622471,0.1680618908870573,1176.651438032278,1289.1610482428553,1296.5598416581029
8,event,119,8,0.0951703376672398,0.1788257776125776,0.1872123919654887,1413.6123058781866,1471.2942568642102,1480.0363349914085
8,event,120,8,0.1066745096870309,0.2544016430940173,0.3110831899956787,1429.203561789148,1610.0094961434922,1693.661230080715
8,event,121,8,0.1404681539848856,0.4045133235746994,0.5511755125325282,1406.9896527627775,1490.1118199529,1507.855642521141
8,event,122,8,0.1151722492787965,0.2535076523943871,0.3070326565140274,1192.5739178511765,1234.158121561347,1243.2351310029917
8,event,123,8,0.1069733732881223,0.1936938346853837,0.2203699149265138,1337.2072236545364,1414.6153201003688,1421.406585012843
8,event,124,8,0.0956815370893262,0.2119266504053311,0.2756878490876303,1512.482433634111,1585.7025634497502,1608.1001864998266
8,event,125,8,0.0776527429258334,0.1356123426419367,0.137098621808603,1221.3366423419125,1374.96941022877,1406.793148856112
8,event,126,8,0.0915092876719988,0.1640254693707021,0.183051569103549,1390.3713743735195,1494.341883846021,1551.0908919048022
8,event,127,8,0.1311686659155682,0.2653656669898506,0.3200482075059193,1498.8269521879677,1628.604463687128,1651.86213692328
8,event,128,8,0.1113078574833768,0.2481923627429531,0.2951888963277813,1408.004049202577,1580.8172825068953,1634.3969861117023
8,event,129,8,0.0943216891589922,0.2299836958171491,0.2665637616670384,1473.581672054005,1532.8440909059368,1534.712241172931
8,event,130,8,0.1084958003920288,0.2392711450202522,0.2811764283341382,1415.5778171822865,1627.8758102249722,1723.4332803283903
8,event,131,8,0.103691693812745,0.1790781300258735,0.19148690353206,1484.4603355254087,1658.6267857510709,1716.909651767532
8,event,132,8,0.0923267439959715,0.1420498111528135,0.1485329035523264,1412.519750276926,1460.1784023453904,1472.8251831391738
8,event,133,8,0.1068812731966611,0.1553876265792961,0.1629557736831456,1412.003529628163,1509.169525560208,1522.471773360229
8,event,134,8,0.1166824241207614,0.2718875037449462,0.3550568402487159,1262.5935808240467,1317.0776350679837,1325.2407449032742
8,event,135,8,0.0738773993803706,0.1304882135948355,0.1512727401836134,1317.700742676504,1350.413055738777,1352.3087117316984
8,event,136,8,0.1022006615883033,0.2244446752495261,0.2595117821359051,1461.805327683602,1562.6706342949642,1568.7105540129223
8,event,137,8,0.1324610031995811,0.3080935768055636,0.3132658956263442,1328.2781206999584,1491.1248741305014,1562.7934921425294
8,event,138,8,0.088864637566662,0.1305246078933902,0.1361054261813477,1564.4160554300256,1656.6012882723692,1662.519157503388
8,event,139,8,0.1094090895154493,0.2551159366944538,0.3074347253039742,1172.8937903387107,1235.1242488471107,1237.4386517894382
8,event,140,8,0.1454745484837882,0.3009725448498448,0.3291276879077238,1550.3519690380112,1611.4020387067944,1615.903844869374
8,event,141,8,0.1230634663733412,0.2011093997761668,0.2138379197337124,1485.6673637455774,1625.025906390613,1702.5299264171397
8,event,142,8,0.0865733422535654,0.1743937669208903,0.2034066726120939,1472.0802822820078,1616.1070795580008,1691.0448163361273
8,event,143,8,0.1008273713395463,0.1872482212626291,0.2131609960628727,1425.6243091225674,1536.2123146058548,1576.049662105322
8,event,144,8,0.0929706019061746,0.2034121914106303,0.2638134526729199,1383.8569779383356,1489.1386003102875,1496.866301744893
8,event,145,8,0.0797192196627829,0.1174800600400653,0.1237992862818556,1370.2545045774384,1517.638056036458,1517.829956673263
8,event,146,8,0.1105449424414793,0.236100946788969,0.2498738347136667,1255.1471296818668,1388.6912493898349,1397.4287003976028
8,event,147,8,0.096157079579685,0.1834912604272383,0.1838362017991851,1577.459047625047,1683.222818400399,1703.794185488653
8,event,148,8,0.1335749102242062,0.2906234988658605,0.3210215889305516,1435.4045265840057,1484.313781751002,1503.1083665477504
8,event,149,8,0.1105499722454615,0.1919823992013252,0.2100561814120345,1158.4667378839351,1265.3839853513828,1265.456329305019
8,event,150,8,0.1593236025919446,0.3884820746793067,0.4035956058695505,1359.4961495638552,1413.162736089998,1422.5175031640329
8,event,151,8,0.142506650936641,0.3266042275129041,0.3927517369411652,1371.779690580267,1446.9782950161057,1485.0999231287662
8,event,152,8,0.1252687479133331,0.2492564825228787,0.2984853690191045,1477.8149916266325,1589.2054148154084,1599.8576010289426
8,event,153,8,0.130710544992746,0.3043783637760642,0.3645525377697423,1335.5134073260251,1497.4687693896344,1568.640055043855
8,event,154,8,0.1038694274824377,0.2135798928757274,0.2333113644814152,1355.20463371893,1445.4699906290032,1461.1377092234422
8,event,155,8,0.1516569930157422,0.2446721029549062,0.2593328538166718,1431.2405253059046,1579.5082254866643,1618.4029141118176
8,event,156,8,0.1320298654529168,0.1939502817481656,0.2093248003533102,1439.380972296035,1499.7333778555858,1508.779431459743
8,event,157,8,0.1506719711313912,0.4210371419070359,0.4761467366434831,1189.052382232643,1470.8820237345765,1612.370671922291
8,event,158,8,0.1024932253046882,0.1514920706892083,0.161585266385811,1473.7145363251675,1583.433466921188,1606.1294063489368
8,event,159,8,0.1161319844017741,0.1919375766054709,0.1984938250362309,1477.068465886802,1568.2201137601714,1584.0450460800123
8,event,160,8,0.1202801103133448,0.2981364922801842,0.3674755775421716,1313.4481049280512,1444.7349155678062,1487.2495862434048
8,event,161,8,0.094091640809257,0.183378000139313,0.1905199571214509,1513.7311869551338,1610.8717999544776,1629.1722672232588
8,event,162,8,0.1417028179240827,0.3739621516222859,0.4691819158195668,1496.5922642772457,1614.6533278891347,1620.613019683202
8,event,163,8,0.1125389130922557,0.21034335508325,0.2463993899130726,1488.4527918302922,1548.968979899135,1550.4834979991408
8,event,164,8,0.1519100993285102,0.2646204308583749,0.2872038508804962,1380.670726007624,1431.5819589126415,1434.9415022611745
8,event,165,8,0.0971246409792483,0.1879954171078307,0.2071832074447944,1264.8253862596198,1363.124309893762,1365.6088007688884
8,event,166,8,0.1062215126002644,0.1772948334704151,0.1950356707898279,1275.1555143346102,1408.1500101795132,1456.7441124632055
8,event,167,8,0.1347147321605404,0.2484756236305562,0.2932836247851403,1359.2425121723984,1461.5254267850808,1516.816050261978
8,event,168,8,0.1183913042015615,0.2272839179311289,0.245815542982492,1433.7345725940074,1564.6914539483942,1570.7317768081489
8,event,169,8,0.1117380366020726,0.167078530284795,0.1698111336029759,1393.5696712458623,1520.8160715062088,1542.361799521881
8,event,170,8,0.13685132564249,0.3042387550487,0.316896885512794,1394.7363886217736,1498.4005650962786,1536.2565423641656
8,event,171,8,0.1067340734039517,0.1779462355813352,0.1939929624297762,1308.258950643955,1355.217571564141,1363.3113130609263
8,event,172,8,0.1188519727673748,0.2114525415660785,0.2410998808029163,1365.792452618332,1434.4473469877782,1438.674545889042
8,event,173,8,0.0867958600479856,0.12879300407739,0.133903687398925,1112.6624180818835,1275.8404417216698,1340.5644593659465
8,event,174,8,0.2003895358172083,0.4587451928475983,0.4633677386921894,1396.4561462374998,1516.6087454174092,1554.4894543160094
8,event,175,8,0.1127484393895484,0.231767531251186,0.2680816267569342,1338.1178981216965,1447.3920242279903,1485.437329206699
8,event,176,8,0.1163552509000279,0.2644186071262782,0.3488907094931888,1570.6806755073503,1703.0464196019282,1704.3420409170517
8,event,177,8,0.103815633520441,0.1523741002329772,0.160399449748294,1427.8421074960477,1474.6066250651509,1475.9396287042327
8,event,178,8,0.1452564137654273,0.3625223130297253,0.3964282460235823,1400.2362900020912,1474.0587039234683,1479.450686836943
8,event,179,8,0.0957156086314734,0.1900534880792452,0.2036801604176187,1480.214688766308,1581.210378937532,1626.313904587683
8,event,180,8,0.1496100268853033,0.3316830955057214,0.4190208167573678,1461.952843831557,1566.1481949430863,1606.0384219917305
8,event,181,8,0.1374913136476306,0.3597236457250545,0.407956273959812,1441.087051854346,1530.1600260158057,1548.7328665416137
8,event,182,8,0.1598352866526957,0.3880722171272582,0.4885496972770057,1400.7633428824174,1511.789419372484,1521.1423960814127
8,event,183,8,0.161824894933322,0.3776528835224765,0.4078042535929712,1310.04176356135,1417.1071624942506,1439.711209765872
8,event,184,8,0.1678554980597027,0.4878422305535574,0.6335797318917261,1423.969336897867,1593.5680824330489,1670.762323538382
8,event,185,8,0.1119907426801543,0.1853622146146285,0.2061851042215406,1354.2201994813609,1511.101353292872,1554.4745493192302
8,event,186,8,0.1265909168281402,0.2338892916971225,0.247091606162642,1315.440829894734,1402.7495979447085,1416.2056552071176
8,event,187,8,0.1190330931695028,0.2123448150573559,0.2435955461469463,1385.181302026984,1456.1652591461666,1464.4473744532854
8,event,188,8,0.1488931977073777,0.2138395641238415,0.2197174557480843,1355.605864984764,1515.517126010485,1607.9902720056734
8,event,189,8,0.1752812880637214,0.360887723371224,0.402215553242099,1446.4991251627748,1496.6076661601082,1505.707572488813
8,event,190,8,0.11576263615256,0.240926293555697,0.2928067276261237,1489.1817891583994,1560.007597613255,1562.1441976821538
8,event,191,8,0.1563936528941148,0.3378731307857583,0.4243334662104868,1415.030448301995,1455.115993822333,1457.0076811175209
8,event,192,8,0.1202797193921966,0.3377195138614071,0.4462288107964291,1376.8796859255938,1562.0771021081102,1637.4076656611032
8,event,193,8,0.1094316611624941,0.2050391268298402,0.2277341160302192,1372.845479260914,1524.166672722358,1582.8854646556567
8,event,194,8,0.1044020967842809,0.1394783589253942,0.1472799992727971,1382.6007465165487,1459.81555294122,1469.5692916180942
8,event,195,8,0.1319663721638837,0.2210029346913625,0.2458189640408972,1351.5239598023588,1425.6754816575844,1442.3747080992423
8,event,196,8,0.1471774986900709,0.3748157547772784,0.4317406411992046,1393.1395432136692,1459.5516806014084,1464.256285431942
8,event,197,8,0.1885297843418129,0.4384259949563402,0.4466445076403044,1458.0135020653768,1625.4554643660315,1661.1657570426323
8,event,198,8,0.1245728765455902,0.2862736717196457,0.3451956053616924,1466.8015223506563,1531.4972906295827,1542.6339485872168
8,event,199,8,0.1854249559493067,0.4445954316342835,0.4876615855219418,1383.4752079235511,1442.5657064338095,1447.6915961802456
8,event,200,8,0.2111893591112353,0.5481385476212248,0.5750589055418265,1520.2471909979731,1664.1872672860163,1735.933824120391
8,event,201,8,0.0924699928712401,0.1432734581940777,0.1468642414178965,1461.2363907566014,1591.1063465263871,1621.3334021510173
8,event,202,8,0.1494873916568526,0.2413234551240813,0.2531058845064194,1307.0718414411144,1475.4595241576358,1541.4033698638252
8,event,203,8,0.1372232004232317,0.294678060016589,0.3516138964378418,1195.7297523910026,1301.1913459505602,1329.6099874719544
8,event,204,8,0.1352813444870013,0.3692400017067309,0.4399839280406519,1235.2554026971786,1379.0384956083242,1423.5541466794382
8,event,205,8,0.088744600074181,0.158515395632778,0.1798659528635665,1322.9728002295349,1439.0394286362405,1439.6742681904202
8,event,206,8,0.150159375993225,0.3389549098820651,0.3732229392174323,1488.33709530187,1546.1039309263003,1557.4205482572293
8,event,207,8,0.2372113207470016,0.7042841212048062,0.9718965376481974,1374.601144414368,1462.0173762745026,1493.4665024220508
8,event,208,8,0.106450847168991,0.1940816301733424,0.2092974367626169,1560.8754974723895,1635.1931430940592,1640.4225029437937
8,event,209,8,0.1223486269470614,0.2035849973794328,0.2185535361911838,1481.0370909407395,1593.536724119598,1606.5985280444368
8,event,210,8,0.1271390174877806,0.1796091427153824,0.1905035294515217,1397.0159710895043,1555.7655424248958,1589.8920970714923
8,event,211,8,0.1681107764225272,0.3236416797767003,0.3410395705207794,1501.2847732524613,1652.849134400919,1699.159747377524
8,event,212,8,0.1167509753528957,0.280257899925207,0.3598533486297028,1281.6282170667184,1340.9862062278737,1342.0835991454085
8,event,213,8,0.117649749491995,0.2931206395739787,0.3767100863350305,1101.8443262747878,1307.2268140186757,1376.4122277374215
8,event,214,8,0.1148517753341916,0.2316275371309663,0.2525564114119182,1350.1230892611966,1410.7914801110169,1414.741942907174
8,event,215,8,0.1468041932198165,0.308965991965831,0.3552550273748067,1344.8630734621977,1436.9084472609272,1444.224756637154
8,event,216,8,0.1188102729022849,0.2472512359576551,0.2908648233045662,1350.3901627156858,1393.3329086855542,1397.5243633205573
8,event,217,8,0.149454938348997,0.3643119706876389,0.4853663024928362,1496.374551018653,1812.5786778163504,1957.6786151036547
8,event,218,8,0.1075188246605984,0.1599239568034648,0.1696886823337542,1415.998687890392,1508.760353133497,1528.641738662814
8,event,219,8,0.1492653720133033,0.3219772482154586,0.401086630683888,1399.4964300443914,1463.288110077307,1470.9314395958154
8,event,220,8,0.1568797522704942,0.4488537185529316,0.6310438641666645,1504.5135074269897,1637.655123144642,1708.295052544542
8,event,221,8,0.1173736242355737,0.2087642271107453,0.2496020835571162,1335.2715565163323,1428.0730885169164,1455.671756064551
8,event,222,8,0.1349312596790564,0.2099977485113442,0.2365823756949875,1546.8367838201175,1624.3151088562745,1624.9354654782985
8,event,223,8,0.1400220936664084,0.2169175045609082,0.2309288662198696,1336.833489887324,1489.8520212018934,1562.1570080551617
8,event,224,8,0.1164571114754198,0.1948037443870185,0.1990379913063835,1384.5871725151012,1526.604761562538,1553.7555201627813
8,event,225,8,0.1245160454183131,0.255814600870643,0.2824774174028268,1384.5973559864722,1444.3795200788877,1452.3774351573336
8,event,226,8,0.1091301102124794,0.205700104535573,0.2329525600482064,1499.216932002051,1608.1742914034614,1615.7691047505048
8,event,227,8,0.1241819762671385,0.2380786600888448,0.2833092099410201,1367.0264056398037,1452.601392939241,1453.6498153452458
8,event,228,8,0.1357856685794525,0.2825974000945462,0.2879204852814164,1520.2495464149354,1629.3698011081833,1632.750681177661
8,event,229,8,0.1246024120332563,0.2184900077216869,0.2303049703368283,1089.9903646744162,1149.4616913561665,1151.563943274561
8,event,230,8,0.1403881874057548,0.2427538619658162,0.2487072078319642,1442.4489032708848,1558.343330814856,1614.7741927547283
8,event,231,8,0.1239341266906366,0.2342943171847807,0.2484645609382936,1394.0033270528304,1487.9897844740406,1494.747285379094
8,event,232,8,0.1726531817552912,0.3983959372947725,0.4960569779686152,1435.3783522763774,1574.588086890857,1601.4280199545608
8,event,233,8,0.1599287733293461,0.3936938677883927,0.503433670152088,1254.5728994927829,1352.5842926746675,1370.1671607229514
8,event,234,8,0.1816870999988705,0.315439714246143,0.3731659425775278,1317.3875059908364,1415.0307737254093,1430.1674654894186
8,event,235,8,0.1470675914761347,0.3663500779302444,0.4165436862231891,1348.2791199293486,1467.5959256649876,1488.9055358469282
8,event,236,8,0.116641031963488,0.2085662988708466,0.258019898710066,1557.7787214625564,1588.0910935143906,1592.2211127324747
8,event,237,8,0.136555506108782,0.3647992009600274,0.3857855106648901,1338.900311038151,1439.5402883167594,1455.8914995654382
8,event,238,8,0.1211146131084655,0.1788113506569466,0.203504382976781,1405.367663721336,1488.2991681703666,1492.431270157731
8,event,239,8,0.1333389546866819,0.3723617818117271,0.4507291690122545,1386.1809106828382,1455.6029516432743,1481.5550743251647
8,event,240,8,0.1576180045185458,0.3670233315194706,0.4513648359387894,1388.3372456116415,1494.542758570191,1511.8491071196822
8,event,241,8,0.1145264829365657,0.285059331308737,0.3504982581275459,1153.9054252759126,1199.2499689649255,1205.793995779189
8,event,242,8,0.109341910547474,0.1823957580427184,0.2063290315178218,1233.975582154043,1361.9289059910056,1370.1648679005666
8,event,243,8,0.1562555626307717,0.3062056032860883,0.3494852948205938,1393.2717993285614,1497.695110822787,1529.5597414914482
8,event,244,8,0.2221088261201431,0.4751285961743842,0.6006565276633054,1385.5844478410706,1440.438277705373,1444.0172618427991
8,event,245,8,0.1438389161224946,0.3768645488138886,0.4819490443155772,1254.9534096293903,1347.823021519171,1349.86555575436
8,event,246,8,0.1149099133081238,0.2284409201027538,0.2463971119743773,1264.3186770166535,1396.0459775006132,1396.8661845666902
8,event,247,8,0.123358581526369,0.2483055798031056,0.3178895685242662,1369.4355334202494,1441.0411577252892,1447.7133960524502
8,event,248,8,0.1438333148049357,0.2771961743327884,0.3278387206659006,1270.4219342276829,1374.9810938623075,1384.5348710869382
8,event,249,8,0.1797425044667015,0.3979006626058847,0.4260899481527399,1440.0130314112805,1509.1635019093158,1521.7309213901428
8,event,250,8,0.1684565302301205,0.3849081554823025,0.5001342247113818,1396.659357774699,1482.5987333783307,1489.8001056702085
8,event,251,8,0.1762985676382275,0.3647529636964057,0.4105063625469441,1454.0623103523608,1612.895369711086,1695.7490526065749
8,event,252,8,0.19860508870791,0.4502395794840657,0.5177947346289881,1355.1138134679018,1433.4056415484515,1438.3860497976484
8,event,253,8,0.190998271186867,0.4550607592548022,0.4706019250036655,1474.735622711199,1690.5879570028656,1760.7653094996392
8,event,254,8,0.1578764293399855,0.4028788850106574,0.4390323406883161,1274.2144171795503,1447.548127812723,1526.207294233203
8,event,255,8,0.180036425931952,0.4553034437267421,0.5719264315673168,1335.8949173124972,1411.9917865813784,1415.4241851482552
8,event,256,8,0.1050783710245891,0.252750819304227,0.3137616021925559,1545.1543713580006,1594.316672017524,1610.0195003749473
8,event,257,8,0.1200964882744043,0.1893058834455802,0.2001198228953805,1275.8853213586765,1368.8370897149748,1369.926253460521
8,event,258,8,0.2217563578708113,0.5124175630158148,0.529200264278122,1371.4391406041304,1464.5512626542911,1466.331063479969
8,event,259,8,0.1365014635281481,0.2366140476142915,0.2769496324839133,1372.1611498488198,1445.3601586955256,1454.576359126777
8,event,260,8,0.1643050212737608,0.4758216294106963,0.5742933482233711,1258.6293292774928,1305.4733813931746,1310.6741573087634
8,event,261,8,0.1157631309314159,0.1836874631918027,0.2067910236460543,1269.0375896448172,1315.8923287608518,1321.6272857216668
8,event,262,8,0.1788017560889491,0.342502308743246,0.4147435257435765,1436.1426530405024,1529.908614208053,1551.2837984512746
8,event,263,8,0.1526155806996619,0.2373069793216058,0.2447260169670486,1419.5810636612446,1484.304569845431,1489.0353301214564
8,event,264,8,0.1609132233448853,0.3017284347117133,0.3310364628342883,1381.4850522702825,1464.5725292538202,1484.9468807311118
8,event,265,8,0.1818731430199452,0.376983099028758,0.4055452270899422,1416.8947900606292,1479.601300617793,1480.3081751021623
8,event,266,8,0.153265934045635,0.3802185724912444,0.4632915683744616,1372.4572537806246,1470.9470076628606,1482.462718159922
8,event,267,8,0.1889968155997182,0.4401915894699718,0.5430539229131621,1428.207822294786,1504.967783472691,1510.5829353971135
8,event,268,8,0.134288137981038,0.3057574567714731,0.3354144243174725,1301.6282149900935,1422.2195380280712,1466.2751683089716
8,event,269,8,0.1314376286312299,0.2567868910440678,0.2861186166335732,1281.27962894424,1335.1351100434515,1339.181995674038
8,event,270,8,0.1580210871701805,0.3964407025343498,0.4794601960675947,1485.694089419518,1617.2908791657735,1634.6256020280728
8,event,271,8,0.1493591993256664,0.3315092955451431,0.4032060864469683,1135.019772463335,1195.1318852547574,1209.0406410388275
8,event,272,8,0.1701193375020412,0.441679585560305,0.5918126218016025,1363.9791489944594,1462.4750671375823,1470.3507112356672
8,event,273,8,0.1248113054377708,0.2122003132921091,0.21432518725639,1344.0644442804528,1479.5285278150857,1515.8330964672505
8,event,274,8,0.17523150846371,0.3661994787080948,0.4256042899625352,1337.364880587881,1405.3869821819164,1427.224148990016
8,event,275,8,0.1804362951568409,0.4145018715636561,0.4409938378627506,1377.0626291075891,1474.4247821330189,1495.148605410587
8,event,276,8,0.2020453874246709,0.7139794793329235,1.030116120385362,1261.6581392050095,1336.4915616415606,1342.1503894136254
8,event,277,8,0.1457564770557408,0.2939062554611784,0.3380903232026655,1426.2331499863108,1554.7472176010433,1590.760853468816
8,event,278,8,0.11220296043259,0.2452274679529156,0.2863666759920928,1328.7200424202576,1368.892039136657,1371.14746844506
8,event,279,8,0.2115526008684519,0.5017406214971727,0.6360677869215761,1328.1031711074552,1419.966383883397,1454.552546595044
8,event,280,8,0.2237667167029766,0.3361196900754004,0.3745112923181756,1207.6221350683827,1254.011087105773,1259.24082815172
8,event,281,8,0.1742437625522857,0.3426158929004814,0.3854462807855418,1331.330946185128,1455.911805815998,1475.8598790189303
8,event,282,8,0.2166634628166671,0.621002469002611,0.7814354254793867,1456.3404783562348,1563.5199841842218,1581.060622243854
8,event,283,8,0.1751305242349245,0.4428908286135095,0.5109180823579386,1339.3680086445654,1466.1103133145095,1508.698627787866
8,event,284,8,0.1450249573073053,0.2580886901007178,0.3192878190618968,1283.8970424497352,1381.912553001698,1400.3362698038864
8,event,285,8,0.1455513467928826,0.2383182246031462,0.2468793221465346,1313.1770356255422,1353.7718667230429,1363.9450355566382
8,event,286,8,0.1713351894081053,0.3271353395595954,0.3683616004840779,1361.4619400385789,1542.526426424251,1619.8831278402247
8,event,287,8,0.1620943837003248,0.3704965261853943,0.4707426433228256,1360.5660126340754,1451.841735058065,1455.2901254386206
8,event,288,8,0.1812279704491694,0.3492880075734988,0.4215432890388607,1365.698356134542,1499.8054406589245,1533.156148220249
8,event,289,8,0.1275968093731262,0.1514019046941034,0.1516892430849443,1471.1697788899244,1530.470589524181,1536.3612181136807
8,event,290,8,0.1708173719177106,0.3041104520292225,0.3103356174906296,1218.4579774946533,1298.0472016860542,1298.1270138911595
8,event,291,8,0.0947245410183798,0.1446769800754326,0.1639813010575994,1403.4802333854373,1513.7180366910516,1528.191879490496
8,event,292,8,0.1937248223582421,0.4006098071427316,0.45136035430932,1264.2207696062835,1383.0647389166031,1397.1262595959954
8,event,293,8,0.116054544585503,0.1889968773244361,0.1932406989784208,1320.7911030199616,1454.77566369846,1501.0731420923792
8,event,294,8,0.1659140390443116,0.3190025997604824,0.3198614416979182,1364.945766941235,1419.08679003362,1419.1608407356252
8,event,295,8,0.1545691829054526,0.3154819971733328,0.3633293218108801,1418.884841180302,1477.728900470693,1491.1011765591134
8,event,296,8,0.2089778216809375,0.4244870180379311,0.4472312937495635,1391.5386085959185,1622.8660664549425,1709.2902411628188
8,event,297,8,0.2456011755778809,0.6071567749173267,0.7075778456158301,1282.8828723158583,1381.9981530442308,1393.1745496584858
8,event,298,8,0.1549479046607449,0.3041010472619705,0.3208015105215261,1378.0133127441852,1502.4014651022587,1506.6739902932954
8,event,299,8,0.137497617668276,0.2233801731425992,0.2395801274962821,1487.1196228493695,1672.7055806546955,1739.7404480220682
8,event,300,8,0.1576739562522572,0.3535328319333904,0.4155065414534161,1257.6609761434747,1352.968751851624,1366.508590985488
9,origin,1,8,0.0958770394538921,0.1921168526894897,0.2010186885193169,573.2334348151186,604.3617137669147,606.8075891049093
9,origin,2,8,0.1012133327665086,0.2009800483223301,0.2038410109939223,645.2525250746563,685.5200290080485,690.2958774594413
9,origin,3,8,0.0884740963296678,0.127231402690243,0.1304245500283588,667.5891066568489,764.0108082600857,792.5122207998987
9,origin,4,8,0.0942377924842658,0.1985287868120078,0.1999201263296862,750.7430639044936,837.2401971185362,860.7093101631715
9,origin,5,8,0.0772420906553736,0.1635141651236472,0.2033141570887335,919.7612224374338,1043.6938723046453,1093.464916418218
9,origin,6,8,0.1006999377150203,0.2348236210085529,0.2762297346618999,1092.176932090967,1185.8730229849955,1192.2511446805945
9,origin,7,8,0.0871360223075477,0.125228409166925,0.1295856295835524,1143.0048299995356,1185.0694225911568,1194.8129452433525
9,origin,8,8,0.1045102590520091,0.2402258667462606,0.3046112805881049,1207.4502621501465,1263.9448146437337,1268.778927664373
9,origin,9,8,0.0825511361216624,0.1981350193999352,0.2344861622304206,1336.2412961904352,1482.448239782586,1539.1510456762358
9,origin,10,8,0.0678698050760989,0.0926858870846439,0.0947294963415096,1248.9144802081046,1325.0327890650672,1336.6121590501498
9,origin,11,8,0.0723197566843753,0.1464654338622948,0.1579980599357304,1156.8190476429877,1332.352284938099,1364.6643170546329
9,origin,12,8,0.0717412461873469,0.1279757823150419,0.136030021995943,1354.3731797725034,1487.2189694388076,1545.946948563707
9,origin,13,8,0.0629310170683137,0.1175677245913114,0.1191156654921378,1231.2853652545791,1316.763358008244,1327.3877430494638
9,origin,14,8,0.1064166890614445,0.2899501653607745,0.3460645426922002,1436.553937682622,1606.8878318687412,1679.923022713735
9,origin,15,8,0.0527101654981186,0.0876524371759217,0.0967619663946797,1461.483207241377,1546.917113259237,1577.9820533573168
9,origin,16,8,0.0945772121319509,0.2173140746263105,0.2319502718828225,1392.2745532590693,1444.1943915308295,1447.645841946024
9,origin,17,8,0.0688793414255879,0.0878673768041057,0.0908708334919934,1475.4362327825345,1514.9391627196187,1515.1322618015738
9,origin,18,8,0.0688676525672074,0.1024988327940807,0.1097586209873452,1518.348200539824,1662.9362380378209,1674.937246867722
9,origin,19,8,0.1029449069134477,0.1796341435565215,0.2045834935029346,1590.513646380383,1635.8692453067529,1643.0038992707225
9,origin,20,8,0.0956371186639108,0.2170042270399726,0.2689437175949528,1551.5733322822723,1663.562362432454,1705.3876406950417
9,origin,21,8,0.0952798354799941,0.2363993189840496,0.2950127792780444,1364.0244585337011,1478.6730299229318,1536.9453571164197
9,origin,22,8,0.1017210563448665,0.3239250127112348,0.45341154550105,1525.0838274501873,1596.7133242665557,1603.4555439271487
9,origin,23,8,0.1068466832094741,0.2344202866292169,0.2684542440405449,1578.9381145652767,1633.2330476411755,1634.726419724778
9,origin,24,8,0.0823114159650696,0.1714754798179261,0.2025816097424246,1492.371427537221,1622.802282404449,1681.499713644729
9,origin,25,8,0.1121288464028595,0.2732063884206537,0.3308099581026563,1528.5299630158577,1740.0098574128297,1764.7078988192088
9,origin,26,8,0.0668257039420226,0.1400041761408483,0.1639421236525729,1432.6629725907678,1517.6801389370492,1533.875815533625
9,origin,27,8,0.0930779783676197,0.2331455519784962,0.3158684171210825,1444.3848742745258,1516.3964663437353,1517.9579201873191
9,origin,28,8,0.0917367013589222,0.1911721917397627,0.2261158543886001,1499.8697147574208,1615.574848691913,1618.5604845423254
9,origin,29,8,0.0942628613105268,0.2085087658222562,0.2184497595574863,1623.8428994222115,1744.443030471417,1747.9734606419463
9,origin,30,8,0.0975648519365473,0.2466872016355557,0.3180474869340194,1651.1490573246883,1755.5856221864176,1765.7325337774976
9,origin,31,8,0.0859806915479867,0.1760551163704351,0.1851612578022044,1549.592773477654,1695.880684933709,1744.7905443867126
9,origin,32,8,0.0931170292953123,0.219402096912067,0.2854792172578904,1686.593146468059,1887.0903238532933,1976.5542642539715
9,origin,33,8,0.0901457578578981,0.2404798968959583,0.3253409941176168,1705.0244760472356,1785.2538026012437,1803.3772156484235
9,origin,34,8,0.1204871371602523,0.31176745141617,0.31896937657038,1474.350612545075,1645.6620626568697,1715.773723346573
9,origin,35,8,0.0793352745179958,0.142817759067108,0.1557713756249177,1576.7666659906242,1644.4775507424763,1654.2279022664077
9,origin,36,8,0.0869514763965318,0.1581986709692948,0.1716321907133439,1436.5011229796255,1617.0148515385658,1652.0381161019502
9,origin,37,8,0.0939241599983025,0.1833399585235908,0.2225401148765476,1467.6582205335246,1527.8680131303386,1530.6895576411198
9,origin,38,8,0.075352421345683,0.1810803768937013,0.2068492213648925,1537.245430751855,1698.622648403269,1719.3394532833709
9,origin,39,8,0.0772489438144298,0.1831301481274003,0.2074278570657551,1287.6618095901974,1365.2298085874363,1374.1008869332904
9,origin,40,8,0.0977295904605934,0.1687700322661061,0.1951799541137389,1591.1935950938905,1762.1030615566576,1820.252456375223
9,origin,41,8,0.0658272686818257,0.0932226013726178,0.0957879974233906,1417.0957886812432,1458.764541910276,1465.563076477445
9,origin,42,8,0.1026414516411956,0.2026712124682133,0.212017527291664,1578.5823135487062,1639.7945364879097,1654.470023951465
9,origin,43,8,0.0949004721685634,0.1930472112060036,0.1935064496409447,1543.0865698359355,1596.8151659760122,1609.7548619111149
9,origin,44,8,0.1054432649282544,0.1596527759958693,0.1679833834358881,1476.8369646578865,1613.482881837554,1635.4988797836177
9,origin,45,8,0.0821711487769344,0.2198205272812753,0.2796965161482503,1243.7688918791057,1446.967811641552,1522.67878667697
9,origin,46,8,0.0937623500993156,0.2019247080059401,0.2046049222492791,1483.1482367207634,1569.7331133729283,1586.6500967296863
9,origin,47,8,0.1338908480321166,0.3802395821584711,0.4365614525155509,1570.037444537341,1630.031297324874,1631.3461913673016
9,origin,48,8,0.0896814249570354,0.2480603310084624,0.3380881285793151,1504.2034108675896,1617.776749069913,1620.51230728304
9,origin,49,8,0.0802274813742725,0.1537407483709519,0.1665333143856124,1625.1507633123902,1834.8259090754584,1911.3927309095611
9,origin,50,8,0.0692462999914258,0.1198318028406922,0.1336916229426981,1487.16788780994,1658.814646827214,1735.777849851405
9,origin,51,8,0.0886372848837602,0.166640489683815,0.175583630676953,1599.476364158709,1764.1201132654228,1794.5639938020386
9,origin,52,8,0.0729039052356325,0.1392753315268397,0.1673045031798418,1564.973567471822,1625.4608256593551,1637.1253047602634
9,origin,53,8,0.0778870527077764,0.118907601600362,0.1223996247788066,1607.8111078281306,1735.7670882352618,1768.4453250451013
9,origin,54,8,0.0784409663164664,0.151193378271934,0.1775410911112319,1433.4551864219864,1528.6621615868194,1530.2551355673063
9,origin,55,8,0.1103508606342219,0.2771229113825935,0.3456363220173974,1561.5030821207642,1630.6665457164606,1632.6822542712955
9,origin,56,8,0.0710583833662912,0.1622094800999201,0.2140072922029393,1542.1615672077846,1588.1273520019513,1589.2802729934506
9,origin,57,8,0.0794444300307,0.1220546280916136,0.1363742868444156,1187.659963084785,1316.4074677199137,1356.2311358766897
9,origin,58,8,0.0563913701087894,0.0926134569422353,0.0983447465891636,1211.7969735236195,1280.083990503305,1286.590495695446
9,origin,59,8,0.0925189472308469,0.1769536257762523,0.209793310402339,1556.084773900572,1656.630002764097,1702.0123344763383
9,origin,60,8,0.0980788917372597,0.1809439200800429,0.2066808051614952,1440.171351093349,1585.324360372909,1644.1859895124503
9,origin,61,8,0.0872387221853142,0.1571989912885631,0.1629941183747204,1498.130131539879,1594.6481574880406,1608.4450014937408
9,origin,62,8,0.1046296116435085,0.21706555685049,0.2421997067138846,1586.2988036126933,1677.6991150646968,1683.531735467794
9,origin,63,8,0.0833377929908996,0.2023955910287696,0.2382099622252527,1567.830551978237,1623.957911556765,1629.69094501486
9,origin,64,8,0.077956605864667,0.1351059107427116,0.153131114736775,1334.3544826623324,1448.6268005515576,1465.1633547311733
9,origin,65,8,0.0827563451028947,0.1609712089345933,0.1843927456470437,1573.5715291725246,1641.971738428022,1643.734849975304
9,origin,66,8,0.0741461548467202,0.1132982517621813,0.124071711695238,1379.7586493332317,1458.6488203830454,1483.8912024843762
9,origin,67,8,0.0638982470274026,0.1157624870205477,0.1380605392360116,1558.473699110374,1608.799794887875,1622.191189105315
9,origin,68,8,0.0741228273201415,0.1764801220096325,0.2057231844499295,1669.7674107113553,1804.0175162816404,1825.389722974356
9,origin,69,8,0.101572166620691,0.2474167013847732,0.3237638446641422,1488.858372551094,1597.1885786708986,1641.7559189037704
9,origin,70,8,0.1224862862611032,0.2723159179086616,0.3076682342791876,1411.377803993363,1472.654552215212,1490.50902878475
9,origin,71,8,0.1190173785480205,0.307180303030885,0.3687506670126374,1501.7477774935285,1582.0226479152784,1587.6692870099714
9,origin,72,8,0.0916602528846614,0.214410664194815,0.2370705967931132,1504.469581144398,1612.5710231537294,1612.8915517395712
9,origin,73,8,0.10621950680005,0.1870467122814973,0.2088688522387134,1602.1521245399097,1683.677215282157,1689.369385497007
9,origin,74,8,0.1217874462466028,0.2056787384768291,0.2253470136276068,1479.7676665637218,1586.88226041322,1604.9392363074917
9,origin,75,8,0.0602070542234724,0.1194973708227741,0.1224453748567126,1519.0934785957656,1623.6568898958117,1647.4416117368464
9,origin,76,8,0.0921331062752044,0.184054576248963,0.2039271192254414,1469.478397246961,1517.419031914097,1524.4913340368294
9,origin,77,8,0.1014093240325601,0.2113754706047019,0.2360533884670422,1365.214350091146,1451.1703078087205,1453.6804313717014
9,origin,78,8,0.0998549916113338,0.2287037047282059,0.2423264575440785,1555.0904250378971,1689.087844158615,1738.2637368371556
9,origin,79,8,0.0847167099786413,0.1514692120682819,0.1532141070464478,1502.4069694603097,1625.1828612450438,1662.549089585614
9,origin,80,8,0.0923925367714316,0.1703017530955502,0.1886745006745062,1462.167353607263,1531.9889500415318,1538.244905916994
9,origin,81,8,0.0801756478863651,0.1506690961400183,0.1706631485640629,1534.4408560791098,1628.7742823423214,1650.6335724676994
9,origin,82,8,0.0884197414793422,0.1500800365610853,0.1629183843716736,1499.595859714825,1628.5175174969731,1634.2600517516378
9,origin,83,8,0.0984534373328838,0.1602891163633786,0.1774695089574217,1474.2032220442666,1607.0014298102558,1623.6902554345588
9,origin,84,8,0.0998199249665376,0.2239659439251144,0.285930720235059,1557.3101354054504,1749.1281757250547,1753.1218771472527
9,origin,85,8,0.1248226865961406,0.2931491292205551,0.3658691170709139,1540.8965218729008,1692.0537533503275,1736.8079662393204
9,origin,86,8,0.1221177811894832,0.226851057218849,0.2472423250100751,1593.8827126275953,1794.2773855894989,1839.6940530403988
9,origin,87,8,0.1035557119350233,0.2118486308261813,0.2712828970479504,1472.711325024393,1560.3158458806397,1577.229024890841
9,origin,88,8,0.0911181054196338,0.1752377522853517,0.1764582013333269,1354.914256492325,1420.4457499002626,1424.572341509598
9,origin,89,8,0.0710312316276026,0.1317917184246897,0.1508022016213468,1501.6383634185863,1601.4118047583063,1631.3419854005308
9,origin,90,8,0.1114219241857751,0.2728290562406329,0.3145684373580347,1564.8175369151277,1721.5477688858746,1792.562212169989
9,origin,91,8,0.090197439149554,0.165965764006841,0.1905013545123536,1471.6770247978843,1552.0726920670895,1555.088638157056
9,origin,92,8,0.0692103471606983,0.121040605483353,0.1435327817330746,1427.2600479421133,1499.6377730611896,1510.7975585772542
9,origin,93,8,0.099795723458019,0.2205915399846927,0.2662826883160623,1484.0381549708688,1549.2659483048851,1555.9658502620591
9,origin,94,8,0.0863719520155731,0.1529416544673942,0.157217213993686,1544.8109380097171,1618.4134888090805,1621.1554461791054
9,origin,95,8,0.1300493304285598,0.3438404614841051,0.4305545690823893,1526.478299029801,1603.8429153638974,1606.6362485757477
9,origin,96,8,0.1164743419441716,0.2137231276850473,0.2350432443481473,1427.1085533411654,1581.786149255472,1587.1355225100328
9,origin,97,8,0.1124768751648004,0.2249992191560546,0.243296147723162,1466.8483747739988,1541.034396199361,1564.8493899806824
9,origin,98,8,0.1144844157022876,0.2370262676999492,0.2980214105810315,1379.0514983787534,1448.894620543594,1455.2769207707445
9,origin,99,8,0.0722821901818383,0.1547313988008677,0.1694556149039807,1382.8391260763417,1440.9482606294164,1442.4475302681994
9,origin,100,8,0.0887998314290847,0.156954190154297,0.1724074931187356,1299.5843439505024,1392.419945750558,1392.4580555255409
9,origin,101,8,0.1230190206488941,0.2383782213868524,0.2825009434483609,1541.2770515972204,1618.1562312366848,1626.6682419662925
9,origin,102,8,0.0894486519360236,0.17481305618075,0.1859457970842558,1383.11252459991,1590.0338512738488,1604.4093533262253
9,origin,103,8,0.1195317673885152,0.2667773747518653,0.2901778020157323,1487.8455866871282,1539.6402142284912,1544.878558775939
9,origin,104,8,0.1065804131193346,0.2532042988710543,0.2603792680077071,1385.9923869660645,1443.6127740831691,1451.0254971344143
9,origin,105,8,0.114634790003761,0.2568109498012709,0.2578850111862638,1461.091123930873,1545.5821744870843,1562.4204900079185
9,origin,106,8,0.1090074690106407,0.2431599243974978,0.2539440510559666,1456.5121100708047,1524.3334803540276,1524.5083167846092
9,origin,107,8,0.0944993990886221,0.1910139073874814,0.2062946763067018,1504.8888445483915,1703.374038551126,1775.6012900242115
9,origin,108,8,0.0824009789576186,0.1073408715837883,0.1077973335444391,1489.8066617331742,1579.1532246154054,1611.594873724239
9,origin,109,8,0.0715262509588254,0.1125058554289614,0.1303475805517215,1532.0817234763947,1635.9984583628086,1644.86530215038
9,origin,110,8,0.0881193213673355,0.1435057016786982,0.1445625358918643,1508.730495460586,1626.7628137582385,1649.078723444337
9,origin,111,8,0.0965562692136066,0.1951690695870362,0.244507771353696,1735.646931220881,1805.428012857437,1810.7754248637548
9,origin,112,8,0.1199407690283099,0.2336109730427402,0.287552288540451,1354.911912243368,1429.304820676973,1439.657186310749
9,origin,113,8,0.1056058678445972,0.2204000424439552,0.2773437424510401,1508.936105167818,1721.6130763383746,1798.3457574023776
9,origin,114,8,0.1616331707399541,0.398441817560101,0.5060063919951129,1588.2770643384893,1862.5054337650156,1995.3365729316065
9,origin,115,8,0.0853661406822895,0.1529974488521477,0.1690157537323255,1389.1385899019278,1475.8703611436797,1481.0752554136684
9,origin,116,8,0.1199480357379729,0.2769203646652582,0.320831423349843,1566.2914756544326,1656.050336485375,1665.1951724233334
9,origin,117,8,0.0847456342113285,0.1270397567498861,0.1304551636630182,1499.928448148106,1581.888989524486,1582.7289393475553
9,origin,118,8,0.0955559957794002,0.167353557982957,0.1893001422077736,1487.7012951271352,1590.2627437915592,1611.0041692247562
9,origin,119,8,0.0997350689192567,0.2067572357750831,0.2343130150102166,1608.173429230706,1684.2765126412005,1701.35453982248
9,origin,120,8,0.1135866384073082,0.2822982761116559,0.3696774999500042,1500.4532453431648,1586.4722452711442,1604.1992398191207
9,origin,121,8,0.0871837525696697,0.1774660393344606,0.178704826723476,1368.29085203911,1448.1623590306694,1450.778604426419
9,origin,122,8,0.1040793065454463,0.2374865084772684,0.299876462443253,1443.251323628283,1512.078411341514,1518.176513866981
9,origin,123,8,0.0812871604540524,0.1858915982378449,0.2293399683211112,1423.6547780428768,1553.711222203606,1565.6055206302055
9,origin,124,8,0.1310077257741657,0.3418150628729556,0.4687577768049588,1506.7925502205724,1585.367671548282,1593.5436545207178
9,origin,125,8,0.0924635211928653,0.2040276369210099,0.2102637882114546,1311.891422760275,1361.5330779132294,1362.1186790561633
9,origin,126,8,0.1030853387265325,0.1962588110291735,0.2160973950228037,1481.2425644929272,1609.2575019343135,1661.900447531228
9,origin,127,8,0.102356310309447,0.2661831409322024,0.3500804964876963,1414.6773287049448,1469.6343701465712,1470.1739636482475
9,origin,128,8,0.1149779173807036,0.2348079209299084,0.2759279334161809,1629.8851317914548,1733.38098142768,1746.7151751328367
9,origin,129,8,0.0911459338809519,0.1211127308955696,0.1261479724644007,1492.6972500117847,1560.1404022901484,1572.2181864762267
9,origin,130,8,0.091099511543245,0.1932631937757878,0.2402264156642824,1541.6720903599814,1736.7676210350903,1832.700125722872
9,origin,131,8,0.1365260234698782,0.3675463492098643,0.3692796784132949,1372.145214588474,1630.0148724962082,1739.4323889618652
9,origin,132,8,0.110188483013714,0.2123567343495231,0.2417485675132162,1401.9336216499366,1442.21471584071,1448.8781212441331
9,origin,133,8,0.1222792540335337,0.2326010654133917,0.258131876472071,1548.270016593848,1728.0632692276756,1827.4957125564783
9,origin,134,8,0.1067941085943674,0.1948308700685718,0.2388563386989152,1384.8379567499535,1483.0413389609428,1496.0095650228898
9,origin,135,8,0.1006865495907726,0.2384217819931019,0.2528998681518923,1456.198795757551,1543.830809682905,1557.4021302697597
9,origin,136,8,0.1104104027178794,0.2721569413940728,0.302276959378732,1342.708930533989,1441.757359465118,1443.3542357731385
9,origin,137,8,0.1019814582157186,0.2102803581276635,0.2222707878884434,1385.4234843820325,1459.4460050554108,1461.552478823177
9,origin,138,8,0.1234770341597185,0.2900789082038846,0.3435023296827024,1561.117087347052,1668.8986915676242,1694.8250155603398
9,origin,139,8,0.1192481171965414,0.2920353091411232,0.371206565919434,1520.6156758315783,1649.9384601749807,1669.396204132977
9,origin,140,8,0.0642178886788515,0.102801317874111,0.111400273863561,1261.4472552377997,1350.156350745336,1356.014559128605
9,origin,141,8,0.0959115578990758,0.210169248172198,0.2146057902206945,1503.2578495982802,1599.635090386015,1608.0020257035642
9,origin,142,8,0.1015786288194926,0.1917144212083134,0.2193625109391012,1467.8520510104863,1619.493673953531,1683.7215769125455
9,origin,143,8,0.0764877312874939,0.1793378534899656,0.2386842108825555,1525.708812650948,1651.5832508508656,1685.4131700540854
9,origin,144,8,0.1174078204748775,0.2762852518936103,0.3084971339424597,1401.4499240467844,1489.109863031224,1504.6473781965624
9,origin,145,8,0.1534541313559441,0.4877988639298627,0.5811479873931065,1543.9832044475315,1838.973141796164,1878.9521116041665
9,origin,146,8,0.1157877481710192,0.2781350568459816,0.3649584787984883,1493.8602009912363,1605.3672663780412,1612.2418209836392
9,origin,147,8,0.1114538741209692,0.1963405228673947,0.2249045448555577,1482.4941698418984,1631.862852574408,1705.336165327935
9,origin,148,8,0.0926792268346373,0.1154358586837286,0.116350444194869,1508.9802328834912,1565.8373636345543,1570.6556822322573
9,origin,149,8,0.1141948042333343,0.2416851471783384,0.2459899044377195,1422.3459212461628,1467.7407918998797,1477.0177896888156
9,origin,150,8,0.0899064158772388,0.1600934242420103,0.1746236079081451,1601.629744918692,1660.5883013774514,1665.3219068367216
9,origin,151,8,0.1236974346540543,0.2597053211848255,0.2599641652133801,1494.0418318292084,1595.7911560154264,1633.823373548884
9,origin,152,8,0.1005426162719461,0.1696142172370948,0.2004281209162444,1480.569716408359,1574.5875674972242,1620.8328085406686
9,origin,153,8,0.0992403120096538,0.1924542072916408,0.2382252209895433,1523.485108806861,1678.180246097237,1728.687740633944
9,origin,154,8,0.1540465126804993,0.3381092806674742,0.400806917589941,1499.7770009977603,1632.0703054444866,1647.8373082813166
9,origin,155,8,0.0786663148424378,0.1297026275378207,0.1351182022520815,1525.458718068346,1700.2825798673098,1738.731221194624
9,origin,156,8,0.1194093969259814,0.2625019182268965,0.3188815013859476,1576.156276969753,1746.0959177102725,1821.2739215930455
9,origin,157,8,0.132206368359104,0.2533602206456125,0.3144140922366559,1344.4661947368438,1480.2813877638348,1503.6549378814452
9,origin,158,8,0.1149982685549541,0.280342946168324,0.3580904362066651,1422.169374562768,1555.663655821519,1589.4088046990123
9,origin,159,8,0.1183462192620313,0.2786673456421492,0.3646783762183929,1579.9511538645395,1619.1871277918974,1625.0380920838877
9,origin,160,8,0.1459631491789302,0.418557320972284,0.5233664958215776,1518.4451039627422,1782.6143958285295,1895.9591701131808
9,origin,161,8,0.0984456408147103,0.2114416833566861,0.2580673882831032,1656.696600761417,1719.5067445547395,1736.4040228828162
9,origin,162,8,0.1182973685489946,0.2379393692007185,0.2752725085913756,1575.6988886163,1668.338725573925,1673.9821755500186
9,origin,163,8,0.1270364847943952,0.2449726635901251,0.3073767650295473,1546.0246640968428,1661.10398129727,1669.0062990381325
9,origin,164,8,0.1038734890010154,0.2318632632580845,0.2469536337341175,1505.7732661098337,1569.5856531743514,1572.2442999533173
9,origin,165,8,0.1292775772491015,0.2062117395727372,0.2205596481761181,1580.1010097433368,1695.3949882526747,1701.651538796846
9,origin,166,8,0.1130673219006576,0.2739561830131765,0.2748638795011774,1440.952622043288,1531.9136975312565,1554.9128957589537
9,origin,167,8,0.1346822694309364,0.2054113749011863,0.2231171273548869,1439.2812306032722,1504.9590560173433,1505.3871416264312
9,origin,168,8,0.1171223288461777,0.1949105390888853,0.1974516243313544,1423.8663336437828,1477.689427484442,1487.188939301926
9,origin,169,8,0.0819903788535517,0.1937812765571015,0.2054561396378103,1373.6045492157875,1442.7094649546368,1456.5211580097823
9,origin,170,8,0.1242526678746967,0.2898963756342275,0.368647089479258,1421.7611886414102,1500.1667009348073,1518.882241778821
9,origin,171,8,0.1423946691403996,0.4075610949054312,0.5025266428865819,1472.6066658779746,1595.047897437296,1632.879266099031
9,origin,172,8,0.156814461873369,0.3785768226191066,0.3842030081149478,1411.448081882094,1486.5558446781677,1490.0348498229018
9,origin,173,8,0.1021034313619214,0.2044210459927646,0.2403306228958647,1367.721567998513,1411.564303294633,1414.1998810422906
9,origin,174,8,0.162074065345408,0.4407094328978399,0.5151933810915409,1580.1570250346372,1666.4732899333471,1667.6033600406531
9,origin,175,8,0.1313722079471785,0.3192481265612077,0.3634650623461201,1597.691589453735,1709.6407778818748,1737.3315201375865
9,origin,176,8,0.135471532161078,0.2697805003740612,0.2751015073019979,1523.8249855706654,1579.7533684489536,1582.700462002816
9,origin,177,8,0.0926037236934448,0.1335079349699182,0.140971907314662,1521.4506473055349,1588.724597385874,1608.2341405905477
9,origin,178,8,0.1264511447165466,0.2888593769486027,0.3745214520882387,1486.610543420679,1608.819006891641,1630.1795722347758
9,origin,179,8,0.1167663702324812,0.2676146532835749,0.3321709069684279,1416.93060252204,1482.192206487517,1489.0801654322124
9,origin,180,8,0.0982393078609658,0.2106445730650237,0.2471038878761258,1451.118619184973,1536.8576630401808,1546.5317307922478
9,origin,181,8,0.1298172117507408,0.2270002771395095,0.2696575318880927,1619.5955090009547,1726.5631200521157,1727.790354042418
9,origin,182,8,0.1115548178204211,0.2370884672589906,0.2707967910625036,1392.4825600203708,1589.0933271796878,1664.513622228341
9,origin,183,8,0.1015805950151412,0.1830179345971575,0.215562903366428,1254.0244043469586,1342.7070549557664,1346.1188458682277
9,origin,184,8,0.116766156260684,0.2039173859987502,0.2243728443005881,1438.990991187202,1455.2843627046254,1456.979519645242
9,origin,185,8,0.144867727591912,0.3735596187568726,0.4602817996032743,1599.6206001778946,1671.4539306697743,1672.0617879843933
9,origin,186,8,0.1413800445961979,0.2841179551095503,0.3281775556901745,1540.3639190260294,1661.443719912878,1662.0373221763764
9,origin,187,8,0.0746061375087825,0.1275571953699914,0.1476497720306736,1434.9028109605397,1578.7219898720616,1598.0701941441166
9,origin,188,8,0.1005417317599164,0.1918375991517258,0.207957306674169,1336.182704903114,1461.7718505784117,1474.1268406589054
9,origin,189,8,0.0967603038436096,0.1361670862734426,0.139815076572205,1413.4983268014682,1481.0475236702082,1481.853917289205
9,origin,190,8,0.1006125365979993,0.2421097989381855,0.310879020426333,1466.8424413632308,1552.1144633575095,1552.407205238247
9,origin,191,8,0.1430989559887411,0.3031440616841754,0.356502323820007,1273.164792406892,1329.6255847251175,1346.3338033050968
9,origin,192,8,0.1192971172935188,0.2227978061489459,0.26799347738371,1398.3504363847123,1424.818493639734,1426.707983591528
9,origin,193,8,0.1176712602993662,0.2554983997789082,0.2742569152538907,1481.800422112135,1630.4183575465863,1692.6065506885827
9,origin,194,8,0.1346213459500367,0.2997191319673306,0.3760407899304834,1445.1862749617098,1522.482620773945,1532.0548731539295
9,origin,195,8,0.1380140350563803,0.2764239550222675,0.3304363648706034,1622.9685977862616,1695.7633332934442,1707.3172418093486
9,origin,196,8,0.1282303954656311,0.3362375360162444,0.4039588389601125,1512.45012556773,1574.3929369613124,1577.7504877699737
9,origin,197,8,0.125585817813521,0.2112146276798302,0.2192817002078499,1466.4252346349383,1535.4713664440317,1543.4735609473364
9,origin,198,8,0.1076543147831377,0.2540695901042439,0.3299893824530842,1479.3490275531888,1548.506398933354,1557.3061235279094
9,origin,199,8,0.0960086178482438,0.1928577342699851,0.2393296006565656,1601.550959428259,1730.9336007150755,1740.2113871290198
9,origin,200,8,0.1445332427176204,0.2755524498086973,0.2841945281217693,1432.926261121785,1505.1599891728956,1506.8361270568096
9,origin,201,8,0.1483020297543145,0.273823233533278,0.3133920582272738,1442.8898588619174,1503.3143094916434,1504.1520467172963
9,origin,202,8,0.1622063770429638,0.4498115867107317,0.5152243310808611,1485.5913725684968,1589.8541211296388,1597.6143698803862
9,origin,203,8,0.1158932421577796,0.2372837697571048,0.274772768121226,1570.9512493952816,1649.7208898571723,1669.9605802835365
9,origin,204,8,0.1573545908288245,0.3887723646630041,0.4816199537478163,1402.2952159458298,1581.3745886301715,1649.003820490625
9,origin,205,8,0.1299484037910055,0.264429499470352,0.275184997023043,1362.515655975733,1438.1807901351465,1438.8317746956668
9,origin,206,8,0.1321831163002133,0.2658116092264198,0.2927549355384704,1445.4606049423978,1583.9457037938205,1606.617556672395
9,origin,207,8,0.1321929825072385,0.3519858622587281,0.4343097409357663,1333.4316034824783,1496.0784610647493,1543.7212176649748
9,origin,208,8,0.1028927736581794,0.2782339785123269,0.3798159818277679,1144.0346019836832,1228.5548038232275,1231.9144074451826
9,origin,209,8,0.1012484761469152,0.2211915994039529,0.2712613683474063,1531.0445551899782,1610.1824405973682,1641.4994900003328
9,origin,210,8,0.1027660283918282,0.1618924099923075,0.16602044482293,1412.1246899267865,1486.472911604148,1493.9520057554605
9,origin,211,8,0.107195364481152,0.2248543487557538,0.2744316400109768,1407.791444494787,1473.570614555823,1475.119447931081
9,origin,212,8,0.1094344590055539,0.2524951704863309,0.2787658295054853,1445.322741796165,1597.0731965701316,1634.9082618779971
9,origin,213,8,0.1189662967033302,0.236042835167472,0.2442454156022289,1580.7416220589748,1655.0233296231722,1658.665914946719
9,origin,214,8,0.0758634623236487,0.1314300866639006,0.1563511213023573,1295.3960685558773,1372.8466553238743,1384.6027516138793
9,origin,215,8,0.180009206537386,0.2522945899018385,0.25512147640466,1513.6364083266872,1587.0230839222256,1601.683989298841
9,origin,216,8,0.1317438949553873,0.2970477093062309,0.3762353837990873,1293.7813075283048,1436.147908621194,1459.7469828325234
9,origin,217,8,0.1003475767392683,0.2167983841855614,0.263122456008704,1338.3536384890676,1444.7211451475453,1479.0846330800289
9,origin,218,8,0.1439926776531401,0.3709450622008166,0.4090524954026751,1449.8027068672552,1574.9075521957136,1592.6710973363895
9,origin,219,8,0.1103874324030458,0.2124428521403877,0.2303977523672546,1395.9868716853507,1523.266649042564,1540.224521906169
9,origin,220,8,0.1331235551381297,0.3205176788576444,0.3503923365483746,1458.0636920953334,1567.6287770126148,1594.1885150512517
9,origin,221,8,0.1492032011990951,0.3444834021665507,0.4020328348983918,1730.9946274710207,1855.4955981520693,1914.215350208773
9,origin,222,8,0.1372086840190106,0.2609686216087959,0.2670904522621993,1455.6978229605609,1512.165413762045,1518.5186131970593
9,origin,223,8,0.1298229277574112,0.3164551297916808,0.3286612830969376,1249.328106835807,1339.3662168847804,1346.1590963494743
9,origin,224,8,0.1621391469297227,0.3706034269425612,0.4677455151803193,1354.7272957038697,1458.0432897410417,1474.3858920501427
9,origin,225,8,0.1257372766315188,0.2053372448331585,0.2113597390893802,1529.2877991585724,1646.3471039901767,1679.0365919433243
9,origin,226,8,0.1234421486813564,0.283463501121361,0.3481093404994569,1497.408219785398,1610.551565982095,1645.9837615755362
9,origin,227,8,0.1695081721898779,0.4315125737196187,0.5752708348080405,1515.2809488960386,1579.990328750627,1580.173411912553
9,origin,228,8,0.1735800376754103,0.4425107928841426,0.5174220942380211,1517.2666666609614,1654.6424976673295,1665.5182346295203
9,origin,229,8,0.1330230520709206,0.3115542258223726,0.3308945798727709,1407.376446872245,1547.9237451312763,1583.2962271342528
9,origin,230,8,0.1255673768153996,0.2353941907495509,0.2453451335275247,1545.5345849898638,1757.4946012511425,1841.788372640934
9,origin,231,8,0.1483285878523751,0.3758039287496669,0.4812845817546131,1392.2431359554912,1593.854317135026,1678.887105070505
9,origin,232,8,0.1980803196840286,0.4890119076446805,0.5995864172588184,1438.7298123914188,1616.8673664670112,1700.9523137769238
9,origin,233,8,0.0991177083989567,0.1854220606860401,0.1943795349236432,1495.6390961463892,1579.2696341812248,1583.633756798342
9,origin,234,8,0.1168215048803622,0.2298892260056493,0.2932435492531501,1435.3619838285938,1509.4494441384022,1528.1124914491434
9,origin,235,8,0.1114866933721782,0.1792793831923866,0.1918647721008475,1421.8507778154044,1481.5314050964498,1482.5403515905657
9,origin,236,8,0.1738345094111415,0.3765949701322822,0.4364857309165882,1462.9089915460395,1615.732445474535,1689.1056068839378
9,origin,237,8,0.124723510666638,0.239220794465517,0.2811463508143524,1492.9258787012484,1580.3614359065434,1593.5540252546105
9,origin,238,8,0.1161149658502041,0.2320664697753281,0.2942487980903412,1367.6583307871354,1478.1530293257356,1485.9309564994403
9,origin,239,8,0.1363633296302087,0.2263704196122837,0.239189265051949,1355.4120009570215,1449.091988334122,1457.6407004996845
9,origin,240,8,0.1121405805268644,0.2550007323805268,0.3199670740631618,1504.2013392045917,1567.3279806186465,1584.821025256118
9,origin,241,8,0.1638371087106029,0.3173140865567269,0.3688167280323691,1312.844217765087,1438.6011653484168,1442.5845038452355
9,origin,242,8,0.1135744287327747,0.1552499728894887,0.1595468605399998,1458.7743846882138,1548.0664238132335,1562.9385240383324
9,origin,243,8,0.113514082413438,0.1967892997078075,0.2196085414019918,1608.5322765811063,1719.5532418005905,1743.0600256907312
9,origin,244,8,0.1307745685937561,0.3012740466456367,0.3796638300182207,967.0219948624216,1022.1640134404172,1034.9484659462155
9,origin,245,8,0.1450918117911517,0.3208349911097918,0.3917437461147649,1419.591098382601,1514.5198072036153,1547.1475051435384
9,origin,246,8,0.1106751726661897,0.1719630114357162,0.1813335163658403,1524.094719120066,1643.8879021172902,1692.2654201556866
9,origin,247,8,0.1657312234107038,0.3700841952650439,0.4171528331857581,1417.5252373591036,1625.7651640273102,1706.5173433130728
9,origin,248,8,0.1253077673652159,0.3020912589115366,0.338949035297995,1418.1526884741218,1532.2299774416767,1580.9792093235617
9,origin,249,8,0.2167963731755708,0.5684462250322986,0.7238678854628489,1449.4972143085795,1641.1710267440235,1730.813024903414
9,origin,250,8,0.1638484553964328,0.5556458636132888,0.768765342115788,1464.7041865282547,1544.1779213988675,1544.4638587845318
9,origin,251,8,0.180203191919642,0.4534094780260069,0.5124214408745418,1510.9746963297237,1789.1908757169726,1927.3196789791905
9,origin,252,8,0.1260141221131422,0.2885179194620104,0.343630700879416,1370.3393489554426,1452.3425732531775,1479.9158867908425
9,origin,253,8,0.1350801732601456,0.1892666943230485,0.1951506482197328,1531.4044582329548,1652.2122644479557,1721.8949968010616
9,origin,254,8,0.0991698159730432,0.1892100452245687,0.2210950708143506,1404.27522583726,1529.7909436821676,1559.419947915335
9,origin,255,8,0.1595397520709772,0.3526229487197925,0.3947801390998122,1435.0865766962927,1484.2923144366118,1494.732726562286
9,origin,256,8,0.150167303393074,0.2798566435791408,0.2845536340550755,1507.372087631137,1599.1172388785162,1602.1315843905982
9,origin,257,8,0.2068968776093803,0.48189519487963,0.602896296095354,1403.220926713274,1454.043458292329,1457.7623370491533
9,origin,258,8,0.1757336546428221,0.3798251642852428,0.3887221848641837,1360.6180655824896,1442.3614572487274,1446.7645156203369
9,origin,259,8,0.085769335675295,0.2026143084448017,0.2609355592625164,1392.122769083551,1497.2524629449435,1508.9403539719867
9,origin,260,8,0.1716925933421351,0.3596318849077577,0.4586500217417661,1569.7413322073332,1661.2485282153916,1671.2765843940522
9,origin,261,8,0.1312336206529597,0.1896800947610842,0.2049219338903761,1495.9955037644686,1623.2139609278422,1640.399497943909
9,origin,262,8,0.175226345052576,0.3051439919456901,0.3423109649597213,1440.096577285965,1505.2220064964729,1514.0057888212948
9,origin,263,8,0.1244235238824657,0.1945658305302986,0.1983056602240355,1398.894091202429,1491.132548508789,1510.3947409557882
9,origin,264,8,0.1855209543280008,0.417647139817238,0.469784460487685,1487.2829135660336,1649.077684134928,1723.253790749414
9,origin,265,8,0.1875067834816723,0.3882463271203549,0.5020991669226302,1420.091513089757,1567.2697523193992,1641.313358229137
9,origin,266,8,0.10023695120965,0.1748541805685626,0.2033023893682747,1469.9530936061692,1549.6564161221504,1557.658768933842
9,origin,267,8,0.1589135576228264,0.2904868263911356,0.2905981332285687,1510.8904775890562,1593.1548704129968,1626.828139056685
9,origin,268,8,0.1800105854848229,0.4189937130848143,0.4679227347579545,1473.1808228631503,1548.4945360765792,1550.8501755847258
9,origin,269,8,0.1285446020149845,0.2421242038326018,0.2595985234175946,1558.3355392263811,1656.9368556242484,1682.5611555025453
9,origin,270,8,0.1402300254048803,0.2283817191692863,0.2525502764895261,1516.3969835918135,1565.9913159006485,1568.5392822968322
9,origin,271,8,0.1190877001862871,0.1916715182490974,0.1932432887383313,1345.694932749572,1449.958202733582,1473.535869827742
9,origin,272,8,0.1450091520176822,0.3337136170522619,0.4053791591546232,1355.8509710392466,1410.5145657409196,1431.385165164507
9,origin,273,8,0.2223861252667486,0.4224706119086978,0.5175431077454399,1392.9528120183488,1519.9156032016854,1539.3222293833808
9,origin,274,8,0.1496456959831078,0.321089328533761,0.4069610617468897,1351.5188611131275,1415.5346540015669,1420.0667664842535
9,origin,275,8,0.1364682845349122,0.2709595323393572,0.2905574152445281,1475.4829296396226,1498.3492346410842,1498.4833304594663
9,origin,276,8,0.1630280057719578,0.2338559109783745,0.2506092015393386,1473.5597430950702,1594.702706930343,1634.9872022225534
9,origin,277,8,0.1263975220084574,0.2683961860206287,0.3170429212912094,1445.575413774608,1580.427827205369,1620.5247566016742
9,origin,278,8,0.1521009177659164,0.3942487759276498,0.4885488350810626,1380.5628161332736,1527.5066433888362,1581.9470591066342
9,origin,279,8,0.1834298513943178,0.4959830621185238,0.6332306032784678,1702.2342615309344,1977.130285087026,2134.791559486728
9,origin,280,8,0.1226750961474262,0.2213362476145519,0.2522171668624103,1425.1782658712727,1491.8861361178035,1509.6229657970036
9,origin,281,8,0.1681757179023708,0.4577512289266602,0.5800686961634522,1405.172872697972,1493.3719287486394,1525.2609792641597
9,origin,282,8,0.1536664216355704,0.421652567030448,0.5218537038088167,1394.1896465650552,1447.691693721608,1455.6023612023323
9,origin,283,8,0.1375197444056707,0.2312742816599125,0.2401862750211525,1219.03487521676,1334.569931420189,1350.1894146610305
9,origin,284,8,0.1540311164326899,0.2749356702433359,0.3046094893029155,1228.9812024174098,1312.6179405359353,1316.630255224137
9,origin,285,8,0.160478422160584,0.2561052584737018,0.3031681195953992,1078.671352476113,1154.9883401877642,1160.0658224257274
9,origin,286,8,0.1246524875888122,0.2398433335271302,0.2786636418075613,1508.4618437081383,1627.6917939746418,1633.9383262650815
9,origin,287,8,0.1279378864070139,0.2055978086347764,0.2190203347017909,1477.9429380695008,1554.3769520163316,1562.174529831197
9,origin,288,8,0.1373493319236036,0.23853429317963,0.2795381473384836,1483.3447885181113,1562.9385438637344,1566.8148866156898
9,origin,289,8,0.1613313876976368,0.3789609604013886,0.4548887006072719,1407.9523498519172,1545.9948135154498,1594.5172607663246
9,origin,290,8,0.1248953914709196,0.2632500223320034,0.3084695929989592,1494.3173998512234,1555.256724952074,1555.4940713285323
9,origin,291,8,0.1367830586494394,0.2123397908561661,0.2207356656615836,1401.432470055112,1485.655405335253,1492.9014059498231
9,origin,292,8,0.1669313204459936,0.4224863403208165,0.5111635506277179,1442.079202329023,1613.252608421768,1679.4136157869232
9,origin,293,8,0.2237647816445962,0.5695545154776458,0.6432265795101944,1455.7412578005692,1545.932365476467,1547.0580928772624
9,origin,294,8,0.1533603316773558,0.283564659965314,0.3227771024384531,1429.0186712991035,1516.8397339893518,1534.7589966269934
9,origin,295,8,0.1261372906876078,0.27640974320766,0.31831629968522,1302.4102089699832,1382.2107672430204,1415.2599779914513
9,origin,296,8,0.1440533032428837,0.2842925505933646,0.2900556060424095,1404.4329512334923,1579.5223145582388,1658.9222740370549
9,origin,297,8,0.1240065430840625,0.2416171481813467,0.2974456950032659,1271.536034746013,1342.273871263406,1359.8880238285446
9,origin,298,8,0.1594062493194082,0.3669512882206893,0.4321494756558985,1547.055488002091,1634.5107222738122,1635.6621136735905
9,origin,299,8,0.1347151354217675,0.1854136836276151,0.1955728290596891,1402.0947538354535,1506.7197519783,1515.609137872105
9,origin,300,8,0.1296131958340883,0.2481202054300145,0.2586989155792244,1360.589224114983,1429.3256728744193,1430.7079177497092
9,event,1,8,0.1088724633437762,0.25585099789493,0.2970837558576411,551.097455431981,595.2081224333994,600.6688508316167
9,event,2,8,0.083703778984498,0.1521161535013078,0.1729415493248149,624.0541184806506,665.2045438139489,666.9009352384168
9,event,3,8,0.0901437455471585,0.1818923279412511,0.2144390279301148,626.9876853618255,698.3407557654468,732.5552726853193
9,event,4,8,0.0944565359761646,0.1700639480088064,0.1846630140214354,717.3697653350282,781.8229441682494,796.557051153392
9,event,5,8,0.0906029042600831,0.2004150111471235,0.247029865582544,888.4744157623433,958.8998976032638,985.329902914818
9,event,6,8,0.0772540689421818,0.1457389520148607,0.1508932515283637,1069.6752518616745,1206.7600259509472,1266.695429660752
9,event,7,8,0.0906160716916573,0.1901441325085414,0.2263421212199194,1098.9336058294502,1141.5526790079273,1152.359275954729
9,event,8,8,0.0874284054864672,0.1532629801133876,0.1751308162805133,1161.6238328492727,1241.1635776748706,1246.2841036034004
9,event,9,8,0.0895487991449908,0.1765133346103458,0.2084738146116106,1284.3738651698989,1384.752322769824,1418.5118532919234
9,event,10,8,0.0645356857575537,0.1093522617976465,0.1139047459460015,1219.2644613533416,1293.1823132303168,1293.9345178087465
9,event,11,8,0.0668831933329322,0.1321453568850311,0.1427909746111515,1119.7685642584245,1258.628514071194,1278.5420060580266
9,event,12,8,0.105741536776538,0.2619910419620473,0.3292864682782107,1308.5964207666802,1448.3259344020084,1448.9924286722858
9,event,13,8,0.0701216749409269,0.1223015940158103,0.1405928884851014,1200.099182637183,1253.736931313561,1264.3964115428598
9,event,14,8,0.0998881003579605,0.2563633345063071,0.3017950599063373,1404.4587212899005,1602.6788569425128,1671.652773490113
9,event,15,8,0.0610903437076913,0.1037942828722902,0.1068474256758687,1390.400906978169,1468.749665083155,1487.9139472320553
9,event,16,8,0.1015481048386974,0.2621593487984481,0.3096104660163287,1368.1057705298854,1415.569787584044,1429.0207710438317
9,event,17,8,0.0683247880917719,0.0934666561000846,0.094938464787245,1422.095101706791,1501.4683638981571,1514.4516267604467
9,event,18,8,0.0704713260400408,0.1047843840511859,0.1096066041590172,1473.8329451420298,1605.3624742286493,1612.8027192645386
9,event,19,8,0.1062370806219359,0.247053206714606,0.3235378563806408,1567.4200409258085,1659.806787903601,1681.0335552127508
9,event,20,8,0.0865310829099987,0.1719625709151261,0.1943196996103302,1524.6034025796114,1661.0135829828223,1737.593828322759
9,event,21,8,0.0815860500176908,0.1688777228257508,0.1957149024623588,1326.484913122266,1429.9583625939672,1459.7407068582952
9,event,22,8,0.1071658665185087,0.2920907818562721,0.3781955665147315,1470.053636218259,1530.5258814231483,1538.6132114029142
9,event,23,8,0.1057178780908861,0.2057230843163037,0.2092178115315539,1542.131318524983,1606.2078013610055,1611.350929483515
9,event,24,8,0.0960681754581808,0.2125345256960083,0.2299072182214037,1481.568030465594,1696.7483922348056,1816.307167786519
9,event,25,8,0.103678990497592,0.2218793604765123,0.2750993570099709,1464.2721604707087,1637.975171591953,1698.899032185902
9,event,26,8,0.072287865069027,0.1587098187047321,0.1837151655290649,1396.0021521886663,1493.8380013756507,1519.6255517035904
9,event,27,8,0.1070640251823812,0.2700871984525081,0.3572748138229403,1403.0274071119643,1451.0812118740782,1454.6695797278005
9,event,28,8,0.0835806659545208,0.1139665170755591,0.1221245165804198,1459.7865593674242,1602.6896878022785,1620.8509787342175
9,event,29,8,0.0817090413297548,0.1675937768304653,0.1848319304601801,1573.9491048796122,1703.0752254455024,1712.5443998208418
9,event,30,8,0.0996406779984389,0.2262522257492314,0.2783561585065853,1633.533331012013,1782.2379111633118,1834.9668210161296
9,event,31,8,0.0941627557409502,0.2361334541646414,0.251268045369774,1498.396128766507,1609.3409992311124,1627.5553369399258
9,event,32,8,0.0829620920747713,0.1629201097463496,0.183947398305602,1617.0525685628097,1757.4918258498897,1824.963253158171
9,event,33,8,0.0701274204101552,0.1343150648632471,0.1405351866297125,1672.403905032942,1860.6429378922123,1922.9150541749132
9,event,34,8,0.1232814849982359,0.283621690839147,0.2853648444670218,1379.2489957513587,1485.4088168120093,1511.1722495260358
9,event,35,8,0.0878355811054639,0.1258704785776591,0.12832320987646,1495.9321929889525,1558.8035017698862,1566.2824390994658
9,event,36,8,0.0788611949282775,0.1243174483264834,0.1348782531477938,1401.5230678628964,1489.5560608460496,1494.0994064461108
9,event,37,8,0.1109465264886455,0.2126951617225047,0.2209124974595308,1412.933121382176,1451.1819545344583,1452.894677537055
9,event,38,8,0.0719245606412345,0.1574011481986028,0.1741377379593903,1486.2879291007237,1620.3356919826842,1641.549385137217
9,event,39,8,0.0965868467366714,0.2329311912300256,0.2621036817768795,1269.9616481831704,1329.6881850113602,1340.286797487803
9,event,40,8,0.1020071639822395,0.2162139327213655,0.2665297635369002,1544.3756227663025,1628.5930334734542,1632.7842656273644
9,event,41,8,0.078379675494674,0.1180063340189611,0.1247230846497672,1369.472365365924,1471.2261486141606,1505.4546615047475
9,event,42,8,0.0978517454041184,0.1966267942980345,0.2042707754781402,1558.1580473943973,1717.770257056176,1748.8640334125153
9,event,43,8,0.0881430754799753,0.1431338636102248,0.1487444330990159,1444.174332850164,1513.635225423331,1518.6980393626968
9,event,44,8,0.1002183054233405,0.1325941930952748,0.1380476270924193,1437.0568538542318,1574.716006698222,1580.4069907213627
9,event,45,8,0.0750552063497043,0.1287470878410217,0.145762878062249,1206.4529111386423,1395.7467104303696,1494.6420472756824
9,event,46,8,0.1090516278612191,0.2693251375793414,0.3109785101903009,1434.9401711888331,1529.0221708459642,1545.4729611053344
9,event,47,8,0.1445918258666576,0.3859612207233312,0.3878358418069328,1559.000918929048,1652.736305119984,1675.3739139906572
9,event,48,8,0.0940533891439619,0.19708504514803,0.1998925431053011,1434.217956860227,1509.3989635988255,1536.979591941486
9,event,49,8,0.0817873799186519,0.1736460802652014,0.1879444793168316,1590.266039170671,1846.298212569892,1952.3662371598452
9,event,50,8,0.0720468785544121,0.1074925799371009,0.1097973844284422,1418.9734875911947,1511.8524010586054,1543.1573360409398
9,event,51,8,0.075448253824004,0.1383573172637166,0.1626772063900288,1538.0755857889053,1651.0226663760336,1691.3641089850714
9,event,52,8,0.0770776743090395,0.13378283793464,0.1360579750211457,1539.105521806783,1600.932340594208,1608.0056732631294
9,event,53,8,0.0713398317397828,0.1193044205678169,0.1228625919785717,1529.0973997016426,1639.4501627630004,1661.2755451589162
9,event,54,8,0.0723230639898235,0.1303805526599976,0.1306813740780107,1396.756399110462,1453.8483724784694,1464.18572239624
9,event,55,8,0.1107186165868089,0.2021419002649396,0.213940263794815,1517.3850895371986,1610.775323659587,1624.5889144557814
9,event,56,8,0.1016000647106263,0.226839097554306,0.2895376776940501,1470.2608327817652,1502.3818258775957,1504.350483034566
9,event,57,8,0.0697023352960078,0.0973540196085898,0.1026045204267899,1131.2992089757518,1238.4409099362424,1259.9841062340915
9,event,58,8,0.0698333649826686,0.1321292674974641,0.1412786884506159,1189.178020167109,1251.6139560716335,1258.4105768809277
9,event,59,8,0.0970250182140856,0.2194813014739344,0.2441604069727142,1524.2830245762711,1648.2090673526443,1653.7447941928103
9,event,60,8,0.0859995496754613,0.1393007083182745,0.1493978320838889,1361.4537490157827,1489.916661368871,1513.8016295383136
9,event,61,8,0.0992665058318585,0.1849609139342476,0.2089627777625497,1463.0130933592093,1551.4677143653762,1577.7419106358136
9,event,62,8,0.112978886631096,0.2463906302540064,0.2918715009106663,1531.8601160585704,1614.84072442618,1652.4259717119212
9,event,63,8,0.0802779952248718,0.1881213709669503,0.2037819807407364,1537.234640542105,1686.1093045034986,1726.1465053991512
9,event,64,8,0.0851226674800762,0.1749317551085173,0.184192654890736,1283.758898399326,1401.4148491163014,1437.7508286232635
9,event,65,8,0.0916008069467562,0.2253202212509311,0.2821243819960452,1547.0372806083517,1614.5153437116933,1617.4585233738835
9,event,66,8,0.0765545506114331,0.1355552259816948,0.1449794529538578,1360.2492302069677,1500.4444757926956,1548.4032481511526
9,event,67,8,0.0905680795043981,0.1677001215672869,0.1698849648560273,1520.435306639332,1585.18894554676,1586.080861397474
9,event,68,8,0.0765880068164103,0.1612436539661496,0.1989575140924848,1614.8749535885074,1751.049761590627,1768.0642278126736
9,event,69,8,0.0838979218991071,0.1648838881188447,0.1878552930361634,1407.3050254505283,1514.289996593222,1535.6959622743686
9,event,70,8,0.1249289150841211,0.281767750292499,0.3144556343547894,1341.3238951515114,1406.182074595035,1408.3789026186498
9,event,71,8,0.0946950191363907,0.2055897055964441,0.2235105980628701,1455.0959239827032,1521.641535712222,1525.5336024172864
9,event,72,8,0.1016698983125265,0.2236581164482056,0.2525439719142675,1450.849149575843,1553.672857404542,1558.774371621598
9,event,73,8,0.0953830363735101,0.1602159063940076,0.181566648167337,1555.9135930482391,1614.628040087278,1620.2993073592006
9,event,74,8,0.1236739211039543,0.1855336628311585,0.2042974234052679,1401.8766125791935,1457.0771891354807,1468.7069223659355
9,event,75,8,0.0778495354135438,0.1371921624444446,0.1532832557713707,1482.185981489216,1581.198565392664,1585.2532855618188
9,event,76,8,0.101301832953408,0.1902373747626613,0.2234011029694141,1379.3033211685129,1461.948253238771,1462.9041152552925
9,event,77,8,0.0955149682049174,0.186957417643772,0.1907990959324828,1303.6541608779532,1375.3850453481823,1385.7496376854792
9,event,78,8,0.0916236590941728,0.1919759538395652,0.2070958377835154,1465.4727084128406,1545.3742759266424,1547.090931958888
9,event,79,8,0.0818073736649619,0.1175986910952792,0.1310400780352967,1431.8502237024657,1568.0083033838455,1631.6746538717512
9,event,80,8,0.0889173413783912,0.1637536881987537,0.1922134275913125,1414.286922070787,1478.6316767798753,1497.4108053939744
9,event,81,8,0.0750607941067381,0.125683998028141,0.1314923480811823,1456.9745784691927,1571.8046284382128,1591.1330208185502
9,event,82,8,0.081336373990934,0.1582434626523542,0.1944224755816738,1486.315714957096,1589.084757889604,1590.995518509714
9,event,83,8,0.0844322476580742,0.1654850841847332,0.185432980315309,1432.76920861836,1550.590074262816,1554.626334065344
9,event,84,8,0.1037736516064734,0.2023885671554645,0.2177335590367703,1527.686266751916,1799.7619460114308,1841.756121738113
9,event,85,8,0.1099772758382066,0.2579384168163121,0.3266239958848818,1489.163427182625,1599.2411241422355,1649.409092614031
9,event,86,8,0.0985716470448681,0.129297940753463,0.1360821648406966,1529.638567840403,1764.9581521544494,1865.9599127391464
9,event,87,8,0.1145553311835246,0.266126814569886,0.2864801048236879,1443.7402936476235,1485.931586269459,1487.2133961037907
9,event,88,8,0.107138333273272,0.2212336798755118,0.2487666172028051,1326.6374116292216,1417.4514813959072,1428.887633979838
9,event,89,8,0.0845245393629014,0.1515903509801332,0.156339851809788,1443.6278181474324,1549.8970106613417,1573.8814199181268
9,event,90,8,0.1187777605842211,0.2687743155962513,0.3163973157251553,1559.707106813869,1773.574903765827,1793.076187015665
9,event,91,8,0.0939207801224566,0.1936053517743817,0.1961050730537284,1433.62448523506,1498.2669106222454,1501.4050643005714
9,event,92,8,0.0918881243380961,0.1829481228721562,0.2140100802180348,1380.8901823248227,1447.0802986565482,1450.47682409247
9,event,93,8,0.0972203614223605,0.1842207855392999,0.2112387915195705,1460.5796921947451,1557.8081202695234,1583.9248989493046
9,event,94,8,0.0944656039215455,0.2286134047471089,0.2593655116983278,1519.0813723972412,1605.4044927901305,1645.0513103449737
9,event,95,8,0.1307528506645466,0.2453778308025656,0.2876677493548213,1451.551711799921,1564.8155153182606,1567.685366491049
9,event,96,8,0.1216724149069052,0.2185146185998491,0.2298835777733775,1399.097391640942,1586.2939646749542,1613.463113664415
9,event,97,8,0.0993341135504115,0.2315877008879883,0.292285726854512,1397.8388504817112,1475.4933455567368,1479.9361194967398
9,event,98,8,0.1368818032439565,0.2795054285657153,0.3519651192534114,1327.7934132694709,1411.2932080822002,1412.1007562117566
9,event,99,8,0.1047708661443696,0.2561542082197906,0.3018651717601898,1352.1202316740385,1435.5603552444966,1454.159654279714
9,event,100,8,0.0967157851866049,0.1575827443420869,0.1620616646635679,1244.5414308618658,1322.1339196721422,1330.721410090207
9,event,101,8,0.1399025446140315,0.2685935165656657,0.2736166654809586,1522.8206432792456,1581.6427351588925,1590.345374635717
9,event,102,8,0.0850735549505465,0.1508829279671845,0.1793207919498433,1359.2833389470736,1588.2636244742782,1614.8978938162186
9,event,103,8,0.1043688217089063,0.2159957922121281,0.2209414949473711,1421.9158504956422,1475.2126539752062,1485.724817813152
9,event,104,8,0.0983626132488075,0.2148054741112717,0.2468425831750446,1322.41803520873,1383.2675416001275,1394.4845383265615
9,event,105,8,0.115182622686242,0.2374002113910471,0.2538530783144465,1400.1590855934674,1488.0797935916232,1526.7895926470646
9,event,106,8,0.1146191407953957,0.2345097262517164,0.2831790640845417,1410.1878261518275,1498.9213940813036,1507.724559243575
9,event,107,8,0.0956423134435819,0.2088486232335902,0.2238542320561842,1440.6359065582003,1589.4955046721902,1667.885111722
9,event,108,8,0.074780014603201,0.1012400628531416,0.1099354441342424,1429.0499173885094,1468.602708285635,1474.9226705024755
9,event,109,8,0.1094545850374716,0.241791323653938,0.2676522048993526,1513.6720251712534,1610.8312464359149,1620.212963053134
9,event,110,8,0.1180893407666257,0.3009844686454261,0.3355594056395048,1445.6942671087418,1510.474717111311,1522.4462343750993
9,event,111,8,0.112792494548179,0.2491707996655539,0.3093081814810173,1684.997074710752,1888.602325021949,1977.6728584678067
9,event,112,8,0.1001855447738885,0.1653078939583041,0.1920612817968199,1302.6961175997037,1362.209129909003,1362.6384273148883
9,event,113,8,0.1164450518669953,0.3066118121602428,0.3886276162793909,1494.1803469938825,1806.9214628418504,1856.766656190972
9,event,114,8,0.1656340656782836,0.3903201887617082,0.4521942752276863,1488.387397717198,1676.9498454173702,1735.3815115249242
9,event,115,8,0.1366053194363813,0.2721750664244565,0.3122442421949906,1346.4362367978729,1413.3456171179005,1419.8439395392052
9,event,116,8,0.0991451736783585,0.2269281732239267,0.2662552110771426,1530.8543405580572,1612.439655331201,1621.461546758964
9,event,117,8,0.1029660939420362,0.2032725147147762,0.2395654551491588,1484.5325129534554,1732.9924804732293,1858.203483040811
9,event,118,8,0.1324791384758348,0.2575934510721322,0.2916889415483819,1460.2251196725288,1500.2886344602082,1504.401202921435
9,event,119,8,0.1102117640767974,0.2409381783132987,0.3075671561369488,1513.1442942573751,1572.3458826141489,1575.5530023099125
9,event,120,8,0.0905060957107447,0.1630361543198726,0.192567257358874,1459.8454868415738,1605.4987368649684,1646.986483676547
9,event,121,8,0.1104160559265821,0.1987026243436494,0.2154927314831222,1301.7266486640565,1396.2548810603464,1410.6253208703845
9,event,122,8,0.1010940706159534,0.2109466323946256,0.2633008720693509,1387.734302002908,1509.9185588065416,1519.5014113832883
9,event,123,8,0.0989693913690633,0.2001371299675111,0.2510055445708186,1401.54312990866,1497.940550787618,1503.8711219732263
9,event,124,8,0.1430887523926143,0.3964221251630264,0.5134480711308832,1434.646395724801,1501.9114768958705,1511.521774991939
9,event,125,8,0.1143136823382331,0.2537780542347783,0.2950561071682792,1298.172263154391,1470.738725396868,1541.8523259413423
9,event,126,8,0.108966920715838,0.1805788380629583,0.1844387495904416,1422.6834797309282,1575.2988575068125,1583.1956438519087
9,event,127,8,0.1217518627727488,0.2295924686601228,0.2688773936671012,1352.857144613376,1434.330986620126,1446.914137475653
9,event,128,8,0.1187531092238203,0.203267096589358,0.2034405218419034,1590.482644653413,1718.3103939967464,1735.6871250901222
9,event,129,8,0.1158439132498012,0.2200536893671803,0.2268864349743183,1439.977259066016,1569.45537873738,1620.8385131811078
9,event,130,8,0.0888192881244134,0.1096675901964189,0.1125495977079522,1461.1520384495204,1526.0804258424248,1536.578877831888
9,event,131,8,0.1494554324853888,0.431811312236478,0.5338191409637043,1331.436016999345,1603.0754813194612,1670.3262518892686
9,event,132,8,0.1233946071211552,0.1924969258780342,0.2126268025031822,1358.3652526979718,1452.1964906766966,1458.4568099646633
9,event,133,8,0.1152423570303433,0.2352091040834538,0.2900987693901014,1493.314432815294,1714.6548279136164,1839.3517605942548
9,event,134,8,0.090217038987722,0.1574818626990081,0.1818394430280674,1310.778068091552,1435.1993991181312,1455.9315182164223
9,event,135,8,0.1015639300239725,0.2069114267148271,0.2576898782874791,1397.7267717840602,1461.0106699093535,1464.09852147394
9,event,136,8,0.1420097572141211,0.3507071717627179,0.4543594316992991,1307.1559179775084,1424.9764997419536,1434.424504642464
9,event,137,8,0.0843830115069729,0.1471438531669513,0.1707616450924041,1369.2994896584128,1487.631003696967,1518.314606470712
9,event,138,8,0.1147272071061863,0.27222168085504,0.3236860465880682,1513.493515527221,1570.3407453261657,1582.7046608278183
9,event,139,8,0.11553365124768,0.2100093555848894,0.2545287061096739,1482.2782073581882,1641.1899081404508,1679.9039556007942
9,event,140,8,0.0672500057049619,0.1133486987224228,0.1166587321224893,1165.270354549648,1234.6910798601762,1250.75819434551
9,event,141,8,0.1039803882974948,0.2169917910954049,0.2290478546560292,1434.8806944770656,1506.333204563075,1520.3655934823312
9,event,142,8,0.1098041261595787,0.243027235302857,0.3195513544703232,1398.413202743239,1551.017653320626,1592.796819276236
9,event,143,8,0.0711783209624622,0.127783306536572,0.130101481414594,1447.1875370752773,1517.5700066884035,1518.3028014824038
9,event,144,8,0.1167662888733929,0.2846302491949312,0.2937973673764121,1334.65095573835,1417.6708843533577,1423.912693896134
9,event,145,8,0.1725625536185212,0.5156311459407878,0.6175095433648744,1508.4246942447974,1864.426135457515,1933.2574110964704
9,event,146,8,0.1342508341629398,0.336299910382778,0.3992127428177608,1453.0123530392932,1627.983881035021,1674.379776024179
9,event,147,8,0.1196089114196363,0.2143795959543161,0.2291280822131431,1408.0468983743413,1506.038466676211,1539.699457041702
9,event,148,8,0.0894656736646787,0.1395198464854442,0.1458885862887767,1457.496410126766,1497.5568436329363,1501.4803628659397
9,event,149,8,0.1551892623637123,0.3368728366397104,0.3585497112754973,1376.2984277807525,1460.339651764741,1468.4549415373046
9,event,150,8,0.0814076169052029,0.1595739201122278,0.179941296308275,1534.0115295634182,1591.855099073479,1604.0088416990625
9,event,151,8,0.1186205006550788,0.2497840682360709,0.2774574160647003,1460.8963863664385,1487.7086093027865,1489.5883112277495
9,event,152,8,0.1056121015276213,0.1989705829658872,0.2306418889041422,1450.7752852462236,1687.8002822414858,1779.0748372810556
9,event,153,8,0.1071555354562995,0.2199872185134008,0.2560127951765895,1493.074190059236,1641.2042557766476,1680.100954278967
9,event,154,8,0.1461016924804716,0.3367549415732208,0.4189252784344315,1449.7777421869005,1574.6253899132623,1590.2408935450896
9,event,155,8,0.0865574680604168,0.1260276662420264,0.1321895753907597,1447.436790916585,1567.3432564232037,1582.200629659174
9,event,156,8,0.113635580465303,0.2084774243888271,0.2381107897349345,1537.6815327577876,1730.878625442279,1808.5852159437648
9,event,157,8,0.1392032735663975,0.2729700557213446,0.3265535152769629,1335.6231298008097,1474.7512084158975,1490.6009960844017
9,event,158,8,0.140741154955613,0.3782448846086594,0.4421107116731197,1360.609945452195,1500.683201412491,1550.689882918783
9,event,159,8,0.1201154802634397,0.278469562114619,0.3623898733684112,1559.5728464228896,1619.214606483477,1644.8213340848267
9,event,160,8,0.1085910629483207,0.2216771191398134,0.2340108449395773,1441.5075364638965,1661.769025257692,1732.4475316611083
9,event,161,8,0.1327980482947204,0.2087767134286239,0.2135776826681912,1610.850205882717,1695.832564520516,1721.7447062306424
9,event,162,8,0.1240866267431964,0.2698903348987154,0.3571387389987219,1500.3434607093748,1592.179931860992,1601.4437063852909
9,event,163,8,0.1043219179564686,0.1306603631011736,0.1318057765556223,1476.2198388877882,1616.8823864472283,1661.7152971933835
9,event,164,8,0.0891433723655435,0.1878939869169092,0.2269258691263889,1480.8320447778024,1538.5986266684597,1543.0898663138414
9,event,165,8,0.1012684156037792,0.1638113418141493,0.1832886223684153,1521.0567651224012,1718.610131543686,1792.9260121658265
9,event,166,8,0.1108263181464,0.2458636943073671,0.2830847059367975,1373.7232101420132,1415.9438816338202,1419.1982773938255
9,event,167,8,0.1340380841960843,0.2363804387371861,0.2639152146105969,1400.3107749216597,1458.2533553171113,1476.4832628999177
9,event,168,8,0.1533088501398463,0.2709857010490271,0.2872565982198918,1348.1399114798023,1416.9756279232872,1418.3446367366796
9,event,169,8,0.0962088040968809,0.2573563494376417,0.2948198984622915,1324.8567736940015,1387.2854979416095,1391.958699166199
9,event,170,8,0.1188064546060646,0.2269709901987836,0.2431908086582911,1411.1624026153256,1556.8538370127462,1582.3102648581023
9,event,171,8,0.1453446635588682,0.2745879977800314,0.2880363609666809,1411.268059874809,1531.970400111339,1575.6357064368822
9,event,172,8,0.1016773814121077,0.2203226589247323,0.2668428626186348,1351.4987023916938,1410.6391503648122,1413.9097997399026
9,event,173,8,0.1159858874909466,0.2317997211775361,0.2633004044803659,1320.3232746883714,1381.4769321437368,1386.2276331076594
9,event,174,8,0.1198058996711892,0.2157082173423218,0.2189554646825497,1517.714368917524,1595.8142226121024,1600.6907087212046
9,event,175,8,0.1275386139680718,0.3510151041256973,0.408782103764735,1541.0374256174086,1672.0177676242802,1689.898633656628
9,event,176,8,0.1089529375907658,0.2463602738711821,0.2786233025677417,1474.095899783112,1566.0255219291164,1588.2618338589373
9,event,177,8,0.1400247986782575,0.2577869373775973,0.2921993140352554,1465.5362599394562,1621.6967422943403,1656.967143460775
9,event,178,8,0.136089638191918,0.3026685842029399,0.3703482332844592,1425.3054897365178,1507.655748119739,1525.6529318041394
9,event,179,8,0.0990186115313326,0.1733590293080569,0.1950863990540732,1366.5523823325364,1453.5207830692368,1458.36638299912
9,event,180,8,0.1199787101877207,0.2687805485724032,0.2754602855648134,1403.4065618749069,1483.6927268763932,1492.1633612869132
9,event,181,8,0.1159506703254031,0.2015343719400926,0.214902685559262,1560.1623662432628,1637.2839078109453,1648.7240579001657
9,event,182,8,0.1290145093294482,0.2694328726919062,0.3211649658044243,1326.0161090197944,1476.318745725163,1537.8232064115423
9,event,183,8,0.1131053907725547,0.1841467873559019,0.2047951275811388,1242.4180991682056,1316.5574322034429,1322.5529212258962
9,event,184,8,0.1545905505307318,0.4215978548025172,0.5532779235468206,1382.0550128122989,1449.0532193985923,1485.8874695178724
9,event,185,8,0.1358019783171185,0.2865362377657613,0.2876920923501526,1590.812989741202,1772.680578432322,1848.350499889904
9,event,186,8,0.1353634286312767,0.2778451818715882,0.3147884492668602,1503.871429082422,1632.9170909478687,1645.9217250989293
9,event,187,8,0.0878449413076097,0.1290036260418745,0.1466832110718728,1401.1960045008634,1632.2855401578,1710.9045151071607
9,event,188,8,0.1256099259815911,0.2517494493592649,0.2985813149656396,1378.7020302801554,1477.120277412036,1487.95023630802
9,event,189,8,0.1265644799950248,0.2267467633561062,0.2540844754150873,1360.7834467404869,1443.6463505489182,1453.5706194375323
9,event,190,8,0.0788839437178881,0.1612528777365665,0.1757043555685705,1435.3654179782025,1491.7518919163297,1496.8761943957566
9,event,191,8,0.1268440640174645,0.2366375324742065,0.245672705831955,1245.1481807585933,1309.471812775056,1314.201511535355
9,event,192,8,0.1281483272120166,0.294761830538426,0.3311139096757605,1349.9708340984523,1412.7066421723428,1420.0128282474045
9,event,193,8,0.1097362606918974,0.1810343851681031,0.1912746530960848,1419.425634411521,1504.2307336633849,1508.0174039473395
9,event,194,8,0.1293732653632613,0.2679534254561941,0.3429365277835679,1374.5876486913758,1469.0079868917944,1471.194568123196
9,event,195,8,0.1952221140788759,0.5076550818840995,0.5973320315923821,1570.4828249828613,1660.5835618586932,1684.2588076927825
9,event,196,8,0.1306112176549774,0.3342131654644579,0.4071725421183173,1486.2755314944036,1664.5604091655373,1717.6517646240225
9,event,197,8,0.1095229156506531,0.1799615972281293,0.1987750295369779,1391.4287450644842,1466.88639611608,1487.5231964591126
9,event,198,8,0.1108901752381462,0.2606459048329812,0.3283226139204463,1427.1188853158203,1479.1220004598647,1487.4838681436313
9,event,199,8,0.1045822476600351,0.1758117154871693,0.2007248859038806,1563.596927212161,1656.4995850434386,1690.0704527405865
9,event,200,8,0.1409540463297128,0.2294499290789602,0.2459778805630323,1378.849099475624,1440.1738775138028,1459.0406747789618
9,event,201,8,0.1269755684019278,0.2299379697612717,0.2484345657082006,1373.4231369392642,1440.292984234772,1442.1834608111408
9,event,202,8,0.1169353574444339,0.3061850292561668,0.3620954404977319,1474.544878250004,1544.4734582018004,1547.9792087927972
9,event,203,8,0.0944540412119296,0.1887878304384832,0.1956565711887938,1512.8934426624653,1562.485089657364,1573.58764086425
9,event,204,8,0.1563812821626814,0.3169005943928238,0.3541058574303889,1337.737989496869,1468.337903614689,1511.0959451531633
9,event,205,8,0.1184324289078866,0.1927250160233421,0.1933072593815438,1331.6883568333103,1396.9469697160514,1398.039245909535
9,event,206,8,0.1564453507374252,0.3664071743185304,0.4263819586659118,1399.4226925978153,1549.4076207582218,1562.3491870716432
9,event,207,8,0.1353757510070445,0.3322642724494442,0.3449093451320826,1288.3837870555535,1424.906799454364,1466.4758612058577
9,event,208,8,0.094562605572156,0.2499309889488911,0.3394545918275343,1105.8034471945402,1188.723292133303,1191.8050731338085
9,event,209,8,0.1156058845879524,0.2913482776999312,0.3527214175981787,1515.8239061961049,1622.838682597563,1657.6971610869884
9,event,210,8,0.1074277616815196,0.1555827746988568,0.157898359659672,1382.9736564190848,1498.1695066711386,1530.099057233508
9,event,211,8,0.1329180798620494,0.2217461967920924,0.2499012457503767,1351.674982220086,1468.229473170664,1527.1272606206594
9,event,212,8,0.101047313990594,0.1773532176545109,0.1832550186346911,1375.9624972352026,1437.9401697018588,1440.0252483020183
9,event,213,8,0.1496769001113845,0.3120764689119013,0.3186272420317938,1523.4669574294114,1627.575952746064,1634.383721265528
9,event,214,8,0.0848476248109199,0.1198747655467503,0.1204996126066592,1247.3903510374616,1320.2342034224291,1328.5386199475372
9,event,215,8,0.1478024375677034,0.2594150172496448,0.302517540320216,1509.4790959407387,1582.2956243939366,1588.345460688707
9,event,216,8,0.1573312867989117,0.4080981018962786,0.5546947555719165,1248.9764299603726,1365.2163801274858,1412.033140199906
9,event,217,8,0.1173240151922529,0.2656094059938848,0.3096005841405679,1289.5669684141096,1397.6391296879851,1416.7303583712107
9,event,218,8,0.1672613165139511,0.4368003229681573,0.4688939522870672,1422.4097191704163,1588.7319509324116,1630.166484109022
9,event,219,8,0.111216167424077,0.26381522830073,0.294732650833099,1371.257104270426,1508.5915989685138,1516.5335337527297
9,event,220,8,0.1615600817176209,0.4785025370746421,0.5890943516167145,1410.8213152335843,1480.7538724782053,1492.179898911045
9,event,221,8,0.1794373109717856,0.4652335024047928,0.5005548696517533,1697.2455565232046,1815.8086261043304,1840.7189460511531
9,event,222,8,0.1680608399999703,0.38032559296801,0.3867291864104639,1435.5231946670608,1466.3716155309796,1470.2740032571344
9,event,223,8,0.1303627286882488,0.2905011672906343,0.2956832746450289,1231.765627985856,1300.896144710387,1304.729118729153
9,event,224,8,0.1411894687005802,0.2453030471801877,0.2728238840535931,1322.5631437876816,1388.117038825185,1391.1273857523263
9,event,225,8,0.158047687677356,0.3113245287316683,0.3721814350532889,1463.8419484287233,1579.1403553663592,1629.7971887607375
9,event,226,8,0.1349538493326899,0.340840291049299,0.4223485361127359,1453.8536683027069,1517.9642362616908,1534.8828703203872
9,event,227,8,0.1994375355541,0.4421799036502208,0.5103586874477626,1452.135095340732,1546.2696728895692,1555.3062370028958
9,event,228,8,0.1311856629269208,0.2980201982117754,0.3469373372903697,1475.0450253801916,1578.0538445549514,1580.3676322507
9,event,229,8,0.1630163445818761,0.4223134235398081,0.5294107153341219,1415.8254991290996,1542.822578046552,1603.0334980814987
9,event,230,8,0.1509936878392702,0.2295419431708051,0.2555655042416078,1510.3403675705083,1641.0213790270154,1647.5612905553226
9,event,231,8,0.1411283386492038,0.2464904065212897,0.2987207267400074,1319.5544930553276,1443.8460827719546,1489.082194930408
9,event,232,8,0.1768912659118527,0.4281722874031071,0.5582885550347539,1353.4356224892424,1473.5302550800952,1521.4947390088491
9,event,233,8,0.1082573454782227,0.1880300073851396,0.2246693105846904,1435.8481292729184,1509.4979545062747,1513.7498212127234
9,event,234,8,0.126242064653658,0.2114295039603843,0.2279344269717413,1395.64989340417,1488.9894209503625,1524.755757648765
9,event,235,8,0.126334583121649,0.1664876371510895,0.1708161241808085,1355.6197738919727,1436.2435368510096,1457.324798003031
9,event,236,8,0.2031126742567445,0.4215090244960496,0.4689937578372146,1402.9417463265368,1553.3923168197546,1605.9449963181803
9,event,237,8,0.1399849254236501,0.2926688599039758,0.3504339921897319,1441.497693885032,1581.9465532906054,1635.2371800789651
9,event,238,8,0.1587216333091314,0.3930424632977573,0.5117043446399653,1328.7595206747972,1419.9195358920106,1429.7331065492913
9,event,239,8,0.1483505513358436,0.2604637337398269,0.3090677900728391,1329.6041265532856,1440.7387296707032,1460.3134870835852
9,event,240,8,0.1354117836831947,0.3424100761453573,0.4594673224901197,1458.6502553914825,1523.6893127008138,1537.659848903487
9,event,241,8,0.1562275077231383,0.2841884370274651,0.3371365733471637,1264.7535824278411,1397.6337395403757,1404.3179107207256
9,event,242,8,0.1125763529946566,0.1844278929052009,0.1995725903027533,1392.972670113137,1543.1374773425412,1546.6289324100285
9,event,243,8,0.1602179296158498,0.2729806282301452,0.2968487256760527,1516.8488635075328,1574.6167632508304,1588.1975989697385
9,event,244,8,0.1307675376697065,0.236022885153952,0.2690582249227184,924.0675103180232,992.4418953542446,1018.004724988337
9,event,245,8,0.1395386815955824,0.2950306725050056,0.3697322445560268,1352.1551285536914,1424.283413746438,1441.7092507117911
9,event,246,8,0.154440792626656,0.3777005116668674,0.5033890947758555,1499.883881293027,1568.5805019970746,1569.741787760328
9,event,247,8,0.1631068259709908,0.3084213677539809,0.3396702186641711,1355.8957245215065,1559.6807037373503,1636.1504218095497
9,event,248,8,0.1417778543797094,0.2503935516739241,0.2663505799893083,1333.552613973113,1402.7419636300908,1413.2322349341994
9,event,249,8,0.2112027005187446,0.4508174199329129,0.514670818515051,1395.922101489323,1523.7143872895592,1586.6522151149306
9,event,250,8,0.196421356386552,0.5736520831088165,0.7914199068611234,1411.2267492840683,1512.0623689255829,1515.420977828898
9,event,251,8,0.1954848265659206,0.3873412127877987,0.4116505660604389,1441.6445173398429,1672.2744881336998,1774.532411574851
9,event,252,8,0.1455761753358664,0.2634063426546608,0.3230945065652046,1289.3252852162886,1350.6762611923248,1361.903350802157
9,event,253,8,0.1198186609437444,0.1741511662336679,0.1911431174535406,1435.1536625791705,1506.3558885184575,1507.6196564284323
9,event,254,8,0.1655459161733983,0.3385377205545737,0.413700630083465,1403.5289545652065,1583.6125565875957,1643.9618146867597
9,event,255,8,0.1758852542021649,0.3272389885874106,0.3819802967705489,1344.0921174675298,1410.3207845890583,1417.5407443834913
9,event,256,8,0.1765033615071153,0.4018524834990028,0.461202254189328,1455.0630204479228,1522.7588909309666,1527.3382829985508
9,event,257,8,0.2344844003785052,0.5528845393548778,0.7098949471413831,1350.0781450543031,1403.2253367540652,1406.9696611508607
9,event,258,8,0.1236294704295321,0.2296365044930706,0.2303859838049353,1310.3756728964993,1409.1754575305367,1432.3116731993412
9,event,259,8,0.1060284308853829,0.2572793619120621,0.3159513401877036,1316.3888402481116,1407.8368430999997,1408.6368064059504
9,event,260,8,0.1731437065120889,0.2880260690133228,0.3006157892877812,1507.9305225787923,1632.1831678493222,1642.3301179865418
9,event,261,8,0.160617059477469,0.3533806192063451,0.4516911624965469,1481.1533191726514,1629.6490699521617,1646.0151208188688
9,event,262,8,0.1798152964987595,0.3147115747213978,0.3213590965919711,1362.81518930769,1457.7588328873933,1476.3417742566903
9,event,263,8,0.1219849915641998,0.1908401857054531,0.1927035997894157,1342.3496969103549,1442.6208873280366,1461.3456257372438
9,event,264,8,0.2116615127167102,0.5633267806578771,0.7339009770993842,1423.6682051112143,1464.1942021459104,1481.7208102182356
9,event,265,8,0.1751810674244368,0.3509820187957672,0.4379984610003438,1365.988747156297,1505.2601274192689,1557.5488960986952
9,event,266,8,0.1751262048927647,0.3683392804736158,0.4258969656907454,1457.1420131330226,1533.9898152912947,1552.770793014556
9,event,267,8,0.1321421834435951,0.2405979517790772,0.2674249532784203,1418.4882604171596,1536.4283543767558,1581.5666871507822
9,event,268,8,0.1917408179773873,0.4183519848855617,0.5045057740527564,1421.8478067665344,1503.7774459126892,1512.8615309775778
9,event,269,8,0.1567966618719016,0.3234017247252143,0.3302956761034389,1498.8663966583772,1634.8969099214714,1682.8969567444692
9,event,270,8,0.1295784650847391,0.1896358184996275,0.1994240477163361,1457.5446227787888,1508.313303793817,1521.102780832779
9,event,271,8,0.1019716909919922,0.1927933621245618,0.2117939436594895,1306.5253339405574,1443.6695404241975,1500.5413030911525
9,event,272,8,0.1118695952142373,0.2437271252716415,0.2952668041440984,1328.2151160194549,1429.3669165049505,1460.0899555561946
9,event,273,8,0.1988326205111969,0.2896801388570271,0.3018512311745817,1329.5644734070177,1405.0358456375036,1409.1719836152076
9,event,274,8,0.1321566184909072,0.1931803094510971,0.1986115355696714,1341.9957288838773,1420.5979121453202,1420.648457264237
9,event,275,8,0.1712990860572023,0.4043351101011097,0.4338416065830149,1399.3762578897745,1454.8246770094706,1457.285409134622
9,event,276,8,0.1808712513301986,0.3212318509107544,0.3282357965342903,1464.2524721606392,1560.3307545472123,1561.087318026813
9,event,277,8,0.1421625914126639,0.3135752818305067,0.3780232587222201,1452.489432607847,1537.914005604281,1557.4074380743098
9,event,278,8,0.1302294213683202,0.3057332445599893,0.3789591878713989,1333.1767382762678,1494.525578034252,1550.3935421701908
9,event,279,8,0.1540504217940814,0.3723259814793306,0.4604923527311715,1633.7104271134292,1797.9848575303586,1859.441589936488
9,event,280,8,0.1299915915641542,0.1976852419666135,0.207796825690141,1354.596308944033,1421.1328388462443,1450.7913940654782
9,event,281,8,0.17858135538612,0.3925841951069679,0.4107506119732126,1346.8617323983724,1447.931735426983,1470.413340482697
9,event,282,8,0.1664083860752685,0.3004834627253623,0.3433493365831409,1361.3567312030636,1396.8458595678724,1398.9973202983538
9,event,283,8,0.1041536296668134,0.1578628598408658,0.1663709066810025,1194.2268472793062,1302.7597229841915,1318.63420896254
9,event,284,8,0.1657536103645802,0.3613863361656005,0.3719368276764214,1189.3269840107012,1259.440320066102,1263.4327728367143
9,event,285,8,0.1472457365852298,0.2458555888637537,0.2918072162166466,1024.978576629119,1159.2364070571814,1161.562279182919
9,event,286,8,0.1352346293074647,0.2837874147595391,0.316951340330712,1467.4878078133238,1528.5343952280489,1529.9873889276353
9,event,287,8,0.1225080785753831,0.2006735585270978,0.2029946952266285,1396.7001281658308,1450.147905714057,1451.48562131959
9,event,288,8,0.1253206333795797,0.1934280146260527,0.2188519043434786,1406.015162323339,1541.2689057868922,1547.2353095738515
9,event,289,8,0.1919343838903658,0.3620052036306208,0.3693641567737143,1357.6823696831884,1480.5934582444386,1501.1460972837665
9,event,290,8,0.1269773651033587,0.2917907267122752,0.3685838281793442,1455.4355923413348,1545.0326536704963,1555.6154704598373
9,event,291,8,0.1841426120063561,0.3218121692439983,0.3756884865002793,1356.7038132742944,1441.8771640324856,1453.755825462114
9,event,292,8,0.1758004870007334,0.4542637508517803,0.5464706115065454,1422.117946372672,1641.1308662765014,1739.6507162758874
9,event,293,8,0.2266051540825532,0.5851352634184646,0.729530104424287,1400.372206770243,1482.4856631749708,1490.6475211931777
9,event,294,8,0.1377754283252704,0.3137997863101999,0.4044215352186787,1386.35045390408,1426.2807898685355,1429.1697917881668
9,event,295,8,0.1453971403611905,0.3270238114774851,0.3989368010445464,1250.8629705121057,1316.6648250259111,1337.2697902335915
9,event,296,8,0.2037420064074833,0.5215014640583158,0.6211273419788579,1402.3621101667538,1520.539310392874,1571.2849755031086
9,event,297,8,0.1180874781605921,0.227831601549948,0.2746446116051723,1235.4254243761077,1297.512484569635,1304.555636044001
9,event,298,8,0.141234423997299,0.3138180837620803,0.3531382445152572,1471.7805921162126,1565.6939542114667,1588.0771502538212
9,event,299,8,0.1060445175347687,0.2426930268366166,0.2898305135106332,1324.929968685724,1447.2479911674557,1459.4848140022684
9,event,300,8,0.1226438105264377,0.2091992844998704,0.2289914809577424,1275.095685442776,1353.509647773912,1355.166015742856
