trial_id,arm,episode,episode_reward,episode_total_delay
0,event,1,12325.542819907942,413.1805209663066
0,event,2,12404.591044742509,405.4179361417854
0,event,3,12574.923181888716,401.4668024123799
0,event,4,11315.825549108258,411.4612366435676
0,event,5,12164.728039988144,417.8987005599744
0,event,6,12322.995566857311,411.786561819719
0,event,7,12286.9377333976,422.7036520307855
0,event,8,12392.826098579706,406.6906662437089
0,event,9,12333.0287057095,404.956950979609
0,event,10,11516.118466309512,410.2976457298226
0,event,11,12372.840089141928,412.8547977871196
0,event,12,12437.448823755383,417.59611931531066
0,event,13,12293.979222427197,414.1550478767864
0,event,14,12648.305498075728,402.6070860610927
0,event,15,12254.034361498494,411.0960490527454
0,event,16,10889.837276524013,409.1682797968441
0,event,17,12446.573368079076,410.27114756403466
0,event,18,12327.927277247682,410.5552611624784
0,event,19,12403.97093970986,413.091686462493
0,event,20,12327.738946901089,400.9197025591006
0,event,21,12453.53531800966,398.9951403347788
0,event,22,12157.73174161744,423.01526809949775
0,event,23,12346.831071087398,406.9025685479268
0,event,24,12274.609920376815,416.5394845770565
0,event,25,11876.858967387823,403.7645225676104
0,event,26,12293.48172380366,417.0540780098645
0,event,27,12099.517193217142,431.0011278327835
0,event,28,12503.70979753102,408.108418783628
0,event,29,12502.915935752417,405.5070107165468
0,event,30,11858.797429374354,430.8698607526353
0,event,31,12429.7479934162,409.7808636238586
0,event,32,12149.920109714096,419.9887369924843
0,event,33,12485.483315411708,407.21439642116974
0,event,34,12416.83500049385,409.8497250685752
0,event,35,11923.165101725916,431.0569143077216
0,event,36,12300.777660451666,410.382481771156
0,event,37,11404.999943756353,412.1812863371166
0,event,38,10460.26280735564,418.7830699781831
0,event,39,12459.683248172729,403.7411230794995
0,event,40,11242.441476035548,419.1161931430546
0,event,41,12127.522728459146,423.0173704926562
0,event,42,12242.790880951305,418.2035452268674
0,event,43,10529.107280899829,399.6493958543405
0,event,44,12244.8129705114,412.7277384351784
0,event,45,12114.021764779798,421.12450696144737
0,event,46,10191.286359890548,407.9438727280114
0,event,47,12169.28423190157,420.9086793943753
0,event,48,9900.275133146755,417.1139271987276
0,event,49,12403.127007407642,406.5122004598478
0,event,50,12114.129665412953,411.6380928073829
0,event,51,12411.122234487835,410.3883102627334
0,event,52,12180.752312969606,419.2617411242018
0,event,53,12310.590338472464,412.2171803517194
0,event,54,12230.224241131184,412.5118809766644
0,event,55,12247.727470083317,411.9722319796656
0,event,56,12423.797763790166,411.3546447123757
0,event,57,12290.8583217611,407.6645015936204
0,event,58,11174.639720983245,420.56202854816775
0,event,59,12387.869605222968,409.93296294742976
0,event,60,12288.28770103968,413.60189633800826
0,event,61,12234.257545112889,412.1771311016276
0,event,62,12364.783602807129,408.854078968604
0,event,63,11729.433176160788,408.754173739836
0,event,64,12539.284859852502,402.4322459446993
0,event,65,11397.485958059327,406.2665279949679
0,event,66,12081.318291448082,421.9353296741629
0,event,67,12244.893799811014,439.2110447597988
0,event,68,12650.234383966294,398.2074060377597
0,event,69,12529.47519919328,403.5297240187292
0,event,70,11808.370799153769,410.17084470768725
0,event,71,12333.108091117185,415.35503616523584
0,event,72,12456.23931243242,406.39295886456745
0,event,73,12135.57857597784,421.7881036250385
0,event,74,12151.59756297088,420.5609484323002
0,event,75,12450.413447557732,407.1184800082767
0,event,76,12582.825509171988,399.1063730863329
0,event,77,12288.7766810329,411.83296121126665
0,event,78,12221.149665994662,402.4878945204752
0,event,79,12252.201437925052,408.3555051077505
0,event,80,12308.725520461448,427.4214473882222
0,event,81,12312.741754843528,415.9219924414217
0,event,82,12341.420548404216,410.4861298964354
0,event,83,12167.418630678758,420.731210984282
0,event,84,12420.92460562745,412.3944772567795
0,event,85,12473.61355658599,407.9935051897217
0,event,86,10635.918169047209,416.0334200964791
0,event,87,12198.503633740578,415.9166928942296
0,event,88,12340.276664748955,410.9728099651701
0,event,89,12320.09410284205,408.0933483732826
0,event,90,12394.402765067807,413.78091790142446
0,event,91,12275.821685151672,411.68106475525616
0,event,92,12314.66909914262,410.4496477097956
0,event,93,11801.661541389474,401.75600811392366
0,event,94,11740.548785365829,404.2859671361816
0,event,95,12185.077675785398,425.0174758958996
0,event,96,12488.242900908994,410.1652556753765
0,event,97,12005.554450183989,415.4838747272258
0,event,98,12355.587099790431,408.7266064307829
0,event,99,12418.593482703864,407.5018910191488
0,event,100,12051.856762521518,427.26858033348105
0,event,101,12249.42690845556,415.3493806649594
0,event,102,12073.976205003895,430.16280137291847
0,event,103,12584.14417808192,400.1432820939497
0,event,104,10504.086349904052,417.9744868991699
0,event,105,12153.5552949764,411.0645013302527
0,event,106,11539.206146215423,407.2623889470455
0,event,107,11442.262880382608,423.4197235748815
0,event,108,12427.63796855515,406.5878885079602
0,event,109,11315.077341939916,414.56763159045744
0,event,110,12412.085671712646,408.1872282770572
0,event,111,12176.594988866853,418.5906915487057
0,event,112,12416.032590471152,401.7119448123128
0,event,113,12419.423230242064,403.7736832627749
0,event,114,12336.757442885715,407.1949552127632
0,event,115,12334.61807689034,410.2176242531613
0,event,116,10080.819562409451,418.762786819
0,event,117,12274.406373251377,409.58370417413926
0,event,118,12539.693422456336,400.68773758253394
0,event,119,12092.905775370444,425.0223680549238
0,event,120,12517.399496779895,405.64932771214006
0,event,121,12165.667075147818,421.5549973609564
0,event,122,12514.42796986914,404.6560160372607
0,event,123,12243.613586868223,417.8381614705783
0,event,124,12693.97341481575,401.7717331075208
0,event,125,12664.783819181495,396.3196842088354
0,event,126,9777.958755519316,432.37728202875473
0,event,127,11661.751340594688,427.7309397370197
0,event,128,12082.373765827908,414.9028975887315
0,event,129,11859.53497578469,388.1912302844877
0,event,130,12397.420514704923,413.2401984583713
0,event,131,12419.928144391086,409.7997526590072
0,event,132,10632.359408520226,419.0610767693996
0,event,133,12635.268245484063,394.1938719079907
0,event,134,10239.605688412264,414.8212653676487
0,event,135,12262.35132746005,408.0102947349071
0,event,136,12331.750449882224,416.1488113683968
0,event,137,12308.900052074729,413.4601773064159
0,event,138,11281.613800053125,406.99181794050793
0,event,139,12431.28141158442,404.5446522440063
0,event,140,12335.14457421456,414.0968392844008
0,event,141,12278.92934592299,410.9794794362053
0,event,142,12205.598446746388,423.24833693237446
0,event,143,10323.09969695728,426.4354226779983
0,event,144,11919.825501508922,438.0551744636018
0,event,145,12562.174366424404,405.77827684361046
0,event,146,12448.414752572413,410.4337013368008
0,event,147,12575.28234132528,408.0192997480752
0,event,148,11992.433029384158,433.17198657512034
0,event,149,12484.98922870963,406.31819183341713
0,event,150,12565.041138941287,403.94001707063023
0,event,151,12507.345527443798,400.8069142810742
0,event,152,11589.681139760953,419.9903008839586
0,event,153,12177.926281930764,422.604746266793
0,event,154,12511.771686553597,404.8515010337938
0,event,155,12262.876271816262,406.8396925691473
0,event,156,12432.628280419662,408.78041673647937
0,event,157,12662.525508953142,395.01021592322166
0,event,158,12567.43995533236,401.06041548956
0,event,159,10440.9455278679,395.7714229317503
0,event,160,12672.23953799636,398.95983749512976
0,event,161,12311.541075928304,402.7879013207072
0,event,162,12379.751564839602,407.8122216209612
0,event,163,12217.492593427249,411.6464448504262
0,event,164,10740.52019477132,408.65267344065
0,event,165,12428.167829869542,405.70423088833513
0,event,166,12383.386073858515,405.2142501506249
0,event,167,12726.01979908017,396.44733937982215
0,event,168,12107.783431719095,408.4120691924545
0,event,169,12376.26421503117,411.40991748242703
0,event,170,12245.402539765382,420.0132673725913
0,event,171,12499.570553875654,403.959756584003
0,event,172,11261.22787913222,411.4198523272603
0,event,173,12122.578355461244,414.1998844157066
0,event,174,12214.206923502774,420.8250449008824
0,event,175,12184.09463416114,413.53496809020487
0,event,176,12502.866457231408,407.3432020492919
0,event,177,12410.775328918837,406.62024890702526
0,event,178,12260.726561450596,413.7535244026271
0,event,179,12484.58364273545,407.9953402786604
0,event,180,12387.33596098074,407.23255593037226
0,event,181,12042.73268757122,410.29263895924674
0,event,182,12118.22481901503,420.94796483159934
0,event,183,12669.503639924696,398.3956751073224
0,event,184,12595.826344294876,407.8552721304794
0,event,185,12410.735059637933,400.8713684841285
0,event,186,11405.202795791063,413.7255377458724
0,event,187,12653.07498457318,394.5530474420885
0,event,188,12722.943033964257,393.7151824204396
0,event,189,12424.035140616896,413.2312591416384
0,event,190,12546.611095590184,403.8916483872994
0,event,191,12187.217088099056,399.0169054710883
0,event,192,12464.986024121574,404.1431735314633
0,event,193,12172.511428289936,419.24294487321873
0,event,194,12657.65711157786,392.79983164173376
0,event,195,12521.425019794682,409.8489519774744
0,event,196,12663.628044430952,398.9932270761242
0,event,197,12490.684659835504,403.7556136436112
0,event,198,12497.159482855925,405.3429148660115
0,event,199,10488.773263400988,424.00168800380936
0,event,200,12186.7874201984,418.8975711137795
0,event,201,12294.471757524076,410.43010727765767
0,event,202,12455.349833530196,402.529702999184
0,event,203,12303.780895360009,411.5264415868065
0,event,204,12559.038965741747,402.4072540622579
0,event,205,12317.679946701212,417.9605476480296
0,event,206,12489.417157093309,407.30826343867983
0,event,207,12496.605285545838,394.40158898830737
0,event,208,11984.256290003006,401.9363710128365
0,event,209,12329.282143436303,414.60279040876367
0,event,210,11305.445181437275,420.362673367511
0,event,211,11852.456859409773,396.8819816854344
0,event,212,12400.681532872672,406.0564412660476
0,event,213,12764.307082423264,388.2648109814693
0,event,214,12636.854792283786,405.4841723118379
0,event,215,12665.069751953748,394.4451337602085
0,event,216,12243.819079145123,429.56425946726665
0,event,217,12405.364844253194,408.5993348182439
0,event,218,12401.886241006958,406.30875375819886
0,event,219,12379.493815330634,407.66119889754737
0,event,220,11863.980029307788,402.1291446263676
0,event,221,12618.853222049962,404.9119860549803
0,event,222,12115.75162247517,408.9636206957697
0,event,223,12523.21134277605,410.8840936719461
0,event,224,12582.070303145529,401.3546279198924
0,event,225,11952.101028783633,399.7153026614576
0,event,226,12359.759546696643,416.3587088037292
0,event,227,12530.781516890258,403.80659258999566
0,event,228,12769.095404243097,388.0582609706834
0,event,229,12528.276008377165,402.76227279544975
0,event,230,12462.626825225696,411.6441562715181
0,event,231,12524.85530663699,398.723746320686
0,event,232,11703.154846309424,392.2129134795424
0,event,233,12546.84972839892,406.8555411600083
0,event,234,12356.956625935309,411.9908435286525
0,event,235,12541.156993142808,401.8048049081174
0,event,236,12565.585658770957,397.5075304645585
0,event,237,12933.483428993128,386.7798950174773
0,event,238,12375.12101945847,399.6200318502376
0,event,239,12653.423042760329,401.32800242274857
0,event,240,12545.823974874951,403.6401455863571
0,event,241,12461.020923165264,398.7661927709744
0,event,242,12426.69284302426,406.41666619233496
0,event,243,12634.887011450146,409.22344858218673
0,event,244,12410.071135818856,409.3938283910286
0,event,245,12527.0475451661,397.7025613212799
0,event,246,12441.107765953531,412.2320860241642
0,event,247,12427.414366441151,408.5551246572389
0,event,248,10522.162747183496,425.3758108963756
0,event,249,12364.60065234136,412.2847156559246
0,event,250,12405.220773917925,408.2190937534592
0,event,251,12690.259232036458,398.3274110896611
0,event,252,11556.03515257324,400.0208070217142
0,event,253,12601.072375302963,400.7079394699747
0,event,254,12753.939878210122,393.3941389981612
0,event,255,12550.846151943708,407.9680017418421
0,event,256,12549.641689106951,399.9963434914768
0,event,257,10940.018273784011,397.0900859508646
0,event,258,11354.398046391596,419.26569847459
0,event,259,12395.283020118528,392.9241173099498
0,event,260,12568.740732071805,408.1715137341383
0,event,261,12216.07012421361,404.4048985040648
0,event,262,12641.695780294416,390.7929976138624
0,event,263,11702.656487540567,406.420178221817
0,event,264,12438.559188950434,404.42818989657616
0,event,265,12372.31614191453,390.118814829626
0,event,266,12227.13635547713,414.1306279189074
0,event,267,12427.914516621458,401.0043271603232
0,event,268,11766.46062241126,414.3172845468698
0,event,269,12629.73264718017,400.72209065368617
0,event,270,12686.952800236792,401.3373566544644
0,event,271,12481.668723795005,401.08309204124106
0,event,272,12277.548717188389,418.5277015298772
0,event,273,12695.512942915186,394.6809152960664
0,event,274,12669.35377338161,396.0073508167505
0,event,275,12141.460559550387,409.4494634553652
0,event,276,12398.70333058505,402.6019247805134
0,event,277,12528.769780586204,405.7388043805434
0,event,278,11744.688738058809,409.0478204938439
0,event,279,12444.614742787911,410.9505432562666
0,event,280,12755.38035047958,395.9583598516567
0,event,281,12774.362400108655,387.5141548210628
0,event,282,12355.755021282925,401.3454227389799
0,event,283,12062.514542847302,398.64799152577234
0,event,284,12644.48065003656,395.90463194069474
0,event,285,12495.930349312455,406.9462463793227
0,event,286,12468.03045474084,398.5171699877698
0,event,287,11464.316760451486,410.9084077019584
0,event,288,10946.046851007935,453.85228342579865
0,event,289,11431.54779034312,401.7735690176012
0,event,290,11410.752312008566,404.848970282447
0,event,291,12621.8019030341,396.8685098514844
0,event,292,12682.117652917024,389.2303218136235
0,event,293,11524.675459223625,404.6664221216445
0,event,294,12478.160067584584,406.1338296300468
0,event,295,12077.619221895104,388.02545261949615
0,event,296,12471.103605450182,407.3403912881989
0,event,297,12499.812551131352,409.5818040455168
0,event,298,12573.427738046876,402.85795531036695
0,event,299,12495.7153169941,404.7718103103445
0,event,300,10924.05969340857,391.02424514558913
1,event,1,12144.56967375234,421.0623549193804
1,event,2,12402.664960993146,412.8029728688871
1,event,3,12156.137291557883,418.5758567903978
1,event,4,12301.194226433,409.202659981536
1,event,5,12269.2188569319,414.00197845057227
1,event,6,12088.01649476592,436.7143639832515
1,event,7,11081.04097469797,432.9049931069407
1,event,8,12054.203053240848,422.49405480014826
1,event,9,12292.099293825397,421.1336510567745
1,event,10,11405.097501871403,413.4238512253759
1,event,11,12374.000253011323,407.9880253662976
1,event,12,12273.011882934934,410.6601722803992
1,event,13,10775.625312718854,419.41921595198727
1,event,14,12324.836535793278,411.2018659390498
1,event,15,11639.36889238218,414.4878252492927
1,event,16,12455.688374316582,404.54124216481
1,event,17,11385.338983958996,410.2296005433804
1,event,18,12087.236353920232,422.3941015190615
1,event,19,11449.473135750946,404.04049124969015
1,event,20,11921.261111346194,439.6878067989187
1,event,21,12376.902274848891,412.2328528751661
1,event,22,11354.14282477852,412.1549432389801
1,event,23,12164.684131555015,414.8002990016811
1,event,24,11830.57770070732,442.4732948256744
1,event,25,12075.173731800323,408.8445255672637
1,event,26,12256.752001244611,421.0466394843068
1,event,27,11038.337943864935,414.8169795626741
1,event,28,12155.735686304111,420.15103734485535
1,event,29,11990.232905476512,418.3783296652575
1,event,30,11196.14338771405,425.3563506281349
1,event,31,12269.919389973928,415.9200651892231
1,event,32,10979.671425652956,425.3048245846048
1,event,33,12264.736685621783,417.56099024793065
1,event,34,12474.177326169738,406.3768017276357
1,event,35,12269.748661645504,426.289807451148
1,event,36,12276.933683836658,423.2396761803765
1,event,37,12424.656957050938,401.1968836896256
1,event,38,12279.46835676676,416.4497746347604
1,event,39,12236.406646337087,415.2094833411146
1,event,40,11392.184748939637,431.0091650989101
1,event,41,12685.590352891928,395.9886524691445
1,event,42,12334.362447020638,408.3892163565944
1,event,43,12403.960830550855,401.63087150316863
1,event,44,12253.239251432877,418.2654034317629
1,event,45,12341.011462374936,406.1877716356506
1,event,46,12079.24032009383,426.91370794900666
1,event,47,12336.20807280245,412.5930057718714
1,event,48,11361.452439473467,414.2076914704285
1,event,49,12445.939040375695,409.1928954872061
1,event,50,12151.164381279326,430.8666920671615
1,event,51,12256.057581505298,410.135200180145
1,event,52,11521.497697509963,405.6329157712932
1,event,53,11067.194001757747,417.8429676100256
1,event,54,12283.409118203395,419.2579703907455
1,event,55,12272.713960080711,415.6819495852847
1,event,56,12348.125816608515,410.5789312810956
1,event,57,12452.523917727043,402.462076831398
1,event,58,12352.5380994719,410.9660394459018
1,event,59,11898.110995050636,404.52473462122606
1,event,60,12515.256160094275,398.41641804733314
1,event,61,12037.282570005167,433.8584422996175
1,event,62,12406.28659046028,409.53227039094565
1,event,63,12469.359336592926,402.5344707539492
1,event,64,12500.229356061756,402.18134742106304
1,event,65,12373.540109577145,420.34040897625965
1,event,66,12274.035450486665,411.2972371941463
1,event,67,12505.95620146288,402.4920521942674
1,event,68,12331.184692413088,414.7021974213554
1,event,69,12079.880182609846,423.20672308296594
1,event,70,12557.652113497856,405.52352340072736
1,event,71,12387.848865059625,414.85668635209583
1,event,72,12333.458623045077,410.8973855892284
1,event,73,12444.15337480529,407.7683257460797
1,event,74,12179.06851646216,412.8790928159533
1,event,75,12312.068079214156,410.0712443093767
1,event,76,12463.201540754202,407.79700409614986
1,event,77,12138.008800382364,409.73770393470113
1,event,78,12484.150091332323,402.0912197879649
1,event,79,11538.865284688662,411.8847593190612
1,event,80,11501.71444542301,420.7158788924876
1,event,81,11785.95794757004,408.2318657656621
1,event,82,12287.220838887351,407.11463727999006
1,event,83,12398.404156916056,406.72939454790446
1,event,84,12389.47583423306,406.2723195648713
1,event,85,12369.104364988212,412.33805803587416
1,event,86,11914.14022480686,411.3037056855927
1,event,87,12291.469685470944,413.15570692637056
1,event,88,12729.36851314634,394.0306000693027
1,event,89,12405.616147756176,404.86916147370096
1,event,90,12388.90429384153,408.7697806975789
1,event,91,11914.971362749637,431.4160024377613
1,event,92,11500.678699369644,412.5113643471331
1,event,93,10686.68369635569,440.6527836860055
1,event,94,12462.94722395123,415.7159991892897
1,event,95,12493.215865149552,417.6248250243818
1,event,96,12409.054988225958,412.4775888437671
1,event,97,12213.920140434577,419.0525479684694
1,event,98,12300.636667054196,410.4258912434768
1,event,99,12304.999170573376,415.5011185390671
1,event,100,12177.59967988414,424.0545859413095
1,event,101,12166.92508975358,409.5038501065914
1,event,102,12174.009486204865,422.8564637243565
1,event,103,12483.22556056715,397.32576450473937
1,event,104,12420.030422546335,404.4060313671053
1,event,105,12337.515601694837,410.8907037280885
1,event,106,12113.008549447875,420.9037212176548
1,event,107,12500.651272380268,404.8517455424912
1,event,108,12125.373837476987,423.81555628496767
1,event,109,12343.898013780636,399.2682618619002
1,event,110,12286.1234559857,416.8346623968775
1,event,111,12080.781492275992,425.67144218719886
1,event,112,12022.303515290909,405.8526568589141
1,event,113,10942.287067243184,410.635896385294
1,event,114,12631.566153433689,396.7763211362546
1,event,115,12404.057404515344,415.6394763699354
1,event,116,12443.012689675365,406.0506342085957
1,event,117,12498.038008360343,406.26705081975285
1,event,118,11908.884108295646,407.5239302273028
1,event,119,12154.871909891635,398.3727279193843
1,event,120,12473.629200210742,403.8481280915965
1,event,121,11904.7125998384,429.7113815403045
1,event,122,11605.471551424756,404.76054264336216
1,event,123,12496.522250728913,399.9241042218178
1,event,124,11982.195680445398,425.4944462971994
1,event,125,10686.668267827246,406.6468766003041
1,event,126,12266.92739942011,421.9337557601972
1,event,127,12262.322174203577,415.0370437018776
1,event,128,12389.61178128094,404.7069875347293
1,event,129,12579.31079073741,406.4210517316973
1,event,130,12439.158812303993,411.0996010881645
1,event,131,11473.944747863645,407.8828265475608
1,event,132,12591.084701963217,406.891978730685
1,event,133,12606.097808092716,402.6477430288555
1,event,134,12436.604255352104,410.9043781846698
1,event,135,12358.48914294356,405.9017389484696
1,event,136,12473.703840609123,405.7617006363709
1,event,137,12348.52899957552,406.2452971207754
1,event,138,12347.1543227481,409.05911806495504
1,event,139,11410.131547320922,414.6677756027972
1,event,140,12554.27475024433,402.3998299122353
1,event,141,12604.441965845774,397.61855282649503
1,event,142,12436.980640699538,404.4136214850127
1,event,143,11717.861018107234,402.1153222179646
1,event,144,12079.951200849702,420.597962896306
1,event,145,12431.724373940197,406.8989445840295
1,event,146,11440.346951353671,406.965296627978
1,event,147,12556.11467438321,401.095959077566
1,event,148,12396.09679835751,407.2933036479565
1,event,149,12291.553127518206,407.0439747299824
1,event,150,12606.323398580533,400.6456934407162
1,event,151,12516.54687023999,413.4106995838658
1,event,152,12553.39064232364,400.9029443047699
1,event,153,10987.980310910529,412.5805443975256
1,event,154,12476.16492323981,409.19444624240265
1,event,155,12421.9910497862,403.2249950190223
1,event,156,12406.06016107624,402.28409929045057
1,event,157,12328.443417494536,411.96900355650735
1,event,158,11804.9527967979,403.5451151678334
1,event,159,12719.623537122245,395.7422070002815
1,event,160,12390.897456760124,408.79694444616393
1,event,161,10501.35916180359,427.6124954768379
1,event,162,12373.646672515011,413.3751789847953
1,event,163,12518.1000738388,403.7183108541944
1,event,164,12410.82459936376,411.0956888408669
1,event,165,11657.668179089236,408.9575965426295
1,event,166,12686.859566723811,394.5112839921311
1,event,167,11379.54245734981,411.85664618350665
1,event,168,12460.74771352108,399.8418801341927
1,event,169,12523.523562251656,401.0536223535255
1,event,170,12287.019958891971,415.6764188915663
1,event,171,12630.837546395089,396.7046482189952
1,event,172,12703.804839200551,393.3625502426451
1,event,173,12118.907480250851,424.62310727712446
1,event,174,12092.748163769971,413.6397076230259
1,event,175,12425.13259942534,406.740078585623
1,event,176,12566.38560655476,409.6833859420413
1,event,177,11317.151272773595,411.7229875774674
1,event,178,12677.432310827691,403.379239723834
1,event,179,12630.310415328278,396.3404091248654
1,event,180,12373.624657146132,408.8901293900544
1,event,181,11947.104305012028,404.3586486173442
1,event,182,12434.95740582363,412.1367941930948
1,event,183,12389.695447285803,418.6165625845548
1,event,184,12588.895305934935,395.2682959314411
1,event,185,10765.935765592772,409.27182776547113
1,event,186,12594.508150286643,406.7543322614541
1,event,187,11091.358756557736,419.6763862269426
1,event,188,12496.34260507181,405.1148545498588
1,event,189,12029.778440140775,398.05313805105897
1,event,190,12634.91084619314,400.3633355451393
1,event,191,12554.650905834842,400.7446000567261
1,event,192,12516.772316876466,401.369176795044
1,event,193,10747.575987214825,403.0666142821461
1,event,194,12552.382568175057,394.94286930064106
1,event,195,12618.261028567937,405.0724832151856
1,event,196,12410.604496327142,412.2549897939496
1,event,197,11271.932359300014,403.6554242143928
1,event,198,12510.198705501172,405.2507578016563
1,event,199,12554.949933443537,399.2872264587636
1,event,200,12406.962547813804,410.6719083689287
1,event,201,12797.262515371252,396.1305488704699
1,event,202,12517.645141101744,405.3112356898758
1,event,203,12603.684733985458,400.5226316471637
1,event,204,12693.329161177067,392.2779633052111
1,event,205,12572.959334217652,407.1092864326544
1,event,206,12443.426681337718,407.35799512917487
1,event,207,11123.396181376602,409.2748234440849
1,event,208,12540.274502874188,406.2830820391173
1,event,209,12479.659510152653,405.30162613414296
1,event,210,12189.377054404144,429.33761947397056
1,event,211,12490.324611161945,402.2864061596509
1,event,212,12330.668377846176,413.9072673591257
1,event,213,12595.606118900989,403.1507733732463
1,event,214,11411.368385898795,405.43597849009126
1,event,215,12424.453825190894,412.925874578788
1,event,216,12256.411842421952,412.6652682605237
1,event,217,12178.652020399211,398.4613513613603
1,event,218,12585.180482672888,401.3210529580709
1,event,219,12739.587316292396,395.2144967094716
1,event,220,12533.84502482946,402.9427168567732
1,event,221,10513.156672795216,436.379992607495
1,event,222,12417.566330858446,406.6419794458213
1,event,223,12652.526007431376,402.6475755605764
1,event,224,12532.84877068198,402.6709473495399
1,event,225,12309.340384776448,423.0512950630393
1,event,226,12385.842720168876,407.0681184705712
1,event,227,12703.77693777662,394.71829813052335
1,event,228,12460.90575247884,407.673507857898
1,event,229,12421.025371316242,410.7670344334763
1,event,230,12730.065746872891,390.6494804064039
1,event,231,12138.1653452617,417.99608971139946
1,event,232,12440.882604355593,413.7227837650205
1,event,233,10965.184367740794,400.4600405741922
1,event,234,12497.673501769896,404.286214373933
1,event,235,12627.060035344408,398.5816040929073
1,event,236,12452.88913648606,407.5348036433081
1,event,237,12710.448012336048,396.8523334187724
1,event,238,12707.343307370924,398.27688673673214
1,event,239,11003.890188067391,398.9669894282729
1,event,240,12585.325618770732,396.6247645264415
1,event,241,12363.643315023248,417.19491819198
1,event,242,12591.581531955637,396.7669267162406
1,event,243,12418.30415017525,410.987106300423
1,event,244,11047.137576384865,409.4174697482471
1,event,245,12613.333136628356,399.9050219603776
1,event,246,12728.393302828328,397.0105615054049
1,event,247,12510.686916613906,406.8568911770191
1,event,248,12622.65996063582,404.5011842278556
1,event,249,12495.271815452916,407.9993621404727
1,event,250,12364.963902576055,422.0249178702976
1,event,251,12201.792898463553,417.6950040291793
1,event,252,11091.95971637965,408.6928040795325
1,event,253,12809.116400204046,390.6577301153744
1,event,254,11762.347775679766,402.8627562310379
1,event,255,12883.778029942674,389.5348273087028
1,event,256,12325.695320339044,402.8330832290194
1,event,257,12666.378366488,397.3133212349454
1,event,258,12615.197100264086,403.7958562425694
1,event,259,11745.46780304673,398.05150678089154
1,event,260,12491.527691113026,406.0332628099648
1,event,261,12894.914618302337,388.7696741211512
1,event,262,12519.625137199628,407.3946353258958
1,event,263,10825.671499758017,403.1115189129591
1,event,264,12473.157058821109,407.3546084868904
1,event,265,12696.038981374466,396.5358464879792
1,event,266,12498.044198195004,402.8766848775658
1,event,267,12393.383159509274,402.47486509565033
1,event,268,12022.376941446058,425.2277401153654
1,event,269,12721.468546884296,393.5463133269788
1,event,270,12830.588191363251,392.63674834344505
1,event,271,12695.122038037496,396.6162009654087
1,event,272,12381.276468915086,398.2694169169079
1,event,273,12227.391578255363,403.08400641348345
1,event,274,12584.502126927311,403.7900759232752
1,event,275,12719.389640574336,393.2701362212956
1,event,276,11674.192263693983,397.2590098529121
1,event,277,12373.865747856564,402.6481686611601
1,event,278,12758.590951440745,395.4540557849433
1,event,279,11264.538355457287,410.9638964574761
1,event,280,12746.503630618883,388.11377675112
1,event,281,12589.905567314729,400.8929094104459
1,event,282,12760.00350855922,388.8963084820048
1,event,283,11955.223919742391,414.25594991348817
1,event,284,12584.22144641898,395.95944176972176
1,event,285,12577.077822628742,403.9143116844329
1,event,286,12743.121314374026,395.2438604161946
1,event,287,12455.783657892469,405.81020150294944
1,event,288,12162.88483813304,393.56671809395806
1,event,289,10934.461710086343,407.3025916547951
1,event,290,12747.282604116726,395.2377701841551
1,event,291,12495.601977202352,411.7755679356642
1,event,292,11659.6075386618,395.5736138703353
1,event,293,12618.994351436284,407.4770324103767
1,event,294,12473.471754861876,404.95085591260073
1,event,295,12599.742589689346,408.3068801322032
1,event,296,12471.763258499715,404.2834641302893
1,event,297,12684.40245579718,394.6909304599675
1,event,298,12547.617006942326,399.4403710560911
1,event,299,12697.178821809575,392.443578157227
1,event,300,11068.126553183874,414.0576418650184
2,event,1,11254.847425115611,413.0021386514696
2,event,2,11930.284599358269,423.1414487895144
2,event,3,12202.281210857316,417.8158157388023
2,event,4,11996.115740861853,427.4017768480629
2,event,5,12529.052338900772,404.07066638203423
2,event,6,12204.22128185751,420.23491466167343
2,event,7,10325.884422821033,408.3674151576839
2,event,8,11821.61362610602,414.1763882466279
2,event,9,12724.263873751092,394.3818636031909
2,event,10,12426.904047510689,409.7974644703796
2,event,11,12146.44341887278,406.01417091505647
2,event,12,12285.797602148048,415.9266035857953
2,event,13,12381.705205231368,404.5414741560143
2,event,14,12520.43002907931,395.7826850676237
2,event,15,11802.868758691724,406.22700722928863
2,event,16,12545.512899276087,400.2894482943439
2,event,17,12261.547175771097,415.65751943156056
2,event,18,10677.246204915802,425.4438146198258
2,event,19,11983.153000663426,430.6777356690477
2,event,20,12461.18461769508,400.7617803004252
2,event,21,12211.601106890712,414.6482039658969
2,event,22,10652.815005534065,420.1629950776381
2,event,23,12406.378555987416,411.4607127053456
2,event,24,12178.10836037065,416.3718452425749
2,event,25,12464.40133849354,402.3923480556582
2,event,26,12406.166187981697,405.1762261401922
2,event,27,12518.450675360493,396.2807628348883
2,event,28,12132.13207691691,420.2294089916636
2,event,29,11053.175797013197,423.0064105571308
2,event,30,12448.229264196389,405.20074547636943
2,event,31,12410.999869894264,416.1398194173281
2,event,32,11733.630634180856,399.5303496564864
2,event,33,12414.10372797689,405.4152565805534
2,event,34,12498.985604208883,409.6498148518312
2,event,35,12449.376830618485,407.5047865531799
2,event,36,12341.843465895612,407.20249863569336
2,event,37,12079.215087842882,421.6513667384696
2,event,38,12502.600403357485,409.8056640957074
2,event,39,10669.23107514614,410.3636322890077
2,event,40,12059.743793042831,426.6810559397936
2,event,41,12131.12524510616,427.4072397086894
2,event,42,12335.771448939193,405.9577420613684
2,event,43,12508.360818939029,404.5313763340724
2,event,44,12514.180701835228,394.7797224650912
2,event,45,12460.29968457612,402.889058281266
2,event,46,12506.04050575776,400.4490616561847
2,event,47,12253.293771290431,415.8763467460972
2,event,48,12111.1998557224,412.6999978213087
2,event,49,11203.578492937151,410.8277593959763
2,event,50,11698.719579458251,426.7405636222952
2,event,51,12506.40309730787,395.3231817135264
2,event,52,12379.782461854482,408.01903893530704
2,event,53,12591.473226301585,404.5754422957759
2,event,54,12222.1550150614,419.10803820771855
2,event,55,12314.762009073876,413.1710138593136
2,event,56,12440.248597443411,408.6381348978745
2,event,57,12356.149941414064,410.7959499088151
2,event,58,12559.587684058357,405.0733532351489
2,event,59,12303.29594864163,414.25179674118647
2,event,60,12154.373240270488,421.4776291895664
2,event,61,12500.041900597404,403.2108427969981
2,event,62,11575.265054116586,418.8746211364013
2,event,63,11258.49961452834,412.9924150015688
2,event,64,12449.11988409355,404.5799584434535
2,event,65,12311.760920031156,413.9837155860828
2,event,66,11929.175075323054,425.355659575385
2,event,67,12468.344602498755,408.1942240243866
2,event,68,12366.69903487499,416.8248230484627
2,event,69,9421.413374166965,464.90242175458695
2,event,70,12529.16744092512,400.8343211270543
2,event,71,12407.49293524714,419.749123765049
2,event,72,12629.85543540851,403.9980185508824
2,event,73,12521.701142355292,403.1615220439279
2,event,74,12328.08429310184,411.55434871150686
2,event,75,11559.498946431257,406.2441725676242
2,event,76,12376.207011265498,414.1121614636533
2,event,77,11290.3575447229,420.067533769408
2,event,78,12246.547941268223,411.7065461065091
2,event,79,12430.657174943432,410.5567039865386
2,event,80,12457.514944396016,402.8243104871628
2,event,81,12543.68786690758,399.0348134311855
2,event,82,12240.644253853006,408.6425438201914
2,event,83,12287.477794546186,407.27699206642126
2,event,84,12431.032513402488,400.41922186479576
2,event,85,12343.318054186084,423.7390192573626
2,event,86,11708.615072304225,419.39577866310094
2,event,87,12640.879748008709,402.1773400433668
2,event,88,12681.239801270924,392.1099526889892
2,event,89,12378.532739442742,408.9676948328696
2,event,90,12220.31734940974,416.8763126004057
2,event,91,11195.839323373732,417.9644968478676
2,event,92,12134.794090847738,414.38171055660496
2,event,93,12358.772710832523,417.4764699912603
2,event,94,11947.402504101716,398.84822505587954
2,event,95,12387.53388680826,403.3788577382976
2,event,96,12390.909775712453,407.93519425968407
2,event,97,12213.170015906784,420.0334488420183
2,event,98,11678.603990084886,409.45060656051953
2,event,99,11457.149118373252,395.79233010815017
2,event,100,12586.49307006508,404.8280490289566
2,event,101,11847.412601868977,425.71861070685145
2,event,102,12449.514380229404,408.6236973638188
2,event,103,12359.474967807528,411.2160940085299
2,event,104,12455.517661704616,401.821041816384
2,event,105,12400.748870051411,401.50679707160833
2,event,106,12116.396931852034,420.9425390323698
2,event,107,10457.032028045269,425.87232996055207
2,event,108,12490.248903162908,408.0960359565623
2,event,109,12411.313139742926,402.7347263716426
2,event,110,10921.396240383196,412.96383695066805
2,event,111,11643.41818006572,412.5256474049278
2,event,112,12509.287439073943,403.63400799665845
2,event,113,12453.171282429286,407.16406239469313
2,event,114,12379.66215357324,405.9592047494258
2,event,115,12269.17414658739,412.6262096572794
2,event,116,11564.29485158366,413.1680969107596
2,event,117,12453.234308913996,410.28764448243606
2,event,118,12520.392724603322,404.6179928619404
2,event,119,12404.137225973387,410.59544969871
2,event,120,12438.579207943369,405.5125902518798
2,event,121,12515.886883879291,405.9875666123797
2,event,122,12330.574339071096,408.45521721151823
2,event,123,12018.06685691137,430.0244719346881
2,event,124,12387.906946297657,405.6086863172712
2,event,125,12664.696650358685,399.42810237624826
2,event,126,11984.308585578478,432.1546578720775
2,event,127,10593.932155526729,424.6080314810448
2,event,128,12167.926981892331,416.9796977419501
2,event,129,12445.543887673177,410.162844148865
2,event,130,12439.791302156766,402.49546057761086
2,event,131,12258.329617398198,414.4640772677453
2,event,132,12207.82703964363,417.3385331575845
2,event,133,12192.0912084825,414.2185195426674
2,event,134,12496.72112621336,409.0403884894853
2,event,135,12760.571083792913,391.5464157582543
2,event,136,12334.722919586626,411.3044582023261
2,event,137,12326.818692522527,415.1375950525872
2,event,138,12425.42319631748,410.9317223660986
2,event,139,12624.408305135,401.2791456027973
2,event,140,12405.179007681105,403.68558581608806
2,event,141,10545.039223272224,421.38166714191146
2,event,142,12498.716289053276,409.9862463706796
2,event,143,12513.750637180858,400.1932783653196
2,event,144,12559.95413930382,401.5626226545577
2,event,145,12219.99972746875,419.9708469743912
2,event,146,12553.420984657054,410.89036328759096
2,event,147,12431.704674671972,410.6998151764504
2,event,148,12625.323056521398,399.1327226509231
2,event,149,12276.691109499508,418.4284317989234
2,event,150,12601.860988229064,394.6247284144093
2,event,151,12422.892647288783,413.9622547377045
2,event,152,12676.888444180257,398.3608214756884
2,event,153,12550.064312138547,405.2108175801554
2,event,154,12257.170986654575,425.7589112419045
2,event,155,12647.476572188323,394.2234274904279
2,event,156,12511.812681751424,413.3427928999936
2,event,157,12581.9645295646,397.07375947218657
2,event,158,12605.013631316802,401.488818985807
2,event,159,12315.913026240392,416.7374626731861
2,event,160,12540.256758612057,405.1051751616801
2,event,161,12488.663223166468,404.10648092832565
2,event,162,12654.492664995889,398.39417127117287
2,event,163,12368.6547935584,407.55692160031447
2,event,164,12651.333347036692,400.4671730559342
2,event,165,12266.813228293284,404.8358669383382
2,event,166,11876.412751579328,420.9467031672276
2,event,167,12324.141798332696,407.9078362074555
2,event,168,12576.940770571176,395.8852226041238
2,event,169,12217.971997429058,410.1754125264197
2,event,170,12287.732489525391,412.2625456109432
2,event,171,12602.709050424608,400.40967578346914
2,event,172,12254.800446724355,406.89625623415367
2,event,173,12577.0485873589,413.5442078604417
2,event,174,12484.637532424436,398.2552291135163
2,event,175,12444.407768858042,412.0369726795548
2,event,176,10626.623216180567,412.1017230729733
2,event,177,12284.29875029215,412.9574864511808
2,event,178,12336.534901787963,404.3915052320571
2,event,179,11487.501730881631,417.1186042320592
2,event,180,12630.057723488546,395.1123344116402
2,event,181,12647.830302263228,400.06198834907
2,event,182,12620.142178997708,400.7940905843104
2,event,183,12667.939484458777,398.8785356185916
2,event,184,12598.137883425748,398.6666632468614
2,event,185,12364.6059169032,413.0868660201351
2,event,186,11737.984277547435,400.849469499766
2,event,187,12701.65642802816,395.1883076232785
2,event,188,12385.533259460995,400.5048658065497
2,event,189,12754.493931093204,397.37416295082784
2,event,190,12607.82820549054,399.6287677841168
2,event,191,12351.583113253864,400.970363866664
2,event,192,12318.45561389866,414.8224556047809
2,event,193,11450.597999320458,407.4513266809391
2,event,194,12549.431906979868,402.328475953375
2,event,195,12567.180414793063,404.0203372240492
2,event,196,12641.659959337709,396.6896712028126
2,event,197,11803.774752849218,412.0378897003141
2,event,198,12492.508083755114,412.1873291899684
2,event,199,11417.998800423897,404.5672739668237
2,event,200,12495.096436870255,410.55314252565057
2,event,201,12330.661655759912,413.8413771437916
2,event,202,12606.369606225026,395.6033182481197
2,event,203,12311.572728457017,404.9654733905342
2,event,204,10470.15699526251,401.1064285691421
2,event,205,12634.532441222726,393.7682437699492
2,event,206,12608.03208483533,395.2071522925834
2,event,207,12659.489674539243,392.9781326984668
2,event,208,12618.480759921636,403.50046445681954
2,event,209,12476.225788332682,403.5328561897521
2,event,210,12427.030365476792,404.1736744057899
2,event,211,11827.083381254906,408.4845126879789
2,event,212,12227.711803347764,405.1454564931544
2,event,213,12452.535268384654,405.3227361637082
2,event,214,12458.61827515702,397.3904463901724
2,event,215,12528.97851794965,388.69283098461295
2,event,216,12574.578429706804,403.660977960905
2,event,217,12484.742646490446,407.5955780375681
2,event,218,12385.135796367606,409.98149564846943
2,event,219,12537.4275900141,406.6823631911637
2,event,220,12289.444096368865,408.56661351027714
2,event,221,11677.968579929597,398.0798623068477
2,event,222,12446.666074150364,406.068622276911
2,event,223,12274.96264709564,415.0544305112048
2,event,224,12745.27578532595,395.738673159142
2,event,225,12706.60314684528,395.1652254628977
2,event,226,12426.885503993855,414.6526305561864
2,event,227,11299.74610507068,416.7539481994724
2,event,228,12596.801208365709,399.9764547982148
2,event,229,11344.315410396335,410.5522784052645
2,event,230,12542.20273502368,398.21721619406713
2,event,231,12837.890536467752,389.2321263725996
2,event,232,12668.543107340278,391.6680430590365
2,event,233,12438.213318820171,416.7849733675843
2,event,234,12420.067055754702,407.2979652122148
2,event,235,11458.63526315264,408.8199644990421
2,event,236,12615.56384017645,399.7593284371436
2,event,237,12355.189167440572,397.8696646581389
2,event,238,12690.638865278788,395.0007474605777
2,event,239,12472.306778027272,410.6918080359881
2,event,240,12663.300602464378,400.3565553113076
2,event,241,10964.423595739034,397.9837909765495
2,event,242,11842.132453213584,411.697778217237
2,event,243,12558.84779911531,404.4890968318665
2,event,244,12093.559629245365,405.1559904939424
2,event,245,12647.976294549091,397.7731971510508
2,event,246,12628.233756346346,404.8766444065401
2,event,247,12333.031437426956,404.5070121790927
2,event,248,12358.025366060976,411.4966693116824
2,event,249,12683.379292015306,398.9644597433918
2,event,250,12710.025123279194,392.60852853622686
2,event,251,12476.299169480695,405.24484139246624
2,event,252,11957.510524687108,401.9190550630408
2,event,253,12474.462612643369,414.1442335825029
2,event,254,11729.35498217263,392.9999449019913
2,event,255,11206.50550765271,413.66444985808977
2,event,256,12237.694560604692,408.3610637244124
2,event,257,12375.043707297187,412.201053876515
2,event,258,12594.53089686656,401.0008876140942
2,event,259,12672.62551638222,395.47658610874703
2,event,260,12592.584625820677,408.3282670570634
2,event,261,12631.15815268957,403.4076786614992
2,event,262,12453.882408352183,407.2493358695477
2,event,263,12516.147651119523,405.7220849664178
2,event,264,11456.277106533378,420.26187800923776
2,event,265,11638.315936005763,397.9030409322208
2,event,266,11884.160338465685,392.39360008416816
2,event,267,12717.704847210664,399.1258008481973
2,event,268,12759.271885513714,394.8108679977588
2,event,269,11192.088778728636,399.85401828344175
2,event,270,12528.574291885212,402.21504934923234
2,event,271,12779.836298687613,394.8865998186949
2,event,272,12642.08662810684,395.04350591990993
2,event,273,12389.347348078612,396.2028460401106
2,event,274,12951.143488018124,387.7053379603785
2,event,275,12042.807914551458,402.1919141406033
2,event,276,12590.50722591624,397.8048941614943
2,event,277,12908.100150280015,387.9042488876505
2,event,278,12716.422435853525,397.1491457685897
2,event,279,12770.57616137325,392.84931315507
2,event,280,10781.394271130004,448.9160842438592
2,event,281,12773.542210052585,394.947047717736
2,event,282,12680.036301831951,393.0341223455252
2,event,283,12709.765571935468,399.32286217334826
2,event,284,12703.134636817127,392.3201519474665
2,event,285,12609.520562751535,395.0424918564423
2,event,286,12648.32054739538,396.2992521706976
2,event,287,12902.87301194718,391.59485634762586
2,event,288,12548.616166236172,405.1229105583567
2,event,289,11046.463821493016,410.1390155651465
2,event,290,12626.017629593518,400.48679620921695
2,event,291,12660.181628580764,399.0751995268446
2,event,292,12536.519650350929,409.3644784320156
2,event,293,12600.606934804904,399.39252527288846
2,event,294,12585.631333225016,399.8793139061505
2,event,295,11287.175961350442,413.7993919614366
2,event,296,12309.989756731447,406.8399815698943
2,event,297,12483.944054818625,405.818718328761
2,event,298,12496.088783706917,413.1973226220736
2,event,299,12181.137880261436,400.5142455645852
2,event,300,12525.666550398018,405.7764038984682
3,event,1,12273.545190133374,417.5650755099305
3,event,2,12100.851586816849,424.96965341681965
3,event,3,12403.216617802374,414.6685346617229
3,event,4,12405.603656146131,405.7501788215939
3,event,5,12398.0089663348,408.8179029716241
3,event,6,12370.956223678995,406.4474691824526
3,event,7,11863.95589419021,399.4552072744668
3,event,8,12223.022531653629,418.3445679912096
3,event,9,12416.06945415453,410.9216433231166
3,event,10,12376.052379007422,411.4611580486512
3,event,11,12396.045600217509,410.33882885856985
3,event,12,12253.366940327269,408.50668636487165
3,event,13,12121.040749137324,432.5224270942711
3,event,14,12534.919586931126,403.27573512314825
3,event,15,11574.9380450125,399.05084478177207
3,event,16,10581.163583833591,402.4426173424296
3,event,17,12512.59357270464,410.0838615352751
3,event,18,12510.485924252402,409.15067489895046
3,event,19,12129.230808651717,420.4938971655164
3,event,20,12183.07794526719,420.6910002223558
3,event,21,12221.858744583662,414.6020420959723
3,event,22,12507.739344765443,401.6587342405817
3,event,23,12002.06008303329,435.1818076982767
3,event,24,11296.83044146187,428.57384989156793
3,event,25,10798.529189133613,405.6555342319162
3,event,26,12305.727718179563,412.9725111103775
3,event,27,11434.866758242995,400.37884905248296
3,event,28,10682.263267965558,410.3161907309678
3,event,29,12414.932787001932,413.8900815431416
3,event,30,12153.539174027426,416.0814363198941
3,event,31,12311.186934526117,404.959513717353
3,event,32,12355.00742298128,411.5296087727372
3,event,33,12273.522180941787,408.11003727032
3,event,34,12009.205504064646,419.7403410017634
3,event,35,12140.285882954551,416.0042611744293
3,event,36,12185.375464302402,417.4048093979746
3,event,37,12566.321785816712,407.0836809094184
3,event,38,12351.801816750203,420.9662438423883
3,event,39,11800.069368409084,400.1784824945644
3,event,40,12117.53065050941,421.6498018252122
3,event,41,12531.773534887576,407.4784298854154
3,event,42,12077.193915150236,434.7516728684872
3,event,43,12126.237977153882,422.4394978112569
3,event,44,11454.263176565397,405.41651776582665
3,event,45,12214.286148115854,420.2528582401401
3,event,46,12296.853931465705,406.6135001374528
3,event,47,12342.77721966556,410.2224963789988
3,event,48,12325.912413783077,409.62075030293374
3,event,49,10520.302099879946,433.1213635123901
3,event,50,12442.396779030389,408.231488354274
3,event,51,11847.257406251983,412.9289379956786
3,event,52,12651.312146202545,390.57049167137046
3,event,53,12260.512580797456,419.8462479315128
3,event,54,12263.373187135909,417.9725979877828
3,event,55,12080.60188768319,422.2871317989072
3,event,56,12431.846748723545,407.5536377031901
3,event,57,12182.143727041816,424.0182064684494
3,event,58,11728.256526388812,443.9151432263554
3,event,59,12425.891064966749,407.48720923684846
3,event,60,12448.264022312209,405.90691622670624
3,event,61,12372.873407212895,412.9754061958516
3,event,62,12423.2399260528,408.7157945415952
3,event,63,11105.683797195285,422.7999427678244
3,event,64,12646.979288732104,404.88966012732
3,event,65,12019.65135167764,402.9569739840964
3,event,66,12194.15828866109,418.0451211733445
3,event,67,12173.183384337412,425.8296113579011
3,event,68,12147.128625456904,420.3296934370256
3,event,69,12107.593401299842,407.429882074478
3,event,70,12228.196953408866,412.3235868979357
3,event,71,12225.615202663515,420.8189292153711
3,event,72,11564.350077011466,416.836299345339
3,event,73,9927.81345192105,428.02004212117583
3,event,74,12372.218439313188,406.7746172856174
3,event,75,12264.801796522908,412.5355486814562
3,event,76,12236.253539873493,415.2016394585097
3,event,77,12398.90303039746,406.7979172394756
3,event,78,12156.826048417057,425.2091321225764
3,event,79,12382.567336746975,406.6726588365476
3,event,80,11631.683389407728,421.9980368225786
3,event,81,12236.597940734911,412.3333179101812
3,event,82,12401.767727818136,398.7711726661714
3,event,83,12450.716764902823,407.8934570158368
3,event,84,12324.5465366051,406.93388656001576
3,event,85,12627.009491642068,398.23991382546126
3,event,86,11439.40976279048,410.1321155379927
3,event,87,12492.995400878312,401.5017756799
3,event,88,11795.434731433526,408.7640479213456
3,event,89,12391.965325702256,407.6103359932728
3,event,90,12360.79770315372,408.7033636814057
3,event,91,12250.250142404984,415.5296331766265
3,event,92,12401.253307499344,407.59949458080274
3,event,93,11445.889343246065,407.491369806389
3,event,94,11582.873791568025,399.63835962508966
3,event,95,12657.25122747282,395.7547967854712
3,event,96,11110.45897644739,413.9073478999696
3,event,97,11158.40965361293,415.3889734339476
3,event,98,12624.445555003042,399.1768132175738
3,event,99,12295.147327102772,407.4370114886485
3,event,100,12527.126506500796,399.633693977432
3,event,101,12544.639284346482,395.2983528600592
3,event,102,12217.49485601914,421.734692520824
3,event,103,12113.971684340631,421.6188234361071
3,event,104,12434.038018496502,419.54894351169975
3,event,105,12487.05116999746,402.2348721253457
3,event,106,12290.624522260325,411.99198705002783
3,event,107,12475.365234842247,403.3851157255487
3,event,108,12496.197684748477,408.1070443323921
3,event,109,11681.520752313389,411.750980000652
3,event,110,10669.129483936596,409.5007933496972
3,event,111,12307.545820651409,412.7138859092168
3,event,112,12455.590123783388,411.1774707775704
3,event,113,12481.321972739195,410.0800066626962
3,event,114,11392.419007054204,406.8757567537086
3,event,115,12418.84984905335,401.99574387236345
3,event,116,12325.69026162794,403.3567422737884
3,event,117,12423.52308987421,408.2222699838385
3,event,118,11740.215661095346,414.2357768207456
3,event,119,12219.634423486974,408.1726471262853
3,event,120,11230.333767061786,405.7963979802584
3,event,121,11800.548872757256,405.5293989276062
3,event,122,12280.004343397692,422.2042434067997
3,event,123,12409.811966970963,407.39027045817375
3,event,124,11265.441317624116,419.8509233785021
3,event,125,12298.76957071659,413.0067065221772
3,event,126,12308.96251894391,412.39682946712406
3,event,127,11563.89828886352,419.1260794343972
3,event,128,12300.113751036084,414.793187143045
3,event,129,12343.388843866464,410.83414316260274
3,event,130,12272.56805872418,415.1219864830645
3,event,131,11299.221535314477,416.5250400923911
3,event,132,12372.26993836721,405.4597053684745
3,event,133,12361.566802414944,421.7110092300656
3,event,134,12469.13298813659,399.6947287962991
3,event,135,12151.505907481876,419.77190161179954
3,event,136,12477.772196326205,404.416682473716
3,event,137,12250.749330288045,421.3072257362104
3,event,138,12250.99602886225,416.5507788302506
3,event,139,12236.7313668972,413.12123551505726
3,event,140,11376.913467956269,401.9514552292399
3,event,141,12347.314804493975,413.52275227113927
3,event,142,11889.952887575026,409.4342458522022
3,event,143,12487.468538986532,407.3015285671746
3,event,144,12376.031711493384,404.6654694495602
3,event,145,12601.37090783272,396.2184747264522
3,event,146,12288.9537745696,417.8714712651613
3,event,147,12422.0143229925,409.5922387737365
3,event,148,12518.809740187082,399.5583143805437
3,event,149,12413.888985649655,406.21205558437504
3,event,150,12534.953256498531,403.3981819568701
3,event,151,12676.046953870158,396.7119789406045
3,event,152,12341.320070885313,410.8688070112445
3,event,153,12452.36783604915,410.83767739176847
3,event,154,11600.64628431411,420.09174062848894
3,event,155,12502.976959229049,407.3126026426115
3,event,156,12130.56629005459,414.351478886696
3,event,157,12733.206022121489,393.82366435703
3,event,158,12079.555819428586,431.9684210344889
3,event,159,12221.780734818149,417.1622664821933
3,event,160,12459.284217147404,405.8731904953034
3,event,161,12145.43159356116,404.721290455407
3,event,162,12577.025897777046,399.3815627366543
3,event,163,12440.3210853936,404.18085889125007
3,event,164,12505.851887056686,408.0914027090397
3,event,165,12273.675010725576,412.67894778483975
3,event,166,12479.788097816105,400.3248169478267
3,event,167,12474.44070610456,406.38631214927625
3,event,168,12332.423925044905,411.5685838139668
3,event,169,12548.798693182782,405.1333384813548
3,event,170,10490.60492716912,405.2713971679481
3,event,171,12326.732378300434,408.7906336914581
3,event,172,12621.164376009374,404.40087927432216
3,event,173,12395.578189800071,409.6751758044642
3,event,174,11266.175575400444,416.6211005370398
3,event,175,11485.208407416672,405.0655557517164
3,event,176,11614.589987447822,407.70062588913777
3,event,177,12351.776266736802,409.6514452579302
3,event,178,12430.469692164104,404.4842626773159
3,event,179,9979.143953829978,425.4009448027009
3,event,180,12239.736239891015,409.5694816825807
3,event,181,12610.735108482237,402.9211301255695
3,event,182,9755.00916818776,409.6441997670799
3,event,183,12396.926565700638,411.7366030491048
3,event,184,12534.859228884088,405.8109012006435
3,event,185,12175.090367891513,421.4676178867768
3,event,186,12277.28050187256,411.7732330823601
3,event,187,12483.300886290654,406.5578805803521
3,event,188,12568.872178855738,404.391201993818
3,event,189,12334.33822614134,414.9234271926502
3,event,190,12397.299158384652,409.3402293839176
3,event,191,12165.8803629191,418.1609013191671
3,event,192,12904.918793153014,386.8018175981251
3,event,193,12472.789799541004,400.4542833874351
3,event,194,12475.787433443807,407.2941401778534
3,event,195,12121.815333874229,415.6142569162734
3,event,196,12653.866404061204,395.6131142107175
3,event,197,12368.109404341492,413.8512374964015
3,event,198,10336.993316229276,402.4335381095261
3,event,199,12281.251022605556,407.56915036398055
3,event,200,12311.97379777006,420.5450783884373
3,event,201,12557.923684755227,404.2327039497872
3,event,202,12466.275759796776,408.9371698237401
3,event,203,12276.923854732962,403.3113924518638
3,event,204,12360.405575483244,409.6373094248863
3,event,205,12605.124321705383,399.1540899644996
3,event,206,9520.887256594286,396.7493698014399
3,event,207,12541.065974779567,403.5337135144573
3,event,208,11961.086083055348,416.87092592888615
3,event,209,12432.063114992745,408.6788059376711
3,event,210,12558.207995989407,401.9762007987727
3,event,211,12267.977433682538,424.7422505005489
3,event,212,12283.8009830698,412.05822019576095
3,event,213,11438.61657907264,405.9077564454408
3,event,214,12404.753651220512,401.2835398776066
3,event,215,12140.323232758165,409.4365543971737
3,event,216,12481.188059983182,409.9537283088424
3,event,217,12435.886560725012,409.3338827455421
3,event,218,12396.445656139786,409.1788330866595
3,event,219,11877.25682644582,399.77235122861134
3,event,220,12202.994816897455,424.0178847443022
3,event,221,12642.69421099976,394.0731591818118
3,event,222,11843.580650006985,398.9031317923805
3,event,223,11523.75693234952,406.3708132268548
3,event,224,11557.172706468402,423.0368098682671
3,event,225,12490.404991071438,404.7748030947566
3,event,226,11637.684525755983,420.8766749191389
3,event,227,12651.122425454249,390.52184174534926
3,event,228,11934.27191254758,422.3540082278725
3,event,229,12845.24288145773,386.7483984501336
3,event,230,12642.455478694405,396.2700160158747
3,event,231,12614.686756672314,397.9424384783919
3,event,232,10519.127433005047,420.82119380536346
3,event,233,12518.861156220672,404.8406235408603
3,event,234,12299.129838838717,409.54901077351576
3,event,235,12426.022230894114,408.4133754438621
3,event,236,12143.33460153614,413.17247184054014
3,event,237,12688.168396240017,394.13931212161447
3,event,238,11469.745078401062,422.851662338896
3,event,239,12787.42595048732,390.5116236422864
3,event,240,12592.96565445456,399.5745905889281
3,event,241,12147.57114801586,415.9316589907272
3,event,242,12637.989041787176,401.0767412900849
3,event,243,12419.851948787236,405.03001630244097
3,event,244,12574.591826164666,397.45756997181513
3,event,245,12586.32342881386,409.5191058940797
3,event,246,12280.66933978751,400.5638899917309
3,event,247,12463.330633191528,408.33041098941214
3,event,248,12663.821212743853,402.8397328513844
3,event,249,11757.90320261986,398.6068827776288
3,event,250,12538.999845069038,403.4558312541235
3,event,251,12069.774794310875,410.7408849281541
3,event,252,12438.32179858453,404.7964501953646
3,event,253,11893.738145128207,407.99264848830273
3,event,254,12717.2961993641,399.0036426701888
3,event,255,10928.290929282197,394.758162422661
3,event,256,11269.593892963449,400.8516116199015
3,event,257,12526.496072038102,399.5672711734264
3,event,258,12490.19966696462,398.3839015835828
3,event,259,12285.253156814815,410.1801408704929
3,event,260,12410.430974348596,404.05596001029625
3,event,261,12728.10085426896,394.5021117492215
3,event,262,12548.398391613302,399.7270292510304
3,event,263,12259.07931635095,412.9211788694445
3,event,264,12665.07904336269,397.63622800211766
3,event,265,12532.24515607414,398.8405950495007
3,event,266,9526.869809062926,396.27797140622096
3,event,267,12629.421414572456,400.15612882331214
3,event,268,12503.945679879484,399.5926172141972
3,event,269,12531.28131943386,400.09998480753546
3,event,270,12268.437228576364,412.0430846939346
3,event,271,12534.472840665065,403.637883502054
3,event,272,12691.330992399811,396.5543056901121
3,event,273,12707.425890418976,394.1583723252164
3,event,274,12358.62686002228,404.151218533086
3,event,275,10810.71098529515,413.40274440527264
3,event,276,11604.15160432868,408.8225767377368
3,event,277,12295.653333488626,415.4863410887482
3,event,278,12484.587026228595,412.8718464705684
3,event,279,12594.513780360296,399.3477736760353
3,event,280,12542.239566068978,402.5426648900204
3,event,281,11781.78767957704,395.7329160498367
3,event,282,10612.706215352086,427.6673084803389
3,event,283,12705.569559425425,396.6209309532008
3,event,284,11061.875997952264,390.5488757056869
3,event,285,12739.780103508714,398.44744668943866
3,event,286,12347.954525242849,395.9591047317425
3,event,287,12531.794061202692,398.2789930919653
3,event,288,12229.296934283888,417.02323666935024
3,event,289,11932.701150290352,394.4556441696423
3,event,290,12566.21644980966,392.5207740285293
3,event,291,12864.363090336414,384.15794896454366
3,event,292,11711.877517618865,405.7629240158333
3,event,293,12597.804564221891,402.08167842945215
3,event,294,11263.108898680706,400.3749050354532
3,event,295,12290.193988915104,408.2467972562038
3,event,296,12686.90780526655,393.8139286073989
3,event,297,12506.223639892354,401.4491668884239
3,event,298,12631.67300358838,395.5056005352018
3,event,299,12485.32578604779,404.97149485509584
3,event,300,12546.52367729246,406.23242209848064
4,event,1,12523.318886621892,402.9395781306547
4,event,2,12425.44912016343,412.4560681549382
4,event,3,12257.621054012525,406.35493752861856
4,event,4,12125.5810417426,423.9935576112371
4,event,5,11488.36827491904,417.2213764536751
4,event,6,12404.922557876092,415.9303016031746
4,event,7,12426.890611600904,410.93142116104974
4,event,8,12153.65249442504,420.1137925010087
4,event,9,12479.861222417936,402.0102221486616
4,event,10,12397.245957773855,410.3357945177747
4,event,11,11266.096396765435,412.6531318319714
4,event,12,12279.55701843645,415.027312339874
4,event,13,12242.944999792826,412.4145096447623
4,event,14,12316.67791513384,416.1841448052604
4,event,15,12255.762619955332,420.9423260668423
4,event,16,12058.032485772885,405.2872125001557
4,event,17,12520.135264056407,404.1475554025531
4,event,18,11852.846529623866,414.7599825886103
4,event,19,12153.008269652995,420.3397219314938
4,event,20,12443.538031815257,409.22733143588687
4,event,21,11440.620903590208,416.3214894659724
4,event,22,12173.827908272482,418.90915581403306
4,event,23,12430.050008344271,411.3420951693641
4,event,24,12182.11942492567,412.55356237902527
4,event,25,12403.964776256107,409.7384792147659
4,event,26,12253.107389235973,423.5046026879375
4,event,27,12302.646038088224,414.3536814959599
4,event,28,12385.445243283097,409.7841267392391
4,event,29,12448.00514537376,411.7525974466551
4,event,30,11932.836308827016,431.036607034285
4,event,31,12288.939439680064,419.1212806442449
4,event,32,12484.106932934974,404.1115503276639
4,event,33,12445.46566837155,410.4238157380479
4,event,34,12231.90157619299,420.5900962162208
4,event,35,12406.284263442472,408.290833348912
4,event,36,12645.335425493457,400.9661968500186
4,event,37,12232.863599794717,415.7750019433404
4,event,38,12579.27153667826,399.5486870072069
4,event,39,12269.897026846957,416.31322580543
4,event,40,12127.24816812884,420.7354819165218
4,event,41,12592.111029302052,396.2759938055229
4,event,42,12282.75481650794,414.5722572408928
4,event,43,12351.968467496648,404.5008111524197
4,event,44,12046.719785046362,419.77979470842826
4,event,45,12456.378570322717,408.4554101715932
4,event,46,11474.126025360394,402.0022345516721
4,event,47,12400.386662577856,416.34088046900587
4,event,48,12566.199724113165,402.4640957474274
4,event,49,12448.148316047642,404.5270815820005
4,event,50,12401.324286166137,416.2772149840728
4,event,51,12309.336244099904,414.14732638047855
4,event,52,12257.669779236454,417.3452125820949
4,event,53,12212.794274671727,421.1617634187064
4,event,54,12362.210310138958,410.8483132501061
4,event,55,12306.27803309908,414.0079386753417
4,event,56,12264.971755911774,419.3285078706521
4,event,57,12480.27966787134,403.52630785587377
4,event,58,12259.769838048607,411.8948209728276
4,event,59,12684.123680648156,391.99775906787886
4,event,60,12215.821255111028,423.6247359696701
4,event,61,11930.588402443724,400.7109054718264
4,event,62,12238.29067949238,427.8412796670431
4,event,63,12472.203774180192,407.5017641891309
4,event,64,11125.778987432648,411.0187884178597
4,event,65,11803.237066152817,407.4756324109693
4,event,66,10885.036666505172,422.7986900635798
4,event,67,12201.25875951606,415.9891050654813
4,event,68,12580.509556948717,406.8130805888117
4,event,69,12106.787188961533,420.02765838235314
4,event,70,12269.11662474189,413.7141783387266
4,event,71,12419.36546902396,414.4994656967102
4,event,72,11140.450764842524,411.9176730003274
4,event,73,12549.694823120904,400.6521829287765
4,event,74,12600.810602542855,391.01401711315225
4,event,75,12343.54110278488,413.2232431257017
4,event,76,11526.660285522128,409.84132331121367
4,event,77,12484.008385926243,407.1450221536197
4,event,78,12232.516532093616,414.9532820271231
4,event,79,12407.878983845922,412.4945791787752
4,event,80,12155.842133761284,427.9342406597525
4,event,81,11783.89792103943,404.2154808808096
4,event,82,12682.8097536691,397.9212243520817
4,event,83,12127.113880744682,433.3427124694094
4,event,84,12296.268066035364,416.6879285995584
4,event,85,12279.740047980207,411.1140087282532
4,event,86,12639.248408211406,399.75448478819686
4,event,87,12515.89595760796,402.9629377101144
4,event,88,12164.08252382698,415.5738061676894
4,event,89,12093.881931438676,413.6183536196429
4,event,90,12426.571263606074,408.8996704467541
4,event,91,12385.192806464129,398.2820461234815
4,event,92,12288.894599059902,413.9543432087864
4,event,93,12243.771082196832,399.9770986229767
4,event,94,12428.12944531278,402.3487116065073
4,event,95,12389.177247285686,409.6411729512088
4,event,96,12004.761613738328,427.7091821545807
4,event,97,12612.62493561337,397.2549909594704
4,event,98,11524.523064215027,401.8665836378169
4,event,99,12637.773200817066,400.5519838011575
4,event,100,11253.393307705512,420.5332350623719
4,event,101,12336.184369842049,408.45872433280056
4,event,102,12203.668175462284,410.6675561118758
4,event,103,12604.31487809576,397.1245368631625
4,event,104,12394.11074448095,411.8970232498192
4,event,105,11938.451780240806,433.4503641536584
4,event,106,10925.81870810405,409.6908300622426
4,event,107,11038.901063024758,408.7231784684095
4,event,108,12369.45685194632,412.7853542573224
4,event,109,12668.587857424069,397.7356724598127
4,event,110,10879.689795456929,423.9004799164055
4,event,111,12589.796381532296,405.44154537896185
4,event,112,11285.124117274614,399.3406837879568
4,event,113,12487.668377363963,412.9922446154488
4,event,114,12510.035338714077,403.0153444395677
4,event,115,12475.022366807856,405.18022238915336
4,event,116,12333.85883847661,412.5940094112418
4,event,117,12241.491813316212,414.4216609007324
4,event,118,12190.809769430423,420.5407395981906
4,event,119,11654.244437575871,418.0863006003666
4,event,120,11834.273701812272,414.5672352904386
4,event,121,11960.305080311917,414.5411167065952
4,event,122,12321.49438771436,414.7420142625056
4,event,123,12436.85818799525,406.6078899400284
4,event,124,10758.038059461434,402.3668969588906
4,event,125,12339.74581756251,423.6126004006369
4,event,126,11606.566304901444,406.7421588362325
4,event,127,12575.21535291514,397.53539162819686
4,event,128,12366.532774014891,417.0702185868178
4,event,129,11210.168949719731,409.8214948980266
4,event,130,12281.538531189257,406.7939712929807
4,event,131,12578.21594673317,397.2961394138951
4,event,132,11625.692986326363,406.7468139803409
4,event,133,12292.036250624991,411.6626164381964
4,event,134,12439.849463471624,404.4728615460335
4,event,135,12432.2241067965,404.6524929112435
4,event,136,12563.76421615624,401.87180640658505
4,event,137,12251.751860413116,413.1484930379804
4,event,138,12732.174369218335,398.340810989116
4,event,139,11167.15486581061,411.638306289788
4,event,140,11618.622081154368,440.6556018927904
4,event,141,12205.347445932324,408.76754379351365
4,event,142,12462.150391831492,411.2837798101084
4,event,143,12562.624018732597,399.28813806670246
4,event,144,12693.622334356342,395.55838675130025
4,event,145,12439.836440535302,411.99652042277023
4,event,146,12536.314380610444,405.4720352410484
4,event,147,12456.105681699652,411.9931844835194
4,event,148,12209.10524845756,421.6682882935912
4,event,149,12077.69313384048,413.59755271296353
4,event,150,12393.84655256844,411.3727851071237
4,event,151,12650.763738080386,396.207754820445
4,event,152,11788.085502942902,410.89072276621147
4,event,153,11829.521642254163,419.7823202418837
4,event,154,11846.237448122016,396.5010076932396
4,event,155,10848.147629266345,410.0692913808341
4,event,156,10575.699390905776,415.0860803462977
4,event,157,12415.899443092188,409.6489997855144
4,event,158,12307.393904721492,421.0917553077752
4,event,159,12461.743067872889,406.7452337849397
4,event,160,12720.294272807603,395.3093712316079
4,event,161,12391.936936899609,406.2475903184187
4,event,162,12478.23401311306,401.5295910693582
4,event,163,12404.3486103645,405.1776172872631
4,event,164,12673.207737953098,395.57960030747455
4,event,165,12338.15624037625,400.99838148333504
4,event,166,12561.718876804374,404.8108835997982
4,event,167,11733.278582939052,398.2208776634691
4,event,168,12372.34889573832,399.5756224237098
4,event,169,12592.76663789953,404.3602694323246
4,event,170,12509.35038699489,399.1052520387238
4,event,171,12445.95857915448,408.00347153784406
4,event,172,12546.704817886224,401.2955071451082
4,event,173,12463.890333836418,409.4514763790088
4,event,174,12768.16125395444,391.6479845380026
4,event,175,12730.01657918846,397.2969444074975
4,event,176,12497.354860895935,412.1875413396753
4,event,177,12419.199232255616,405.8051488607526
4,event,178,12224.296694311191,412.0512015507886
4,event,179,10095.650443563747,416.1507700503894
4,event,180,10317.20483817058,414.0770939913709
4,event,181,12392.96982714289,411.33720039031937
4,event,182,10164.058915084268,411.28555714404825
4,event,183,12153.975418081409,419.46745363353625
4,event,184,11606.92951005544,407.7118719843366
4,event,185,12440.14008816795,407.27153200844594
4,event,186,11464.216345819108,408.7102419124988
4,event,187,11483.187925797798,419.3519063922942
4,event,188,12588.226148166495,403.1514781125316
4,event,189,12601.191026692492,399.66094831033695
4,event,190,12444.008922323615,402.7071074174712
4,event,191,12725.732339410848,390.7436117492376
4,event,192,12169.243439780372,415.159910063767
4,event,193,12657.828263968908,390.7444969631193
4,event,194,12599.303527264356,401.81689047452096
4,event,195,12324.26511844608,407.2497367322307
4,event,196,10820.593254124173,400.5223029393131
4,event,197,12633.910526030497,387.6291492847114
4,event,198,11165.66988423279,404.2540625656631
4,event,199,12207.321946336966,416.9685307065093
4,event,200,12511.537724500206,406.0891350406967
4,event,201,11787.845943964196,414.7147035433076
4,event,202,12622.132126050748,403.4565932143413
4,event,203,12340.080228325152,416.6339060971372
4,event,204,12674.359835420792,398.7440149005645
4,event,205,12498.3060081147,405.1694514323239
4,event,206,12371.30041316427,409.6853260770357
4,event,207,12527.491270285387,399.9833273373569
4,event,208,11441.647175025028,403.98348325337537
4,event,209,12611.729099970064,400.9682968333676
4,event,210,12330.419885997571,403.5815373025559
4,event,211,12813.999628740774,395.4998322029246
4,event,212,12581.224920212231,394.2190983439177
4,event,213,12337.359280690587,410.8841630833859
4,event,214,12520.236937578542,401.3093757074112
4,event,215,12628.727211289752,401.3815341048579
4,event,216,12486.496078047545,410.1739313081877
4,event,217,12681.687215788808,394.7119049908426
4,event,218,12532.846867089922,402.1402300868791
4,event,219,12698.853685643711,404.4359008072082
4,event,220,12647.595463802962,396.5297746987789
4,event,221,12695.436730614518,395.9024522773291
4,event,222,12521.86229424023,400.0321907589969
4,event,223,11848.622350804342,395.3351364949543
4,event,224,11267.43311923721,421.3475209958285
4,event,225,12494.19950719297,405.03312977691616
4,event,226,12698.550210793404,398.06573520025535
4,event,227,12236.349817735938,411.5935339533164
4,event,228,13077.66311735231,384.6272429451474
4,event,229,10454.473472890752,404.14954657608894
4,event,230,12383.014985904278,407.94712654328816
4,event,231,12638.250379907626,398.6675900872513
4,event,232,11784.154731051647,394.22928284902616
4,event,233,12621.54983695228,401.5669103902343
4,event,234,12452.528497988937,402.68488035825976
4,event,235,12380.921052190592,405.2741870527331
4,event,236,11812.208508885573,413.8892555660123
4,event,237,11444.89671005866,408.9262566123876
4,event,238,12667.423521381585,399.7144499714095
4,event,239,12708.943920221953,394.12279399989137
4,event,240,12461.186357824916,409.0158994787334
4,event,241,12727.517712907418,394.4336383833918
4,event,242,12513.116060497692,404.3259564351977
4,event,243,10893.453172326948,400.5004268797309
4,event,244,12640.994896337266,398.2158834590441
4,event,245,10757.434279140693,409.2548628722574
4,event,246,11616.963926735498,404.40207928970665
4,event,247,12605.488494440271,396.9491472387184
4,event,248,12851.63216295753,391.9488845410192
4,event,249,11991.488955311102,412.4763463339014
4,event,250,12616.021550238118,399.1438023231329
4,event,251,12207.907462668169,410.9169552838315
4,event,252,12580.999040158418,392.7274704696114
4,event,253,12251.236989981398,416.4463095123597
4,event,254,12729.645906864029,397.03709662428577
4,event,255,12428.83722071614,408.854523809378
4,event,256,12336.456389965617,402.54002828178426
4,event,257,12471.96857759733,404.13492053432833
4,event,258,12497.222909921336,405.7642124289944
4,event,259,12391.244877736077,408.2467073272827
4,event,260,12052.854992192975,398.5126234393202
4,event,261,12558.65217645645,396.3232995911868
4,event,262,12689.795464289056,389.4309628679323
4,event,263,11653.244978129163,411.79783055806814
4,event,264,12572.595136934517,404.4213309035808
4,event,265,12467.317438810152,410.5912187322582
4,event,266,12467.36829985668,417.0864418358116
4,event,267,12816.220742872,386.1510812495828
4,event,268,12627.895480828438,398.34957536835793
4,event,269,12414.50011886394,410.22544744192186
4,event,270,12680.565047667553,401.75997018627726
4,event,271,12364.315812734836,405.449596621587
4,event,272,12368.149531165598,420.9109242758278
4,event,273,12459.253923476936,407.8970075858092
4,event,274,12520.665770084432,401.9144336201748
4,event,275,12449.040730926914,402.75325345195535
4,event,276,12421.127821502452,407.70026646230895
4,event,277,12311.62286218135,404.0301227082656
4,event,278,11658.421537579206,396.6050143586556
4,event,279,12659.127329510007,399.7195136554258
4,event,280,12377.230211723609,408.17815717548285
4,event,281,12314.802453518045,422.6678516413296
4,event,282,12409.384814068004,408.7034832479853
4,event,283,12769.918593620425,396.1206112918221
4,event,284,12013.374804644422,398.79498406461056
4,event,285,11940.367982326552,412.141878915869
4,event,286,12589.719722392649,401.0090871387623
4,event,287,12769.409320329243,394.2209890879727
4,event,288,12024.877467219016,398.3748289859789
4,event,289,10735.072643210247,424.53358822571096
4,event,290,12799.766383910208,390.684599138296
4,event,291,11490.53435022143,411.58325182490375
4,event,292,12557.868479759723,401.6297613771197
4,event,293,12878.31154340388,384.6827801487059
4,event,294,11718.320495480131,395.5948981789115
4,event,295,12781.897701266182,390.2202019148911
4,event,296,12551.796688596363,402.2992082999452
4,event,297,12617.480716701297,395.2720526484658
4,event,298,12837.613990426096,387.1252875838814
4,event,299,11325.92286212309,422.2404685619726
4,event,300,12605.902216933691,396.803873890886
5,event,1,11042.48240846304,419.6524190569969
5,event,2,11701.326513210051,432.3439292116955
5,event,3,12291.05087077666,412.01418712683113
5,event,4,12423.208427953496,412.3157366710857
5,event,5,12239.068467882236,418.0156863573859
5,event,6,12461.699261396914,410.64438056933193
5,event,7,12226.234789469298,409.7531105315292
5,event,8,12045.067258377308,413.16412627967793
5,event,9,12245.187909580372,398.6849878230207
5,event,10,11125.293654994934,432.2210428053881
5,event,11,10783.840888463184,406.7128967201713
5,event,12,12639.205686290185,393.8729121999835
5,event,13,11708.951374541117,434.004544321019
5,event,14,11340.199283559326,429.397493045499
5,event,15,11603.250223477567,405.5945229331954
5,event,16,11963.837269867414,410.9574876416217
5,event,17,12251.134786090675,418.5960993809707
5,event,18,11945.498637400548,424.78450660654494
5,event,19,12466.541451412331,407.3814181885118
5,event,20,12346.704665174631,407.7119808994692
5,event,21,10791.05219112465,429.46199801351
5,event,22,12199.822713466205,421.1511789864648
5,event,23,12296.154002772057,413.8875561725039
5,event,24,11896.538420300723,425.5215030887199
5,event,25,12306.192035090897,408.5391349112298
5,event,26,10253.414273991615,423.6267319053104
5,event,27,12592.308105735072,404.5628127180601
5,event,28,12669.265943849548,397.09670068197767
5,event,29,12424.198429223614,407.3217140161088
5,event,30,12341.55516493319,407.4149091718399
5,event,31,12475.455797879487,403.1990044253464
5,event,32,10929.60651593173,415.57492333556
5,event,33,12381.459687558508,408.2718800666497
5,event,34,11374.529230327003,428.9539033309087
5,event,35,10262.43486840618,415.7851969034794
5,event,36,12122.503221537683,427.9354572820054
5,event,37,9811.264435940437,415.0017350882029
5,event,38,11314.658827708035,409.1522981493914
5,event,39,12110.929679406609,422.5923224422321
5,event,40,11389.14430678408,415.7383078577841
5,event,41,12305.35961977595,415.2501003913461
5,event,42,11126.142190196471,407.8675161263084
5,event,43,12495.249907714597,401.3342746859887
5,event,44,12525.205472744012,399.8090425350626
5,event,45,12469.118021439424,410.8664742196319
5,event,46,12177.514014005035,415.0272717852676
5,event,47,12444.661061061392,405.502528123484
5,event,48,11432.665247833853,402.5379524655066
5,event,49,12328.83234132251,414.512750639333
5,event,50,10941.014593052018,427.89806467758825
5,event,51,11146.817245451628,435.4769762140793
5,event,52,12313.353829673571,417.290881538174
5,event,53,11134.085121194064,408.98985509452336
5,event,54,12695.03095560014,392.0507627962693
5,event,55,12550.448824991468,403.9899514066386
5,event,56,10776.516684549635,398.77730810420087
5,event,57,12094.341771659856,431.36516727445496
5,event,58,12456.278424225751,403.92009588360986
5,event,59,11710.579940534495,454.6348120743152
5,event,60,11460.978533686191,410.6561802313162
5,event,61,12421.176181284509,419.6259514467311
5,event,62,12283.685135740176,420.13116616994375
5,event,63,12473.820686999745,412.61909925374925
5,event,64,12231.262096765082,414.5001624349621
5,event,65,12119.014639209774,425.5925967798029
5,event,66,12426.617910068417,404.2593007952639
5,event,67,10846.899544213433,395.99140322078887
5,event,68,12207.693527680987,425.8108658124359
5,event,69,11082.62114337637,423.67411030857374
5,event,70,12469.530092851805,406.81497864371016
5,event,71,12382.60085127026,411.49726853889945
5,event,72,12039.076070690073,428.31876643133967
5,event,73,12247.70106471766,406.60347003173257
5,event,74,12305.009049176597,410.1569844522245
5,event,75,12601.090607400964,402.1653005517554
5,event,76,12390.96618190133,407.3422497017007
5,event,77,12642.168016390657,399.42621435445903
5,event,78,11051.828926867289,423.8055349793848
5,event,79,12318.856612727472,409.3004994126764
5,event,80,12300.470837356665,408.2229122255527
5,event,81,12558.093244662468,399.6392230169482
5,event,82,11520.110064135097,412.3785597859427
5,event,83,12322.718071885103,411.26834145052845
5,event,84,11272.412544148789,418.9815168448666
5,event,85,12467.482649541009,406.18874441535297
5,event,86,12502.733228949286,409.95570791478633
5,event,87,12341.3139236853,412.3153381720246
5,event,88,12428.596349759278,405.0285703950788
5,event,89,10809.124832610722,420.8960432571901
5,event,90,12315.10881572226,422.976337674589
5,event,91,12378.994704549945,413.9920030139151
5,event,92,12255.86235782433,408.5759317505248
5,event,93,10641.00552285866,403.1278330795619
5,event,94,12198.85705936735,422.6764912593116
5,event,95,12635.055735554097,401.8995946181101
5,event,96,12460.000644151172,409.2033719919818
5,event,97,10440.538979741288,442.2709096239652
5,event,98,12617.938332110662,401.73393265722507
5,event,99,12611.489115624176,398.51939941224936
5,event,100,12531.179643697838,398.1297982655341
5,event,101,12613.930063230257,398.1353941035419
5,event,102,12560.631276727798,406.59684655723896
5,event,103,12528.985685593863,397.0663846036548
5,event,104,12565.788625520916,397.7134586838096
5,event,105,12480.820116698,403.3138361622513
5,event,106,12241.663343208462,416.283555878851
5,event,107,12232.258286584509,417.5518101498174
5,event,108,12232.368302393552,399.7399821948851
5,event,109,12338.09939653545,408.7412887394351
5,event,110,12279.79472761186,424.2879438513724
5,event,111,12264.23732683792,409.1021775893956
5,event,112,12258.127201107416,418.8151167706511
5,event,113,12204.773733446416,420.83987158401095
5,event,114,12300.171539691177,419.1537996207873
5,event,115,12446.759556932157,400.63992560902034
5,event,116,12673.36565581824,395.8576181389396
5,event,117,12137.167017261409,418.4874162652554
5,event,118,9014.747175005625,436.6956125300453
5,event,119,12461.243651506524,404.9348495830228
5,event,120,12074.155467391753,424.7837874008496
5,event,121,12317.03700599104,414.0535533308768
5,event,122,12526.077637871012,400.4510593682606
5,event,123,11952.042293225908,421.5632795868113
5,event,124,12491.90580794961,401.3053874967153
5,event,125,12444.019786186342,402.9691201050395
5,event,126,12589.437280856537,394.3894306631893
5,event,127,12184.00149508135,411.13352243147216
5,event,128,12584.201200570762,399.5090967156504
5,event,129,12458.605022684247,403.4672634342305
5,event,130,10816.329013289218,399.8169934987115
5,event,131,12401.56254363247,404.84271743320255
5,event,132,12489.211334124551,401.3325637688337
5,event,133,10902.31956422421,426.32931960185294
5,event,134,12521.146151460684,410.4898438587141
5,event,135,12330.90121435736,408.56537807492913
5,event,136,12393.57541795983,411.9241859164452
5,event,137,12310.919139429208,409.4469016837685
5,event,138,12674.499034178389,399.3805277903122
5,event,139,12526.713032966163,401.4074816735987
5,event,140,12513.137537351444,403.8983012316132
5,event,141,11745.545392994522,407.1734626241157
5,event,142,11697.173498616956,411.9254376726761
5,event,143,12491.917261965062,397.94102398290335
5,event,144,12356.11175666249,402.4909741916092
5,event,145,12435.031101079838,406.13142267618974
5,event,146,12047.058380151531,433.31650757861246
5,event,147,11928.80241927559,428.6532538990277
5,event,148,12138.781518829112,391.1138320700833
5,event,149,12195.29340060562,422.9827830657116
5,event,150,12359.516157724149,404.7258971506411
5,event,151,12506.063852039591,402.8808735937123
5,event,152,12439.771070486662,411.8147118909287
5,event,153,12100.929601216523,419.9000517441573
5,event,154,12271.508431367323,415.72744259794615
5,event,155,12361.14456274786,412.948139935932
5,event,156,11752.565619685403,394.9315086162175
5,event,157,12580.403161851757,403.2758527311165
5,event,158,12197.70127754493,401.8614374550758
5,event,159,12324.37571277211,408.9195015215796
5,event,160,12393.30400797339,414.5924768631457
5,event,161,12249.835707213384,412.2747374556653
5,event,162,12606.705454293437,396.8703609207326
5,event,163,12192.60666863208,404.4914003603324
5,event,164,12455.241727334842,406.4667742553669
5,event,165,12299.047463382563,418.6653672930543
5,event,166,12288.333203164766,389.54209058069273
5,event,167,12088.193981101009,403.2153090595705
5,event,168,11917.538967231303,412.0895963154122
5,event,169,12232.51247852625,416.7681397105488
5,event,170,12722.801792331791,398.8093410192425
5,event,171,12265.194903594454,411.9408058413756
5,event,172,11113.268438284382,418.8838481594194
5,event,173,11252.563357318406,401.9295401613736
5,event,174,12539.707029232632,400.9914181362627
5,event,175,12729.95091031306,386.5778299775308
5,event,176,12345.290827554016,409.34478566812174
5,event,177,12177.18562568051,413.8808610489906
5,event,178,12367.535107555348,413.258670486502
5,event,179,9777.713068064682,442.2169473065176
5,event,180,12591.105358761904,400.507547005888
5,event,181,12597.730577136685,397.1254977510295
5,event,182,12248.71552554255,409.11426677015874
5,event,183,12537.619269936316,410.94942091994295
5,event,184,12506.118697369871,403.4671927121483
5,event,185,12605.137379974803,392.7062440452444
5,event,186,12346.486692746574,412.639677344733
5,event,187,12483.03687976343,410.6391374801312
5,event,188,12380.077046311684,417.73960641723886
5,event,189,12736.280275486686,394.257438709607
5,event,190,12679.472557211551,393.6756573842895
5,event,191,11956.268900203731,417.4596642193197
5,event,192,12486.58521053628,405.56325809635007
5,event,193,12417.622516956037,407.417231729195
5,event,194,12290.30135927356,414.618946933788
5,event,195,12396.161494595532,403.90420370292327
5,event,196,12655.121733391004,398.7384253197203
5,event,197,11215.156787265598,407.9314281531683
5,event,198,11496.04992613568,413.96478358890255
5,event,199,12435.523370287738,404.3945604220104
5,event,200,12317.938812754532,392.3476514886252
5,event,201,12567.216657567677,403.89932380816265
5,event,202,12503.131620132526,418.8038914623313
5,event,203,10484.447357778714,423.4515492748863
5,event,204,12623.82245782872,400.34471393591815
5,event,205,12493.975080559,405.27442045624
5,event,206,12423.848476715892,410.77265515688185
5,event,207,12023.860972753422,387.20308547905
5,event,208,12670.957526075405,400.5881183093047
5,event,209,11864.693871401638,413.75151522275263
5,event,210,12406.901444330992,404.5975842554218
5,event,211,12426.058370217284,408.3835203218257
5,event,212,12261.99941208908,409.08275123994895
5,event,213,11798.75280524566,394.2195967561034
5,event,214,12586.65473812526,402.3166325737376
5,event,215,11859.157462519745,408.4054442238227
5,event,216,12388.92789486761,408.62070949099
5,event,217,12457.646618611205,414.3324886084839
5,event,218,11377.003039405514,410.4170549607896
5,event,219,12624.04133405397,400.52315230042257
5,event,220,12320.5501438727,417.0172367734016
5,event,221,12214.643621820103,419.4763569835261
5,event,222,12559.51564700675,403.8976138452322
5,event,223,12349.59718094368,416.6075401511056
5,event,224,12164.266677663669,410.69879156345655
5,event,225,12635.600103851904,399.18196469659057
5,event,226,12759.897748821531,395.3451465703187
5,event,227,11692.61419774221,418.1527821990065
5,event,228,10154.16663015914,417.4120214108116
5,event,229,12541.5968282978,403.2976550698775
5,event,230,11319.003059275512,414.8000131854608
5,event,231,12319.777348664957,402.1960406821922
5,event,232,10442.323927852118,400.61652374326127
5,event,233,10304.00730257388,417.9458875849646
5,event,234,12727.913638465625,390.9982507961884
5,event,235,12774.631027997071,389.6223725717599
5,event,236,12754.305538128936,396.9594700462964
5,event,237,12231.461910812986,405.3273369770816
5,event,238,12602.238128886078,394.81616677173673
5,event,239,11157.999302338236,403.3905916313395
5,event,240,12613.949997755137,394.7668453792278
5,event,241,12584.231312935834,399.8873167760442
5,event,242,12840.503634602956,385.20902588170185
5,event,243,11639.88965002014,398.39310539521233
5,event,244,12387.812408147602,403.0204589282896
5,event,245,11722.854370718043,398.6578195404245
5,event,246,12460.226147910398,427.4603379872944
5,event,247,12531.561471808302,402.94002628611895
5,event,248,12717.07562897238,397.5743392100829
5,event,249,12387.7904305944,407.5968626858565
5,event,250,12454.669088764707,399.9863077966363
5,event,251,12366.693933510976,407.4811657963126
5,event,252,12390.062673052966,409.07108254550167
5,event,253,12449.70592720481,418.0919534010693
5,event,254,12463.134079631203,412.136756821056
5,event,255,12565.269179414356,393.9400561595585
5,event,256,12513.135027895392,401.4802976549725
5,event,257,12656.870226938056,396.23842963070587
5,event,258,12759.10109368782,395.2726110728332
5,event,259,12573.61420670019,394.8927293333
5,event,260,12417.75210504535,401.9064974467236
5,event,261,12553.604545031349,402.5291948346554
5,event,262,12159.50707165119,386.304484268097
5,event,263,10642.56634670545,434.0702362510862
5,event,264,12774.324815067775,389.2861610870351
5,event,265,12714.901580061472,394.6804591484054
5,event,266,10793.179739553216,444.3993664572278
5,event,267,12933.119742729528,386.5280723268918
5,event,268,12123.518073366708,395.1623729862289
5,event,269,12770.145597050565,390.16161955818006
5,event,270,12311.63142016329,416.6027290287885
5,event,271,12319.257364669833,400.6252417958052
5,event,272,12672.063433609948,398.9285210336624
5,event,273,11399.786454544534,422.5631894335276
5,event,274,12392.091499097842,411.1023462418137
5,event,275,12621.71028852964,404.8514837062825
5,event,276,12230.943643133029,414.9756196629
5,event,277,12650.3381855464,399.6260076097515
5,event,278,12475.141656642918,409.2331361596517
5,event,279,12355.105814789486,412.1674433992498
5,event,280,12669.371031718509,400.46216160031366
5,event,281,12547.998396648349,405.58844413901926
5,event,282,12684.238884987246,400.494453683484
5,event,283,12542.59288170387,384.8029893702414
5,event,284,12384.13350015935,408.5856199904475
5,event,285,12581.616644536378,396.1128865125372
5,event,286,12541.884821353447,399.0001317476757
5,event,287,13049.045393385868,380.4063995058845
5,event,288,12742.524985964876,398.8400105663162
5,event,289,12838.578922067109,392.2402235013496
5,event,290,11315.798654160575,413.04250804973697
5,event,291,12450.28339894163,403.8216439992871
5,event,292,12360.891262650248,409.3569962094898
5,event,293,12599.721849811996,398.5116936537668
5,event,294,12616.73892871791,397.4409730684845
5,event,295,12632.75664807986,396.8944057726786
5,event,296,12314.292815345609,411.6476484416882
5,event,297,12672.381566849446,398.68263116584967
5,event,298,12649.432140156005,404.55593601292
5,event,299,11576.494802322151,403.9533180183534
5,event,300,12727.302391114396,387.8122847650558
6,event,1,11985.22416441278,413.8047436834908
6,event,2,12311.632942992372,417.56580502082846
6,event,3,12034.337038751131,430.56952887618206
6,event,4,11515.629624468074,417.7727597948982
6,event,5,12286.283884097702,417.4140033310851
6,event,6,12017.536928727734,431.2140623261333
6,event,7,12325.88440073233,417.0248383720314
6,event,8,12279.647771974476,410.2801276600929
6,event,9,11509.852430173853,408.37273933566365
6,event,10,11134.229865817164,448.5377998064073
6,event,11,11479.62432290795,408.950394304342
6,event,12,12202.444267344958,421.4572206572863
6,event,13,12378.353969293648,407.5681413818931
6,event,14,11772.757614415528,402.5041363896132
6,event,15,12153.924996038508,422.3005922118565
6,event,16,10851.570519884795,428.1878148264703
6,event,17,12249.926098218131,411.4664307258251
6,event,18,12450.42777246059,400.99353903866415
6,event,19,12278.002158038054,412.74925757938456
6,event,20,12264.102356892365,416.1020018280496
6,event,21,12209.99833482603,422.9170657309071
6,event,22,12588.410378291655,397.7619629314793
6,event,23,11220.895380889026,426.2368947696265
6,event,24,12512.180251084948,410.5710403297561
6,event,25,12523.143625767789,400.8626485297622
6,event,26,10734.211247403287,408.1559255460186
6,event,27,12038.827707488605,415.186335229474
6,event,28,12416.293160412117,400.4917458277714
6,event,29,12207.434744347993,408.2731480674076
6,event,30,12296.37108738938,422.75924463439736
6,event,31,11546.823541863394,407.8376443296582
6,event,32,11958.98527770107,400.17686328593487
6,event,33,12601.228236355391,397.7969613959746
6,event,34,12287.050898756925,414.73555645937785
6,event,35,12070.941191718804,416.10750223348407
6,event,36,12352.143156843766,408.7947424842452
6,event,37,12396.444503371842,411.5289411759788
6,event,38,12275.494815610844,412.9059754799071
6,event,39,11917.493325722851,432.08390951414793
6,event,40,12685.68125583546,396.7138107156399
6,event,41,12230.0524648731,429.08093787840255
6,event,42,11628.396319381134,410.79176344667417
6,event,43,12358.692198537414,403.5293576886021
6,event,44,12465.049905999436,410.96628589091017
6,event,45,12402.04399890439,408.600932383102
6,event,46,12449.929794776155,402.3765221960786
6,event,47,12319.384829073651,409.489390565165
6,event,48,12487.59915383807,407.9406720081985
6,event,49,12410.236844005214,411.4040513566779
6,event,50,12284.56204410222,411.8413700717945
6,event,51,12237.873512913951,410.81585849770767
6,event,52,12322.563912210377,416.1896871065396
6,event,53,12607.672663228255,399.6044571941701
6,event,54,10132.385771428078,422.2883632659934
6,event,55,12327.754715402469,415.2136014462448
6,event,56,11693.39736854899,414.5083152142824
6,event,57,12174.813566498377,419.4747462786753
6,event,58,12448.539615190228,404.6365776038559
6,event,59,10537.242690902363,410.3667072520468
6,event,60,12205.95566181878,420.525484826848
6,event,61,11881.126501637877,432.6377223748946
6,event,62,12084.088014874496,422.4173752223725
6,event,63,12373.500212225596,410.4553810124648
6,event,64,12148.66554915333,418.8538723393773
6,event,65,12216.831803382313,422.0781034076508
6,event,66,12214.95455805062,416.1152062396711
6,event,67,11347.471945341942,414.6216646084879
6,event,68,12479.167890779216,404.6355439918618
6,event,69,12300.197925910308,412.4841394715904
6,event,70,11751.015004451485,401.3746834066444
6,event,71,12350.95814300625,405.834946932166
6,event,72,12351.00413999979,410.172795680554
6,event,73,12600.622506325237,401.4678823167095
6,event,74,12127.586835322469,424.10316065238703
6,event,75,11516.967246675316,406.3882808210122
6,event,76,12118.834825559132,422.1201362772108
6,event,77,12525.006229081884,401.4604446610489
6,event,78,12437.17248560622,407.7473435070484
6,event,79,12326.596383530636,416.6750552831272
6,event,80,12574.44827262464,405.5856528646577
6,event,81,12423.62475516292,403.5387412032777
6,event,82,12017.100544092758,426.3033007806883
6,event,83,11703.9451429293,442.8552597912027
6,event,84,12139.137659282527,420.5617403660314
6,event,85,12446.08900796946,404.47265514700246
6,event,86,12116.313460749105,423.3631607796421
6,event,87,12488.070473101829,403.4296731399943
6,event,88,12220.42816368288,419.8233402303986
6,event,89,11546.884223281497,396.8330599421015
6,event,90,12301.54523648036,409.64921470284565
6,event,91,12413.138032875097,410.0981094411056
6,event,92,12413.66416869912,412.94271848404287
6,event,93,12371.093274256453,417.0457630842064
6,event,94,12239.693102882464,407.4865502704728
6,event,95,12588.073283973232,402.1120764249269
6,event,96,12250.72245548961,415.1037965515464
6,event,97,12205.534776126273,416.1440337393514
6,event,98,10117.556291583564,421.1213866684255
6,event,99,12139.54837342382,420.50651240836254
6,event,100,12329.91829271345,412.2612465171144
6,event,101,12678.87195164694,392.0338318111944
6,event,102,12297.134839505728,413.6704123504278
6,event,103,10671.089001936456,411.8910077619295
6,event,104,12121.554571494496,411.8067604937248
6,event,105,12478.15159184686,406.04774934004985
6,event,106,12344.282747002377,412.5605362282146
6,event,107,11793.619188701072,420.8451797470976
6,event,108,12395.61187927715,408.1463671497193
6,event,109,12510.647592627998,412.1190649200876
6,event,110,12393.171774062848,411.0731919371616
6,event,111,12392.37289866114,414.7123768651242
6,event,112,12634.612599218884,401.1193217198516
6,event,113,12497.806516878903,413.3986991420318
6,event,114,12437.310543804231,400.8346709901989
6,event,115,12521.23544556094,394.8338041773061
6,event,116,12346.52992210285,412.3682738445005
6,event,117,12190.106610061372,402.14095064365193
6,event,118,12627.745210863324,398.6487613596954
6,event,119,12513.603603257305,400.05658162482587
6,event,120,12680.65466990181,405.9614273004559
6,event,121,11655.035102764828,402.6924340974312
6,event,122,12217.993448448851,407.4522435113208
6,event,123,12510.117711717698,402.37971048559024
6,event,124,12328.473069177297,413.1943560188855
6,event,125,12351.83098024646,419.949520106545
6,event,126,12091.14151740278,428.384370399116
6,event,127,12077.855666966583,396.7651339775238
6,event,128,12283.05868818181,414.3623507486141
6,event,129,12171.554209483134,413.3798495202832
6,event,130,12382.851424581226,416.842811966675
6,event,131,12484.488408181873,401.7755377401222
6,event,132,11217.767248523034,392.006534607906
6,event,133,12064.333403542374,432.4285804423243
6,event,134,12489.323665751634,401.7067830347415
6,event,135,12333.534231004132,401.6314908626901
6,event,136,12381.102487195749,406.47024792929255
6,event,137,12668.076992033986,395.3982789015684
6,event,138,12537.22210892722,403.3754515586018
6,event,139,12489.597141022408,397.8974002239125
6,event,140,12166.492689927936,415.18236336454135
6,event,141,11468.004735358973,413.4435433841553
6,event,142,10499.585061567055,419.2939277487917
6,event,143,12521.111366534804,401.8371813075464
6,event,144,12501.747274826876,403.1096601341391
6,event,145,12602.421709051589,400.6364330782016
6,event,146,10762.643198433932,419.35561296503965
6,event,147,12600.871935760397,396.8888034270129
6,event,148,12528.581751769589,398.94083395281945
6,event,149,12417.64653396174,408.3197362042083
6,event,150,12273.919963976345,401.7523148773573
6,event,151,12359.325268274324,409.0880570561802
6,event,152,11685.459593898464,414.4392634338635
6,event,153,12269.748907959318,407.8189771704954
6,event,154,11715.403441499482,450.0356492960328
6,event,155,12316.852958016165,412.8140550517891
6,event,156,12518.417576477914,404.6840973210244
6,event,157,12423.796783840791,404.05707234627175
6,event,158,11882.420255114652,411.38389782754666
6,event,159,12407.040178565734,410.5801909956202
6,event,160,12324.09480768334,412.10262234717504
6,event,161,12176.917217497588,417.2743856912186
6,event,162,12276.590193989286,407.7786634717305
6,event,163,11782.117299838528,398.33448322515625
6,event,164,12224.51857969866,421.5448449842261
6,event,165,10843.485021846314,431.7543644701266
6,event,166,12408.930873182486,404.359831541796
6,event,167,12420.826363405777,409.5311522070196
6,event,168,12027.86534190879,432.5053171097276
6,event,169,10786.772266498783,398.3951256895568
6,event,170,12523.70048959471,399.876478650692
6,event,171,11445.882503987834,401.5061173826516
6,event,172,11185.924862557276,404.8165973255884
6,event,173,12529.073729698668,404.1039649655437
6,event,174,12484.364239450177,403.8180773050321
6,event,175,12278.736643634358,411.7278313759004
6,event,176,12441.538174016549,405.0789150209996
6,event,177,12357.249711816648,417.4008915987287
6,event,178,12186.413279896224,424.3801136002436
6,event,179,11464.935702772917,415.82464391742894
6,event,180,12259.742290016447,412.5118285873133
6,event,181,12476.273274828896,400.97356887415685
6,event,182,12399.092813466896,406.1395544664799
6,event,183,12491.976969693536,404.4981293961931
6,event,184,11876.772816214603,402.5330314946341
6,event,185,12581.411595599446,401.36550807204907
6,event,186,12479.759147760671,410.6175505897208
6,event,187,12497.731329477388,405.4290458507836
6,event,188,12246.902605456264,417.45892051268015
6,event,189,12377.648011505356,411.4082355945229
6,event,190,12556.084518266036,399.59102732168935
6,event,191,12401.371838712028,411.6434807861787
6,event,192,11975.878023184978,389.5568627345159
6,event,193,11386.31007753145,421.4914561223634
6,event,194,11766.20952675381,391.2726673282008
6,event,195,12286.0449811603,418.4498214813953
6,event,196,12398.400594051966,412.1067824612484
6,event,197,12495.371907377665,407.642530356884
6,event,198,12449.717813518442,404.9960494970676
6,event,199,12237.671158752011,420.03858221741
6,event,200,11576.682825438798,412.9014559363435
6,event,201,12363.9464106306,403.2467635627682
6,event,202,12388.800411964225,414.75573235786544
6,event,203,12445.560315802908,406.97730913431855
6,event,204,12310.863114955238,416.3195738764927
6,event,205,12608.868424327697,395.331727408218
6,event,206,11569.201442234116,393.04781853398754
6,event,207,12023.701388868194,429.161076549721
6,event,208,12312.240787752868,414.67978696237344
6,event,209,12350.616972050431,413.0113804083492
6,event,210,12179.95131094268,420.96369226083175
6,event,211,12180.46868721464,423.6018199018623
6,event,212,12257.8701953299,410.1835652693962
6,event,213,11622.810540105358,417.7472176140121
6,event,214,12341.950734931936,408.95850358556703
6,event,215,12550.938432023551,406.4489767960107
6,event,216,12237.713406912006,420.1457417660999
6,event,217,12351.158174220098,406.4621607389973
6,event,218,12473.44377542366,407.14339351407335
6,event,219,12482.214346017485,406.8442903328887
6,event,220,12372.24322896111,407.48617099116046
6,event,221,12584.883081935392,400.2510399609982
6,event,222,11716.890566876376,396.3928010728801
6,event,223,12581.181092080678,397.8211058629643
6,event,224,12340.306440350369,408.1283010366521
6,event,225,12460.878416296257,410.0051117814213
6,event,226,12465.343648971277,403.013699708824
6,event,227,12515.636037446293,405.2304317332012
6,event,228,12475.968819278189,406.5145718084714
6,event,229,12397.695440633725,407.2630309822296
6,event,230,12558.605056210668,411.4787485237785
6,event,231,12395.257732909196,406.3132140837528
6,event,232,12248.38026463024,416.1920925200108
6,event,233,12825.622496164178,391.3145192709095
6,event,234,12581.32210604135,393.9846362227846
6,event,235,12233.644705882403,409.66603362002775
6,event,236,12618.275053717398,406.86015021506506
6,event,237,12609.012069889908,400.0529881564063
6,event,238,12407.937110796567,402.4824314306608
6,event,239,11679.24285327616,395.9834326455658
6,event,240,12480.81529082893,404.1771402894464
6,event,241,12371.398846152886,409.13026161447726
6,event,242,12395.165169805165,411.3216573799741
6,event,243,12655.177987150537,393.5374171622885
6,event,244,12384.41735991278,411.35774743465726
6,event,245,11422.97921078363,415.0090502004157
6,event,246,12419.632436144377,404.5313354521348
6,event,247,12591.84189426448,401.7519428141103
6,event,248,12378.426249207929,411.8133430749494
6,event,249,12462.009658489807,412.5185025565696
6,event,250,12422.580812736584,410.7917537023245
6,event,251,12292.852681226112,414.0311647263955
6,event,252,12651.137699674102,399.81077570278495
6,event,253,12595.987582917502,402.3634128529805
6,event,254,11513.647538721258,401.1873527903617
6,event,255,12405.258265299532,412.11554098573566
6,event,256,12217.57457335846,425.6336378330867
6,event,257,12674.697641684495,403.6439584625612
6,event,258,12283.578783220992,418.3321637813309
6,event,259,12187.481523956649,429.52010819941967
6,event,260,12315.773277437896,410.8776210837888
6,event,261,12400.597253662856,403.1246028458501
6,event,262,12554.92148393519,408.521062757691
6,event,263,12423.867471434089,405.5504051473567
6,event,264,12303.170594143105,417.2618456924497
6,event,265,12444.793638008969,412.8423338724614
6,event,266,12222.383202840208,413.734534747056
6,event,267,11212.884443045949,406.3449185111029
6,event,268,12425.249829589406,405.2734557996077
6,event,269,11200.999475758888,420.98088933919496
6,event,270,12355.644192400045,406.8405956084789
6,event,271,11917.424370554769,411.75596170181086
6,event,272,12507.633798331472,402.34514468463794
6,event,273,12473.396153081476,397.6729348535646
6,event,274,10582.871230715158,412.5075821472323
6,event,275,12696.715162798568,400.4951750154669
6,event,276,12601.403442191686,400.24754820478375
6,event,277,12144.520649756432,417.6361578475331
6,event,278,12323.837863504948,405.8799779253496
6,event,279,12633.930221075456,398.4096051354727
6,event,280,12277.52043474046,415.55382758428425
6,event,281,12167.721880581435,414.3481914206366
6,event,282,12310.675577874748,410.3062925483455
6,event,283,10838.400378047128,400.0570208741492
6,event,284,12309.54131357554,413.5233890363634
6,event,285,12221.911577799774,411.5961263829455
6,event,286,11413.56392909128,420.57559060629046
6,event,287,12484.907108713403,403.0219799696272
6,event,288,12485.928337921834,410.7562135212447
6,event,289,12634.890477780744,400.96664556739097
6,event,290,12318.44270879292,413.103982741194
6,event,291,12564.049554033329,421.4090415073005
6,event,292,12405.70077268468,406.919581971152
6,event,293,12602.12393818366,396.58326952886586
6,event,294,12260.759393426692,405.94772272432914
6,event,295,12519.11272539752,405.2223939447037
6,event,296,12404.809387508538,411.7069313542211
6,event,297,12182.5704104095,413.1030714584275
6,event,298,9443.725208983022,419.7887102032424
6,event,299,10989.485676369435,396.5722736155752
6,event,300,12577.744130052051,400.2470134294966
7,event,1,12055.688182490228,409.6914285234915
7,event,2,12084.180990526547,420.0985840435211
7,event,3,11235.325140828372,413.7232044244481
7,event,4,12362.746935178937,412.3242653430995
7,event,5,12470.616363471963,406.83288890210974
7,event,6,12512.030153289594,404.8016445918295
7,event,7,12238.749101083557,416.8628819087708
7,event,8,11220.35824826606,423.2230863590153
7,event,9,12249.274097726662,413.2889487543723
7,event,10,12422.26887586822,402.8113127779728
7,event,11,12257.402712784611,421.1813697966625
7,event,12,12241.315787851532,421.6267285161606
7,event,13,12279.546203767964,417.9837945343245
7,event,14,12402.175722862046,406.9225723504002
7,event,15,11517.383807967775,422.0451490247508
7,event,16,12110.504277708747,404.5871443712721
7,event,17,12411.306714014174,409.2333573748039
7,event,18,12217.377686738451,411.5160304564646
7,event,19,11309.275917128076,421.8297309233677
7,event,20,12219.413847141175,413.0511875220111
7,event,21,12290.72362910878,411.03781300353495
7,event,22,12318.65842080964,419.2491886829033
7,event,23,12113.03463141128,419.1614124117204
7,event,24,12552.16476845556,404.3285181518999
7,event,25,11832.03849172401,404.9081011331242
7,event,26,12315.038917801425,410.5054930241614
7,event,27,11300.461912945611,409.2384532732386
7,event,28,12200.682099241378,424.0671761547741
7,event,29,12015.124606537836,413.986642727339
7,event,30,10256.401277997506,431.19242021417045
7,event,31,12226.73169636362,398.6479309866741
7,event,32,12208.26987427196,409.4656432996514
7,event,33,12324.06560901616,413.2602276262931
7,event,34,12163.362580436196,421.93549625885794
7,event,35,12433.8552704682,404.982618390532
7,event,36,11228.918715247824,419.461281979664
7,event,37,12465.41952930373,403.6091004588718
7,event,38,10684.766286886406,417.1671398036864
7,event,39,12331.879755469989,406.6667908638258
7,event,40,12318.498086829464,405.2068305926838
7,event,41,12076.019309222163,420.84196205380783
7,event,42,11998.77039110019,429.1830061987649
7,event,43,12084.083682174,410.1625118696672
7,event,44,12576.76255312901,399.02118760490447
7,event,45,11621.44836136508,405.4216023547896
7,event,46,12460.103027337726,401.87725383262006
7,event,47,12340.842702814223,407.46490348360703
7,event,48,12374.322267291014,408.10451442658143
7,event,49,11943.527038274788,416.7663566472345
7,event,50,12528.87145654109,407.7029971799855
7,event,51,12201.423335482285,422.7070382386338
7,event,52,12425.70442418242,414.0674604340937
7,event,53,11406.89934481557,412.9227908674498
7,event,54,12080.838223387476,411.30859909624087
7,event,55,11268.95474696827,417.3878021848442
7,event,56,12345.570904819204,411.1657742722651
7,event,57,12276.575358098826,424.5678969983402
7,event,58,12502.632946582164,399.4268967554541
7,event,59,12286.976735183767,411.53098846232126
7,event,60,11894.979125021013,407.7308881525878
7,event,61,9527.049868742695,487.96389200084417
7,event,62,12130.049433926852,418.0871943165333
7,event,63,12010.848089158151,431.3733939436127
7,event,64,10751.59502578453,417.2534773154081
7,event,65,12122.103181688775,434.48826410760415
7,event,66,12313.288045666057,413.0783520288897
7,event,67,12306.632601608382,415.8442031814655
7,event,68,12196.503373628371,416.70709293223285
7,event,69,12180.741278544134,416.340568251368
7,event,70,11981.59895159032,415.3445295215506
7,event,71,11219.691957018478,414.0932287482079
7,event,72,11869.233934380372,411.18797070511766
7,event,73,12198.826457463643,412.3405487202743
7,event,74,12118.950233903806,417.7543249174898
7,event,75,12143.653700090144,430.6221037526125
7,event,76,11757.276397574702,419.4509485120672
7,event,77,12424.98252815513,408.2356372876926
7,event,78,12397.851868689768,407.1889953018762
7,event,79,11349.482548798673,407.2683703007981
7,event,80,12069.386019819374,429.90728135259167
7,event,81,12425.830072135714,405.944391364192
7,event,82,12022.068564968711,431.37372388065296
7,event,83,12567.400914331918,399.7336029612303
7,event,84,12194.597802296958,417.9802017316077
7,event,85,12459.752009258384,416.9428616827321
7,event,86,12230.879542798628,425.909736046909
7,event,87,12298.19293794569,415.8308105138879
7,event,88,12320.708875216236,414.76407189389954
7,event,89,12317.342614157576,416.77785887860114
7,event,90,10636.582855377606,416.0668639995172
7,event,91,12376.731336045594,414.0441538854665
7,event,92,12139.546972751848,405.6384127011488
7,event,93,12354.675825579194,413.3577455814029
7,event,94,12128.46066550526,425.5277606736024
7,event,95,12260.536366753324,415.0833178458041
7,event,96,12398.973137082354,413.21778225326784
7,event,97,12251.824892899913,419.2325527140916
7,event,98,12170.897962846788,414.8056542813187
7,event,99,11965.848907844353,431.21277825689714
7,event,100,12395.085580277926,410.43416385118513
7,event,101,12627.2443079124,399.0301172712752
7,event,102,12365.648884783524,407.8427845492013
7,event,103,12314.37370741367,415.8737200405169
7,event,104,12719.983129653505,388.30801430031846
7,event,105,12108.520847900172,423.7372178251862
7,event,106,12448.154469288347,402.6538097816352
7,event,107,10579.522371218962,424.68966685881776
7,event,108,11515.42248162644,413.1318398125831
7,event,109,11204.557002294106,415.9851467917123
7,event,110,11209.040845344887,420.7142593594292
7,event,111,12445.570156201573,405.9317793128782
7,event,112,12501.931512714347,406.4129742109485
7,event,113,12567.60927736014,403.4811252457716
7,event,114,12454.284181699506,413.9545648880909
7,event,115,10500.732317904056,423.3221702485279
7,event,116,12100.543370455009,430.4978705912886
7,event,117,12295.618330090165,408.8481303004111
7,event,118,11127.086594752356,399.8081559862767
7,event,119,11488.16177529694,405.9043463748931
7,event,120,12354.483499263077,410.2930117681593
7,event,121,12238.804881783934,413.320237507974
7,event,122,12463.57390967693,402.4183817940788
7,event,123,12602.52071014738,400.5768833158136
7,event,124,12487.756014136115,404.2067555655692
7,event,125,12519.452359528545,399.9725171797167
7,event,126,12085.08487755786,428.32670365339885
7,event,127,12544.294302301108,402.1184543811346
7,event,128,11794.375244193174,409.5124642168877
7,event,129,11631.066353543223,421.0531743275256
7,event,130,12487.202775939764,400.5836418402756
7,event,131,12591.805379767971,398.2359993432849
7,event,132,12222.30224378086,410.23446115424304
7,event,133,12503.525830186574,402.1715173422936
7,event,134,12242.436987385974,413.1978467665471
7,event,135,11364.65381468848,414.0570779078446
7,event,136,12428.05069551746,402.3673263500192
7,event,137,12500.621535666522,398.9934442028448
7,event,138,12454.313872088696,406.9465943967952
7,event,139,10804.359428385616,400.8744771997741
7,event,140,10603.396731363233,417.8228691130452
7,event,141,12497.31056857749,408.1929524225017
7,event,142,12291.951333031346,408.6559276088049
7,event,143,11858.802875325988,448.10824468257385
7,event,144,12589.731277046363,403.4444076107182
7,event,145,12483.594214069446,412.23590131576873
7,event,146,12381.34302360416,404.3880009773808
7,event,147,12425.413730774808,412.53902470198886
7,event,148,11529.19627092122,411.3785193587624
7,event,149,12428.934527242662,411.3855168192117
7,event,150,12735.660450144796,393.5134182321315
7,event,151,12168.789333304076,417.2884610628917
7,event,152,12349.06285084146,409.3527194878544
7,event,153,12304.689997311496,414.1211737356356
7,event,154,11280.353078023709,429.2957205364089
7,event,155,12621.31594393989,401.0290421090759
7,event,156,12230.73352741426,421.5548573059729
7,event,157,12473.537272368185,405.94174363816313
7,event,158,12372.044485025745,408.546471477161
7,event,159,12417.500600788077,402.8369353422755
7,event,160,12205.5857990855,407.6145842267295
7,event,161,12607.76088936979,393.5037754537856
7,event,162,10853.325372696918,399.5170938637368
7,event,163,12670.575729249687,403.7441764004847
7,event,164,11448.360468181858,418.10070101850334
7,event,165,10405.098609887276,434.1424735660111
7,event,166,12238.793694698372,419.8293847326408
7,event,167,11157.066169104375,429.3437996379261
7,event,168,12359.057613174831,411.08277739795926
7,event,169,12280.077688272264,406.096823169224
7,event,170,12495.880938337255,401.396546194537
7,event,171,11364.393445750453,395.9557502597429
7,event,172,12513.189005700066,402.69798593790296
7,event,173,12457.318548363197,419.0006331014304
7,event,174,12286.015075747311,411.4179062316701
7,event,175,12077.7870723124,434.55999585068935
7,event,176,11088.063304665797,423.008061355344
7,event,177,12516.891486458502,401.2821909673863
7,event,178,12597.05095760858,388.7763430223841
7,event,179,12344.254817199846,407.1229655264772
7,event,180,12608.55073231346,399.8971159893211
7,event,181,12676.792173099246,397.6598916562231
7,event,182,12382.7166992441,411.7308139902527
7,event,183,12516.975117624412,399.09160077495176
7,event,184,9461.326234844462,418.45299869819496
7,event,185,10822.23350078002,402.1957802567219
7,event,186,12381.845219056531,404.3051949229248
7,event,187,12426.789517378256,405.880960699342
7,event,188,12150.069981743058,414.48643024081935
7,event,189,12322.32517602308,408.80518474043504
7,event,190,12400.493148414973,409.2853899696016
7,event,191,12204.094069353505,416.7230138683285
7,event,192,12368.000909762946,413.3802015689242
7,event,193,12490.560564892265,406.7334190950831
7,event,194,12877.589010134294,386.9873620432345
7,event,195,12587.925142384413,400.2945859098737
7,event,196,12336.89370408562,408.2387787736421
7,event,197,12259.793285766404,405.6974105656595
7,event,198,12058.0791855897,389.3263944975103
7,event,199,12566.821569599366,402.19609623985554
7,event,200,11942.010674968287,404.4935379348545
7,event,201,12143.977494333734,396.56018852130535
7,event,202,11662.727635555892,399.2876666698161
7,event,203,12369.74318189016,417.0223108995021
7,event,204,11558.034380529922,418.5692684319319
7,event,205,12491.718148201651,410.4896682924845
7,event,206,10164.03019602927,402.61815331030056
7,event,207,12340.367601021404,410.7298156566106
7,event,208,12419.06361302126,404.2310178304036
7,event,209,12435.737501697988,404.9400936008296
7,event,210,12443.395743441326,400.6175606511194
7,event,211,12509.540471182643,401.0324755269765
7,event,212,12547.68492203312,410.6551504268738
7,event,213,12628.472354564214,402.8708493059605
7,event,214,12465.071216024186,402.6747065457897
7,event,215,11537.782341070531,405.2796213910729
7,event,216,12559.02735344316,401.52908960531033
7,event,217,9782.118768494953,411.03864003865175
7,event,218,12043.903309391751,415.4324117623167
7,event,219,11808.299076855135,411.9715898755277
7,event,220,12393.79552187172,406.7814784333521
7,event,221,12589.80566963373,400.7017906597408
7,event,222,12645.879587999249,397.4083306907021
7,event,223,11845.612506523055,403.6201955980583
7,event,224,11271.070123941312,403.1270211423694
7,event,225,10356.644905223307,408.17832768145865
7,event,226,12477.879932664877,406.9621883376094
7,event,227,12752.696446848004,386.3162554448315
7,event,228,11449.52531208936,399.0035168115927
7,event,229,12709.67689643546,399.4220278119973
7,event,230,12048.01440055822,399.9072975295871
7,event,231,12220.464450553847,410.4104629970506
7,event,232,12112.915069037355,394.3326125314048
7,event,233,11566.704467375948,400.6989279592069
7,event,234,12733.390920228758,394.85058166625134
7,event,235,12475.796288184603,404.40203828334967
7,event,236,11237.811004487492,415.4927993422869
7,event,237,11522.827553617788,401.8246628742726
7,event,238,12482.652803391597,410.067475179145
7,event,239,12596.943282302034,409.13469206717474
7,event,240,12633.747649657947,400.3628090537245
7,event,241,12303.35757200012,418.12379558020655
7,event,242,12641.463200937624,396.848346971415
7,event,243,12378.255203802217,407.337098504681
7,event,244,12387.04924719967,409.5721498122811
7,event,245,12823.18803825237,391.4732690349908
7,event,246,12111.147908906729,419.4890353861711
7,event,247,12262.769313024011,415.0404129017717
7,event,248,12485.56097683785,405.8421201206914
7,event,249,12172.356893030448,413.6232032613176
7,event,250,12650.030765948048,406.0504969294713
7,event,251,12381.19114156553,412.1187501588032
7,event,252,12344.777759116583,405.95140174176345
7,event,253,12402.28057419938,406.2159291711034
7,event,254,11913.5824653478,411.9844240147484
7,event,255,12297.04860950295,405.8462158224695
7,event,256,12522.62467074224,399.3205517329577
7,event,257,12546.425043843636,400.52687125200106
7,event,258,12767.643798844792,397.13466697671
7,event,259,12760.800432814704,392.58498250390886
7,event,260,12562.663435367996,403.3522200075532
7,event,261,12594.119173171162,402.6275002332022
7,event,262,12463.36626229447,404.3952776417916
7,event,263,12650.682723688276,397.41114652693534
7,event,264,12534.005988715036,406.6075406462699
7,event,265,12676.9597929648,399.29544144868015
7,event,266,12666.134754087292,399.87544072597626
7,event,267,10830.102274549969,405.26931997873805
7,event,268,12548.744518238816,399.6783450277634
7,event,269,12315.63809374372,404.58166552159065
7,event,270,10594.47434296539,394.523223531851
7,event,271,12439.070239575196,401.0065394216273
7,event,272,10436.04547124657,403.6334515483053
7,event,273,12477.16566611528,407.66651768201984
7,event,274,12671.156693102612,394.63804196299486
7,event,275,12477.487833673124,408.12049438883867
7,event,276,12809.967375393067,391.7848235423947
7,event,277,12436.010442805158,400.3847873751691
7,event,278,12499.098949304587,409.3581234821674
7,event,279,10531.779485947183,396.68826302037616
7,event,280,10691.897351108988,406.1608919238412
7,event,281,12634.817653078724,392.1662379285437
7,event,282,12325.657316991928,409.44635580683575
7,event,283,10784.412203405114,427.997822032577
7,event,284,11487.096448248663,409.3809312413197
7,event,285,12427.597127735466,415.6722687806522
7,event,286,12362.596571946391,412.526120096354
7,event,287,11942.99890989504,403.514616512635
7,event,288,11159.574618001958,400.6304042659728
7,event,289,12719.106167059765,395.66780321804777
7,event,290,12690.252521542889,399.4386622490815
7,event,291,12476.750743681492,403.44330099120367
7,event,292,12337.647930613668,415.8027180070609
7,event,293,12532.7635139603,397.7913796777119
7,event,294,12000.506283273193,401.9616555938331
7,event,295,12684.013003391196,397.9639548553751
7,event,296,12497.699851016048,401.44586698477946
7,event,297,12533.061456903491,398.192152419665
7,event,298,12590.133473341992,400.0150306141808
7,event,299,12464.494598154532,403.2863933236536
7,event,300,12546.00631474382,399.1699430697048
8,event,1,12078.76784044666,427.91453024692737
8,event,2,10755.04123283433,425.0193856991688
8,event,3,11646.709732393085,411.238324546405
8,event,4,12219.906619784651,420.5213645339173
8,event,5,12279.03753441154,413.2060777702565
8,event,6,12118.732582570745,413.70973838044057
8,event,7,12160.762712860942,423.1468222157572
8,event,8,9813.840245854712,433.99173833252655
8,event,9,12563.75119207924,399.4666038247385
8,event,10,12298.924339487374,422.12044281789537
8,event,11,10955.041005278328,437.0014973443157
8,event,12,12278.05892837104,415.23767633089824
8,event,13,12048.832252285918,412.45556218646834
8,event,14,12622.882039399658,393.6372971818835
8,event,15,12065.306725140434,424.6166836519483
8,event,16,12501.490296590053,407.0616493150197
8,event,17,12169.567786526764,439.3680686493644
8,event,18,10586.786276225135,413.4504359686459
8,event,19,12271.365743752463,402.5314865322308
8,event,20,10052.008154489042,406.1711850158524
8,event,21,12385.735164210166,413.6311899616979
8,event,22,12249.807090239568,416.3016170625677
8,event,23,12284.539079427555,412.9445623278885
8,event,24,12346.293772598245,413.74555174249673
8,event,25,12426.32429825341,411.1728056139472
8,event,26,12401.782433703844,414.4504969232468
8,event,27,12443.808752069208,408.72131751649874
8,event,28,11629.737281386631,404.9610427808805
8,event,29,11712.829387180149,480.9444280275436
8,event,30,12447.451913975072,398.2849299554593
8,event,31,10456.436934743331,415.6718992675397
8,event,32,12073.649137400927,406.0804341715382
8,event,33,12321.474621036316,420.2217099066148
8,event,34,12469.839639784554,409.8479702531932
8,event,35,11931.003126455498,397.1271031115873
8,event,36,12456.803912988904,404.1208012704973
8,event,37,12214.64116840461,420.1549149152142
8,event,38,12242.274668834478,422.2858540622934
8,event,39,12252.061542383708,412.3715761203104
8,event,40,12424.264354950988,407.4859934782479
8,event,41,12255.639454142638,414.0048117492619
8,event,42,12337.612128023897,411.6756628482738
8,event,43,12212.665435278544,422.8835797971158
8,event,44,12244.08929988275,411.2973347879712
8,event,45,12227.26958784383,418.6893555795535
8,event,46,12302.625912906997,406.84795262169325
8,event,47,12071.925992917955,421.3924559457679
8,event,48,12153.377753612633,415.4637465770099
8,event,49,12137.83423230346,419.55707914496514
8,event,50,12134.832681787517,423.76755302149706
8,event,51,12412.265108412026,416.2237968643976
8,event,52,12498.797972433133,408.5362205293058
8,event,53,12211.164558673014,412.4868361865795
8,event,54,11923.213050125734,427.90701968450855
8,event,55,12116.49614373062,421.1038746880542
8,event,56,12266.483226743923,412.24937334055176
8,event,57,12189.360144968685,415.6275727073868
8,event,58,12021.028939560903,427.5777347808347
8,event,59,12146.881584156372,417.8478974064155
8,event,60,12246.921721711942,413.2562302372877
8,event,61,10178.83276714061,419.17269879375607
8,event,62,12245.554080513237,423.9833946473837
8,event,63,12322.580403886426,413.9302552144396
8,event,64,10773.526830517554,415.92626075945
8,event,65,12294.172260080815,416.8039332343589
8,event,66,12117.568757876545,421.4482978554136
8,event,67,8917.166611859831,431.1735046734016
8,event,68,11575.084303763317,396.2476401944035
8,event,69,12394.668914189768,413.4846869271188
8,event,70,12127.33691518763,403.9617691130041
8,event,71,12105.636259066498,402.5948946011654
8,event,72,12082.373310153189,423.6673800090872
8,event,73,12123.928948854733,420.3988085331706
8,event,74,12209.660651337892,416.9619362418144
8,event,75,10702.792910114746,407.92693232088055
8,event,76,12065.503934107935,424.1533106132012
8,event,77,12495.284577414926,403.634971513474
8,event,78,12625.561601559844,402.3456769719054
8,event,79,12295.44684189886,411.1142667170632
8,event,80,12378.98830510954,405.7665419961192
8,event,81,12322.54227744208,405.33963237055656
8,event,82,11602.66981702134,420.336436136785
8,event,83,11437.64757020357,410.9219505686893
8,event,84,12275.863563854684,419.08425683437366
8,event,85,12463.031478269602,405.8145085227966
8,event,86,12599.702061026734,398.82516901894087
8,event,87,12260.699407662976,417.4440268399678
8,event,88,12347.48577881407,411.03456487099567
8,event,89,12221.967626488156,400.6858498817201
8,event,90,12336.504083968388,414.7619325086836
8,event,91,12217.630235199576,423.3902155280049
8,event,92,12305.385079483767,416.9967305903156
8,event,93,12592.878729896049,402.8901235267072
8,event,94,12496.468400472751,407.508250142461
8,event,95,10640.296705377026,396.3361007413133
8,event,96,11700.007869172194,419.0518477718499
8,event,97,10782.862798380227,417.8254846971947
8,event,98,12405.139159556918,407.81275296158367
8,event,99,12255.160098893391,408.6367647184651
8,event,100,12373.404905501991,415.8842884473001
8,event,101,12372.44842418643,419.3121170450654
8,event,102,12563.420593847144,399.4113245951782
8,event,103,11264.875737187784,401.57012088872006
8,event,104,12193.064215016477,422.78464365697255
8,event,105,12476.735908398978,402.6482074393372
8,event,106,11894.605877652895,431.3012527658762
8,event,107,12360.073439573513,404.7799219760007
8,event,108,12433.821376287657,409.9678641436236
8,event,109,12305.569091559792,398.1719572290258
8,event,110,12150.039760314225,414.2447628667993
8,event,111,12790.509026148418,391.9592093886297
8,event,112,12474.06348099427,401.39812258726073
8,event,113,11267.04527297526,439.8008244482888
8,event,114,12449.870740349545,405.64905182468215
8,event,115,12582.871601121851,404.0705386607834
8,event,116,12127.834257549292,418.1584820475727
8,event,117,12551.013043876756,399.5543950847824
8,event,118,9734.558929475184,435.8558175826872
8,event,119,12352.695960571074,408.2117926638992
8,event,120,12376.348360428852,403.2975709410615
8,event,121,12118.532598773663,426.4295856899623
8,event,122,10857.215501763234,402.363275491268
8,event,123,12585.2424239336,391.6011761511087
8,event,124,12380.93341619573,408.39819614928433
8,event,125,10103.320549585807,420.0498741885919
8,event,126,12229.599947195227,414.486189903481
8,event,127,12188.81069829795,425.60940131365913
8,event,128,12520.216137231602,400.62340020847824
8,event,129,12289.272535104845,420.542426611259
8,event,130,11764.924591278106,412.8199235703811
8,event,131,12272.956314098145,409.2210399335062
8,event,132,12580.760916489078,398.7011456516762
8,event,133,12269.191943814636,415.04930014708674
8,event,134,12528.135199362168,400.1282133017714
8,event,135,12408.653161285112,408.46828972899823
8,event,136,12335.43114113556,415.27317445698617
8,event,137,12463.425637484515,396.8646081491965
8,event,138,12476.59518971496,405.0949686093638
8,event,139,9917.931342245502,407.0275307840418
8,event,140,12018.669037650196,424.7116940610982
8,event,141,12538.594396633009,407.149367446014
8,event,142,12648.973831242873,398.6455153264183
8,event,143,12274.216930860612,423.62407257677336
8,event,144,12413.533522906948,399.2032449358656
8,event,145,12520.754556151773,407.7092299843648
8,event,146,11371.278142486706,406.0012266891972
8,event,147,12470.777687725486,402.6319718161756
8,event,148,12186.078605718145,421.1196762856257
8,event,149,11276.1815525168,397.57012911029534
8,event,150,12156.732933590576,404.2983878909809
8,event,151,12562.835425408808,400.942774296406
8,event,152,12292.301476976309,420.37700291151975
8,event,153,12356.43366718782,406.0749680734016
8,event,154,11625.765989273705,418.47009109200815
8,event,155,12507.563055315051,407.31154185333736
8,event,156,12361.87738696358,409.8589572879468
8,event,157,9913.083851116427,418.0466518820488
8,event,158,11946.28543174152,430.7474250616317
8,event,159,12277.421106256645,400.6693195388091
8,event,160,11173.16326622457,421.9892842202565
8,event,161,12477.59245216829,409.9459474143508
8,event,162,12689.111445957917,398.7897302680439
8,event,163,12209.731976472547,410.79856929225167
8,event,164,12528.216249093788,401.8933948081559
8,event,165,11763.579788746783,401.0917661909273
8,event,166,11308.15147979277,407.44188657426776
8,event,167,12599.894404738585,399.3959452164857
8,event,168,12402.590779665532,413.5905488174179
8,event,169,12625.136772557877,393.2337759022096
8,event,170,12408.920638487898,415.922155083747
8,event,171,10895.468398046844,399.9802983452248
8,event,172,12307.865051557324,414.9402593366633
8,event,173,11106.885284990569,398.3539354758175
8,event,174,12365.558680369872,411.7359539026367
8,event,175,12496.039257146018,402.1334934722336
8,event,176,12543.168178110642,396.932957197905
8,event,177,12611.291395388032,398.2839188349904
8,event,178,12639.082666857796,399.4075050894496
8,event,179,12551.854727770806,397.88691009061125
8,event,180,12236.76616087321,417.1091798033453
8,event,181,12666.192817238514,394.2602089987893
8,event,182,12574.226893328792,406.9350817525402
8,event,183,12655.57167475148,397.1921846073689
8,event,184,12558.617248197152,406.3387469599227
8,event,185,11028.487094877077,408.8448765481447
8,event,186,12505.897977876066,404.1452010693648
8,event,187,12569.975076927984,392.9208506214434
8,event,188,12187.1128044141,402.6368908674143
8,event,189,12535.663368441012,407.51672968544966
8,event,190,12601.610873673704,404.958981845641
8,event,191,12347.6543398387,408.85637693448166
8,event,192,11412.649285186995,416.70457945580944
8,event,193,12477.985439582788,404.16420018812937
8,event,194,12367.206655963306,411.6071415394864
8,event,195,12904.380278779365,383.6848115754079
8,event,196,11660.43436846975,410.620076992012
8,event,197,12055.60306559174,430.2292042858384
8,event,198,12670.373034432816,394.40056721364783
8,event,199,12618.130040054675,399.8491631227768
8,event,200,12314.320187047875,412.6028466241256
8,event,201,12767.789683452593,395.69390717793607
8,event,202,12593.843613666011,402.21779129181306
8,event,203,10803.604158873295,426.47809306706
8,event,204,11032.070471166771,426.25168744797423
8,event,205,12419.836587762427,406.38879390546
8,event,206,12637.425748934627,405.0726993070789
8,event,207,11917.239682541182,427.5530743311184
8,event,208,12187.464807553406,426.16935633117913
8,event,209,11990.280100908789,408.20957690823445
8,event,210,12466.442432988624,407.54257156181
8,event,211,12478.800581541836,411.6588914897838
8,event,212,12488.772847805263,403.1728654998856
8,event,213,10404.693657704547,405.6647141064335
8,event,214,12566.69674289486,400.5763178393653
8,event,215,12837.69782694051,389.2845360298344
8,event,216,12461.61318703293,414.578195265525
8,event,217,12496.95619785156,398.92990784067786
8,event,218,12191.469097576166,417.83149966231326
8,event,219,12613.00013480954,404.576326419638
8,event,220,12461.553832501468,414.5547024314615
8,event,221,11863.224075638602,425.5864600286051
8,event,222,12220.49021317615,413.7173426228366
8,event,223,11877.79252326997,408.1961691349312
8,event,224,12369.987297849542,409.8601654377769
8,event,225,12198.02178538975,418.6196367048283
8,event,226,12774.90962322036,390.71277197254096
8,event,227,12012.944831405728,418.29174228987125
8,event,228,12544.328792503671,400.3368987090046
8,event,229,10755.5480528359,398.299197486177
8,event,230,12625.61309819299,396.4955147803789
8,event,231,12373.93672912049,410.36129061914
8,event,232,12331.164678458294,416.31006262085936
8,event,233,12474.049992946377,408.19457970638217
8,event,234,12666.798739877331,403.948422461715
8,event,235,12687.956702191155,393.8908865792911
8,event,236,12476.868887935912,401.5314595212601
8,event,237,12614.83897412204,396.6352768986451
8,event,238,12663.670746115218,395.8634723630307
8,event,239,12733.379972721175,402.6071083208844
8,event,240,11980.35674542523,403.9824417967625
8,event,241,10683.463680759907,416.4782441288053
8,event,242,10888.726789751778,406.6739237408182
8,event,243,12457.106736983442,409.2889659553421
8,event,244,12550.668570396092,406.1939546017457
8,event,245,12643.523513493748,396.9392036602414
8,event,246,11035.67955467648,406.2220745310975
8,event,247,12350.746322658331,416.0893839704164
8,event,248,12712.405579360848,400.188595692853
8,event,249,12500.397068985698,405.4703685793986
8,event,250,12668.246912632729,400.508033537159
8,event,251,12545.330637725438,400.9250557771709
8,event,252,12203.38031225316,420.1534552578689
8,event,253,12650.696280172062,394.5291942584247
8,event,254,12722.49150841941,401.0171078373441
8,event,255,12649.84354619279,399.22156795955465
8,event,256,12548.122138940083,399.02458075308016
8,event,257,12678.034540249795,391.89927306119694
8,event,258,11854.85027687312,441.68115325568886
8,event,259,12445.18202326955,405.5354768125876
8,event,260,12673.17958135984,397.0715301414904
8,event,261,12665.26813560689,394.323707721338
8,event,262,12596.933296567866,404.03718051935255
8,event,263,12228.22365869203,412.1505973771796
8,event,264,12480.206248744222,408.7981132888015
8,event,265,12327.759652793226,395.4334943848744
8,event,266,12432.686358234188,409.9926765081024
8,event,267,12811.461248790252,391.6791281482032
8,event,268,12840.699192162818,386.1153951013845
8,event,269,12525.02464720568,408.9204314659154
8,event,270,12581.997451910236,401.3324917580729
8,event,271,11899.369356692903,393.9997296920831
8,event,272,12790.74344069678,391.5861745000594
8,event,273,12493.07843372988,406.9070425412322
8,event,274,12505.99561279325,406.349082374894
8,event,275,12237.353624948964,404.1564669956084
8,event,276,11385.818074347388,407.5006062341145
8,event,277,12321.169118142789,412.7150759422066
8,event,278,12189.763415154925,421.99908777924793
8,event,279,12526.655670697955,407.3053169057918
8,event,280,12085.220741489944,390.08813502467416
8,event,281,12506.870542708364,404.5475562490023
8,event,282,12343.390701953698,404.9660432330389
8,event,283,11778.446146067605,404.1078333845881
8,event,284,12626.031179165217,403.41229353510266
8,event,285,12560.311855672851,407.6052044433627
8,event,286,12440.040594797902,392.46230936714994
8,event,287,12690.627339242164,399.16987462571296
8,event,288,12684.131315531587,385.1305801834405
8,event,289,12132.146121124928,436.4522466926395
8,event,290,12647.825824614863,397.23105999681184
8,event,291,11897.276064279018,420.3130834795891
8,event,292,11773.74703653428,396.1366979515237
8,event,293,11844.682832257651,399.6238328568467
8,event,294,12462.888924776738,410.4837413540008
8,event,295,12521.337178773265,402.9094699095791
8,event,296,12638.059140691594,397.8964185031153
8,event,297,12630.106012433387,397.80386932568064
8,event,298,12588.365139517284,397.987793603266
8,event,299,12601.386921074414,399.4535812503282
8,event,300,12058.776489015156,400.4483266056244
9,event,1,12416.086888253029,402.5111319370256
9,event,2,12445.033484824644,404.8519176761736
9,event,3,12317.224771322844,420.8610357649521
9,event,4,12297.440707638498,412.2161710648427
9,event,5,12220.181877497624,424.90450850852665
9,event,6,12178.771123564957,419.2821321106442
9,event,7,12418.827253424692,407.7164078332335
9,event,8,12282.67629558589,412.18839218839344
9,event,9,12415.567815290608,403.11667040984025
9,event,10,10446.835627066146,431.3885083767466
9,event,11,10828.321225194844,405.8585348516358
9,event,12,12689.132304453557,402.1099588126851
9,event,13,10837.250996716984,396.2554306976673
9,event,14,11264.158427811431,409.98838625112046
9,event,15,11807.706946536602,419.4678993985224
9,event,16,12172.398581315883,415.0232668033416
9,event,17,11327.967709485289,427.212965829983
9,event,18,12610.128320596848,396.31782510725145
9,event,19,12200.583025598473,421.4963163391317
9,event,20,12236.929315049438,415.6450851487982
9,event,21,10508.73152399117,417.8950598849853
9,event,22,12366.437042967009,415.297640043332
9,event,23,12127.689224384916,415.7409235609497
9,event,24,12068.486156566692,411.6175594736082
9,event,25,12487.079675212544,405.5304314889728
9,event,26,10919.564121807642,401.6007138799399
9,event,27,11611.966277973175,411.9913371503189
9,event,28,11959.64336134302,431.8476691796959
9,event,29,12285.502186517377,415.8590780161129
9,event,30,12175.549802897143,418.2611812105228
9,event,31,12413.815854479171,405.3134842651007
9,event,32,11648.720382887805,422.3069811831775
9,event,33,12355.319619098702,412.7660918052831
9,event,34,12547.349507269648,397.96496753965147
9,event,35,12242.537732392691,410.8732591904142
9,event,36,11450.651111937306,429.12312102408737
9,event,37,12328.121682732832,419.4053429486758
9,event,38,11506.314915368332,426.8085210313875
9,event,39,11293.774552408968,415.2394782344734
9,event,40,12320.105239469372,411.30001460333193
9,event,41,12421.460308740883,398.6069938828879
9,event,42,12324.554906354446,410.94339274678106
9,event,43,12258.33105484503,417.680050331968
9,event,44,12082.613568768018,417.5063842159575
9,event,45,9391.383041003804,436.93365856209306
9,event,46,12426.353553475368,409.6997339931424
9,event,47,12433.271438847736,401.2901613228352
9,event,48,12426.248628717516,406.24103608713006
9,event,49,12334.674736487494,406.4501226703025
9,event,50,11671.083529097908,421.305841890937
9,event,51,12423.35671021158,411.5766617519038
9,event,52,12444.994329766016,412.1752085580507
9,event,53,12073.658708909796,415.646346185394
9,event,54,12495.850468859053,406.725583918677
9,event,55,12277.103428248753,417.2016203342493
9,event,56,12284.127517325112,408.7214217129237
9,event,57,10210.14740747512,410.5970693991998
9,event,58,10466.248705145295,415.667448226978
9,event,59,12254.60591982084,413.1516163355727
9,event,60,11825.755366487714,408.144929284116
9,event,61,12551.45058943842,403.053759007766
9,event,62,12260.888870570834,414.1269313861857
9,event,63,12583.58690810433,403.1090211156748
9,event,64,11232.180021548897,406.4603449022057
9,event,65,12084.856961874895,419.5403347395254
9,event,66,11742.283287216378,409.44462803065056
9,event,67,12254.531144154716,409.4073872097214
9,event,68,12495.915530768909,404.94445910700665
9,event,69,12306.201629292416,415.9246054680669
9,event,70,12394.330933398527,407.73170932229607
9,event,71,12447.441110055268,406.4977580822167
9,event,72,12295.647085955568,411.1500634775834
9,event,73,12481.913257078502,405.4892976761242
9,event,74,12179.750833774113,409.2843583567772
9,event,75,12296.246067465776,413.6808334357675
9,event,76,12413.650812335578,401.4233257290454
9,event,77,11772.044958486922,426.8632933676839
9,event,78,12330.738367292572,413.4505584058034
9,event,79,12365.398369666183,395.06973535066953
9,event,80,12467.169553716574,403.1459429943261
9,event,81,11645.224981608202,418.7235289459152
9,event,82,12371.8107195646,410.8292509235495
9,event,83,12237.69441956734,414.7806349877515
9,event,84,12360.44483944978,408.5040692126527
9,event,85,12536.887689723844,401.7548223133523
9,event,86,12449.225599035824,408.48228653953805
9,event,87,12343.92958614531,415.9422904537941
9,event,88,10680.590339895827,413.692216174064
9,event,89,11878.286100848523,405.7171460684591
9,event,90,12195.949364990862,402.4998682391088
9,event,91,12017.985300439528,426.8400163997344
9,event,92,11996.690699505498,416.07656526689215
9,event,93,12017.952953504511,418.8825188995802
9,event,94,12182.71411398392,413.2059062728425
9,event,95,12421.295441953904,418.29470240358506
9,event,96,12376.280132563465,411.39292336069553
9,event,97,12500.956108120008,403.0539483020714
9,event,98,12328.89139449858,420.1769457106666
9,event,99,12366.315972194428,404.2913185805602
9,event,100,12218.874675178611,395.0525553854679
9,event,101,12418.194725167848,411.035834277414
9,event,102,11178.658602363708,424.9692316611794
9,event,103,12376.30953289346,414.9622352873282
9,event,104,12700.584531941056,388.5615269171238
9,event,105,11521.03699386143,407.5545993432008
9,event,106,12354.221222605664,408.3139848167282
9,event,107,11906.774220112218,404.4429844921614
9,event,108,12366.4816176387,407.84035263534406
9,event,109,12304.832662417002,418.6999723510351
9,event,110,12394.27797712578,406.9311700775973
9,event,111,12718.354105960656,393.4751700085161
9,event,112,12414.74284322192,401.64302360503393
9,event,113,12393.870067391574,412.2441599148667
9,event,114,12525.075796196252,396.938214295945
9,event,115,11877.145645622966,419.4657030361904
9,event,116,12364.19299657634,408.0516933763712
9,event,117,11636.054183363069,397.8916854486573
9,event,118,12564.021785137991,402.7819627484911
9,event,119,12492.638690690766,408.40754671467374
9,event,120,12022.458870220358,414.9990190502447
9,event,121,12130.543322370491,399.5485013776458
9,event,122,12699.197978048927,395.07955199416097
9,event,123,12287.666391226538,413.79373696931066
9,event,124,12507.698948146372,400.5870074586402
9,event,125,11111.997376105748,418.7053106745897
9,event,126,12361.6168404544,411.05850457730185
9,event,127,12694.198796717192,392.26518127998224
9,event,128,12272.135188691422,417.0081967586901
9,event,129,12405.34219303873,409.4656120867603
9,event,130,12506.14774483246,405.707119667451
9,event,131,11206.114004575316,414.3864862679012
9,event,132,12624.59926418003,397.860774238142
9,event,133,12328.498396807709,415.78181141345175
9,event,134,12489.485646617582,401.9254737742335
9,event,135,12427.61463917076,406.99319999293
9,event,136,11278.071174548824,400.8212188762624
9,event,137,12314.500007296609,407.0879399578629
9,event,138,12584.245951102112,400.7896150980562
9,event,139,12356.32825373464,410.6727005615913
9,event,140,11585.091617387216,402.583626354978
9,event,141,12095.903423403744,408.89048099332007
9,event,142,12627.025599055149,403.91649028569935
9,event,143,12491.96416330193,409.5913499542298
9,event,144,12470.62539161296,403.2320075751099
9,event,145,12275.85514991276,408.9673726488143
9,event,146,12444.98832293913,409.0598928129107
9,event,147,12300.157829014875,416.1175176251739
9,event,148,12500.561269499678,408.1859872198664
9,event,149,12215.036957477305,411.0649820638904
9,event,150,11939.356338481432,407.4519999325939
9,event,151,12229.27837285643,417.8504420045346
9,event,152,12432.189551325037,403.3627404196994
9,event,153,12063.05378516938,393.5013949670313
9,event,154,12499.923892506004,402.57531418955233
9,event,155,12602.469814460816,397.8798534024602
9,event,156,12362.046980497476,408.2255892344649
9,event,157,11541.97878286257,415.2982698320389
9,event,158,11672.964946789289,416.92810279861135
9,event,159,12424.58812100028,412.04959990326216
9,event,160,12305.125790322778,416.5971111399026
9,event,161,12173.578360531224,426.5979218256243
9,event,162,12521.100235566488,402.4360411650188
9,event,163,12562.251371426792,411.0580463045016
9,event,164,12285.156525096472,412.8825496449101
9,event,165,12516.445701024311,406.1093145389864
9,event,166,12566.909060251995,400.7703323119917
9,event,167,12294.39289176649,412.2678758707836
9,event,168,12377.332691350322,408.4431747648312
9,event,169,12598.627669514612,397.434948997672
9,event,170,12577.792406334524,393.5221904585158
9,event,171,12472.358370734726,401.4616096001198
9,event,172,12608.16438176038,398.2848335010869
9,event,173,11834.071277860372,415.5184260679285
9,event,174,12528.338371768235,399.0105262905684
9,event,175,12643.444086771946,396.8458091194264
9,event,176,12180.525054358226,418.76692095631705
9,event,177,12320.786829995788,390.5100658668258
9,event,178,12348.650970021594,410.3994705862113
9,event,179,12084.354172536316,420.8549583205089
9,event,180,12485.29347665958,401.3802459109371
9,event,181,12490.783990102049,408.50699068604496
9,event,182,12567.554590219865,399.706300375547
9,event,183,11212.89843422536,408.1647018202999
9,event,184,12526.783876127694,403.9443048939607
9,event,185,12712.358905681804,397.96843618743856
9,event,186,12330.94637710364,414.01043610288815
9,event,187,12528.763071327608,405.599948343029
9,event,188,10766.15887198086,411.8080998672263
9,event,189,12831.007190610771,391.8971356987132
9,event,190,12669.174818132378,395.82501966815033
9,event,191,12061.064938730024,410.9416564291838
9,event,192,12489.754090567254,407.9080871553959
9,event,193,12691.4022835525,399.2363184670365
9,event,194,12662.606424683723,399.5761554904341
9,event,195,12444.908297396212,404.9343741197532
9,event,196,12217.780131283213,427.0590716799339
9,event,197,12601.210761952138,400.586014230197
9,event,198,12647.189589262687,395.93226875548754
9,event,199,12489.52449159176,402.7806309399272
9,event,200,11320.951075420671,414.67931799585153
9,event,201,12662.118182131911,397.0004023992
9,event,202,12422.413811532431,410.9696133986242
9,event,203,12486.213822328316,409.8318546870784
9,event,204,12000.652331534558,400.5048050899633
9,event,205,12681.19406632848,397.3523178666342
9,event,206,12506.1239993629,403.5977820345445
9,event,207,11558.10580800078,407.7429222853376
9,event,208,10701.26521384186,403.2276390832082
9,event,209,12321.930113197452,423.2833683860047
9,event,210,12620.345931126636,403.59988451171375
9,event,211,12578.758610835615,396.8398970680451
9,event,212,11717.26327315653,402.7096275367084
9,event,213,12419.850840440991,414.77680191087376
9,event,214,10797.416815411838,404.2622736654964
9,event,215,12646.835340416796,395.27727408156295
9,event,216,10566.63534586582,402.8826851646549
9,event,217,12391.880434581277,403.13636374357975
9,event,218,12281.31928927202,420.6975036291155
9,event,219,12687.716382709295,394.822776474733
9,event,220,12482.587773132178,398.9837688374373
9,event,221,12396.746034147896,413.9579445596805
9,event,222,12577.965408620654,412.9667397362848
9,event,223,11740.18243082062,390.8581399658997
9,event,224,12485.407307824657,396.3307541274031
9,event,225,12741.88978765319,394.358793889178
9,event,226,12575.895732509704,395.9143664516776
9,event,227,12561.815740304595,410.74622017403385
9,event,228,12523.365424567286,410.3367404633417
9,event,229,12381.847378165958,406.64745745465456
9,event,230,12479.778926637631,405.88921598554623
9,event,231,12735.901022152704,393.34190730017576
9,event,232,12335.03064452728,408.46955731093095
9,event,233,12564.39078140252,404.9230935995155
9,event,234,12674.10625916998,393.862611638003
9,event,235,12765.718736070725,396.7738652062454
9,event,236,12148.5832259034,409.1590245329454
9,event,237,12573.665414162975,396.2355752698831
9,event,238,12622.002179590729,405.951732375916
9,event,239,10955.076580090828,395.0620497085145
9,event,240,12667.795790744323,394.8250699892549
9,event,241,11661.675427197984,424.8587642158654
9,event,242,12768.74024425874,389.6124042399256
9,event,243,12789.58511177106,392.7146842496404
9,event,244,8640.413637372445,515.1636559559063
9,event,245,12718.123621706129,394.73704433653614
9,event,246,12601.597421080329,403.7445759005143
9,event,247,12691.842187230048,399.5523566023944
9,event,248,12738.751402329262,387.6890816896945
9,event,249,12491.99860301734,401.8421920705983
9,event,250,12775.656911809692,385.84641057668887
9,event,251,12483.501344365588,405.367472608452
9,event,252,12718.491125935469,396.9231451753343
9,event,253,12406.440658298372,404.06605979559913
9,event,254,12085.773497906022,417.97116869804063
9,event,255,13036.07689925311,381.9105587515635
9,event,256,12540.48240291234,402.7837946652903
9,event,257,12407.494927850606,408.5308307140616
9,event,258,12647.46078366536,396.2796801743264
9,event,259,12551.548692658238,399.66346049150815
9,event,260,12458.639320161596,407.17772521763095
9,event,261,12362.778366432707,411.7830607639019
9,event,262,12608.102663295233,397.121398157757
9,event,263,12584.61633036156,401.1962416612543
9,event,264,12517.088047594849,404.45392238613886
9,event,265,12331.823371590324,400.92823142335993
9,event,266,12349.077488761175,400.9723288601007
9,event,267,12556.967915240208,396.8748327480607
9,event,268,12739.100118604532,394.7855986667448
9,event,269,12701.42143640339,394.8496512995319
9,event,270,12665.796026591215,394.3952892692849
9,event,271,12025.213467587617,397.0448386045818
9,event,272,12058.278368478135,414.589542155308
9,event,273,12845.093976884693,384.4488841510662
9,event,274,12370.481473271386,409.3009829997623
9,event,275,12646.66634307345,406.7490373459755
9,event,276,12645.627727268198,398.5287380891846
9,event,277,12800.956664167485,383.2988982784513
9,event,278,12843.40905075677,386.0322342788909
9,event,279,12474.99829946103,412.17796375773815
9,event,280,12775.767758342845,392.9450044911301
9,event,281,12428.602157534524,402.1598243912306
9,event,282,12037.94091641067,411.9061862672759
9,event,283,11695.742543026026,391.2008945543072
9,event,284,11116.168788170691,408.0031684458533
9,event,285,9843.439257035374,431.95830264360177
9,event,286,12633.754453210711,397.7988282424984
9,event,287,12828.16384657719,391.0985085018303
9,event,288,12442.292998083723,396.084461536725
9,event,289,12443.68991699932,398.64663681256695
9,event,290,12584.62182912529,399.6545167182908
9,event,291,12708.518299749672,396.6259101963263
9,event,292,12711.335246387964,397.2634261715877
9,event,293,12517.94911534762,401.0325941254951
9,event,294,12201.930253881168,418.83818089598736
9,event,295,12653.514990435266,404.4450414078585
9,event,296,12436.0149226188,412.5538609671796
9,event,297,12427.739995694215,406.720143736816
9,event,298,12631.96727547811,401.2228037854688
9,event,299,12710.724712015011,396.1042587585075
9,event,300,12753.090419151878,390.3246512883792
