state_id,trial_id,task_id,action_index,snapshot_match,prefix_match,arrival_stream_match,hazard_match,safe_mask_size,effective_set_size
trial_004_ep1_task002,4,2,0,True,True,True,True,28,28
trial_004_ep1_task002,4,2,1,True,True,True,True,28,28
trial_004_ep1_task002,4,2,2,True,True,True,True,28,28
trial_004_ep1_task002,4,2,3,True,True,True,True,28,28
trial_004_ep1_task002,4,2,4,True,True,True,True,28,28
trial_004_ep1_task002,4,2,5,True,True,True,True,28,28
trial_004_ep1_task002,4,2,6,True,True,True,True,28,28
trial_004_ep1_task002,4,2,7,True,True,True,True,28,28
trial_004_ep1_task002,4,2,8,True,True,True,True,28,28
trial_004_ep1_task002,4,2,9,True,True,True,True,28,28
trial_004_ep1_task002,4,2,10,True,True,True,True,28,28
trial_004_ep1_task002,4,2,11,True,True,True,True,28,28
trial_004_ep1_task002,4,2,12,True,True,True,True,28,28
trial_004_ep1_task002,4,2,13,True,True,True,True,28,28
trial_004_ep1_task002,4,2,14,True,True,True,True,28,28
trial_004_ep1_task002,4,2,15,True,True,True,True,28,28
trial_004_ep1_task002,4,2,16,True,True,True,True,28,28
trial_004_ep1_task002,4,2,17,True,True,True,True,28,28
trial_004_ep1_task002,4,2,18,True,True,True,True,28,28
trial_004_ep1_task002,4,2,19,True,True,True,True,28,28
trial_004_ep1_task002,4,2,20,True,True,True,True,28,28
trial_004_ep1_task002,4,2,21,True,True,True,True,28,28
trial_004_ep1_task002,4,2,22,True,True,True,True,28,28
trial_004_ep1_task002,4,2,23,True,True,True,True,28,28
trial_004_ep1_task002,4,2,24,True,True,True,True,28,28
trial_004_ep1_task002,4,2,25,True,True,True,True,28,28
trial_004_ep1_task002,4,2,26,True,True,True,True,28,28
trial_004_ep1_task002,4,2,27,True,True,True,True,28,28
trial_004_ep1_task003,4,3,0,True,True,True,True,26,26
trial_004_ep1_task003,4,3,3,True,True,True,True,26,26
trial_004_ep1_task003,4,3,4,True,True,True,True,26,26
trial_004_ep1_task003,4,3,5,True,True,True,True,26,26
trial_004_ep1_task003,4,3,6,True,True,True,True,26,26
trial_004_ep1_task003,4,3,7,True,True,True,True,26,26
trial_004_ep1_task003,4,3,8,True,True,True,True,26,26
trial_004_ep1_task003,4,3,9,True,True,True,True,26,26
trial_004_ep1_task003,4,3,10,True,True,True,True,26,26
trial_004_ep1_task003,4,3,11,True,True,True,True,26,26
trial_004_ep1_task003,4,3,12,True,True,True,True,26,26
trial_004_ep1_task003,4,3,13,True,True,True,True,26,26
trial_004_ep1_task003,4,3,14,True,True,True,True,26,26
trial_004_ep1_task003,4,3,15,True,True,True,True,26,26
trial_004_ep1_task003,4,3,16,True,True,True,True,26,26
trial_004_ep1_task003,4,3,17,True,True,True,True,26,26
trial_004_ep1_task003,4,3,18,True,True,True,True,26,26
trial_004_ep1_task003,4,3,19,True,True,True,True,26,26
trial_004_ep1_task003,4,3,20,True,True,True,True,26,26
trial_004_ep1_task003,4,3,21,True,True,True,True,26,26
trial_004_ep1_task003,4,3,22,True,True,True,True,26,26
trial_004_ep1_task003,4,3,23,True,True,True,True,26,26
trial_004_ep1_task003,4,3,24,True,True,True,True,26,26
trial_004_ep1_task003,4,3,25,True,True,True,True,26,26
trial_004_ep1_task003,4,3,26,True,True,True,True,26,26
trial_004_ep1_task003,4,3,27,True,True,True,True,26,26
trial_004_ep1_task005,4,5,0,True,True,True,True,28,28
trial_004_ep1_task005,4,5,1,True,True,True,True,28,28
trial_004_ep1_task005,4,5,2,True,True,True,True,28,28
trial_004_ep1_task005,4,5,3,True,True,True,True,28,28
trial_004_ep1_task005,4,5,4,True,True,True,True,28,28
trial_004_ep1_task005,4,5,5,True,True,True,True,28,28
trial_004_ep1_task005,4,5,6,True,True,True,True,28,28
trial_004_ep1_task005,4,5,7,True,True,True,True,28,28
trial_004_ep1_task005,4,5,8,True,True,True,True,28,28
trial_004_ep1_task005,4,5,9,True,True,True,True,28,28
trial_004_ep1_task005,4,5,10,True,True,True,True,28,28
trial_004_ep1_task005,4,5,11,True,True,True,True,28,28
trial_004_ep1_task005,4,5,12,True,True,True,True,28,28
trial_004_ep1_task005,4,5,13,True,True,True,True,28,28
trial_004_ep1_task005,4,5,14,True,True,True,True,28,28
trial_004_ep1_task005,4,5,15,True,True,True,True,28,28
trial_004_ep1_task005,4,5,16,True,True,True,True,28,28
trial_004_ep1_task005,4,5,17,True,True,True,True,28,28
trial_004_ep1_task005,4,5,18,True,True,True,True,28,28
trial_004_ep1_task005,4,5,19,True,True,True,True,28,28
trial_004_ep1_task005,4,5,20,True,True,True,True,28,28
trial_004_ep1_task005,4,5,21,True,True,True,True,28,28
trial_004_ep1_task005,4,5,22,True,True,True,True,28,28
trial_004_ep1_task005,4,5,23,True,True,True,True,28,28
trial_004_ep1_task005,4,5,24,True,True,True,True,28,28
trial_004_ep1_task005,4,5,25,True,True,True,True,28,28
trial_004_ep1_task005,4,5,26,True,True,True,True,28,28
trial_004_ep1_task005,4,5,27,True,True,True,True,28,28
trial_004_ep1_task006,4,6,0,True,True,True,True,28,28
trial_004_ep1_task006,4,6,1,True,True,True,True,28,28
trial_004_ep1_task006,4,6,2,True,True,True,True,28,28
trial_004_ep1_task006,4,6,3,True,True,True,True,28,28
trial_004_ep1_task006,4,6,4,True,True,True,True,28,28
trial_004_ep1_task006,4,6,5,True,True,True,True,28,28
trial_004_ep1_task006,4,6,6,True,True,True,True,28,28
trial_004_ep1_task006,4,6,7,True,True,True,True,28,28
trial_004_ep1_task006,4,6,8,True,True,True,True,28,28
trial_004_ep1_task006,4,6,9,True,True,True,True,28,28
trial_004_ep1_task006,4,6,10,True,True,True,True,28,28
trial_004_ep1_task006,4,6,11,True,True,True,True,28,28
trial_004_ep1_task006,4,6,12,True,True,True,True,28,28
trial_004_ep1_task006,4,6,13,True,True,True,True,28,28
trial_004_ep1_task006,4,6,14,True,True,True,True,28,28
trial_004_ep1_task006,4,6,15,True,True,True,True,28,28
trial_004_ep1_task006,4,6,16,True,True,True,True,28,28
trial_004_ep1_task006,4,6,17,True,True,True,True,28,28
trial_004_ep1_task006,4,6,18,True,True,True,True,28,28
trial_004_ep1_task006,4,6,19,True,True,True,True,28,28
trial_004_ep1_task006,4,6,20,True,True,True,True,28,28
trial_004_ep1_task006,4,6,21,True,True,True,True,28,28
trial_004_ep1_task006,4,6,22,True,True,True,True,28,28
trial_004_ep1_task006,4,6,23,True,True,True,True,28,28
trial_004_ep1_task006,4,6,24,True,True,True,True,28,28
trial_004_ep1_task006,4,6,25,True,True,True,True,28,28
trial_004_ep1_task006,4,6,26,True,True,True,True,28,28
trial_004_ep1_task006,4,6,27,True,True,True,True,28,28
trial_004_ep1_task007,4,7,0,True,True,True,True,28,28
trial_004_ep1_task007,4,7,1,True,True,True,True,28,28
trial_004_ep1_task007,4,7,2,True,True,True,True,28,28
trial_004_ep1_task007,4,7,3,True,True,True,True,28,28
trial_004_ep1_task007,4,7,4,True,True,True,True,28,28
trial_004_ep1_task007,4,7,5,True,True,True,True,28,28
trial_004_ep1_task007,4,7,6,True,True,True,True,28,28
trial_004_ep1_task007,4,7,7,True,True,True,True,28,28
trial_004_ep1_task007,4,7,8,True,True,True,True,28,28
trial_004_ep1_task007,4,7,9,True,True,True,True,28,28
trial_004_ep1_task007,4,7,10,True,True,True,True,28,28
trial_004_ep1_task007,4,7,11,True,True,True,True,28,28
trial_004_ep1_task007,4,7,12,True,True,True,True,28,28
trial_004_ep1_task007,4,7,13,True,True,True,True,28,28
trial_004_ep1_task007,4,7,14,True,True,True,True,28,28
trial_004_ep1_task007,4,7,15,True,True,True,True,28,28
trial_004_ep1_task007,4,7,16,True,True,True,True,28,28
trial_004_ep1_task007,4,7,17,True,True,True,True,28,28
trial_004_ep1_task007,4,7,18,True,True,True,True,28,28
trial_004_ep1_task007,4,7,19,True,True,True,True,28,28
trial_004_ep1_task007,4,7,20,True,True,True,True,28,28
trial_004_ep1_task007,4,7,21,True,True,True,True,28,28
trial_004_ep1_task007,4,7,22,True,True,True,True,28,28
trial_004_ep1_task007,4,7,23,True,True,True,True,28,28
trial_004_ep1_task007,4,7,24,True,True,True,True,28,28
trial_004_ep1_task007,4,7,25,True,True,True,True,28,28
trial_004_ep1_task007,4,7,26,True,True,True,True,28,28
trial_004_ep1_task007,4,7,27,True,True,True,True,28,28
trial_004_ep1_task008,4,8,4,True,True,True,True,18,18
trial_004_ep1_task008,4,8,6,True,True,True,True,18,18
trial_004_ep1_task008,4,8,9,True,True,True,True,18,18
trial_004_ep1_task008,4,8,10,True,True,True,True,18,18
trial_004_ep1_task008,4,8,11,True,True,True,True,18,18
trial_004_ep1_task008,4,8,12,True,True,True,True,18,18
trial_004_ep1_task008,4,8,15,True,True,True,True,18,18
trial_004_ep1_task008,4,8,16,True,True,True,True,18,18
trial_004_ep1_task008,4,8,17,True,True,True,True,18,18
trial_004_ep1_task008,4,8,19,True,True,True,True,18,18
trial_004_ep1_task008,4,8,20,True,True,True,True,18,18
trial_004_ep1_task008,4,8,21,True,True,True,True,18,18
trial_004_ep1_task008,4,8,22,True,True,True,True,18,18
trial_004_ep1_task008,4,8,23,True,True,True,True,18,18
trial_004_ep1_task008,4,8,24,True,True,True,True,18,18
trial_004_ep1_task008,4,8,25,True,True,True,True,18,18
trial_004_ep1_task008,4,8,26,True,True,True,True,18,18
trial_004_ep1_task008,4,8,27,True,True,True,True,18,18
trial_004_ep1_task010,4,10,0,True,True,True,True,28,28
trial_004_ep1_task010,4,10,1,True,True,True,True,28,28
trial_004_ep1_task010,4,10,2,True,True,True,True,28,28
trial_004_ep1_task010,4,10,3,True,True,True,True,28,28
trial_004_ep1_task010,4,10,4,True,True,True,True,28,28
trial_004_ep1_task010,4,10,5,True,True,True,True,28,28
trial_004_ep1_task010,4,10,6,True,True,True,True,28,28
trial_004_ep1_task010,4,10,7,True,True,True,True,28,28
trial_004_ep1_task010,4,10,8,True,True,True,True,28,28
trial_004_ep1_task010,4,10,9,True,True,True,True,28,28
trial_004_ep1_task010,4,10,10,True,True,True,True,28,28
trial_004_ep1_task010,4,10,11,True,True,True,True,28,28
trial_004_ep1_task010,4,10,12,True,True,True,True,28,28
trial_004_ep1_task010,4,10,13,True,True,True,True,28,28
trial_004_ep1_task010,4,10,14,True,True,True,True,28,28
trial_004_ep1_task010,4,10,15,True,True,True,True,28,28
trial_004_ep1_task010,4,10,16,True,True,True,True,28,28
trial_004_ep1_task010,4,10,17,True,True,True,True,28,28
trial_004_ep1_task010,4,10,18,True,True,True,True,28,28
trial_004_ep1_task010,4,10,19,True,True,True,True,28,28
trial_004_ep1_task010,4,10,20,True,True,True,True,28,28
trial_004_ep1_task010,4,10,21,True,True,True,True,28,28
trial_004_ep1_task010,4,10,22,True,True,True,True,28,28
trial_004_ep1_task010,4,10,23,True,True,True,True,28,28
trial_004_ep1_task010,4,10,24,True,True,True,True,28,28
trial_004_ep1_task010,4,10,25,True,True,True,True,28,28
trial_004_ep1_task010,4,10,26,True,True,True,True,28,28
trial_004_ep1_task010,4,10,27,True,True,True,True,28,28
trial_004_ep1_task011,4,11,6,True,True,True,True,13,13
trial_004_ep1_task011,4,11,10,True,True,True,True,13,13
trial_004_ep1_task011,4,11,11,True,True,True,True,13,13
trial_004_ep1_task011,4,11,12,True,True,True,True,13,13
trial_004_ep1_task011,4,11,17,True,True,True,True,13,13
trial_004_ep1_task011,4,11,19,True,True,True,True,13,13
trial_004_ep1_task011,4,11,21,True,True,True,True,13,13
trial_004_ep1_task011,4,11,22,True,True,True,True,13,13
trial_004_ep1_task011,4,11,23,True,True,True,True,13,13
trial_004_ep1_task011,4,11,24,True,True,True,True,13,13
trial_004_ep1_task011,4,11,25,True,True,True,True,13,13
trial_004_ep1_task011,4,11,26,True,True,True,True,13,13
trial_004_ep1_task011,4,11,27,True,True,True,True,13,13
trial_004_ep1_task013,4,13,0,True,True,True,True,28,28
trial_004_ep1_task013,4,13,1,True,True,True,True,28,28
trial_004_ep1_task013,4,13,2,True,True,True,True,28,28
trial_004_ep1_task013,4,13,3,True,True,True,True,28,28
trial_004_ep1_task013,4,13,4,True,True,True,True,28,28
trial_004_ep1_task013,4,13,5,True,True,True,True,28,28
trial_004_ep1_task013,4,13,6,True,True,True,True,28,28
trial_004_ep1_task013,4,13,7,True,True,True,True,28,28
trial_004_ep1_task013,4,13,8,True,True,True,True,28,28
trial_004_ep1_task013,4,13,9,True,True,True,True,28,28
trial_004_ep1_task013,4,13,10,True,True,True,True,28,28
trial_004_ep1_task013,4,13,11,True,True,True,True,28,28
trial_004_ep1_task013,4,13,12,True,True,True,True,28,28
trial_004_ep1_task013,4,13,13,True,True,True,True,28,28
trial_004_ep1_task013,4,13,14,True,True,True,True,28,28
trial_004_ep1_task013,4,13,15,True,True,True,True,28,28
trial_004_ep1_task013,4,13,16,True,True,True,True,28,28
trial_004_ep1_task013,4,13,17,True,True,True,True,28,28
trial_004_ep1_task013,4,13,18,True,True,True,True,28,28
trial_004_ep1_task013,4,13,19,True,True,True,True,28,28
trial_004_ep1_task013,4,13,20,True,True,True,True,28,28
trial_004_ep1_task013,4,13,21,True,True,True,True,28,28
trial_004_ep1_task013,4,13,22,True,True,True,True,28,28
trial_004_ep1_task013,4,13,23,True,True,True,True,28,28
trial_004_ep1_task013,4,13,24,True,True,True,True,28,28
trial_004_ep1_task013,4,13,25,True,True,True,True,28,28
trial_004_ep1_task013,4,13,26,True,True,True,True,28,28
trial_004_ep1_task013,4,13,27,True,True,True,True,28,28
trial_004_ep1_task015,4,15,0,True,True,True,True,28,28
trial_004_ep1_task015,4,15,1,True,True,True,True,28,28
trial_004_ep1_task015,4,15,2,True,True,True,True,28,28
trial_004_ep1_task015,4,15,3,True,True,True,True,28,28
trial_004_ep1_task015,4,15,4,True,True,True,True,28,28
trial_004_ep1_task015,4,15,5,True,True,True,True,28,28
trial_004_ep1_task015,4,15,6,True,True,True,True,28,28
trial_004_ep1_task015,4,15,7,True,True,True,True,28,28
trial_004_ep1_task015,4,15,8,True,True,True,True,28,28
trial_004_ep1_task015,4,15,9,True,True,True,True,28,28
trial_004_ep1_task015,4,15,10,True,True,True,True,28,28
trial_004_ep1_task015,4,15,11,True,True,True,True,28,28
trial_004_ep1_task015,4,15,12,True,True,True,True,28,28
trial_004_ep1_task015,4,15,13,True,True,True,True,28,28
trial_004_ep1_task015,4,15,14,True,True,True,True,28,28
trial_004_ep1_task015,4,15,15,True,True,True,True,28,28
trial_004_ep1_task015,4,15,16,True,True,True,True,28,28
trial_004_ep1_task015,4,15,17,True,True,True,True,28,28
trial_004_ep1_task015,4,15,18,True,True,True,True,28,28
trial_004_ep1_task015,4,15,19,True,True,True,True,28,28
trial_004_ep1_task015,4,15,20,True,True,True,True,28,28
trial_004_ep1_task015,4,15,21,True,True,True,True,28,28
trial_004_ep1_task015,4,15,22,True,True,True,True,28,28
trial_004_ep1_task015,4,15,23,True,True,True,True,28,28
trial_004_ep1_task015,4,15,24,True,True,True,True,28,28
trial_004_ep1_task015,4,15,25,True,True,True,True,28,28
trial_004_ep1_task015,4,15,26,True,True,True,True,28,28
trial_004_ep1_task015,4,15,27,True,True,True,True,28,28
trial_004_ep1_task016,4,16,0,True,True,True,True,28,28
trial_004_ep1_task016,4,16,1,True,True,True,True,28,28
trial_004_ep1_task016,4,16,2,True,True,True,True,28,28
trial_004_ep1_task016,4,16,3,True,True,True,True,28,28
trial_004_ep1_task016,4,16,4,True,True,True,True,28,28
trial_004_ep1_task016,4,16,5,True,True,True,True,28,28
trial_004_ep1_task016,4,16,6,True,True,True,True,28,28
trial_004_ep1_task016,4,16,7,True,True,True,True,28,28
trial_004_ep1_task016,4,16,8,True,True,True,True,28,28
trial_004_ep1_task016,4,16,9,True,True,True,True,28,28
trial_004_ep1_task016,4,16,10,True,True,True,True,28,28
trial_004_ep1_task016,4,16,11,True,True,True,True,28,28
trial_004_ep1_task016,4,16,12,True,True,True,True,28,28
trial_004_ep1_task016,4,16,13,True,True,True,True,28,28
trial_004_ep1_task016,4,16,14,True,True,True,True,28,28
trial_004_ep1_task016,4,16,15,True,True,True,True,28,28
trial_004_ep1_task016,4,16,16,True,True,True,True,28,28
trial_004_ep1_task016,4,16,17,True,True,True,True,28,28
trial_004_ep1_task016,4,16,18,True,True,True,True,28,28
trial_004_ep1_task016,4,16,19,True,True,True,True,28,28
trial_004_ep1_task016,4,16,20,True,True,True,True,28,28
trial_004_ep1_task016,4,16,21,True,True,True,True,28,28
trial_004_ep1_task016,4,16,22,True,True,True,True,28,28
trial_004_ep1_task016,4,16,23,True,True,True,True,28,28
trial_004_ep1_task016,4,16,24,True,True,True,True,28,28
trial_004_ep1_task016,4,16,25,True,True,True,True,28,28
trial_004_ep1_task016,4,16,26,True,True,True,True,28,28
trial_004_ep1_task016,4,16,27,True,True,True,True,28,28
trial_004_ep1_task017,4,17,0,True,True,True,True,28,28
trial_004_ep1_task017,4,17,1,True,True,True,True,28,28
trial_004_ep1_task017,4,17,2,True,True,True,True,28,28
trial_004_ep1_task017,4,17,3,True,True,True,True,28,28
trial_004_ep1_task017,4,17,4,True,True,True,True,28,28
trial_004_ep1_task017,4,17,5,True,True,True,True,28,28
trial_004_ep1_task017,4,17,6,True,True,True,True,28,28
trial_004_ep1_task017,4,17,7,True,True,True,True,28,28
trial_004_ep1_task017,4,17,8,True,True,True,True,28,28
trial_004_ep1_task017,4,17,9,True,True,True,True,28,28
trial_004_ep1_task017,4,17,10,True,True,True,True,28,28
trial_004_ep1_task017,4,17,11,True,True,True,True,28,28
trial_004_ep1_task017,4,17,12,True,True,True,True,28,28
trial_004_ep1_task017,4,17,13,True,True,True,True,28,28
trial_004_ep1_task017,4,17,14,True,True,True,True,28,28
trial_004_ep1_task017,4,17,15,True,True,True,True,28,28
trial_004_ep1_task017,4,17,16,True,True,True,True,28,28
trial_004_ep1_task017,4,17,17,True,True,True,True,28,28
trial_004_ep1_task017,4,17,18,True,True,True,True,28,28
trial_004_ep1_task017,4,17,19,True,True,True,True,28,28
trial_004_ep1_task017,4,17,20,True,True,True,True,28,28
trial_004_ep1_task017,4,17,21,True,True,True,True,28,28
trial_004_ep1_task017,4,17,22,True,True,True,True,28,28
trial_004_ep1_task017,4,17,23,True,True,True,True,28,28
trial_004_ep1_task017,4,17,24,True,True,True,True,28,28
trial_004_ep1_task017,4,17,25,True,True,True,True,28,28
trial_004_ep1_task017,4,17,26,True,True,True,True,28,28
trial_004_ep1_task017,4,17,27,True,True,True,True,28,28
trial_004_ep1_task019,4,19,0,True,True,True,True,28,28
trial_004_ep1_task019,4,19,1,True,True,True,True,28,28
trial_004_ep1_task019,4,19,2,True,True,True,True,28,28
trial_004_ep1_task019,4,19,3,True,True,True,True,28,28
trial_004_ep1_task019,4,19,4,True,True,True,True,28,28
trial_004_ep1_task019,4,19,5,True,True,True,True,28,28
trial_004_ep1_task019,4,19,6,True,True,True,True,28,28
trial_004_ep1_task019,4,19,7,True,True,True,True,28,28
trial_004_ep1_task019,4,19,8,True,True,True,True,28,28
trial_004_ep1_task019,4,19,9,True,True,True,True,28,28
trial_004_ep1_task019,4,19,10,True,True,True,True,28,28
trial_004_ep1_task019,4,19,11,True,True,True,True,28,28
trial_004_ep1_task019,4,19,12,True,True,True,True,28,28
trial_004_ep1_task019,4,19,13,True,True,True,True,28,28
trial_004_ep1_task019,4,19,14,True,True,True,True,28,28
trial_004_ep1_task019,4,19,15,True,True,True,True,28,28
trial_004_ep1_task019,4,19,16,True,True,True,True,28,28
trial_004_ep1_task019,4,19,17,True,True,True,True,28,28
trial_004_ep1_task019,4,19,18,True,True,True,True,28,28
trial_004_ep1_task019,4,19,19,True,True,True,True,28,28
trial_004_ep1_task019,4,19,20,True,True,True,True,28,28
trial_004_ep1_task019,4,19,21,True,True,True,True,28,28
trial_004_ep1_task019,4,19,22,True,True,True,True,28,28
trial_004_ep1_task019,4,19,23,True,True,True,True,28,28
trial_004_ep1_task019,4,19,24,True,True,True,True,28,28
trial_004_ep1_task019,4,19,25,True,True,True,True,28,28
trial_004_ep1_task019,4,19,26,True,True,True,True,28,28
trial_004_ep1_task019,4,19,27,True,True,True,True,28,28
trial_004_ep1_task020,4,20,4,True,True,True,True,18,18
trial_004_ep1_task020,4,20,6,True,True,True,True,18,18
trial_004_ep1_task020,4,20,9,True,True,True,True,18,18
trial_004_ep1_task020,4,20,10,True,True,True,True,18,18
trial_004_ep1_task020,4,20,11,True,True,True,True,18,18
trial_004_ep1_task020,4,20,12,True,True,True,True,18,18
trial_004_ep1_task020,4,20,15,True,True,True,True,18,18
trial_004_ep1_task020,4,20,16,True,True,True,True,18,18
trial_004_ep1_task020,4,20,17,True,True,True,True,18,18
trial_004_ep1_task020,4,20,19,True,True,True,True,18,18
trial_004_ep1_task020,4,20,20,True,True,True,True,18,18
trial_004_ep1_task020,4,20,21,True,True,True,True,18,18
trial_004_ep1_task020,4,20,22,True,True,True,True,18,18
trial_004_ep1_task020,4,20,23,True,True,True,True,18,18
trial_004_ep1_task020,4,20,24,True,True,True,True,18,18
trial_004_ep1_task020,4,20,25,True,True,True,True,18,18
trial_004_ep1_task020,4,20,26,True,True,True,True,18,18
trial_004_ep1_task020,4,20,27,True,True,True,True,18,18
trial_004_ep1_task025,4,25,6,True,True,True,True,14,14
trial_004_ep1_task025,4,25,10,True,True,True,True,14,14
trial_004_ep1_task025,4,25,11,True,True,True,True,14,14
trial_004_ep1_task025,4,25,12,True,True,True,True,14,14
trial_004_ep1_task025,4,25,15,True,True,True,True,14,14
trial_004_ep1_task025,4,25,17,True,True,True,True,14,14
trial_004_ep1_task025,4,25,19,True,True,True,True,14,14
trial_004_ep1_task025,4,25,21,True,True,True,True,14,14
trial_004_ep1_task025,4,25,22,True,True,True,True,14,14
trial_004_ep1_task025,4,25,23,True,True,True,True,14,14
trial_004_ep1_task025,4,25,24,True,True,True,True,14,14
trial_004_ep1_task025,4,25,25,True,True,True,True,14,14
trial_004_ep1_task025,4,25,26,True,True,True,True,14,14
trial_004_ep1_task025,4,25,27,True,True,True,True,14,14
trial_004_ep1_task028,4,28,0,True,True,True,True,28,28
trial_004_ep1_task028,4,28,1,True,True,True,True,28,28
trial_004_ep1_task028,4,28,2,True,True,True,True,28,28
trial_004_ep1_task028,4,28,3,True,True,True,True,28,28
trial_004_ep1_task028,4,28,4,True,True,True,True,28,28
trial_004_ep1_task028,4,28,5,True,True,True,True,28,28
trial_004_ep1_task028,4,28,6,True,True,True,True,28,28
trial_004_ep1_task028,4,28,7,True,True,True,True,28,28
trial_004_ep1_task028,4,28,8,True,True,True,True,28,28
trial_004_ep1_task028,4,28,9,True,True,True,True,28,28
trial_004_ep1_task028,4,28,10,True,True,True,True,28,28
trial_004_ep1_task028,4,28,11,True,True,True,True,28,28
trial_004_ep1_task028,4,28,12,True,True,True,True,28,28
trial_004_ep1_task028,4,28,13,True,True,True,True,28,28
trial_004_ep1_task028,4,28,14,True,True,True,True,28,28
trial_004_ep1_task028,4,28,15,True,True,True,True,28,28
trial_004_ep1_task028,4,28,16,True,True,True,True,28,28
trial_004_ep1_task028,4,28,17,True,True,True,True,28,28
trial_004_ep1_task028,4,28,18,True,True,True,True,28,28
trial_004_ep1_task028,4,28,19,True,True,True,True,28,28
trial_004_ep1_task028,4,28,20,True,True,True,True,28,28
trial_004_ep1_task028,4,28,21,True,True,True,True,28,28
trial_004_ep1_task028,4,28,22,True,True,True,True,28,28
trial_004_ep1_task028,4,28,23,True,True,True,True,28,28
trial_004_ep1_task028,4,28,24,True,True,True,True,28,28
trial_004_ep1_task028,4,28,25,True,True,True,True,28,28
trial_004_ep1_task028,4,28,26,True,True,True,True,28,28
trial_004_ep1_task028,4,28,27,True,True,True,True,28,28
trial_004_ep1_task029,4,29,0,True,True,True,True,28,28
trial_004_ep1_task029,4,29,1,True,True,True,True,28,28
trial_004_ep1_task029,4,29,2,True,True,True,True,28,28
trial_004_ep1_task029,4,29,3,True,True,True,True,28,28
trial_004_ep1_task029,4,29,4,True,True,True,True,28,28
trial_004_ep1_task029,4,29,5,True,True,True,True,28,28
trial_004_ep1_task029,4,29,6,True,True,True,True,28,28
trial_004_ep1_task029,4,29,7,True,True,True,True,28,28
trial_004_ep1_task029,4,29,8,True,True,True,True,28,28
trial_004_ep1_task029,4,29,9,True,True,True,True,28,28
trial_004_ep1_task029,4,29,10,True,True,True,True,28,28
trial_004_ep1_task029,4,29,11,True,True,True,True,28,28
trial_004_ep1_task029,4,29,12,True,True,True,True,28,28
trial_004_ep1_task029,4,29,13,True,True,True,True,28,28
trial_004_ep1_task029,4,29,14,True,True,True,True,28,28
trial_004_ep1_task029,4,29,15,True,True,True,True,28,28
trial_004_ep1_task029,4,29,16,True,True,True,True,28,28
trial_004_ep1_task029,4,29,17,True,True,True,True,28,28
trial_004_ep1_task029,4,29,18,True,True,True,True,28,28
trial_004_ep1_task029,4,29,19,True,True,True,True,28,28
trial_004_ep1_task029,4,29,20,True,True,True,True,28,28
trial_004_ep1_task029,4,29,21,True,True,True,True,28,28
trial_004_ep1_task029,4,29,22,True,True,True,True,28,28
trial_004_ep1_task029,4,29,23,True,True,True,True,28,28
trial_004_ep1_task029,4,29,24,True,True,True,True,28,28
trial_004_ep1_task029,4,29,25,True,True,True,True,28,28
trial_004_ep1_task029,4,29,26,True,True,True,True,28,28
trial_004_ep1_task029,4,29,27,True,True,True,True,28,28
trial_004_ep1_task030,4,30,6,True,True,True,True,14,14
trial_004_ep1_task030,4,30,10,True,True,True,True,14,14
trial_004_ep1_task030,4,30,11,True,True,True,True,14,14
trial_004_ep1_task030,4,30,12,True,True,True,True,14,14
trial_004_ep1_task030,4,30,15,True,True,True,True,14,14
trial_004_ep1_task030,4,30,17,True,True,True,True,14,14
trial_004_ep1_task030,4,30,19,True,True,True,True,14,14
trial_004_ep1_task030,4,30,21,True,True,True,True,14,14
trial_004_ep1_task030,4,30,22,True,True,True,True,14,14
trial_004_ep1_task030,4,30,23,True,True,True,True,14,14
trial_004_ep1_task030,4,30,24,True,True,True,True,14,14
trial_004_ep1_task030,4,30,25,True,True,True,True,14,14
trial_004_ep1_task030,4,30,26,True,True,True,True,14,14
trial_004_ep1_task030,4,30,27,True,True,True,True,14,14
trial_004_ep1_task032,4,32,4,True,True,True,True,23,23
trial_004_ep1_task032,4,32,5,True,True,True,True,23,23
trial_004_ep1_task032,4,32,6,True,True,True,True,23,23
trial_004_ep1_task032,4,32,7,True,True,True,True,23,23
trial_004_ep1_task032,4,32,8,True,True,True,True,23,23
trial_004_ep1_task032,4,32,9,True,True,True,True,23,23
trial_004_ep1_task032,4,32,10,True,True,True,True,23,23
trial_004_ep1_task032,4,32,11,True,True,True,True,23,23
trial_004_ep1_task032,4,32,12,True,True,True,True,23,23
trial_004_ep1_task032,4,32,14,True,True,True,True,23,23
trial_004_ep1_task032,4,32,15,True,True,True,True,23,23
trial_004_ep1_task032,4,32,16,True,True,True,True,23,23
trial_004_ep1_task032,4,32,17,True,True,True,True,23,23
trial_004_ep1_task032,4,32,18,True,True,True,True,23,23
trial_004_ep1_task032,4,32,19,True,True,True,True,23,23
trial_004_ep1_task032,4,32,20,True,True,True,True,23,23
trial_004_ep1_task032,4,32,21,True,True,True,True,23,23
trial_004_ep1_task032,4,32,22,True,True,True,True,23,23
trial_004_ep1_task032,4,32,23,True,True,True,True,23,23
trial_004_ep1_task032,4,32,24,True,True,True,True,23,23
trial_004_ep1_task032,4,32,25,True,True,True,True,23,23
trial_004_ep1_task032,4,32,26,True,True,True,True,23,23
trial_004_ep1_task032,4,32,27,True,True,True,True,23,23
trial_004_ep1_task033,4,33,0,True,True,True,True,28,28
trial_004_ep1_task033,4,33,1,True,True,True,True,28,28
trial_004_ep1_task033,4,33,2,True,True,True,True,28,28
trial_004_ep1_task033,4,33,3,True,True,True,True,28,28
trial_004_ep1_task033,4,33,4,True,True,True,True,28,28
trial_004_ep1_task033,4,33,5,True,True,True,True,28,28
trial_004_ep1_task033,4,33,6,True,True,True,True,28,28
trial_004_ep1_task033,4,33,7,True,True,True,True,28,28
trial_004_ep1_task033,4,33,8,True,True,True,True,28,28
trial_004_ep1_task033,4,33,9,True,True,True,True,28,28
trial_004_ep1_task033,4,33,10,True,True,True,True,28,28
trial_004_ep1_task033,4,33,11,True,True,True,True,28,28
trial_004_ep1_task033,4,33,12,True,True,True,True,28,28
trial_004_ep1_task033,4,33,13,True,True,True,True,28,28
trial_004_ep1_task033,4,33,14,True,True,True,True,28,28
trial_004_ep1_task033,4,33,15,True,True,True,True,28,28
trial_004_ep1_task033,4,33,16,True,True,True,True,28,28
trial_004_ep1_task033,4,33,17,True,True,True,True,28,28
trial_004_ep1_task033,4,33,18,True,True,True,True,28,28
trial_004_ep1_task033,4,33,19,True,True,True,True,28,28
trial_004_ep1_task033,4,33,20,True,True,True,True,28,28
trial_004_ep1_task033,4,33,21,True,True,True,True,28,28
trial_004_ep1_task033,4,33,22,True,True,True,True,28,28
trial_004_ep1_task033,4,33,23,True,True,True,True,28,28
trial_004_ep1_task033,4,33,24,True,True,True,True,28,28
trial_004_ep1_task033,4,33,25,True,True,True,True,28,28
trial_004_ep1_task033,4,33,26,True,True,True,True,28,28
trial_004_ep1_task033,4,33,27,True,True,True,True,28,28
trial_004_ep1_task034,4,34,4,True,True,True,True,20,20
trial_004_ep1_task034,4,34,6,True,True,True,True,20,20
trial_004_ep1_task034,4,34,8,True,True,True,True,20,20
trial_004_ep1_task034,4,34,9,True,True,True,True,20,20
trial_004_ep1_task034,4,34,10,True,True,True,True,20,20
trial_004_ep1_task034,4,34,11,True,True,True,True,20,20
trial_004_ep1_task034,4,34,12,True,True,True,True,20,20
trial_004_ep1_task034,4,34,15,True,True,True,True,20,20
trial_004_ep1_task034,4,34,16,True,True,True,True,20,20
trial_004_ep1_task034,4,34,17,True,True,True,True,20,20
trial_004_ep1_task034,4,34,18,True,True,True,True,20,20
trial_004_ep1_task034,4,34,19,True,True,True,True,20,20
trial_004_ep1_task034,4,34,20,True,True,True,True,20,20
trial_004_ep1_task034,4,34,21,True,True,True,True,20,20
trial_004_ep1_task034,4,34,22,True,True,True,True,20,20
trial_004_ep1_task034,4,34,23,True,True,True,True,20,20
trial_004_ep1_task034,4,34,24,True,True,True,True,20,20
trial_004_ep1_task034,4,34,25,True,True,True,True,20,20
trial_004_ep1_task034,4,34,26,True,True,True,True,20,20
trial_004_ep1_task034,4,34,27,True,True,True,True,20,20
trial_004_ep1_task037,4,37,0,True,True,True,True,28,28
trial_004_ep1_task037,4,37,1,True,True,True,True,28,28
trial_004_ep1_task037,4,37,2,True,True,True,True,28,28
trial_004_ep1_task037,4,37,3,True,True,True,True,28,28
trial_004_ep1_task037,4,37,4,True,True,True,True,28,28
trial_004_ep1_task037,4,37,5,True,True,True,True,28,28
trial_004_ep1_task037,4,37,6,True,True,True,True,28,28
trial_004_ep1_task037,4,37,7,True,True,True,True,28,28
trial_004_ep1_task037,4,37,8,True,True,True,True,28,28
trial_004_ep1_task037,4,37,9,True,True,True,True,28,28
trial_004_ep1_task037,4,37,10,True,True,True,True,28,28
trial_004_ep1_task037,4,37,11,True,True,True,True,28,28
trial_004_ep1_task037,4,37,12,True,True,True,True,28,28
trial_004_ep1_task037,4,37,13,True,True,True,True,28,28
trial_004_ep1_task037,4,37,14,True,True,True,True,28,28
trial_004_ep1_task037,4,37,15,True,True,True,True,28,28
trial_004_ep1_task037,4,37,16,True,True,True,True,28,28
trial_004_ep1_task037,4,37,17,True,True,True,True,28,28
trial_004_ep1_task037,4,37,18,True,True,True,True,28,28
trial_004_ep1_task037,4,37,19,True,True,True,True,28,28
trial_004_ep1_task037,4,37,20,True,True,True,True,28,28
trial_004_ep1_task037,4,37,21,True,True,True,True,28,28
trial_004_ep1_task037,4,37,22,True,True,True,True,28,28
trial_004_ep1_task037,4,37,23,True,True,True,True,28,28
trial_004_ep1_task037,4,37,24,True,True,True,True,28,28
trial_004_ep1_task037,4,37,25,True,True,True,True,28,28
trial_004_ep1_task037,4,37,26,True,True,True,True,28,28
trial_004_ep1_task037,4,37,27,True,True,True,True,28,28
trial_004_ep1_task040,4,40,0,True,True,True,True,28,28
trial_004_ep1_task040,4,40,1,True,True,True,True,28,28
trial_004_ep1_task040,4,40,2,True,True,True,True,28,28
trial_004_ep1_task040,4,40,3,True,True,True,True,28,28
trial_004_ep1_task040,4,40,4,True,True,True,True,28,28
trial_004_ep1_task040,4,40,5,True,True,True,True,28,28
trial_004_ep1_task040,4,40,6,True,True,True,True,28,28
trial_004_ep1_task040,4,40,7,True,True,True,True,28,28
trial_004_ep1_task040,4,40,8,True,True,True,True,28,28
trial_004_ep1_task040,4,40,9,True,True,True,True,28,28
trial_004_ep1_task040,4,40,10,True,True,True,True,28,28
trial_004_ep1_task040,4,40,11,True,True,True,True,28,28
trial_004_ep1_task040,4,40,12,True,True,True,True,28,28
trial_004_ep1_task040,4,40,13,True,True,True,True,28,28
trial_004_ep1_task040,4,40,14,True,True,True,True,28,28
trial_004_ep1_task040,4,40,15,True,True,True,True,28,28
trial_004_ep1_task040,4,40,16,True,True,True,True,28,28
trial_004_ep1_task040,4,40,17,True,True,True,True,28,28
trial_004_ep1_task040,4,40,18,True,True,True,True,28,28
trial_004_ep1_task040,4,40,19,True,True,True,True,28,28
trial_004_ep1_task040,4,40,20,True,True,True,True,28,28
trial_004_ep1_task040,4,40,21,True,True,True,True,28,28
trial_004_ep1_task040,4,40,22,True,True,True,True,28,28
trial_004_ep1_task040,4,40,23,True,True,True,True,28,28
trial_004_ep1_task040,4,40,24,True,True,True,True,28,28
trial_004_ep1_task040,4,40,25,True,True,True,True,28,28
trial_004_ep1_task040,4,40,26,True,True,True,True,28,28
trial_004_ep1_task040,4,40,27,True,True,True,True,28,28
trial_004_ep1_task044,4,44,0,True,True,True,True,28,28
trial_004_ep1_task044,4,44,1,True,True,True,True,28,28
trial_004_ep1_task044,4,44,2,True,True,True,True,28,28
trial_004_ep1_task044,4,44,3,True,True,True,True,28,28
trial_004_ep1_task044,4,44,4,True,True,True,True,28,28
trial_004_ep1_task044,4,44,5,True,True,True,True,28,28
trial_004_ep1_task044,4,44,6,True,True,True,True,28,28
trial_004_ep1_task044,4,44,7,True,True,True,True,28,28
trial_004_ep1_task044,4,44,8,True,True,True,True,28,28
trial_004_ep1_task044,4,44,9,True,True,True,True,28,28
trial_004_ep1_task044,4,44,10,True,True,True,True,28,28
trial_004_ep1_task044,4,44,11,True,True,True,True,28,28
trial_004_ep1_task044,4,44,12,True,True,True,True,28,28
trial_004_ep1_task044,4,44,13,True,True,True,True,28,28
trial_004_ep1_task044,4,44,14,True,True,True,True,28,28
trial_004_ep1_task044,4,44,15,True,True,True,True,28,28
trial_004_ep1_task044,4,44,16,True,True,True,True,28,28
trial_004_ep1_task044,4,44,17,True,True,True,True,28,28
trial_004_ep1_task044,4,44,18,True,True,True,True,28,28
trial_004_ep1_task044,4,44,19,True,True,True,True,28,28
trial_004_ep1_task044,4,44,20,True,True,True,True,28,28
trial_004_ep1_task044,4,44,21,True,True,True,True,28,28
trial_004_ep1_task044,4,44,22,True,True,True,True,28,28
trial_004_ep1_task044,4,44,23,True,True,True,True,28,28
trial_004_ep1_task044,4,44,24,True,True,True,True,28,28
trial_004_ep1_task044,4,44,25,True,True,True,True,28,28
trial_004_ep1_task044,4,44,26,True,True,True,True,28,28
trial_004_ep1_task044,4,44,27,True,True,True,True,28,28
trial_004_ep1_task045,4,45,0,True,True,True,True,28,28
trial_004_ep1_task045,4,45,1,True,True,True,True,28,28
trial_004_ep1_task045,4,45,2,True,True,True,True,28,28
trial_004_ep1_task045,4,45,3,True,True,True,True,28,28
trial_004_ep1_task045,4,45,4,True,True,True,True,28,28
trial_004_ep1_task045,4,45,5,True,True,True,True,28,28
trial_004_ep1_task045,4,45,6,True,True,True,True,28,28
trial_004_ep1_task045,4,45,7,True,True,True,True,28,28
trial_004_ep1_task045,4,45,8,True,True,True,True,28,28
trial_004_ep1_task045,4,45,9,True,True,True,True,28,28
trial_004_ep1_task045,4,45,10,True,True,True,True,28,28
trial_004_ep1_task045,4,45,11,True,True,True,True,28,28
trial_004_ep1_task045,4,45,12,True,True,True,True,28,28
trial_004_ep1_task045,4,45,13,True,True,True,True,28,28
trial_004_ep1_task045,4,45,14,True,True,True,True,28,28
trial_004_ep1_task045,4,45,15,True,True,True,True,28,28
trial_004_ep1_task045,4,45,16,True,True,True,True,28,28
trial_004_ep1_task045,4,45,17,True,True,True,True,28,28
trial_004_ep1_task045,4,45,18,True,True,True,True,28,28
trial_004_ep1_task045,4,45,19,True,True,True,True,28,28
trial_004_ep1_task045,4,45,20,True,True,True,True,28,28
trial_004_ep1_task045,4,45,21,True,True,True,True,28,28
trial_004_ep1_task045,4,45,22,True,True,True,True,28,28
trial_004_ep1_task045,4,45,23,True,True,True,True,28,28
trial_004_ep1_task045,4,45,24,True,True,True,True,28,28
trial_004_ep1_task045,4,45,25,True,True,True,True,28,28
trial_004_ep1_task045,4,45,26,True,True,True,True,28,28
trial_004_ep1_task045,4,45,27,True,True,True,True,28,28
trial_004_ep1_task046,4,46,6,True,True,True,True,11,11
trial_004_ep1_task046,4,46,10,True,True,True,True,11,11
trial_004_ep1_task046,4,46,12,True,True,True,True,11,11
trial_004_ep1_task046,4,46,17,True,True,True,True,11,11
trial_004_ep1_task046,4,46,21,True,True,True,True,11,11
trial_004_ep1_task046,4,46,22,True,True,True,True,11,11
trial_004_ep1_task046,4,46,23,True,True,True,True,11,11
trial_004_ep1_task046,4,46,24,True,True,True,True,11,11
trial_004_ep1_task046,4,46,25,True,True,True,True,11,11
trial_004_ep1_task046,4,46,26,True,True,True,True,11,11
trial_004_ep1_task046,4,46,27,True,True,True,True,11,11
trial_004_ep1_task049,4,49,0,True,True,True,True,28,28
trial_004_ep1_task049,4,49,1,True,True,True,True,28,28
trial_004_ep1_task049,4,49,2,True,True,True,True,28,28
trial_004_ep1_task049,4,49,3,True,True,True,True,28,28
trial_004_ep1_task049,4,49,4,True,True,True,True,28,28
trial_004_ep1_task049,4,49,5,True,True,True,True,28,28
trial_004_ep1_task049,4,49,6,True,True,True,True,28,28
trial_004_ep1_task049,4,49,7,True,True,True,True,28,28
trial_004_ep1_task049,4,49,8,True,True,True,True,28,28
trial_004_ep1_task049,4,49,9,True,True,True,True,28,28
trial_004_ep1_task049,4,49,10,True,True,True,True,28,28
trial_004_ep1_task049,4,49,11,True,True,True,True,28,28
trial_004_ep1_task049,4,49,12,True,True,True,True,28,28
trial_004_ep1_task049,4,49,13,True,True,True,True,28,28
trial_004_ep1_task049,4,49,14,True,True,True,True,28,28
trial_004_ep1_task049,4,49,15,True,True,True,True,28,28
trial_004_ep1_task049,4,49,16,True,True,True,True,28,28
trial_004_ep1_task049,4,49,17,True,True,True,True,28,28
trial_004_ep1_task049,4,49,18,True,True,True,True,28,28
trial_004_ep1_task049,4,49,19,True,True,True,True,28,28
trial_004_ep1_task049,4,49,20,True,True,True,True,28,28
trial_004_ep1_task049,4,49,21,True,True,True,True,28,28
trial_004_ep1_task049,4,49,22,True,True,True,True,28,28
trial_004_ep1_task049,4,49,23,True,True,True,True,28,28
trial_004_ep1_task049,4,49,24,True,True,True,True,28,28
trial_004_ep1_task049,4,49,25,True,True,True,True,28,28
trial_004_ep1_task049,4,49,26,True,True,True,True,28,28
trial_004_ep1_task049,4,49,27,True,True,True,True,28,28
trial_004_ep1_task052,4,52,0,True,True,True,True,28,28
trial_004_ep1_task052,4,52,1,True,True,True,True,28,28
trial_004_ep1_task052,4,52,2,True,True,True,True,28,28
trial_004_ep1_task052,4,52,3,True,True,True,True,28,28
trial_004_ep1_task052,4,52,4,True,True,True,True,28,28
trial_004_ep1_task052,4,52,5,True,True,True,True,28,28
trial_004_ep1_task052,4,52,6,True,True,True,True,28,28
trial_004_ep1_task052,4,52,7,True,True,True,True,28,28
trial_004_ep1_task052,4,52,8,True,True,True,True,28,28
trial_004_ep1_task052,4,52,9,True,True,True,True,28,28
trial_004_ep1_task052,4,52,10,True,True,True,True,28,28
trial_004_ep1_task052,4,52,11,True,True,True,True,28,28
trial_004_ep1_task052,4,52,12,True,True,True,True,28,28
trial_004_ep1_task052,4,52,13,True,True,True,True,28,28
trial_004_ep1_task052,4,52,14,True,True,True,True,28,28
trial_004_ep1_task052,4,52,15,True,True,True,True,28,28
trial_004_ep1_task052,4,52,16,True,True,True,True,28,28
trial_004_ep1_task052,4,52,17,True,True,True,True,28,28
trial_004_ep1_task052,4,52,18,True,True,True,True,28,28
trial_004_ep1_task052,4,52,19,True,True,True,True,28,28
trial_004_ep1_task052,4,52,20,True,True,True,True,28,28
trial_004_ep1_task052,4,52,21,True,True,True,True,28,28
trial_004_ep1_task052,4,52,22,True,True,True,True,28,28
trial_004_ep1_task052,4,52,23,True,True,True,True,28,28
trial_004_ep1_task052,4,52,24,True,True,True,True,28,28
trial_004_ep1_task052,4,52,25,True,True,True,True,28,28
trial_004_ep1_task052,4,52,26,True,True,True,True,28,28
trial_004_ep1_task052,4,52,27,True,True,True,True,28,28
trial_004_ep1_task053,4,53,0,True,True,True,True,28,28
trial_004_ep1_task053,4,53,1,True,True,True,True,28,28
trial_004_ep1_task053,4,53,2,True,True,True,True,28,28
trial_004_ep1_task053,4,53,3,True,True,True,True,28,28
trial_004_ep1_task053,4,53,4,True,True,True,True,28,28
trial_004_ep1_task053,4,53,5,True,True,True,True,28,28
trial_004_ep1_task053,4,53,6,True,True,True,True,28,28
trial_004_ep1_task053,4,53,7,True,True,True,True,28,28
trial_004_ep1_task053,4,53,8,True,True,True,True,28,28
trial_004_ep1_task053,4,53,9,True,True,True,True,28,28
trial_004_ep1_task053,4,53,10,True,True,True,True,28,28
trial_004_ep1_task053,4,53,11,True,True,True,True,28,28
trial_004_ep1_task053,4,53,12,True,True,True,True,28,28
trial_004_ep1_task053,4,53,13,True,True,True,True,28,28
trial_004_ep1_task053,4,53,14,True,True,True,True,28,28
trial_004_ep1_task053,4,53,15,True,True,True,True,28,28
trial_004_ep1_task053,4,53,16,True,True,True,True,28,28
trial_004_ep1_task053,4,53,17,True,True,True,True,28,28
trial_004_ep1_task053,4,53,18,True,True,True,True,28,28
trial_004_ep1_task053,4,53,19,True,True,True,True,28,28
trial_004_ep1_task053,4,53,20,True,True,True,True,28,28
trial_004_ep1_task053,4,53,21,True,True,True,True,28,28
trial_004_ep1_task053,4,53,22,True,True,True,True,28,28
trial_004_ep1_task053,4,53,23,True,True,True,True,28,28
trial_004_ep1_task053,4,53,24,True,True,True,True,28,28
trial_004_ep1_task053,4,53,25,True,True,True,True,28,28
trial_004_ep1_task053,4,53,26,True,True,True,True,28,28
trial_004_ep1_task053,4,53,27,True,True,True,True,28,28
trial_004_ep1_task054,4,54,0,True,True,True,True,26,26
trial_004_ep1_task054,4,54,3,True,True,True,True,26,26
trial_004_ep1_task054,4,54,4,True,True,True,True,26,26
trial_004_ep1_task054,4,54,5,True,True,True,True,26,26
trial_004_ep1_task054,4,54,6,True,True,True,True,26,26
trial_004_ep1_task054,4,54,7,True,True,True,True,26,26
trial_004_ep1_task054,4,54,8,True,True,True,True,26,26
trial_004_ep1_task054,4,54,9,True,True,True,True,26,26
trial_004_ep1_task054,4,54,10,True,True,True,True,26,26
trial_004_ep1_task054,4,54,11,True,True,True,True,26,26
trial_004_ep1_task054,4,54,12,True,True,True,True,26,26
trial_004_ep1_task054,4,54,13,True,True,True,True,26,26
trial_004_ep1_task054,4,54,14,True,True,True,True,26,26
trial_004_ep1_task054,4,54,15,True,True,True,True,26,26
trial_004_ep1_task054,4,54,16,True,True,True,True,26,26
trial_004_ep1_task054,4,54,17,True,True,True,True,26,26
trial_004_ep1_task054,4,54,18,True,True,True,True,26,26
trial_004_ep1_task054,4,54,19,True,True,True,True,26,26
trial_004_ep1_task054,4,54,20,True,True,True,True,26,26
trial_004_ep1_task054,4,54,21,True,True,True,True,26,26
trial_004_ep1_task054,4,54,22,True,True,True,True,26,26
trial_004_ep1_task054,4,54,23,True,True,True,True,26,26
trial_004_ep1_task054,4,54,24,True,True,True,True,26,26
trial_004_ep1_task054,4,54,25,True,True,True,True,26,26
trial_004_ep1_task054,4,54,26,True,True,True,True,26,26
trial_004_ep1_task054,4,54,27,True,True,True,True,26,26
trial_004_ep1_task057,4,57,0,True,True,True,True,28,28
trial_004_ep1_task057,4,57,1,True,True,True,True,28,28
trial_004_ep1_task057,4,57,2,True,True,True,True,28,28
trial_004_ep1_task057,4,57,3,True,True,True,True,28,28
trial_004_ep1_task057,4,57,4,True,True,True,True,28,28
trial_004_ep1_task057,4,57,5,True,True,True,True,28,28
trial_004_ep1_task057,4,57,6,True,True,True,True,28,28
trial_004_ep1_task057,4,57,7,True,True,True,True,28,28
trial_004_ep1_task057,4,57,8,True,True,True,True,28,28
trial_004_ep1_task057,4,57,9,True,True,True,True,28,28
trial_004_ep1_task057,4,57,10,True,True,True,True,28,28
trial_004_ep1_task057,4,57,11,True,True,True,True,28,28
trial_004_ep1_task057,4,57,12,True,True,True,True,28,28
trial_004_ep1_task057,4,57,13,True,True,True,True,28,28
trial_004_ep1_task057,4,57,14,True,True,True,True,28,28
trial_004_ep1_task057,4,57,15,True,True,True,True,28,28
trial_004_ep1_task057,4,57,16,True,True,True,True,28,28
trial_004_ep1_task057,4,57,17,True,True,True,True,28,28
trial_004_ep1_task057,4,57,18,True,True,True,True,28,28
trial_004_ep1_task057,4,57,19,True,True,True,True,28,28
trial_004_ep1_task057,4,57,20,True,True,True,True,28,28
trial_004_ep1_task057,4,57,21,True,True,True,True,28,28
trial_004_ep1_task057,4,57,22,True,True,True,True,28,28
trial_004_ep1_task057,4,57,23,True,True,True,True,28,28
trial_004_ep1_task057,4,57,24,True,True,True,True,28,28
trial_004_ep1_task057,4,57,25,True,True,True,True,28,28
trial_004_ep1_task057,4,57,26,True,True,True,True,28,28
trial_004_ep1_task057,4,57,27,True,True,True,True,28,28
trial_004_ep1_task059,4,59,0,True,True,True,True,28,28
trial_004_ep1_task059,4,59,1,True,True,True,True,28,28
trial_004_ep1_task059,4,59,2,True,True,True,True,28,28
trial_004_ep1_task059,4,59,3,True,True,True,True,28,28
trial_004_ep1_task059,4,59,4,True,True,True,True,28,28
trial_004_ep1_task059,4,59,5,True,True,True,True,28,28
trial_004_ep1_task059,4,59,6,True,True,True,True,28,28
trial_004_ep1_task059,4,59,7,True,True,True,True,28,28
trial_004_ep1_task059,4,59,8,True,True,True,True,28,28
trial_004_ep1_task059,4,59,9,True,True,True,True,28,28
trial_004_ep1_task059,4,59,10,True,True,True,True,28,28
trial_004_ep1_task059,4,59,11,True,True,True,True,28,28
trial_004_ep1_task059,4,59,12,True,True,True,True,28,28
trial_004_ep1_task059,4,59,13,True,True,True,True,28,28
trial_004_ep1_task059,4,59,14,True,True,True,True,28,28
trial_004_ep1_task059,4,59,15,True,True,True,True,28,28
trial_004_ep1_task059,4,59,16,True,True,True,True,28,28
trial_004_ep1_task059,4,59,17,True,True,True,True,28,28
trial_004_ep1_task059,4,59,18,True,True,True,True,28,28
trial_004_ep1_task059,4,59,19,True,True,True,True,28,28
trial_004_ep1_task059,4,59,20,True,True,True,True,28,28
trial_004_ep1_task059,4,59,21,True,True,True,True,28,28
trial_004_ep1_task059,4,59,22,True,True,True,True,28,28
trial_004_ep1_task059,4,59,23,True,True,True,True,28,28
trial_004_ep1_task059,4,59,24,True,True,True,True,28,28
trial_004_ep1_task059,4,59,25,True,True,True,True,28,28
trial_004_ep1_task059,4,59,26,True,True,True,True,28,28
trial_004_ep1_task059,4,59,27,True,True,True,True,28,28
trial_004_ep1_task061,4,61,10,True,True,True,True,9,9
trial_004_ep1_task061,4,61,12,True,True,True,True,9,9
trial_004_ep1_task061,4,61,17,True,True,True,True,9,9
trial_004_ep1_task061,4,61,21,True,True,True,True,9,9
trial_004_ep1_task061,4,61,22,True,True,True,True,9,9
trial_004_ep1_task061,4,61,24,True,True,True,True,9,9
trial_004_ep1_task061,4,61,25,True,True,True,True,9,9
trial_004_ep1_task061,4,61,26,True,True,True,True,9,9
trial_004_ep1_task061,4,61,27,True,True,True,True,9,9
trial_004_ep1_task062,4,62,0,True,True,True,True,28,28
trial_004_ep1_task062,4,62,1,True,True,True,True,28,28
trial_004_ep1_task062,4,62,2,True,True,True,True,28,28
trial_004_ep1_task062,4,62,3,True,True,True,True,28,28
trial_004_ep1_task062,4,62,4,True,True,True,True,28,28
trial_004_ep1_task062,4,62,5,True,True,True,True,28,28
trial_004_ep1_task062,4,62,6,True,True,True,True,28,28
trial_004_ep1_task062,4,62,7,True,True,True,True,28,28
trial_004_ep1_task062,4,62,8,True,True,True,True,28,28
trial_004_ep1_task062,4,62,9,True,True,True,True,28,28
trial_004_ep1_task062,4,62,10,True,True,True,True,28,28
trial_004_ep1_task062,4,62,11,True,True,True,True,28,28
trial_004_ep1_task062,4,62,12,True,True,True,True,28,28
trial_004_ep1_task062,4,62,13,True,True,True,True,28,28
trial_004_ep1_task062,4,62,14,True,True,True,True,28,28
trial_004_ep1_task062,4,62,15,True,True,True,True,28,28
trial_004_ep1_task062,4,62,16,True,True,True,True,28,28
trial_004_ep1_task062,4,62,17,True,True,True,True,28,28
trial_004_ep1_task062,4,62,18,True,True,True,True,28,28
trial_004_ep1_task062,4,62,19,True,True,True,True,28,28
trial_004_ep1_task062,4,62,20,True,True,True,True,28,28
trial_004_ep1_task062,4,62,21,True,True,True,True,28,28
trial_004_ep1_task062,4,62,22,True,True,True,True,28,28
trial_004_ep1_task062,4,62,23,True,True,True,True,28,28
trial_004_ep1_task062,4,62,24,True,True,True,True,28,28
trial_004_ep1_task062,4,62,25,True,True,True,True,28,28
trial_004_ep1_task062,4,62,26,True,True,True,True,28,28
trial_004_ep1_task062,4,62,27,True,True,True,True,28,28
trial_004_ep1_task063,4,63,0,True,True,True,True,28,28
trial_004_ep1_task063,4,63,1,True,True,True,True,28,28
trial_004_ep1_task063,4,63,2,True,True,True,True,28,28
trial_004_ep1_task063,4,63,3,True,True,True,True,28,28
trial_004_ep1_task063,4,63,4,True,True,True,True,28,28
trial_004_ep1_task063,4,63,5,True,True,True,True,28,28
trial_004_ep1_task063,4,63,6,True,True,True,True,28,28
trial_004_ep1_task063,4,63,7,True,True,True,True,28,28
trial_004_ep1_task063,4,63,8,True,True,True,True,28,28
trial_004_ep1_task063,4,63,9,True,True,True,True,28,28
trial_004_ep1_task063,4,63,10,True,True,True,True,28,28
trial_004_ep1_task063,4,63,11,True,True,True,True,28,28
trial_004_ep1_task063,4,63,12,True,True,True,True,28,28
trial_004_ep1_task063,4,63,13,True,True,True,True,28,28
trial_004_ep1_task063,4,63,14,True,True,True,True,28,28
trial_004_ep1_task063,4,63,15,True,True,True,True,28,28
trial_004_ep1_task063,4,63,16,True,True,True,True,28,28
trial_004_ep1_task063,4,63,17,True,True,True,True,28,28
trial_004_ep1_task063,4,63,18,True,True,True,True,28,28
trial_004_ep1_task063,4,63,19,True,True,True,True,28,28
trial_004_ep1_task063,4,63,20,True,True,True,True,28,28
trial_004_ep1_task063,4,63,21,True,True,True,True,28,28
trial_004_ep1_task063,4,63,22,True,True,True,True,28,28
trial_004_ep1_task063,4,63,23,True,True,True,True,28,28
trial_004_ep1_task063,4,63,24,True,True,True,True,28,28
trial_004_ep1_task063,4,63,25,True,True,True,True,28,28
trial_004_ep1_task063,4,63,26,True,True,True,True,28,28
trial_004_ep1_task063,4,63,27,True,True,True,True,28,28
trial_004_ep1_task065,4,65,0,True,True,True,True,28,28
trial_004_ep1_task065,4,65,1,True,True,True,True,28,28
trial_004_ep1_task065,4,65,2,True,True,True,True,28,28
trial_004_ep1_task065,4,65,3,True,True,True,True,28,28
trial_004_ep1_task065,4,65,4,True,True,True,True,28,28
trial_004_ep1_task065,4,65,5,True,True,True,True,28,28
trial_004_ep1_task065,4,65,6,True,True,True,True,28,28
trial_004_ep1_task065,4,65,7,True,True,True,True,28,28
trial_004_ep1_task065,4,65,8,True,True,True,True,28,28
trial_004_ep1_task065,4,65,9,True,True,True,True,28,28
trial_004_ep1_task065,4,65,10,True,True,True,True,28,28
trial_004_ep1_task065,4,65,11,True,True,True,True,28,28
trial_004_ep1_task065,4,65,12,True,True,True,True,28,28
trial_004_ep1_task065,4,65,13,True,True,True,True,28,28
trial_004_ep1_task065,4,65,14,True,True,True,True,28,28
trial_004_ep1_task065,4,65,15,True,True,True,True,28,28
trial_004_ep1_task065,4,65,16,True,True,True,True,28,28
trial_004_ep1_task065,4,65,17,True,True,True,True,28,28
trial_004_ep1_task065,4,65,18,True,True,True,True,28,28
trial_004_ep1_task065,4,65,19,True,True,True,True,28,28
trial_004_ep1_task065,4,65,20,True,True,True,True,28,28
trial_004_ep1_task065,4,65,21,True,True,True,True,28,28
trial_004_ep1_task065,4,65,22,True,True,True,True,28,28
trial_004_ep1_task065,4,65,23,True,True,True,True,28,28
trial_004_ep1_task065,4,65,24,True,True,True,True,28,28
trial_004_ep1_task065,4,65,25,True,True,True,True,28,28
trial_004_ep1_task065,4,65,26,True,True,True,True,28,28
trial_004_ep1_task065,4,65,27,True,True,True,True,28,28
trial_004_ep1_task066,4,66,0,True,True,True,True,28,28
trial_004_ep1_task066,4,66,1,True,True,True,True,28,28
trial_004_ep1_task066,4,66,2,True,True,True,True,28,28
trial_004_ep1_task066,4,66,3,True,True,True,True,28,28
trial_004_ep1_task066,4,66,4,True,True,True,True,28,28
trial_004_ep1_task066,4,66,5,True,True,True,True,28,28
trial_004_ep1_task066,4,66,6,True,True,True,True,28,28
trial_004_ep1_task066,4,66,7,True,True,True,True,28,28
trial_004_ep1_task066,4,66,8,True,True,True,True,28,28
trial_004_ep1_task066,4,66,9,True,True,True,True,28,28
trial_004_ep1_task066,4,66,10,True,True,True,True,28,28
trial_004_ep1_task066,4,66,11,True,True,True,True,28,28
trial_004_ep1_task066,4,66,12,True,True,True,True,28,28
trial_004_ep1_task066,4,66,13,True,True,True,True,28,28
trial_004_ep1_task066,4,66,14,True,True,True,True,28,28
trial_004_ep1_task066,4,66,15,True,True,True,True,28,28
trial_004_ep1_task066,4,66,16,True,True,True,True,28,28
trial_004_ep1_task066,4,66,17,True,True,True,True,28,28
trial_004_ep1_task066,4,66,18,True,True,True,True,28,28
trial_004_ep1_task066,4,66,19,True,True,True,True,28,28
trial_004_ep1_task066,4,66,20,True,True,True,True,28,28
trial_004_ep1_task066,4,66,21,True,True,True,True,28,28
trial_004_ep1_task066,4,66,22,True,True,True,True,28,28
trial_004_ep1_task066,4,66,23,True,True,True,True,28,28
trial_004_ep1_task066,4,66,24,True,True,True,True,28,28
trial_004_ep1_task066,4,66,25,True,True,True,True,28,28
trial_004_ep1_task066,4,66,26,True,True,True,True,28,28
trial_004_ep1_task066,4,66,27,True,True,True,True,28,28
trial_004_ep1_task067,4,67,0,True,True,True,True,28,28
trial_004_ep1_task067,4,67,1,True,True,True,True,28,28
trial_004_ep1_task067,4,67,2,True,True,True,True,28,28
trial_004_ep1_task067,4,67,3,True,True,True,True,28,28
trial_004_ep1_task067,4,67,4,True,True,True,True,28,28
trial_004_ep1_task067,4,67,5,True,True,True,True,28,28
trial_004_ep1_task067,4,67,6,True,True,True,True,28,28
trial_004_ep1_task067,4,67,7,True,True,True,True,28,28
trial_004_ep1_task067,4,67,8,True,True,True,True,28,28
trial_004_ep1_task067,4,67,9,True,True,True,True,28,28
trial_004_ep1_task067,4,67,10,True,True,True,True,28,28
trial_004_ep1_task067,4,67,11,True,True,True,True,28,28
trial_004_ep1_task067,4,67,12,True,True,True,True,28,28
trial_004_ep1_task067,4,67,13,True,True,True,True,28,28
trial_004_ep1_task067,4,67,14,True,True,True,True,28,28
trial_004_ep1_task067,4,67,15,True,True,True,True,28,28
trial_004_ep1_task067,4,67,16,True,True,True,True,28,28
trial_004_ep1_task067,4,67,17,True,True,True,True,28,28
trial_004_ep1_task067,4,67,18,True,True,True,True,28,28
trial_004_ep1_task067,4,67,19,True,True,True,True,28,28
trial_004_ep1_task067,4,67,20,True,True,True,True,28,28
trial_004_ep1_task067,4,67,21,True,True,True,True,28,28
trial_004_ep1_task067,4,67,22,True,True,True,True,28,28
trial_004_ep1_task067,4,67,23,True,True,True,True,28,28
trial_004_ep1_task067,4,67,24,True,True,True,True,28,28
trial_004_ep1_task067,4,67,25,True,True,True,True,28,28
trial_004_ep1_task067,4,67,26,True,True,True,True,28,28
trial_004_ep1_task067,4,67,27,True,True,True,True,28,28
trial_004_ep1_task069,4,69,0,True,True,True,True,28,28
trial_004_ep1_task069,4,69,1,True,True,True,True,28,28
trial_004_ep1_task069,4,69,2,True,True,True,True,28,28
trial_004_ep1_task069,4,69,3,True,True,True,True,28,28
trial_004_ep1_task069,4,69,4,True,True,True,True,28,28
trial_004_ep1_task069,4,69,5,True,True,True,True,28,28
trial_004_ep1_task069,4,69,6,True,True,True,True,28,28
trial_004_ep1_task069,4,69,7,True,True,True,True,28,28
trial_004_ep1_task069,4,69,8,True,True,True,True,28,28
trial_004_ep1_task069,4,69,9,True,True,True,True,28,28
trial_004_ep1_task069,4,69,10,True,True,True,True,28,28
trial_004_ep1_task069,4,69,11,True,True,True,True,28,28
trial_004_ep1_task069,4,69,12,True,True,True,True,28,28
trial_004_ep1_task069,4,69,13,True,True,True,True,28,28
trial_004_ep1_task069,4,69,14,True,True,True,True,28,28
trial_004_ep1_task069,4,69,15,True,True,True,True,28,28
trial_004_ep1_task069,4,69,16,True,True,True,True,28,28
trial_004_ep1_task069,4,69,17,True,True,True,True,28,28
trial_004_ep1_task069,4,69,18,True,True,True,True,28,28
trial_004_ep1_task069,4,69,19,True,True,True,True,28,28
trial_004_ep1_task069,4,69,20,True,True,True,True,28,28
trial_004_ep1_task069,4,69,21,True,True,True,True,28,28
trial_004_ep1_task069,4,69,22,True,True,True,True,28,28
trial_004_ep1_task069,4,69,23,True,True,True,True,28,28
trial_004_ep1_task069,4,69,24,True,True,True,True,28,28
trial_004_ep1_task069,4,69,25,True,True,True,True,28,28
trial_004_ep1_task069,4,69,26,True,True,True,True,28,28
trial_004_ep1_task069,4,69,27,True,True,True,True,28,28
trial_004_ep1_task071,4,71,6,True,True,True,True,15,15
trial_004_ep1_task071,4,71,10,True,True,True,True,15,15
trial_004_ep1_task071,4,71,11,True,True,True,True,15,15
trial_004_ep1_task071,4,71,12,True,True,True,True,15,15
trial_004_ep1_task071,4,71,15,True,True,True,True,15,15
trial_004_ep1_task071,4,71,17,True,True,True,True,15,15
trial_004_ep1_task071,4,71,19,True,True,True,True,15,15
trial_004_ep1_task071,4,71,20,True,True,True,True,15,15
trial_004_ep1_task071,4,71,21,True,True,True,True,15,15
trial_004_ep1_task071,4,71,22,True,True,True,True,15,15
trial_004_ep1_task071,4,71,23,True,True,True,True,15,15
trial_004_ep1_task071,4,71,24,True,True,True,True,15,15
trial_004_ep1_task071,4,71,25,True,True,True,True,15,15
trial_004_ep1_task071,4,71,26,True,True,True,True,15,15
trial_004_ep1_task071,4,71,27,True,True,True,True,15,15
trial_004_ep1_task073,4,73,4,True,True,True,True,18,18
trial_004_ep1_task073,4,73,6,True,True,True,True,18,18
trial_004_ep1_task073,4,73,9,True,True,True,True,18,18
trial_004_ep1_task073,4,73,10,True,True,True,True,18,18
trial_004_ep1_task073,4,73,11,True,True,True,True,18,18
trial_004_ep1_task073,4,73,12,True,True,True,True,18,18
trial_004_ep1_task073,4,73,15,True,True,True,True,18,18
trial_004_ep1_task073,4,73,16,True,True,True,True,18,18
trial_004_ep1_task073,4,73,17,True,True,True,True,18,18
trial_004_ep1_task073,4,73,19,True,True,True,True,18,18
trial_004_ep1_task073,4,73,20,True,True,True,True,18,18
trial_004_ep1_task073,4,73,21,True,True,True,True,18,18
trial_004_ep1_task073,4,73,22,True,True,True,True,18,18
trial_004_ep1_task073,4,73,23,True,True,True,True,18,18
trial_004_ep1_task073,4,73,24,True,True,True,True,18,18
trial_004_ep1_task073,4,73,25,True,True,True,True,18,18
trial_004_ep1_task073,4,73,26,True,True,True,True,18,18
trial_004_ep1_task073,4,73,27,True,True,True,True,18,18
trial_004_ep1_task074,4,74,0,True,True,True,True,28,28
trial_004_ep1_task074,4,74,1,True,True,True,True,28,28
trial_004_ep1_task074,4,74,2,True,True,True,True,28,28
trial_004_ep1_task074,4,74,3,True,True,True,True,28,28
trial_004_ep1_task074,4,74,4,True,True,True,True,28,28
trial_004_ep1_task074,4,74,5,True,True,True,True,28,28
trial_004_ep1_task074,4,74,6,True,True,True,True,28,28
trial_004_ep1_task074,4,74,7,True,True,True,True,28,28
trial_004_ep1_task074,4,74,8,True,True,True,True,28,28
trial_004_ep1_task074,4,74,9,True,True,True,True,28,28
trial_004_ep1_task074,4,74,10,True,True,True,True,28,28
trial_004_ep1_task074,4,74,11,True,True,True,True,28,28
trial_004_ep1_task074,4,74,12,True,True,True,True,28,28
trial_004_ep1_task074,4,74,13,True,True,True,True,28,28
trial_004_ep1_task074,4,74,14,True,True,True,True,28,28
trial_004_ep1_task074,4,74,15,True,True,True,True,28,28
trial_004_ep1_task074,4,74,16,True,True,True,True,28,28
trial_004_ep1_task074,4,74,17,True,True,True,True,28,28
trial_004_ep1_task074,4,74,18,True,True,True,True,28,28
trial_004_ep1_task074,4,74,19,True,True,True,True,28,28
trial_004_ep1_task074,4,74,20,True,True,True,True,28,28
trial_004_ep1_task074,4,74,21,True,True,True,True,28,28
trial_004_ep1_task074,4,74,22,True,True,True,True,28,28
trial_004_ep1_task074,4,74,23,True,True,True,True,28,28
trial_004_ep1_task074,4,74,24,True,True,True,True,28,28
trial_004_ep1_task074,4,74,25,True,True,True,True,28,28
trial_004_ep1_task074,4,74,26,True,True,True,True,28,28
trial_004_ep1_task074,4,74,27,True,True,True,True,28,28
trial_004_ep1_task078,4,78,0,True,True,True,True,28,28
trial_004_ep1_task078,4,78,1,True,True,True,True,28,28
trial_004_ep1_task078,4,78,2,True,True,True,True,28,28
trial_004_ep1_task078,4,78,3,True,True,True,True,28,28
trial_004_ep1_task078,4,78,4,True,True,True,True,28,28
trial_004_ep1_task078,4,78,5,True,True,True,True,28,28
trial_004_ep1_task078,4,78,6,True,True,True,True,28,28
trial_004_ep1_task078,4,78,7,True,True,True,True,28,28
trial_004_ep1_task078,4,78,8,True,True,True,True,28,28
trial_004_ep1_task078,4,78,9,True,True,True,True,28,28
trial_004_ep1_task078,4,78,10,True,True,True,True,28,28
trial_004_ep1_task078,4,78,11,True,True,True,True,28,28
trial_004_ep1_task078,4,78,12,True,True,True,True,28,28
trial_004_ep1_task078,4,78,13,True,True,True,True,28,28
trial_004_ep1_task078,4,78,14,True,True,True,True,28,28
trial_004_ep1_task078,4,78,15,True,True,True,True,28,28
trial_004_ep1_task078,4,78,16,True,True,True,True,28,28
trial_004_ep1_task078,4,78,17,True,True,True,True,28,28
trial_004_ep1_task078,4,78,18,True,True,True,True,28,28
trial_004_ep1_task078,4,78,19,True,True,True,True,28,28
trial_004_ep1_task078,4,78,20,True,True,True,True,28,28
trial_004_ep1_task078,4,78,21,True,True,True,True,28,28
trial_004_ep1_task078,4,78,22,True,True,True,True,28,28
trial_004_ep1_task078,4,78,23,True,True,True,True,28,28
trial_004_ep1_task078,4,78,24,True,True,True,True,28,28
trial_004_ep1_task078,4,78,25,True,True,True,True,28,28
trial_004_ep1_task078,4,78,26,True,True,True,True,28,28
trial_004_ep1_task078,4,78,27,True,True,True,True,28,28
trial_004_ep1_task079,4,79,0,True,True,True,True,28,28
trial_004_ep1_task079,4,79,1,True,True,True,True,28,28
trial_004_ep1_task079,4,79,2,True,True,True,True,28,28
trial_004_ep1_task079,4,79,3,True,True,True,True,28,28
trial_004_ep1_task079,4,79,4,True,True,True,True,28,28
trial_004_ep1_task079,4,79,5,True,True,True,True,28,28
trial_004_ep1_task079,4,79,6,True,True,True,True,28,28
trial_004_ep1_task079,4,79,7,True,True,True,True,28,28
trial_004_ep1_task079,4,79,8,True,True,True,True,28,28
trial_004_ep1_task079,4,79,9,True,True,True,True,28,28
trial_004_ep1_task079,4,79,10,True,True,True,True,28,28
trial_004_ep1_task079,4,79,11,True,True,True,True,28,28
trial_004_ep1_task079,4,79,12,True,True,True,True,28,28
trial_004_ep1_task079,4,79,13,True,True,True,True,28,28
trial_004_ep1_task079,4,79,14,True,True,True,True,28,28
trial_004_ep1_task079,4,79,15,True,True,True,True,28,28
trial_004_ep1_task079,4,79,16,True,True,True,True,28,28
trial_004_ep1_task079,4,79,17,True,True,True,True,28,28
trial_004_ep1_task079,4,79,18,True,True,True,True,28,28
trial_004_ep1_task079,4,79,19,True,True,True,True,28,28
trial_004_ep1_task079,4,79,20,True,True,True,True,28,28
trial_004_ep1_task079,4,79,21,True,True,True,True,28,28
trial_004_ep1_task079,4,79,22,True,True,True,True,28,28
trial_004_ep1_task079,4,79,23,True,True,True,True,28,28
trial_004_ep1_task079,4,79,24,True,True,True,True,28,28
trial_004_ep1_task079,4,79,25,True,True,True,True,28,28
trial_004_ep1_task079,4,79,26,True,True,True,True,28,28
trial_004_ep1_task079,4,79,27,True,True,True,True,28,28
trial_004_ep1_task082,4,82,0,True,True,True,True,28,28
trial_004_ep1_task082,4,82,1,True,True,True,True,28,28
trial_004_ep1_task082,4,82,2,True,True,True,True,28,28
trial_004_ep1_task082,4,82,3,True,True,True,True,28,28
trial_004_ep1_task082,4,82,4,True,True,True,True,28,28
trial_004_ep1_task082,4,82,5,True,True,True,True,28,28
trial_004_ep1_task082,4,82,6,True,True,True,True,28,28
trial_004_ep1_task082,4,82,7,True,True,True,True,28,28
trial_004_ep1_task082,4,82,8,True,True,True,True,28,28
trial_004_ep1_task082,4,82,9,True,True,True,True,28,28
trial_004_ep1_task082,4,82,10,True,True,True,True,28,28
trial_004_ep1_task082,4,82,11,True,True,True,True,28,28
trial_004_ep1_task082,4,82,12,True,True,True,True,28,28
trial_004_ep1_task082,4,82,13,True,True,True,True,28,28
trial_004_ep1_task082,4,82,14,True,True,True,True,28,28
trial_004_ep1_task082,4,82,15,True,True,True,True,28,28
trial_004_ep1_task082,4,82,16,True,True,True,True,28,28
trial_004_ep1_task082,4,82,17,True,True,True,True,28,28
trial_004_ep1_task082,4,82,18,True,True,True,True,28,28
trial_004_ep1_task082,4,82,19,True,True,True,True,28,28
trial_004_ep1_task082,4,82,20,True,True,True,True,28,28
trial_004_ep1_task082,4,82,21,True,True,True,True,28,28
trial_004_ep1_task082,4,82,22,True,True,True,True,28,28
trial_004_ep1_task082,4,82,23,True,True,True,True,28,28
trial_004_ep1_task082,4,82,24,True,True,True,True,28,28
trial_004_ep1_task082,4,82,25,True,True,True,True,28,28
trial_004_ep1_task082,4,82,26,True,True,True,True,28,28
trial_004_ep1_task082,4,82,27,True,True,True,True,28,28
trial_004_ep1_task083,4,83,0,True,True,True,True,26,26
trial_004_ep1_task083,4,83,3,True,True,True,True,26,26
trial_004_ep1_task083,4,83,4,True,True,True,True,26,26
trial_004_ep1_task083,4,83,5,True,True,True,True,26,26
trial_004_ep1_task083,4,83,6,True,True,True,True,26,26
trial_004_ep1_task083,4,83,7,True,True,True,True,26,26
trial_004_ep1_task083,4,83,8,True,True,True,True,26,26
trial_004_ep1_task083,4,83,9,True,True,True,True,26,26
trial_004_ep1_task083,4,83,10,True,True,True,True,26,26
trial_004_ep1_task083,4,83,11,True,True,True,True,26,26
trial_004_ep1_task083,4,83,12,True,True,True,True,26,26
trial_004_ep1_task083,4,83,13,True,True,True,True,26,26
trial_004_ep1_task083,4,83,14,True,True,True,True,26,26
trial_004_ep1_task083,4,83,15,True,True,True,True,26,26
trial_004_ep1_task083,4,83,16,True,True,True,True,26,26
trial_004_ep1_task083,4,83,17,True,True,True,True,26,26
trial_004_ep1_task083,4,83,18,True,True,True,True,26,26
trial_004_ep1_task083,4,83,19,True,True,True,True,26,26
trial_004_ep1_task083,4,83,20,True,True,True,True,26,26
trial_004_ep1_task083,4,83,21,True,True,True,True,26,26
trial_004_ep1_task083,4,83,22,True,True,True,True,26,26
trial_004_ep1_task083,4,83,23,True,True,True,True,26,26
trial_004_ep1_task083,4,83,24,True,True,True,True,26,26
trial_004_ep1_task083,4,83,25,True,True,True,True,26,26
trial_004_ep1_task083,4,83,26,True,True,True,True,26,26
trial_004_ep1_task083,4,83,27,True,True,True,True,26,26
trial_004_ep1_task084,4,84,0,True,True,True,True,28,28
trial_004_ep1_task084,4,84,1,True,True,True,True,28,28
trial_004_ep1_task084,4,84,2,True,True,True,True,28,28
trial_004_ep1_task084,4,84,3,True,True,True,True,28,28
trial_004_ep1_task084,4,84,4,True,True,True,True,28,28
trial_004_ep1_task084,4,84,5,True,True,True,True,28,28
trial_004_ep1_task084,4,84,6,True,True,True,True,28,28
trial_004_ep1_task084,4,84,7,True,True,True,True,28,28
trial_004_ep1_task084,4,84,8,True,True,True,True,28,28
trial_004_ep1_task084,4,84,9,True,True,True,True,28,28
trial_004_ep1_task084,4,84,10,True,True,True,True,28,28
trial_004_ep1_task084,4,84,11,True,True,True,True,28,28
trial_004_ep1_task084,4,84,12,True,True,True,True,28,28
trial_004_ep1_task084,4,84,13,True,True,True,True,28,28
trial_004_ep1_task084,4,84,14,True,True,True,True,28,28
trial_004_ep1_task084,4,84,15,True,True,True,True,28,28
trial_004_ep1_task084,4,84,16,True,True,True,True,28,28
trial_004_ep1_task084,4,84,17,True,True,True,True,28,28
trial_004_ep1_task084,4,84,18,True,True,True,True,28,28
trial_004_ep1_task084,4,84,19,True,True,True,True,28,28
trial_004_ep1_task084,4,84,20,True,True,True,True,28,28
trial_004_ep1_task084,4,84,21,True,True,True,True,28,28
trial_004_ep1_task084,4,84,22,True,True,True,True,28,28
trial_004_ep1_task084,4,84,23,True,True,True,True,28,28
trial_004_ep1_task084,4,84,24,True,True,True,True,28,28
trial_004_ep1_task084,4,84,25,True,True,True,True,28,28
trial_004_ep1_task084,4,84,26,True,True,True,True,28,28
trial_004_ep1_task084,4,84,27,True,True,True,True,28,28
trial_004_ep1_task086,4,86,4,True,True,True,True,23,23
trial_004_ep1_task086,4,86,5,True,True,True,True,23,23
trial_004_ep1_task086,4,86,6,True,True,True,True,23,23
trial_004_ep1_task086,4,86,7,True,True,True,True,23,23
trial_004_ep1_task086,4,86,8,True,True,True,True,23,23
trial_004_ep1_task086,4,86,9,True,True,True,True,23,23
trial_004_ep1_task086,4,86,10,True,True,True,True,23,23
trial_004_ep1_task086,4,86,11,True,True,True,True,23,23
trial_004_ep1_task086,4,86,12,True,True,True,True,23,23
trial_004_ep1_task086,4,86,14,True,True,True,True,23,23
trial_004_ep1_task086,4,86,15,True,True,True,True,23,23
trial_004_ep1_task086,4,86,16,True,True,True,True,23,23
trial_004_ep1_task086,4,86,17,True,True,True,True,23,23
trial_004_ep1_task086,4,86,18,True,True,True,True,23,23
trial_004_ep1_task086,4,86,19,True,True,True,True,23,23
trial_004_ep1_task086,4,86,20,True,True,True,True,23,23
trial_004_ep1_task086,4,86,21,True,True,True,True,23,23
trial_004_ep1_task086,4,86,22,True,True,True,True,23,23
trial_004_ep1_task086,4,86,23,True,True,True,True,23,23
trial_004_ep1_task086,4,86,24,True,True,True,True,23,23
trial_004_ep1_task086,4,86,25,True,True,True,True,23,23
trial_004_ep1_task086,4,86,26,True,True,True,True,23,23
trial_004_ep1_task086,4,86,27,True,True,True,True,23,23
trial_004_ep1_task087,4,87,6,True,True,True,True,14,14
trial_004_ep1_task087,4,87,10,True,True,True,True,14,14
trial_004_ep1_task087,4,87,11,True,True,True,True,14,14
trial_004_ep1_task087,4,87,12,True,True,True,True,14,14
trial_004_ep1_task087,4,87,15,True,True,True,True,14,14
trial_004_ep1_task087,4,87,17,True,True,True,True,14,14
trial_004_ep1_task087,4,87,19,True,True,True,True,14,14
trial_004_ep1_task087,4,87,21,True,True,True,True,14,14
trial_004_ep1_task087,4,87,22,True,True,True,True,14,14
trial_004_ep1_task087,4,87,23,True,True,True,True,14,14
trial_004_ep1_task087,4,87,24,True,True,True,True,14,14
trial_004_ep1_task087,4,87,25,True,True,True,True,14,14
trial_004_ep1_task087,4,87,26,True,True,True,True,14,14
trial_004_ep1_task087,4,87,27,True,True,True,True,14,14
trial_004_ep1_task089,4,89,6,True,True,True,True,14,14
trial_004_ep1_task089,4,89,10,True,True,True,True,14,14
trial_004_ep1_task089,4,89,11,True,True,True,True,14,14
trial_004_ep1_task089,4,89,12,True,True,True,True,14,14
trial_004_ep1_task089,4,89,15,True,True,True,True,14,14
trial_004_ep1_task089,4,89,17,True,True,True,True,14,14
trial_004_ep1_task089,4,89,19,True,True,True,True,14,14
trial_004_ep1_task089,4,89,21,True,True,True,True,14,14
trial_004_ep1_task089,4,89,22,True,True,True,True,14,14
trial_004_ep1_task089,4,89,23,True,True,True,True,14,14
trial_004_ep1_task089,4,89,24,True,True,True,True,14,14
trial_004_ep1_task089,4,89,25,True,True,True,True,14,14
trial_004_ep1_task089,4,89,26,True,True,True,True,14,14
trial_004_ep1_task089,4,89,27,True,True,True,True,14,14
trial_004_ep1_task090,4,90,0,True,True,True,True,28,28
trial_004_ep1_task090,4,90,1,True,True,True,True,28,28
trial_004_ep1_task090,4,90,2,True,True,True,True,28,28
trial_004_ep1_task090,4,90,3,True,True,True,True,28,28
trial_004_ep1_task090,4,90,4,True,True,True,True,28,28
trial_004_ep1_task090,4,90,5,True,True,True,True,28,28
trial_004_ep1_task090,4,90,6,True,True,True,True,28,28
trial_004_ep1_task090,4,90,7,True,True,True,True,28,28
trial_004_ep1_task090,4,90,8,True,True,True,True,28,28
trial_004_ep1_task090,4,90,9,True,True,True,True,28,28
trial_004_ep1_task090,4,90,10,True,True,True,True,28,28
trial_004_ep1_task090,4,90,11,True,True,True,True,28,28
trial_004_ep1_task090,4,90,12,True,True,True,True,28,28
trial_004_ep1_task090,4,90,13,True,True,True,True,28,28
trial_004_ep1_task090,4,90,14,True,True,True,True,28,28
trial_004_ep1_task090,4,90,15,True,True,True,True,28,28
trial_004_ep1_task090,4,90,16,True,True,True,True,28,28
trial_004_ep1_task090,4,90,17,True,True,True,True,28,28
trial_004_ep1_task090,4,90,18,True,True,True,True,28,28
trial_004_ep1_task090,4,90,19,True,True,True,True,28,28
trial_004_ep1_task090,4,90,20,True,True,True,True,28,28
trial_004_ep1_task090,4,90,21,True,True,True,True,28,28
trial_004_ep1_task090,4,90,22,True,True,True,True,28,28
trial_004_ep1_task090,4,90,23,True,True,True,True,28,28
trial_004_ep1_task090,4,90,24,True,True,True,True,28,28
trial_004_ep1_task090,4,90,25,True,True,True,True,28,28
trial_004_ep1_task090,4,90,26,True,True,True,True,28,28
trial_004_ep1_task090,4,90,27,True,True,True,True,28,28
trial_004_ep1_task096,4,96,0,True,True,True,True,28,28
trial_004_ep1_task096,4,96,1,True,True,True,True,28,28
trial_004_ep1_task096,4,96,2,True,True,True,True,28,28
trial_004_ep1_task096,4,96,3,True,True,True,True,28,28
trial_004_ep1_task096,4,96,4,True,True,True,True,28,28
trial_004_ep1_task096,4,96,5,True,True,True,True,28,28
trial_004_ep1_task096,4,96,6,True,True,True,True,28,28
trial_004_ep1_task096,4,96,7,True,True,True,True,28,28
trial_004_ep1_task096,4,96,8,True,True,True,True,28,28
trial_004_ep1_task096,4,96,9,True,True,True,True,28,28
trial_004_ep1_task096,4,96,10,True,True,True,True,28,28
trial_004_ep1_task096,4,96,11,True,True,True,True,28,28
trial_004_ep1_task096,4,96,12,True,True,True,True,28,28
trial_004_ep1_task096,4,96,13,True,True,True,True,28,28
trial_004_ep1_task096,4,96,14,True,True,True,True,28,28
trial_004_ep1_task096,4,96,15,True,True,True,True,28,28
trial_004_ep1_task096,4,96,16,True,True,True,True,28,28
trial_004_ep1_task096,4,96,17,True,True,True,True,28,28
trial_004_ep1_task096,4,96,18,True,True,True,True,28,28
trial_004_ep1_task096,4,96,19,True,True,True,True,28,28
trial_004_ep1_task096,4,96,20,True,True,True,True,28,28
trial_004_ep1_task096,4,96,21,True,True,True,True,28,28
trial_004_ep1_task096,4,96,22,True,True,True,True,28,28
trial_004_ep1_task096,4,96,23,True,True,True,True,28,28
trial_004_ep1_task096,4,96,24,True,True,True,True,28,28
trial_004_ep1_task096,4,96,25,True,True,True,True,28,28
trial_004_ep1_task096,4,96,26,True,True,True,True,28,28
trial_004_ep1_task096,4,96,27,True,True,True,True,28,28
trial_004_ep1_task098,4,98,0,True,True,True,True,28,28
trial_004_ep1_task098,4,98,1,True,True,True,True,28,28
trial_004_ep1_task098,4,98,2,True,True,True,True,28,28
trial_004_ep1_task098,4,98,3,True,True,True,True,28,28
trial_004_ep1_task098,4,98,4,True,True,True,True,28,28
trial_004_ep1_task098,4,98,5,True,True,True,True,28,28
trial_004_ep1_task098,4,98,6,True,True,True,True,28,28
trial_004_ep1_task098,4,98,7,True,True,True,True,28,28
trial_004_ep1_task098,4,98,8,True,True,True,True,28,28
trial_004_ep1_task098,4,98,9,True,True,True,True,28,28
trial_004_ep1_task098,4,98,10,True,True,True,True,28,28
trial_004_ep1_task098,4,98,11,True,True,True,True,28,28
trial_004_ep1_task098,4,98,12,True,True,True,True,28,28
trial_004_ep1_task098,4,98,13,True,True,True,True,28,28
trial_004_ep1_task098,4,98,14,True,True,True,True,28,28
trial_004_ep1_task098,4,98,15,True,True,True,True,28,28
trial_004_ep1_task098,4,98,16,True,True,True,True,28,28
trial_004_ep1_task098,4,98,17,True,True,True,True,28,28
trial_004_ep1_task098,4,98,18,True,True,True,True,28,28
trial_004_ep1_task098,4,98,19,True,True,True,True,28,28
trial_004_ep1_task098,4,98,20,True,True,True,True,28,28
trial_004_ep1_task098,4,98,21,True,True,True,True,28,28
trial_004_ep1_task098,4,98,22,True,True,True,True,28,28
trial_004_ep1_task098,4,98,23,True,True,True,True,28,28
trial_004_ep1_task098,4,98,24,True,True,True,True,28,28
trial_004_ep1_task098,4,98,25,True,True,True,True,28,28
trial_004_ep1_task098,4,98,26,True,True,True,True,28,28
trial_004_ep1_task098,4,98,27,True,True,True,True,28,28
trial_004_ep1_task099,4,99,0,True,True,True,True,28,28
trial_004_ep1_task099,4,99,1,True,True,True,True,28,28
trial_004_ep1_task099,4,99,2,True,True,True,True,28,28
trial_004_ep1_task099,4,99,3,True,True,True,True,28,28
trial_004_ep1_task099,4,99,4,True,True,True,True,28,28
trial_004_ep1_task099,4,99,5,True,True,True,True,28,28
trial_004_ep1_task099,4,99,6,True,True,True,True,28,28
trial_004_ep1_task099,4,99,7,True,True,True,True,28,28
trial_004_ep1_task099,4,99,8,True,True,True,True,28,28
trial_004_ep1_task099,4,99,9,True,True,True,True,28,28
trial_004_ep1_task099,4,99,10,True,True,True,True,28,28
trial_004_ep1_task099,4,99,11,True,True,True,True,28,28
trial_004_ep1_task099,4,99,12,True,True,True,True,28,28
trial_004_ep1_task099,4,99,13,True,True,True,True,28,28
trial_004_ep1_task099,4,99,14,True,True,True,True,28,28
trial_004_ep1_task099,4,99,15,True,True,True,True,28,28
trial_004_ep1_task099,4,99,16,True,True,True,True,28,28
trial_004_ep1_task099,4,99,17,True,True,True,True,28,28
trial_004_ep1_task099,4,99,18,True,True,True,True,28,28
trial_004_ep1_task099,4,99,19,True,True,True,True,28,28
trial_004_ep1_task099,4,99,20,True,True,True,True,28,28
trial_004_ep1_task099,4,99,21,True,True,True,True,28,28
trial_004_ep1_task099,4,99,22,True,True,True,True,28,28
trial_004_ep1_task099,4,99,23,True,True,True,True,28,28
trial_004_ep1_task099,4,99,24,True,True,True,True,28,28
trial_004_ep1_task099,4,99,25,True,True,True,True,28,28
trial_004_ep1_task099,4,99,26,True,True,True,True,28,28
trial_004_ep1_task099,4,99,27,True,True,True,True,28,28
trial_004_ep1_task100,4,100,4,True,True,True,True,23,23
trial_004_ep1_task100,4,100,5,True,True,True,True,23,23
trial_004_ep1_task100,4,100,6,True,True,True,True,23,23
trial_004_ep1_task100,4,100,7,True,True,True,True,23,23
trial_004_ep1_task100,4,100,8,True,True,True,True,23,23
trial_004_ep1_task100,4,100,9,True,True,True,True,23,23
trial_004_ep1_task100,4,100,10,True,True,True,True,23,23
trial_004_ep1_task100,4,100,11,True,True,True,True,23,23
trial_004_ep1_task100,4,100,12,True,True,True,True,23,23
trial_004_ep1_task100,4,100,14,True,True,True,True,23,23
trial_004_ep1_task100,4,100,15,True,True,True,True,23,23
trial_004_ep1_task100,4,100,16,True,True,True,True,23,23
trial_004_ep1_task100,4,100,17,True,True,True,True,23,23
trial_004_ep1_task100,4,100,18,True,True,True,True,23,23
trial_004_ep1_task100,4,100,19,True,True,True,True,23,23
trial_004_ep1_task100,4,100,20,True,True,True,True,23,23
trial_004_ep1_task100,4,100,21,True,True,True,True,23,23
trial_004_ep1_task100,4,100,22,True,True,True,True,23,23
trial_004_ep1_task100,4,100,23,True,True,True,True,23,23
trial_004_ep1_task100,4,100,24,True,True,True,True,23,23
trial_004_ep1_task100,4,100,25,True,True,True,True,23,23
trial_004_ep1_task100,4,100,26,True,True,True,True,23,23
trial_004_ep1_task100,4,100,27,True,True,True,True,23,23
trial_004_ep1_task103,4,103,0,True,True,True,True,28,28
trial_004_ep1_task103,4,103,1,True,True,True,True,28,28
trial_004_ep1_task103,4,103,2,True,True,True,True,28,28
trial_004_ep1_task103,4,103,3,True,True,True,True,28,28
trial_004_ep1_task103,4,103,4,True,True,True,True,28,28
trial_004_ep1_task103,4,103,5,True,True,True,True,28,28
trial_004_ep1_task103,4,103,6,True,True,True,True,28,28
trial_004_ep1_task103,4,103,7,True,True,True,True,28,28
trial_004_ep1_task103,4,103,8,True,True,True,True,28,28
trial_004_ep1_task103,4,103,9,True,True,True,True,28,28
trial_004_ep1_task103,4,103,10,True,True,True,True,28,28
trial_004_ep1_task103,4,103,11,True,True,True,True,28,28
trial_004_ep1_task103,4,103,12,True,True,True,True,28,28
trial_004_ep1_task103,4,103,13,True,True,True,True,28,28
trial_004_ep1_task103,4,103,14,True,True,True,True,28,28
trial_004_ep1_task103,4,103,15,True,True,True,True,28,28
trial_004_ep1_task103,4,103,16,True,True,True,True,28,28
trial_004_ep1_task103,4,103,17,True,True,True,True,28,28
trial_004_ep1_task103,4,103,18,True,True,True,True,28,28
trial_004_ep1_task103,4,103,19,True,True,True,True,28,28
trial_004_ep1_task103,4,103,20,True,True,True,True,28,28
trial_004_ep1_task103,4,103,21,True,True,True,True,28,28
trial_004_ep1_task103,4,103,22,True,True,True,True,28,28
trial_004_ep1_task103,4,103,23,True,True,True,True,28,28
trial_004_ep1_task103,4,103,24,True,True,True,True,28,28
trial_004_ep1_task103,4,103,25,True,True,True,True,28,28
trial_004_ep1_task103,4,103,26,True,True,True,True,28,28
trial_004_ep1_task103,4,103,27,True,True,True,True,28,28
trial_004_ep1_task104,4,104,6,True,True,True,True,13,13
trial_004_ep1_task104,4,104,10,True,True,True,True,13,13
trial_004_ep1_task104,4,104,11,True,True,True,True,13,13
trial_004_ep1_task104,4,104,12,True,True,True,True,13,13
trial_004_ep1_task104,4,104,17,True,True,True,True,13,13
trial_004_ep1_task104,4,104,19,True,True,True,True,13,13
trial_004_ep1_task104,4,104,21,True,True,True,True,13,13
trial_004_ep1_task104,4,104,22,True,True,True,True,13,13
trial_004_ep1_task104,4,104,23,True,True,True,True,13,13
trial_004_ep1_task104,4,104,24,True,True,True,True,13,13
trial_004_ep1_task104,4,104,25,True,True,True,True,13,13
trial_004_ep1_task104,4,104,26,True,True,True,True,13,13
trial_004_ep1_task104,4,104,27,True,True,True,True,13,13
trial_004_ep1_task108,4,108,6,True,True,True,True,14,14
trial_004_ep1_task108,4,108,10,True,True,True,True,14,14
trial_004_ep1_task108,4,108,11,True,True,True,True,14,14
trial_004_ep1_task108,4,108,12,True,True,True,True,14,14
trial_004_ep1_task108,4,108,15,True,True,True,True,14,14
trial_004_ep1_task108,4,108,17,True,True,True,True,14,14
trial_004_ep1_task108,4,108,19,True,True,True,True,14,14
trial_004_ep1_task108,4,108,21,True,True,True,True,14,14
trial_004_ep1_task108,4,108,22,True,True,True,True,14,14
trial_004_ep1_task108,4,108,23,True,True,True,True,14,14
trial_004_ep1_task108,4,108,24,True,True,True,True,14,14
trial_004_ep1_task108,4,108,25,True,True,True,True,14,14
trial_004_ep1_task108,4,108,26,True,True,True,True,14,14
trial_004_ep1_task108,4,108,27,True,True,True,True,14,14
trial_004_ep1_task113,4,113,0,True,True,True,True,28,28
trial_004_ep1_task113,4,113,1,True,True,True,True,28,28
trial_004_ep1_task113,4,113,2,True,True,True,True,28,28
trial_004_ep1_task113,4,113,3,True,True,True,True,28,28
trial_004_ep1_task113,4,113,4,True,True,True,True,28,28
trial_004_ep1_task113,4,113,5,True,True,True,True,28,28
trial_004_ep1_task113,4,113,6,True,True,True,True,28,28
trial_004_ep1_task113,4,113,7,True,True,True,True,28,28
trial_004_ep1_task113,4,113,8,True,True,True,True,28,28
trial_004_ep1_task113,4,113,9,True,True,True,True,28,28
trial_004_ep1_task113,4,113,10,True,True,True,True,28,28
trial_004_ep1_task113,4,113,11,True,True,True,True,28,28
trial_004_ep1_task113,4,113,12,True,True,True,True,28,28
trial_004_ep1_task113,4,113,13,True,True,True,True,28,28
trial_004_ep1_task113,4,113,14,True,True,True,True,28,28
trial_004_ep1_task113,4,113,15,True,True,True,True,28,28
trial_004_ep1_task113,4,113,16,True,True,True,True,28,28
trial_004_ep1_task113,4,113,17,True,True,True,True,28,28
trial_004_ep1_task113,4,113,18,True,True,True,True,28,28
trial_004_ep1_task113,4,113,19,True,True,True,True,28,28
trial_004_ep1_task113,4,113,20,True,True,True,True,28,28
trial_004_ep1_task113,4,113,21,True,True,True,True,28,28
trial_004_ep1_task113,4,113,22,True,True,True,True,28,28
trial_004_ep1_task113,4,113,23,True,True,True,True,28,28
trial_004_ep1_task113,4,113,24,True,True,True,True,28,28
trial_004_ep1_task113,4,113,25,True,True,True,True,28,28
trial_004_ep1_task113,4,113,26,True,True,True,True,28,28
trial_004_ep1_task113,4,113,27,True,True,True,True,28,28
trial_004_ep1_task117,4,117,0,True,True,True,True,28,28
trial_004_ep1_task117,4,117,1,True,True,True,True,28,28
trial_004_ep1_task117,4,117,2,True,True,True,True,28,28
trial_004_ep1_task117,4,117,3,True,True,True,True,28,28
trial_004_ep1_task117,4,117,4,True,True,True,True,28,28
trial_004_ep1_task117,4,117,5,True,True,True,True,28,28
trial_004_ep1_task117,4,117,6,True,True,True,True,28,28
trial_004_ep1_task117,4,117,7,True,True,True,True,28,28
trial_004_ep1_task117,4,117,8,True,True,True,True,28,28
trial_004_ep1_task117,4,117,9,True,True,True,True,28,28
trial_004_ep1_task117,4,117,10,True,True,True,True,28,28
trial_004_ep1_task117,4,117,11,True,True,True,True,28,28
trial_004_ep1_task117,4,117,12,True,True,True,True,28,28
trial_004_ep1_task117,4,117,13,True,True,True,True,28,28
trial_004_ep1_task117,4,117,14,True,True,True,True,28,28
trial_004_ep1_task117,4,117,15,True,True,True,True,28,28
trial_004_ep1_task117,4,117,16,True,True,True,True,28,28
trial_004_ep1_task117,4,117,17,True,True,True,True,28,28
trial_004_ep1_task117,4,117,18,True,True,True,True,28,28
trial_004_ep1_task117,4,117,19,True,True,True,True,28,28
trial_004_ep1_task117,4,117,20,True,True,True,True,28,28
trial_004_ep1_task117,4,117,21,True,True,True,True,28,28
trial_004_ep1_task117,4,117,22,True,True,True,True,28,28
trial_004_ep1_task117,4,117,23,True,True,True,True,28,28
trial_004_ep1_task117,4,117,24,True,True,True,True,28,28
trial_004_ep1_task117,4,117,25,True,True,True,True,28,28
trial_004_ep1_task117,4,117,26,True,True,True,True,28,28
trial_004_ep1_task117,4,117,27,True,True,True,True,28,28
trial_004_ep1_task122,4,122,0,True,True,True,True,28,28
trial_004_ep1_task122,4,122,1,True,True,True,True,28,28
trial_004_ep1_task122,4,122,2,True,True,True,True,28,28
trial_004_ep1_task122,4,122,3,True,True,True,True,28,28
trial_004_ep1_task122,4,122,4,True,True,True,True,28,28
trial_004_ep1_task122,4,122,5,True,True,True,True,28,28
trial_004_ep1_task122,4,122,6,True,True,True,True,28,28
trial_004_ep1_task122,4,122,7,True,True,True,True,28,28
trial_004_ep1_task122,4,122,8,True,True,True,True,28,28
trial_004_ep1_task122,4,122,9,True,True,True,True,28,28
trial_004_ep1_task122,4,122,10,True,True,True,True,28,28
trial_004_ep1_task122,4,122,11,True,True,True,True,28,28
trial_004_ep1_task122,4,122,12,True,True,True,True,28,28
trial_004_ep1_task122,4,122,13,True,True,True,True,28,28
trial_004_ep1_task122,4,122,14,True,True,True,True,28,28
trial_004_ep1_task122,4,122,15,True,True,True,True,28,28
trial_004_ep1_task122,4,122,16,True,True,True,True,28,28
trial_004_ep1_task122,4,122,17,True,True,True,True,28,28
trial_004_ep1_task122,4,122,18,True,True,True,True,28,28
trial_004_ep1_task122,4,122,19,True,True,True,True,28,28
trial_004_ep1_task122,4,122,20,True,True,True,True,28,28
trial_004_ep1_task122,4,122,21,True,True,True,True,28,28
trial_004_ep1_task122,4,122,22,True,True,True,True,28,28
trial_004_ep1_task122,4,122,23,True,True,True,True,28,28
trial_004_ep1_task122,4,122,24,True,True,True,True,28,28
trial_004_ep1_task122,4,122,25,True,True,True,True,28,28
trial_004_ep1_task122,4,122,26,True,True,True,True,28,28
trial_004_ep1_task122,4,122,27,True,True,True,True,28,28
trial_004_ep1_task123,4,123,0,True,True,True,True,28,28
trial_004_ep1_task123,4,123,1,True,True,True,True,28,28
trial_004_ep1_task123,4,123,2,True,True,True,True,28,28
trial_004_ep1_task123,4,123,3,True,True,True,True,28,28
trial_004_ep1_task123,4,123,4,True,True,True,True,28,28
trial_004_ep1_task123,4,123,5,True,True,True,True,28,28
trial_004_ep1_task123,4,123,6,True,True,True,True,28,28
trial_004_ep1_task123,4,123,7,True,True,True,True,28,28
trial_004_ep1_task123,4,123,8,True,True,True,True,28,28
trial_004_ep1_task123,4,123,9,True,True,True,True,28,28
trial_004_ep1_task123,4,123,10,True,True,True,True,28,28
trial_004_ep1_task123,4,123,11,True,True,True,True,28,28
trial_004_ep1_task123,4,123,12,True,True,True,True,28,28
trial_004_ep1_task123,4,123,13,True,True,True,True,28,28
trial_004_ep1_task123,4,123,14,True,True,True,True,28,28
trial_004_ep1_task123,4,123,15,True,True,True,True,28,28
trial_004_ep1_task123,4,123,16,True,True,True,True,28,28
trial_004_ep1_task123,4,123,17,True,True,True,True,28,28
trial_004_ep1_task123,4,123,18,True,True,True,True,28,28
trial_004_ep1_task123,4,123,19,True,True,True,True,28,28
trial_004_ep1_task123,4,123,20,True,True,True,True,28,28
trial_004_ep1_task123,4,123,21,True,True,True,True,28,28
trial_004_ep1_task123,4,123,22,True,True,True,True,28,28
trial_004_ep1_task123,4,123,23,True,True,True,True,28,28
trial_004_ep1_task123,4,123,24,True,True,True,True,28,28
trial_004_ep1_task123,4,123,25,True,True,True,True,28,28
trial_004_ep1_task123,4,123,26,True,True,True,True,28,28
trial_004_ep1_task123,4,123,27,True,True,True,True,28,28
trial_004_ep1_task125,4,125,3,True,True,True,True,25,25
trial_004_ep1_task125,4,125,4,True,True,True,True,25,25
trial_004_ep1_task125,4,125,5,True,True,True,True,25,25
trial_004_ep1_task125,4,125,6,True,True,True,True,25,25
trial_004_ep1_task125,4,125,7,True,True,True,True,25,25
trial_004_ep1_task125,4,125,8,True,True,True,True,25,25
trial_004_ep1_task125,4,125,9,True,True,True,True,25,25
trial_004_ep1_task125,4,125,10,True,True,True,True,25,25
trial_004_ep1_task125,4,125,11,True,True,True,True,25,25
trial_004_ep1_task125,4,125,12,True,True,True,True,25,25
trial_004_ep1_task125,4,125,13,True,True,True,True,25,25
trial_004_ep1_task125,4,125,14,True,True,True,True,25,25
trial_004_ep1_task125,4,125,15,True,True,True,True,25,25
trial_004_ep1_task125,4,125,16,True,True,True,True,25,25
trial_004_ep1_task125,4,125,17,True,True,True,True,25,25
trial_004_ep1_task125,4,125,18,True,True,True,True,25,25
trial_004_ep1_task125,4,125,19,True,True,True,True,25,25
trial_004_ep1_task125,4,125,20,True,True,True,True,25,25
trial_004_ep1_task125,4,125,21,True,True,True,True,25,25
trial_004_ep1_task125,4,125,22,True,True,True,True,25,25
trial_004_ep1_task125,4,125,23,True,True,True,True,25,25
trial_004_ep1_task125,4,125,24,True,True,True,True,25,25
trial_004_ep1_task125,4,125,25,True,True,True,True,25,25
trial_004_ep1_task125,4,125,26,True,True,True,True,25,25
trial_004_ep1_task125,4,125,27,True,True,True,True,25,25
trial_004_ep1_task127,4,127,0,True,True,True,True,28,28
trial_004_ep1_task127,4,127,1,True,True,True,True,28,28
trial_004_ep1_task127,4,127,2,True,True,True,True,28,28
trial_004_ep1_task127,4,127,3,True,True,True,True,28,28
trial_004_ep1_task127,4,127,4,True,True,True,True,28,28
trial_004_ep1_task127,4,127,5,True,True,True,True,28,28
trial_004_ep1_task127,4,127,6,True,True,True,True,28,28
trial_004_ep1_task127,4,127,7,True,True,True,True,28,28
trial_004_ep1_task127,4,127,8,True,True,True,True,28,28
trial_004_ep1_task127,4,127,9,True,True,True,True,28,28
trial_004_ep1_task127,4,127,10,True,True,True,True,28,28
trial_004_ep1_task127,4,127,11,True,True,True,True,28,28
trial_004_ep1_task127,4,127,12,True,True,True,True,28,28
trial_004_ep1_task127,4,127,13,True,True,True,True,28,28
trial_004_ep1_task127,4,127,14,True,True,True,True,28,28
trial_004_ep1_task127,4,127,15,True,True,True,True,28,28
trial_004_ep1_task127,4,127,16,True,True,True,True,28,28
trial_004_ep1_task127,4,127,17,True,True,True,True,28,28
trial_004_ep1_task127,4,127,18,True,True,True,True,28,28
trial_004_ep1_task127,4,127,19,True,True,True,True,28,28
trial_004_ep1_task127,4,127,20,True,True,True,True,28,28
trial_004_ep1_task127,4,127,21,True,True,True,True,28,28
trial_004_ep1_task127,4,127,22,True,True,True,True,28,28
trial_004_ep1_task127,4,127,23,True,True,True,True,28,28
trial_004_ep1_task127,4,127,24,True,True,True,True,28,28
trial_004_ep1_task127,4,127,25,True,True,True,True,28,28
trial_004_ep1_task127,4,127,26,True,True,True,True,28,28
trial_004_ep1_task127,4,127,27,True,True,True,True,28,28
trial_004_ep1_task128,4,128,4,True,True,True,True,23,23
trial_004_ep1_task128,4,128,5,True,True,True,True,23,23
trial_004_ep1_task128,4,128,6,True,True,True,True,23,23
trial_004_ep1_task128,4,128,7,True,True,True,True,23,23
trial_004_ep1_task128,4,128,8,True,True,True,True,23,23
trial_004_ep1_task128,4,128,9,True,True,True,True,23,23
trial_004_ep1_task128,4,128,10,True,True,True,True,23,23
trial_004_ep1_task128,4,128,11,True,True,True,True,23,23
trial_004_ep1_task128,4,128,12,True,True,True,True,23,23
trial_004_ep1_task128,4,128,14,True,True,True,True,23,23
trial_004_ep1_task128,4,128,15,True,True,True,True,23,23
trial_004_ep1_task128,4,128,16,True,True,True,True,23,23
trial_004_ep1_task128,4,128,17,True,True,True,True,23,23
trial_004_ep1_task128,4,128,18,True,True,True,True,23,23
trial_004_ep1_task128,4,128,19,True,True,True,True,23,23
trial_004_ep1_task128,4,128,20,True,True,True,True,23,23
trial_004_ep1_task128,4,128,21,True,True,True,True,23,23
trial_004_ep1_task128,4,128,22,True,True,True,True,23,23
trial_004_ep1_task128,4,128,23,True,True,True,True,23,23
trial_004_ep1_task128,4,128,24,True,True,True,True,23,23
trial_004_ep1_task128,4,128,25,True,True,True,True,23,23
trial_004_ep1_task128,4,128,26,True,True,True,True,23,23
trial_004_ep1_task128,4,128,27,True,True,True,True,23,23
trial_004_ep1_task129,4,129,6,True,True,True,True,13,13
trial_004_ep1_task129,4,129,10,True,True,True,True,13,13
trial_004_ep1_task129,4,129,11,True,True,True,True,13,13
trial_004_ep1_task129,4,129,12,True,True,True,True,13,13
trial_004_ep1_task129,4,129,17,True,True,True,True,13,13
trial_004_ep1_task129,4,129,19,True,True,True,True,13,13
trial_004_ep1_task129,4,129,21,True,True,True,True,13,13
trial_004_ep1_task129,4,129,22,True,True,True,True,13,13
trial_004_ep1_task129,4,129,23,True,True,True,True,13,13
trial_004_ep1_task129,4,129,24,True,True,True,True,13,13
trial_004_ep1_task129,4,129,25,True,True,True,True,13,13
trial_004_ep1_task129,4,129,26,True,True,True,True,13,13
trial_004_ep1_task129,4,129,27,True,True,True,True,13,13
trial_004_ep1_task132,4,132,0,True,True,True,True,28,28
trial_004_ep1_task132,4,132,1,True,True,True,True,28,28
trial_004_ep1_task132,4,132,2,True,True,True,True,28,28
trial_004_ep1_task132,4,132,3,True,True,True,True,28,28
trial_004_ep1_task132,4,132,4,True,True,True,True,28,28
trial_004_ep1_task132,4,132,5,True,True,True,True,28,28
trial_004_ep1_task132,4,132,6,True,True,True,True,28,28
trial_004_ep1_task132,4,132,7,True,True,True,True,28,28
trial_004_ep1_task132,4,132,8,True,True,True,True,28,28
trial_004_ep1_task132,4,132,9,True,True,True,True,28,28
trial_004_ep1_task132,4,132,10,True,True,True,True,28,28
trial_004_ep1_task132,4,132,11,True,True,True,True,28,28
trial_004_ep1_task132,4,132,12,True,True,True,True,28,28
trial_004_ep1_task132,4,132,13,True,True,True,True,28,28
trial_004_ep1_task132,4,132,14,True,True,True,True,28,28
trial_004_ep1_task132,4,132,15,True,True,True,True,28,28
trial_004_ep1_task132,4,132,16,True,True,True,True,28,28
trial_004_ep1_task132,4,132,17,True,True,True,True,28,28
trial_004_ep1_task132,4,132,18,True,True,True,True,28,28
trial_004_ep1_task132,4,132,19,True,True,True,True,28,28
trial_004_ep1_task132,4,132,20,True,True,True,True,28,28
trial_004_ep1_task132,4,132,21,True,True,True,True,28,28
trial_004_ep1_task132,4,132,22,True,True,True,True,28,28
trial_004_ep1_task132,4,132,23,True,True,True,True,28,28
trial_004_ep1_task132,4,132,24,True,True,True,True,28,28
trial_004_ep1_task132,4,132,25,True,True,True,True,28,28
trial_004_ep1_task132,4,132,26,True,True,True,True,28,28
trial_004_ep1_task132,4,132,27,True,True,True,True,28,28
trial_004_ep1_task134,4,134,0,True,True,True,True,28,28
trial_004_ep1_task134,4,134,1,True,True,True,True,28,28
trial_004_ep1_task134,4,134,2,True,True,True,True,28,28
trial_004_ep1_task134,4,134,3,True,True,True,True,28,28
trial_004_ep1_task134,4,134,4,True,True,True,True,28,28
trial_004_ep1_task134,4,134,5,True,True,True,True,28,28
trial_004_ep1_task134,4,134,6,True,True,True,True,28,28
trial_004_ep1_task134,4,134,7,True,True,True,True,28,28
trial_004_ep1_task134,4,134,8,True,True,True,True,28,28
trial_004_ep1_task134,4,134,9,True,True,True,True,28,28
trial_004_ep1_task134,4,134,10,True,True,True,True,28,28
trial_004_ep1_task134,4,134,11,True,True,True,True,28,28
trial_004_ep1_task134,4,134,12,True,True,True,True,28,28
trial_004_ep1_task134,4,134,13,True,True,True,True,28,28
trial_004_ep1_task134,4,134,14,True,True,True,True,28,28
trial_004_ep1_task134,4,134,15,True,True,True,True,28,28
trial_004_ep1_task134,4,134,16,True,True,True,True,28,28
trial_004_ep1_task134,4,134,17,True,True,True,True,28,28
trial_004_ep1_task134,4,134,18,True,True,True,True,28,28
trial_004_ep1_task134,4,134,19,True,True,True,True,28,28
trial_004_ep1_task134,4,134,20,True,True,True,True,28,28
trial_004_ep1_task134,4,134,21,True,True,True,True,28,28
trial_004_ep1_task134,4,134,22,True,True,True,True,28,28
trial_004_ep1_task134,4,134,23,True,True,True,True,28,28
trial_004_ep1_task134,4,134,24,True,True,True,True,28,28
trial_004_ep1_task134,4,134,25,True,True,True,True,28,28
trial_004_ep1_task134,4,134,26,True,True,True,True,28,28
trial_004_ep1_task134,4,134,27,True,True,True,True,28,28
trial_004_ep1_task135,4,135,4,True,True,True,True,23,23
trial_004_ep1_task135,4,135,5,True,True,True,True,23,23
trial_004_ep1_task135,4,135,6,True,True,True,True,23,23
trial_004_ep1_task135,4,135,7,True,True,True,True,23,23
trial_004_ep1_task135,4,135,8,True,True,True,True,23,23
trial_004_ep1_task135,4,135,9,True,True,True,True,23,23
trial_004_ep1_task135,4,135,10,True,True,True,True,23,23
trial_004_ep1_task135,4,135,11,True,True,True,True,23,23
trial_004_ep1_task135,4,135,12,True,True,True,True,23,23
trial_004_ep1_task135,4,135,14,True,True,True,True,23,23
trial_004_ep1_task135,4,135,15,True,True,True,True,23,23
trial_004_ep1_task135,4,135,16,True,True,True,True,23,23
trial_004_ep1_task135,4,135,17,True,True,True,True,23,23
trial_004_ep1_task135,4,135,18,True,True,True,True,23,23
trial_004_ep1_task135,4,135,19,True,True,True,True,23,23
trial_004_ep1_task135,4,135,20,True,True,True,True,23,23
trial_004_ep1_task135,4,135,21,True,True,True,True,23,23
trial_004_ep1_task135,4,135,22,True,True,True,True,23,23
trial_004_ep1_task135,4,135,23,True,True,True,True,23,23
trial_004_ep1_task135,4,135,24,True,True,True,True,23,23
trial_004_ep1_task135,4,135,25,True,True,True,True,23,23
trial_004_ep1_task135,4,135,26,True,True,True,True,23,23
trial_004_ep1_task135,4,135,27,True,True,True,True,23,23
trial_004_ep1_task138,4,138,0,True,True,True,True,28,28
trial_004_ep1_task138,4,138,1,True,True,True,True,28,28
trial_004_ep1_task138,4,138,2,True,True,True,True,28,28
trial_004_ep1_task138,4,138,3,True,True,True,True,28,28
trial_004_ep1_task138,4,138,4,True,True,True,True,28,28
trial_004_ep1_task138,4,138,5,True,True,True,True,28,28
trial_004_ep1_task138,4,138,6,True,True,True,True,28,28
trial_004_ep1_task138,4,138,7,True,True,True,True,28,28
trial_004_ep1_task138,4,138,8,True,True,True,True,28,28
trial_004_ep1_task138,4,138,9,True,True,True,True,28,28
trial_004_ep1_task138,4,138,10,True,True,True,True,28,28
trial_004_ep1_task138,4,138,11,True,True,True,True,28,28
trial_004_ep1_task138,4,138,12,True,True,True,True,28,28
trial_004_ep1_task138,4,138,13,True,True,True,True,28,28
trial_004_ep1_task138,4,138,14,True,True,True,True,28,28
trial_004_ep1_task138,4,138,15,True,True,True,True,28,28
trial_004_ep1_task138,4,138,16,True,True,True,True,28,28
trial_004_ep1_task138,4,138,17,True,True,True,True,28,28
trial_004_ep1_task138,4,138,18,True,True,True,True,28,28
trial_004_ep1_task138,4,138,19,True,True,True,True,28,28
trial_004_ep1_task138,4,138,20,True,True,True,True,28,28
trial_004_ep1_task138,4,138,21,True,True,True,True,28,28
trial_004_ep1_task138,4,138,22,True,True,True,True,28,28
trial_004_ep1_task138,4,138,23,True,True,True,True,28,28
trial_004_ep1_task138,4,138,24,True,True,True,True,28,28
trial_004_ep1_task138,4,138,25,True,True,True,True,28,28
trial_004_ep1_task138,4,138,26,True,True,True,True,28,28
trial_004_ep1_task138,4,138,27,True,True,True,True,28,28
trial_004_ep1_task139,4,139,0,True,True,True,True,26,26
trial_004_ep1_task139,4,139,3,True,True,True,True,26,26
trial_004_ep1_task139,4,139,4,True,True,True,True,26,26
trial_004_ep1_task139,4,139,5,True,True,True,True,26,26
trial_004_ep1_task139,4,139,6,True,True,True,True,26,26
trial_004_ep1_task139,4,139,7,True,True,True,True,26,26
trial_004_ep1_task139,4,139,8,True,True,True,True,26,26
trial_004_ep1_task139,4,139,9,True,True,True,True,26,26
trial_004_ep1_task139,4,139,10,True,True,True,True,26,26
trial_004_ep1_task139,4,139,11,True,True,True,True,26,26
trial_004_ep1_task139,4,139,12,True,True,True,True,26,26
trial_004_ep1_task139,4,139,13,True,True,True,True,26,26
trial_004_ep1_task139,4,139,14,True,True,True,True,26,26
trial_004_ep1_task139,4,139,15,True,True,True,True,26,26
trial_004_ep1_task139,4,139,16,True,True,True,True,26,26
trial_004_ep1_task139,4,139,17,True,True,True,True,26,26
trial_004_ep1_task139,4,139,18,True,True,True,True,26,26
trial_004_ep1_task139,4,139,19,True,True,True,True,26,26
trial_004_ep1_task139,4,139,20,True,True,True,True,26,26
trial_004_ep1_task139,4,139,21,True,True,True,True,26,26
trial_004_ep1_task139,4,139,22,True,True,True,True,26,26
trial_004_ep1_task139,4,139,23,True,True,True,True,26,26
trial_004_ep1_task139,4,139,24,True,True,True,True,26,26
trial_004_ep1_task139,4,139,25,True,True,True,True,26,26
trial_004_ep1_task139,4,139,26,True,True,True,True,26,26
trial_004_ep1_task139,4,139,27,True,True,True,True,26,26
trial_004_ep1_task141,4,141,0,True,True,True,True,28,28
trial_004_ep1_task141,4,141,1,True,True,True,True,28,28
trial_004_ep1_task141,4,141,2,True,True,True,True,28,28
trial_004_ep1_task141,4,141,3,True,True,True,True,28,28
trial_004_ep1_task141,4,141,4,True,True,True,True,28,28
trial_004_ep1_task141,4,141,5,True,True,True,True,28,28
trial_004_ep1_task141,4,141,6,True,True,True,True,28,28
trial_004_ep1_task141,4,141,7,True,True,True,True,28,28
trial_004_ep1_task141,4,141,8,True,True,True,True,28,28
trial_004_ep1_task141,4,141,9,True,True,True,True,28,28
trial_004_ep1_task141,4,141,10,True,True,True,True,28,28
trial_004_ep1_task141,4,141,11,True,True,True,True,28,28
trial_004_ep1_task141,4,141,12,True,True,True,True,28,28
trial_004_ep1_task141,4,141,13,True,True,True,True,28,28
trial_004_ep1_task141,4,141,14,True,True,True,True,28,28
trial_004_ep1_task141,4,141,15,True,True,True,True,28,28
trial_004_ep1_task141,4,141,16,True,True,True,True,28,28
trial_004_ep1_task141,4,141,17,True,True,True,True,28,28
trial_004_ep1_task141,4,141,18,True,True,True,True,28,28
trial_004_ep1_task141,4,141,19,True,True,True,True,28,28
trial_004_ep1_task141,4,141,20,True,True,True,True,28,28
trial_004_ep1_task141,4,141,21,True,True,True,True,28,28
trial_004_ep1_task141,4,141,22,True,True,True,True,28,28
trial_004_ep1_task141,4,141,23,True,True,True,True,28,28
trial_004_ep1_task141,4,141,24,True,True,True,True,28,28
trial_004_ep1_task141,4,141,25,True,True,True,True,28,28
trial_004_ep1_task141,4,141,26,True,True,True,True,28,28
trial_004_ep1_task141,4,141,27,True,True,True,True,28,28
trial_004_ep1_task143,4,143,0,True,True,True,True,27,27
trial_004_ep1_task143,4,143,2,True,True,True,True,27,27
trial_004_ep1_task143,4,143,3,True,True,True,True,27,27
trial_004_ep1_task143,4,143,4,True,True,True,True,27,27
trial_004_ep1_task143,4,143,5,True,True,True,True,27,27
trial_004_ep1_task143,4,143,6,True,True,True,True,27,27
trial_004_ep1_task143,4,143,7,True,True,True,True,27,27
trial_004_ep1_task143,4,143,8,True,True,True,True,27,27
trial_004_ep1_task143,4,143,9,True,True,True,True,27,27
trial_004_ep1_task143,4,143,10,True,True,True,True,27,27
trial_004_ep1_task143,4,143,11,True,True,True,True,27,27
trial_004_ep1_task143,4,143,12,True,True,True,True,27,27
trial_004_ep1_task143,4,143,13,True,True,True,True,27,27
trial_004_ep1_task143,4,143,14,True,True,True,True,27,27
trial_004_ep1_task143,4,143,15,True,True,True,True,27,27
trial_004_ep1_task143,4,143,16,True,True,True,True,27,27
trial_004_ep1_task143,4,143,17,True,True,True,True,27,27
trial_004_ep1_task143,4,143,18,True,True,True,True,27,27
trial_004_ep1_task143,4,143,19,True,True,True,True,27,27
trial_004_ep1_task143,4,143,20,True,True,True,True,27,27
trial_004_ep1_task143,4,143,21,True,True,True,True,27,27
trial_004_ep1_task143,4,143,22,True,True,True,True,27,27
trial_004_ep1_task143,4,143,23,True,True,True,True,27,27
trial_004_ep1_task143,4,143,24,True,True,True,True,27,27
trial_004_ep1_task143,4,143,25,True,True,True,True,27,27
trial_004_ep1_task143,4,143,26,True,True,True,True,27,27
trial_004_ep1_task143,4,143,27,True,True,True,True,27,27
trial_004_ep1_task144,4,144,0,True,True,True,True,28,28
trial_004_ep1_task144,4,144,1,True,True,True,True,28,28
trial_004_ep1_task144,4,144,2,True,True,True,True,28,28
trial_004_ep1_task144,4,144,3,True,True,True,True,28,28
trial_004_ep1_task144,4,144,4,True,True,True,True,28,28
trial_004_ep1_task144,4,144,5,True,True,True,True,28,28
trial_004_ep1_task144,4,144,6,True,True,True,True,28,28
trial_004_ep1_task144,4,144,7,True,True,True,True,28,28
trial_004_ep1_task144,4,144,8,True,True,True,True,28,28
trial_004_ep1_task144,4,144,9,True,True,True,True,28,28
trial_004_ep1_task144,4,144,10,True,True,True,True,28,28
trial_004_ep1_task144,4,144,11,True,True,True,True,28,28
trial_004_ep1_task144,4,144,12,True,True,True,True,28,28
trial_004_ep1_task144,4,144,13,True,True,True,True,28,28
trial_004_ep1_task144,4,144,14,True,True,True,True,28,28
trial_004_ep1_task144,4,144,15,True,True,True,True,28,28
trial_004_ep1_task144,4,144,16,True,True,True,True,28,28
trial_004_ep1_task144,4,144,17,True,True,True,True,28,28
trial_004_ep1_task144,4,144,18,True,True,True,True,28,28
trial_004_ep1_task144,4,144,19,True,True,True,True,28,28
trial_004_ep1_task144,4,144,20,True,True,True,True,28,28
trial_004_ep1_task144,4,144,21,True,True,True,True,28,28
trial_004_ep1_task144,4,144,22,True,True,True,True,28,28
trial_004_ep1_task144,4,144,23,True,True,True,True,28,28
trial_004_ep1_task144,4,144,24,True,True,True,True,28,28
trial_004_ep1_task144,4,144,25,True,True,True,True,28,28
trial_004_ep1_task144,4,144,26,True,True,True,True,28,28
trial_004_ep1_task144,4,144,27,True,True,True,True,28,28
trial_004_ep1_task146,4,146,4,True,True,True,True,23,23
trial_004_ep1_task146,4,146,5,True,True,True,True,23,23
trial_004_ep1_task146,4,146,6,True,True,True,True,23,23
trial_004_ep1_task146,4,146,7,True,True,True,True,23,23
trial_004_ep1_task146,4,146,8,True,True,True,True,23,23
trial_004_ep1_task146,4,146,9,True,True,True,True,23,23
trial_004_ep1_task146,4,146,10,True,True,True,True,23,23
trial_004_ep1_task146,4,146,11,True,True,True,True,23,23
trial_004_ep1_task146,4,146,12,True,True,True,True,23,23
trial_004_ep1_task146,4,146,14,True,True,True,True,23,23
trial_004_ep1_task146,4,146,15,True,True,True,True,23,23
trial_004_ep1_task146,4,146,16,True,True,True,True,23,23
trial_004_ep1_task146,4,146,17,True,True,True,True,23,23
trial_004_ep1_task146,4,146,18,True,True,True,True,23,23
trial_004_ep1_task146,4,146,19,True,True,True,True,23,23
trial_004_ep1_task146,4,146,20,True,True,True,True,23,23
trial_004_ep1_task146,4,146,21,True,True,True,True,23,23
trial_004_ep1_task146,4,146,22,True,True,True,True,23,23
trial_004_ep1_task146,4,146,23,True,True,True,True,23,23
trial_004_ep1_task146,4,146,24,True,True,True,True,23,23
trial_004_ep1_task146,4,146,25,True,True,True,True,23,23
trial_004_ep1_task146,4,146,26,True,True,True,True,23,23
trial_004_ep1_task146,4,146,27,True,True,True,True,23,23
trial_004_ep1_task147,4,147,0,True,True,True,True,28,28
trial_004_ep1_task147,4,147,1,True,True,True,True,28,28
trial_004_ep1_task147,4,147,2,True,True,True,True,28,28
trial_004_ep1_task147,4,147,3,True,True,True,True,28,28
trial_004_ep1_task147,4,147,4,True,True,True,True,28,28
trial_004_ep1_task147,4,147,5,True,True,True,True,28,28
trial_004_ep1_task147,4,147,6,True,True,True,True,28,28
trial_004_ep1_task147,4,147,7,True,True,True,True,28,28
trial_004_ep1_task147,4,147,8,True,True,True,True,28,28
trial_004_ep1_task147,4,147,9,True,True,True,True,28,28
trial_004_ep1_task147,4,147,10,True,True,True,True,28,28
trial_004_ep1_task147,4,147,11,True,True,True,True,28,28
trial_004_ep1_task147,4,147,12,True,True,True,True,28,28
trial_004_ep1_task147,4,147,13,True,True,True,True,28,28
trial_004_ep1_task147,4,147,14,True,True,True,True,28,28
trial_004_ep1_task147,4,147,15,True,True,True,True,28,28
trial_004_ep1_task147,4,147,16,True,True,True,True,28,28
trial_004_ep1_task147,4,147,17,True,True,True,True,28,28
trial_004_ep1_task147,4,147,18,True,True,True,True,28,28
trial_004_ep1_task147,4,147,19,True,True,True,True,28,28
trial_004_ep1_task147,4,147,20,True,True,True,True,28,28
trial_004_ep1_task147,4,147,21,True,True,True,True,28,28
trial_004_ep1_task147,4,147,22,True,True,True,True,28,28
trial_004_ep1_task147,4,147,23,True,True,True,True,28,28
trial_004_ep1_task147,4,147,24,True,True,True,True,28,28
trial_004_ep1_task147,4,147,25,True,True,True,True,28,28
trial_004_ep1_task147,4,147,26,True,True,True,True,28,28
trial_004_ep1_task147,4,147,27,True,True,True,True,28,28
trial_004_ep1_task153,4,153,4,True,True,True,True,23,23
trial_004_ep1_task153,4,153,5,True,True,True,True,23,23
trial_004_ep1_task153,4,153,6,True,True,True,True,23,23
trial_004_ep1_task153,4,153,7,True,True,True,True,23,23
trial_004_ep1_task153,4,153,8,True,True,True,True,23,23
trial_004_ep1_task153,4,153,9,True,True,True,True,23,23
trial_004_ep1_task153,4,153,10,True,True,True,True,23,23
trial_004_ep1_task153,4,153,11,True,True,True,True,23,23
trial_004_ep1_task153,4,153,12,True,True,True,True,23,23
trial_004_ep1_task153,4,153,14,True,True,True,True,23,23
trial_004_ep1_task153,4,153,15,True,True,True,True,23,23
trial_004_ep1_task153,4,153,16,True,True,True,True,23,23
trial_004_ep1_task153,4,153,17,True,True,True,True,23,23
trial_004_ep1_task153,4,153,18,True,True,True,True,23,23
trial_004_ep1_task153,4,153,19,True,True,True,True,23,23
trial_004_ep1_task153,4,153,20,True,True,True,True,23,23
trial_004_ep1_task153,4,153,21,True,True,True,True,23,23
trial_004_ep1_task153,4,153,22,True,True,True,True,23,23
trial_004_ep1_task153,4,153,23,True,True,True,True,23,23
trial_004_ep1_task153,4,153,24,True,True,True,True,23,23
trial_004_ep1_task153,4,153,25,True,True,True,True,23,23
trial_004_ep1_task153,4,153,26,True,True,True,True,23,23
trial_004_ep1_task153,4,153,27,True,True,True,True,23,23
trial_004_ep1_task156,4,156,0,True,True,True,True,28,28
trial_004_ep1_task156,4,156,1,True,True,True,True,28,28
trial_004_ep1_task156,4,156,2,True,True,True,True,28,28
trial_004_ep1_task156,4,156,3,True,True,True,True,28,28
trial_004_ep1_task156,4,156,4,True,True,True,True,28,28
trial_004_ep1_task156,4,156,5,True,True,True,True,28,28
trial_004_ep1_task156,4,156,6,True,True,True,True,28,28
trial_004_ep1_task156,4,156,7,True,True,True,True,28,28
trial_004_ep1_task156,4,156,8,True,True,True,True,28,28
trial_004_ep1_task156,4,156,9,True,True,True,True,28,28
trial_004_ep1_task156,4,156,10,True,True,True,True,28,28
trial_004_ep1_task156,4,156,11,True,True,True,True,28,28
trial_004_ep1_task156,4,156,12,True,True,True,True,28,28
trial_004_ep1_task156,4,156,13,True,True,True,True,28,28
trial_004_ep1_task156,4,156,14,True,True,True,True,28,28
trial_004_ep1_task156,4,156,15,True,True,True,True,28,28
trial_004_ep1_task156,4,156,16,True,True,True,True,28,28
trial_004_ep1_task156,4,156,17,True,True,True,True,28,28
trial_004_ep1_task156,4,156,18,True,True,True,True,28,28
trial_004_ep1_task156,4,156,19,True,True,True,True,28,28
trial_004_ep1_task156,4,156,20,True,True,True,True,28,28
trial_004_ep1_task156,4,156,21,True,True,True,True,28,28
trial_004_ep1_task156,4,156,22,True,True,True,True,28,28
trial_004_ep1_task156,4,156,23,True,True,True,True,28,28
trial_004_ep1_task156,4,156,24,True,True,True,True,28,28
trial_004_ep1_task156,4,156,25,True,True,True,True,28,28
trial_004_ep1_task156,4,156,26,True,True,True,True,28,28
trial_004_ep1_task156,4,156,27,True,True,True,True,28,28
trial_004_ep1_task161,4,161,0,True,True,True,True,28,28
trial_004_ep1_task161,4,161,1,True,True,True,True,28,28
trial_004_ep1_task161,4,161,2,True,True,True,True,28,28
trial_004_ep1_task161,4,161,3,True,True,True,True,28,28
trial_004_ep1_task161,4,161,4,True,True,True,True,28,28
trial_004_ep1_task161,4,161,5,True,True,True,True,28,28
trial_004_ep1_task161,4,161,6,True,True,True,True,28,28
trial_004_ep1_task161,4,161,7,True,True,True,True,28,28
trial_004_ep1_task161,4,161,8,True,True,True,True,28,28
trial_004_ep1_task161,4,161,9,True,True,True,True,28,28
trial_004_ep1_task161,4,161,10,True,True,True,True,28,28
trial_004_ep1_task161,4,161,11,True,True,True,True,28,28
trial_004_ep1_task161,4,161,12,True,True,True,True,28,28
trial_004_ep1_task161,4,161,13,True,True,True,True,28,28
trial_004_ep1_task161,4,161,14,True,True,True,True,28,28
trial_004_ep1_task161,4,161,15,True,True,True,True,28,28
trial_004_ep1_task161,4,161,16,True,True,True,True,28,28
trial_004_ep1_task161,4,161,17,True,True,True,True,28,28
trial_004_ep1_task161,4,161,18,True,True,True,True,28,28
trial_004_ep1_task161,4,161,19,True,True,True,True,28,28
trial_004_ep1_task161,4,161,20,True,True,True,True,28,28
trial_004_ep1_task161,4,161,21,True,True,True,True,28,28
trial_004_ep1_task161,4,161,22,True,True,True,True,28,28
trial_004_ep1_task161,4,161,23,True,True,True,True,28,28
trial_004_ep1_task161,4,161,24,True,True,True,True,28,28
trial_004_ep1_task161,4,161,25,True,True,True,True,28,28
trial_004_ep1_task161,4,161,26,True,True,True,True,28,28
trial_004_ep1_task161,4,161,27,True,True,True,True,28,28
trial_004_ep1_task167,4,167,6,True,True,True,True,10,10
trial_004_ep1_task167,4,167,10,True,True,True,True,10,10
trial_004_ep1_task167,4,167,12,True,True,True,True,10,10
trial_004_ep1_task167,4,167,17,True,True,True,True,10,10
trial_004_ep1_task167,4,167,21,True,True,True,True,10,10
trial_004_ep1_task167,4,167,22,True,True,True,True,10,10
trial_004_ep1_task167,4,167,24,True,True,True,True,10,10
trial_004_ep1_task167,4,167,25,True,True,True,True,10,10
trial_004_ep1_task167,4,167,26,True,True,True,True,10,10
trial_004_ep1_task167,4,167,27,True,True,True,True,10,10
trial_004_ep1_task168,4,168,0,True,True,True,True,28,28
trial_004_ep1_task168,4,168,1,True,True,True,True,28,28
trial_004_ep1_task168,4,168,2,True,True,True,True,28,28
trial_004_ep1_task168,4,168,3,True,True,True,True,28,28
trial_004_ep1_task168,4,168,4,True,True,True,True,28,28
trial_004_ep1_task168,4,168,5,True,True,True,True,28,28
trial_004_ep1_task168,4,168,6,True,True,True,True,28,28
trial_004_ep1_task168,4,168,7,True,True,True,True,28,28
trial_004_ep1_task168,4,168,8,True,True,True,True,28,28
trial_004_ep1_task168,4,168,9,True,True,True,True,28,28
trial_004_ep1_task168,4,168,10,True,True,True,True,28,28
trial_004_ep1_task168,4,168,11,True,True,True,True,28,28
trial_004_ep1_task168,4,168,12,True,True,True,True,28,28
trial_004_ep1_task168,4,168,13,True,True,True,True,28,28
trial_004_ep1_task168,4,168,14,True,True,True,True,28,28
trial_004_ep1_task168,4,168,15,True,True,True,True,28,28
trial_004_ep1_task168,4,168,16,True,True,True,True,28,28
trial_004_ep1_task168,4,168,17,True,True,True,True,28,28
trial_004_ep1_task168,4,168,18,True,True,True,True,28,28
trial_004_ep1_task168,4,168,19,True,True,True,True,28,28
trial_004_ep1_task168,4,168,20,True,True,True,True,28,28
trial_004_ep1_task168,4,168,21,True,True,True,True,28,28
trial_004_ep1_task168,4,168,22,True,True,True,True,28,28
trial_004_ep1_task168,4,168,23,True,True,True,True,28,28
trial_004_ep1_task168,4,168,24,True,True,True,True,28,28
trial_004_ep1_task168,4,168,25,True,True,True,True,28,28
trial_004_ep1_task168,4,168,26,True,True,True,True,28,28
trial_004_ep1_task168,4,168,27,True,True,True,True,28,28
trial_004_ep1_task170,4,170,0,True,True,True,True,27,27
trial_004_ep1_task170,4,170,2,True,True,True,True,27,27
trial_004_ep1_task170,4,170,3,True,True,True,True,27,27
trial_004_ep1_task170,4,170,4,True,True,True,True,27,27
trial_004_ep1_task170,4,170,5,True,True,True,True,27,27
trial_004_ep1_task170,4,170,6,True,True,True,True,27,27
trial_004_ep1_task170,4,170,7,True,True,True,True,27,27
trial_004_ep1_task170,4,170,8,True,True,True,True,27,27
trial_004_ep1_task170,4,170,9,True,True,True,True,27,27
trial_004_ep1_task170,4,170,10,True,True,True,True,27,27
trial_004_ep1_task170,4,170,11,True,True,True,True,27,27
trial_004_ep1_task170,4,170,12,True,True,True,True,27,27
trial_004_ep1_task170,4,170,13,True,True,True,True,27,27
trial_004_ep1_task170,4,170,14,True,True,True,True,27,27
trial_004_ep1_task170,4,170,15,True,True,True,True,27,27
trial_004_ep1_task170,4,170,16,True,True,True,True,27,27
trial_004_ep1_task170,4,170,17,True,True,True,True,27,27
trial_004_ep1_task170,4,170,18,True,True,True,True,27,27
trial_004_ep1_task170,4,170,19,True,True,True,True,27,27
trial_004_ep1_task170,4,170,20,True,True,True,True,27,27
trial_004_ep1_task170,4,170,21,True,True,True,True,27,27
trial_004_ep1_task170,4,170,22,True,True,True,True,27,27
trial_004_ep1_task170,4,170,23,True,True,True,True,27,27
trial_004_ep1_task170,4,170,24,True,True,True,True,27,27
trial_004_ep1_task170,4,170,25,True,True,True,True,27,27
trial_004_ep1_task170,4,170,26,True,True,True,True,27,27
trial_004_ep1_task170,4,170,27,True,True,True,True,27,27
trial_004_ep1_task172,4,172,6,True,True,True,True,10,10
trial_004_ep1_task172,4,172,10,True,True,True,True,10,10
trial_004_ep1_task172,4,172,12,True,True,True,True,10,10
trial_004_ep1_task172,4,172,17,True,True,True,True,10,10
trial_004_ep1_task172,4,172,21,True,True,True,True,10,10
trial_004_ep1_task172,4,172,22,True,True,True,True,10,10
trial_004_ep1_task172,4,172,24,True,True,True,True,10,10
trial_004_ep1_task172,4,172,25,True,True,True,True,10,10
trial_004_ep1_task172,4,172,26,True,True,True,True,10,10
trial_004_ep1_task172,4,172,27,True,True,True,True,10,10
trial_004_ep1_task173,4,173,0,True,True,True,True,28,28
trial_004_ep1_task173,4,173,1,True,True,True,True,28,28
trial_004_ep1_task173,4,173,2,True,True,True,True,28,28
trial_004_ep1_task173,4,173,3,True,True,True,True,28,28
trial_004_ep1_task173,4,173,4,True,True,True,True,28,28
trial_004_ep1_task173,4,173,5,True,True,True,True,28,28
trial_004_ep1_task173,4,173,6,True,True,True,True,28,28
trial_004_ep1_task173,4,173,7,True,True,True,True,28,28
trial_004_ep1_task173,4,173,8,True,True,True,True,28,28
trial_004_ep1_task173,4,173,9,True,True,True,True,28,28
trial_004_ep1_task173,4,173,10,True,True,True,True,28,28
trial_004_ep1_task173,4,173,11,True,True,True,True,28,28
trial_004_ep1_task173,4,173,12,True,True,True,True,28,28
trial_004_ep1_task173,4,173,13,True,True,True,True,28,28
trial_004_ep1_task173,4,173,14,True,True,True,True,28,28
trial_004_ep1_task173,4,173,15,True,True,True,True,28,28
trial_004_ep1_task173,4,173,16,True,True,True,True,28,28
trial_004_ep1_task173,4,173,17,True,True,True,True,28,28
trial_004_ep1_task173,4,173,18,True,True,True,True,28,28
trial_004_ep1_task173,4,173,19,True,True,True,True,28,28
trial_004_ep1_task173,4,173,20,True,True,True,True,28,28
trial_004_ep1_task173,4,173,21,True,True,True,True,28,28
trial_004_ep1_task173,4,173,22,True,True,True,True,28,28
trial_004_ep1_task173,4,173,23,True,True,True,True,28,28
trial_004_ep1_task173,4,173,24,True,True,True,True,28,28
trial_004_ep1_task173,4,173,25,True,True,True,True,28,28
trial_004_ep1_task173,4,173,26,True,True,True,True,28,28
trial_004_ep1_task173,4,173,27,True,True,True,True,28,28
trial_004_ep1_task175,4,175,0,True,True,True,True,28,28
trial_004_ep1_task175,4,175,1,True,True,True,True,28,28
trial_004_ep1_task175,4,175,2,True,True,True,True,28,28
trial_004_ep1_task175,4,175,3,True,True,True,True,28,28
trial_004_ep1_task175,4,175,4,True,True,True,True,28,28
trial_004_ep1_task175,4,175,5,True,True,True,True,28,28
trial_004_ep1_task175,4,175,6,True,True,True,True,28,28
trial_004_ep1_task175,4,175,7,True,True,True,True,28,28
trial_004_ep1_task175,4,175,8,True,True,True,True,28,28
trial_004_ep1_task175,4,175,9,True,True,True,True,28,28
trial_004_ep1_task175,4,175,10,True,True,True,True,28,28
trial_004_ep1_task175,4,175,11,True,True,True,True,28,28
trial_004_ep1_task175,4,175,12,True,True,True,True,28,28
trial_004_ep1_task175,4,175,13,True,True,True,True,28,28
trial_004_ep1_task175,4,175,14,True,True,True,True,28,28
trial_004_ep1_task175,4,175,15,True,True,True,True,28,28
trial_004_ep1_task175,4,175,16,True,True,True,True,28,28
trial_004_ep1_task175,4,175,17,True,True,True,True,28,28
trial_004_ep1_task175,4,175,18,True,True,True,True,28,28
trial_004_ep1_task175,4,175,19,True,True,True,True,28,28
trial_004_ep1_task175,4,175,20,True,True,True,True,28,28
trial_004_ep1_task175,4,175,21,True,True,True,True,28,28
trial_004_ep1_task175,4,175,22,True,True,True,True,28,28
trial_004_ep1_task175,4,175,23,True,True,True,True,28,28
trial_004_ep1_task175,4,175,24,True,True,True,True,28,28
trial_004_ep1_task175,4,175,25,True,True,True,True,28,28
trial_004_ep1_task175,4,175,26,True,True,True,True,28,28
trial_004_ep1_task175,4,175,27,True,True,True,True,28,28
trial_004_ep1_task176,4,176,0,True,True,True,True,28,28
trial_004_ep1_task176,4,176,1,True,True,True,True,28,28
trial_004_ep1_task176,4,176,2,True,True,True,True,28,28
trial_004_ep1_task176,4,176,3,True,True,True,True,28,28
trial_004_ep1_task176,4,176,4,True,True,True,True,28,28
trial_004_ep1_task176,4,176,5,True,True,True,True,28,28
trial_004_ep1_task176,4,176,6,True,True,True,True,28,28
trial_004_ep1_task176,4,176,7,True,True,True,True,28,28
trial_004_ep1_task176,4,176,8,True,True,True,True,28,28
trial_004_ep1_task176,4,176,9,True,True,True,True,28,28
trial_004_ep1_task176,4,176,10,True,True,True,True,28,28
trial_004_ep1_task176,4,176,11,True,True,True,True,28,28
trial_004_ep1_task176,4,176,12,True,True,True,True,28,28
trial_004_ep1_task176,4,176,13,True,True,True,True,28,28
trial_004_ep1_task176,4,176,14,True,True,True,True,28,28
trial_004_ep1_task176,4,176,15,True,True,True,True,28,28
trial_004_ep1_task176,4,176,16,True,True,True,True,28,28
trial_004_ep1_task176,4,176,17,True,True,True,True,28,28
trial_004_ep1_task176,4,176,18,True,True,True,True,28,28
trial_004_ep1_task176,4,176,19,True,True,True,True,28,28
trial_004_ep1_task176,4,176,20,True,True,True,True,28,28
trial_004_ep1_task176,4,176,21,True,True,True,True,28,28
trial_004_ep1_task176,4,176,22,True,True,True,True,28,28
trial_004_ep1_task176,4,176,23,True,True,True,True,28,28
trial_004_ep1_task176,4,176,24,True,True,True,True,28,28
trial_004_ep1_task176,4,176,25,True,True,True,True,28,28
trial_004_ep1_task176,4,176,26,True,True,True,True,28,28
trial_004_ep1_task176,4,176,27,True,True,True,True,28,28
trial_004_ep1_task178,4,178,0,True,True,True,True,28,28
trial_004_ep1_task178,4,178,1,True,True,True,True,28,28
trial_004_ep1_task178,4,178,2,True,True,True,True,28,28
trial_004_ep1_task178,4,178,3,True,True,True,True,28,28
trial_004_ep1_task178,4,178,4,True,True,True,True,28,28
trial_004_ep1_task178,4,178,5,True,True,True,True,28,28
trial_004_ep1_task178,4,178,6,True,True,True,True,28,28
trial_004_ep1_task178,4,178,7,True,True,True,True,28,28
trial_004_ep1_task178,4,178,8,True,True,True,True,28,28
trial_004_ep1_task178,4,178,9,True,True,True,True,28,28
trial_004_ep1_task178,4,178,10,True,True,True,True,28,28
trial_004_ep1_task178,4,178,11,True,True,True,True,28,28
trial_004_ep1_task178,4,178,12,True,True,True,True,28,28
trial_004_ep1_task178,4,178,13,True,True,True,True,28,28
trial_004_ep1_task178,4,178,14,True,True,True,True,28,28
trial_004_ep1_task178,4,178,15,True,True,True,True,28,28
trial_004_ep1_task178,4,178,16,True,True,True,True,28,28
trial_004_ep1_task178,4,178,17,True,True,True,True,28,28
trial_004_ep1_task178,4,178,18,True,True,True,True,28,28
trial_004_ep1_task178,4,178,19,True,True,True,True,28,28
trial_004_ep1_task178,4,178,20,True,True,True,True,28,28
trial_004_ep1_task178,4,178,21,True,True,True,True,28,28
trial_004_ep1_task178,4,178,22,True,True,True,True,28,28
trial_004_ep1_task178,4,178,23,True,True,True,True,28,28
trial_004_ep1_task178,4,178,24,True,True,True,True,28,28
trial_004_ep1_task178,4,178,25,True,True,True,True,28,28
trial_004_ep1_task178,4,178,26,True,True,True,True,28,28
trial_004_ep1_task178,4,178,27,True,True,True,True,28,28
trial_004_ep1_task179,4,179,0,True,True,True,True,28,28
trial_004_ep1_task179,4,179,1,True,True,True,True,28,28
trial_004_ep1_task179,4,179,2,True,True,True,True,28,28
trial_004_ep1_task179,4,179,3,True,True,True,True,28,28
trial_004_ep1_task179,4,179,4,True,True,True,True,28,28
trial_004_ep1_task179,4,179,5,True,True,True,True,28,28
trial_004_ep1_task179,4,179,6,True,True,True,True,28,28
trial_004_ep1_task179,4,179,7,True,True,True,True,28,28
trial_004_ep1_task179,4,179,8,True,True,True,True,28,28
trial_004_ep1_task179,4,179,9,True,True,True,True,28,28
trial_004_ep1_task179,4,179,10,True,True,True,True,28,28
trial_004_ep1_task179,4,179,11,True,True,True,True,28,28
trial_004_ep1_task179,4,179,12,True,True,True,True,28,28
trial_004_ep1_task179,4,179,13,True,True,True,True,28,28
trial_004_ep1_task179,4,179,14,True,True,True,True,28,28
trial_004_ep1_task179,4,179,15,True,True,True,True,28,28
trial_004_ep1_task179,4,179,16,True,True,True,True,28,28
trial_004_ep1_task179,4,179,17,True,True,True,True,28,28
trial_004_ep1_task179,4,179,18,True,True,True,True,28,28
trial_004_ep1_task179,4,179,19,True,True,True,True,28,28
trial_004_ep1_task179,4,179,20,True,True,True,True,28,28
trial_004_ep1_task179,4,179,21,True,True,True,True,28,28
trial_004_ep1_task179,4,179,22,True,True,True,True,28,28
trial_004_ep1_task179,4,179,23,True,True,True,True,28,28
trial_004_ep1_task179,4,179,24,True,True,True,True,28,28
trial_004_ep1_task179,4,179,25,True,True,True,True,28,28
trial_004_ep1_task179,4,179,26,True,True,True,True,28,28
trial_004_ep1_task179,4,179,27,True,True,True,True,28,28
trial_004_ep1_task180,4,180,0,True,True,True,True,28,28
trial_004_ep1_task180,4,180,1,True,True,True,True,28,28
trial_004_ep1_task180,4,180,2,True,True,True,True,28,28
trial_004_ep1_task180,4,180,3,True,True,True,True,28,28
trial_004_ep1_task180,4,180,4,True,True,True,True,28,28
trial_004_ep1_task180,4,180,5,True,True,True,True,28,28
trial_004_ep1_task180,4,180,6,True,True,True,True,28,28
trial_004_ep1_task180,4,180,7,True,True,True,True,28,28
trial_004_ep1_task180,4,180,8,True,True,True,True,28,28
trial_004_ep1_task180,4,180,9,True,True,True,True,28,28
trial_004_ep1_task180,4,180,10,True,True,True,True,28,28
trial_004_ep1_task180,4,180,11,True,True,True,True,28,28
trial_004_ep1_task180,4,180,12,True,True,True,True,28,28
trial_004_ep1_task180,4,180,13,True,True,True,True,28,28
trial_004_ep1_task180,4,180,14,True,True,True,True,28,28
trial_004_ep1_task180,4,180,15,True,True,True,True,28,28
trial_004_ep1_task180,4,180,16,True,True,True,True,28,28
trial_004_ep1_task180,4,180,17,True,True,True,True,28,28
trial_004_ep1_task180,4,180,18,True,True,True,True,28,28
trial_004_ep1_task180,4,180,19,True,True,True,True,28,28
trial_004_ep1_task180,4,180,20,True,True,True,True,28,28
trial_004_ep1_task180,4,180,21,True,True,True,True,28,28
trial_004_ep1_task180,4,180,22,True,True,True,True,28,28
trial_004_ep1_task180,4,180,23,True,True,True,True,28,28
trial_004_ep1_task180,4,180,24,True,True,True,True,28,28
trial_004_ep1_task180,4,180,25,True,True,True,True,28,28
trial_004_ep1_task180,4,180,26,True,True,True,True,28,28
trial_004_ep1_task180,4,180,27,True,True,True,True,28,28
trial_004_ep1_task182,4,182,0,True,True,True,True,28,28
trial_004_ep1_task182,4,182,1,True,True,True,True,28,28
trial_004_ep1_task182,4,182,2,True,True,True,True,28,28
trial_004_ep1_task182,4,182,3,True,True,True,True,28,28
trial_004_ep1_task182,4,182,4,True,True,True,True,28,28
trial_004_ep1_task182,4,182,5,True,True,True,True,28,28
trial_004_ep1_task182,4,182,6,True,True,True,True,28,28
trial_004_ep1_task182,4,182,7,True,True,True,True,28,28
trial_004_ep1_task182,4,182,8,True,True,True,True,28,28
trial_004_ep1_task182,4,182,9,True,True,True,True,28,28
trial_004_ep1_task182,4,182,10,True,True,True,True,28,28
trial_004_ep1_task182,4,182,11,True,True,True,True,28,28
trial_004_ep1_task182,4,182,12,True,True,True,True,28,28
trial_004_ep1_task182,4,182,13,True,True,True,True,28,28
trial_004_ep1_task182,4,182,14,True,True,True,True,28,28
trial_004_ep1_task182,4,182,15,True,True,True,True,28,28
trial_004_ep1_task182,4,182,16,True,True,True,True,28,28
trial_004_ep1_task182,4,182,17,True,True,True,True,28,28
trial_004_ep1_task182,4,182,18,True,True,True,True,28,28
trial_004_ep1_task182,4,182,19,True,True,True,True,28,28
trial_004_ep1_task182,4,182,20,True,True,True,True,28,28
trial_004_ep1_task182,4,182,21,True,True,True,True,28,28
trial_004_ep1_task182,4,182,22,True,True,True,True,28,28
trial_004_ep1_task182,4,182,23,True,True,True,True,28,28
trial_004_ep1_task182,4,182,24,True,True,True,True,28,28
trial_004_ep1_task182,4,182,25,True,True,True,True,28,28
trial_004_ep1_task182,4,182,26,True,True,True,True,28,28
trial_004_ep1_task182,4,182,27,True,True,True,True,28,28
trial_004_ep1_task183,4,183,0,True,True,True,True,27,27
trial_004_ep1_task183,4,183,2,True,True,True,True,27,27
trial_004_ep1_task183,4,183,3,True,True,True,True,27,27
trial_004_ep1_task183,4,183,4,True,True,True,True,27,27
trial_004_ep1_task183,4,183,5,True,True,True,True,27,27
trial_004_ep1_task183,4,183,6,True,True,True,True,27,27
trial_004_ep1_task183,4,183,7,True,True,True,True,27,27
trial_004_ep1_task183,4,183,8,True,True,True,True,27,27
trial_004_ep1_task183,4,183,9,True,True,True,True,27,27
trial_004_ep1_task183,4,183,10,True,True,True,True,27,27
trial_004_ep1_task183,4,183,11,True,True,True,True,27,27
trial_004_ep1_task183,4,183,12,True,True,True,True,27,27
trial_004_ep1_task183,4,183,13,True,True,True,True,27,27
trial_004_ep1_task183,4,183,14,True,True,True,True,27,27
trial_004_ep1_task183,4,183,15,True,True,True,True,27,27
trial_004_ep1_task183,4,183,16,True,True,True,True,27,27
trial_004_ep1_task183,4,183,17,True,True,True,True,27,27
trial_004_ep1_task183,4,183,18,True,True,True,True,27,27
trial_004_ep1_task183,4,183,19,True,True,True,True,27,27
trial_004_ep1_task183,4,183,20,True,True,True,True,27,27
trial_004_ep1_task183,4,183,21,True,True,True,True,27,27
trial_004_ep1_task183,4,183,22,True,True,True,True,27,27
trial_004_ep1_task183,4,183,23,True,True,True,True,27,27
trial_004_ep1_task183,4,183,24,True,True,True,True,27,27
trial_004_ep1_task183,4,183,25,True,True,True,True,27,27
trial_004_ep1_task183,4,183,26,True,True,True,True,27,27
trial_004_ep1_task183,4,183,27,True,True,True,True,27,27
trial_004_ep1_task186,4,186,0,True,True,True,True,28,28
trial_004_ep1_task186,4,186,1,True,True,True,True,28,28
trial_004_ep1_task186,4,186,2,True,True,True,True,28,28
trial_004_ep1_task186,4,186,3,True,True,True,True,28,28
trial_004_ep1_task186,4,186,4,True,True,True,True,28,28
trial_004_ep1_task186,4,186,5,True,True,True,True,28,28
trial_004_ep1_task186,4,186,6,True,True,True,True,28,28
trial_004_ep1_task186,4,186,7,True,True,True,True,28,28
trial_004_ep1_task186,4,186,8,True,True,True,True,28,28
trial_004_ep1_task186,4,186,9,True,True,True,True,28,28
trial_004_ep1_task186,4,186,10,True,True,True,True,28,28
trial_004_ep1_task186,4,186,11,True,True,True,True,28,28
trial_004_ep1_task186,4,186,12,True,True,True,True,28,28
trial_004_ep1_task186,4,186,13,True,True,True,True,28,28
trial_004_ep1_task186,4,186,14,True,True,True,True,28,28
trial_004_ep1_task186,4,186,15,True,True,True,True,28,28
trial_004_ep1_task186,4,186,16,True,True,True,True,28,28
trial_004_ep1_task186,4,186,17,True,True,True,True,28,28
trial_004_ep1_task186,4,186,18,True,True,True,True,28,28
trial_004_ep1_task186,4,186,19,True,True,True,True,28,28
trial_004_ep1_task186,4,186,20,True,True,True,True,28,28
trial_004_ep1_task186,4,186,21,True,True,True,True,28,28
trial_004_ep1_task186,4,186,22,True,True,True,True,28,28
trial_004_ep1_task186,4,186,23,True,True,True,True,28,28
trial_004_ep1_task186,4,186,24,True,True,True,True,28,28
trial_004_ep1_task186,4,186,25,True,True,True,True,28,28
trial_004_ep1_task186,4,186,26,True,True,True,True,28,28
trial_004_ep1_task186,4,186,27,True,True,True,True,28,28
trial_004_ep1_task187,4,187,3,True,True,True,True,25,25
trial_004_ep1_task187,4,187,4,True,True,True,True,25,25
trial_004_ep1_task187,4,187,5,True,True,True,True,25,25
trial_004_ep1_task187,4,187,6,True,True,True,True,25,25
trial_004_ep1_task187,4,187,7,True,True,True,True,25,25
trial_004_ep1_task187,4,187,8,True,True,True,True,25,25
trial_004_ep1_task187,4,187,9,True,True,True,True,25,25
trial_004_ep1_task187,4,187,10,True,True,True,True,25,25
trial_004_ep1_task187,4,187,11,True,True,True,True,25,25
trial_004_ep1_task187,4,187,12,True,True,True,True,25,25
trial_004_ep1_task187,4,187,13,True,True,True,True,25,25
trial_004_ep1_task187,4,187,14,True,True,True,True,25,25
trial_004_ep1_task187,4,187,15,True,True,True,True,25,25
trial_004_ep1_task187,4,187,16,True,True,True,True,25,25
trial_004_ep1_task187,4,187,17,True,True,True,True,25,25
trial_004_ep1_task187,4,187,18,True,True,True,True,25,25
trial_004_ep1_task187,4,187,19,True,True,True,True,25,25
trial_004_ep1_task187,4,187,20,True,True,True,True,25,25
trial_004_ep1_task187,4,187,21,True,True,True,True,25,25
trial_004_ep1_task187,4,187,22,True,True,True,True,25,25
trial_004_ep1_task187,4,187,23,True,True,True,True,25,25
trial_004_ep1_task187,4,187,24,True,True,True,True,25,25
trial_004_ep1_task187,4,187,25,True,True,True,True,25,25
trial_004_ep1_task187,4,187,26,True,True,True,True,25,25
trial_004_ep1_task187,4,187,27,True,True,True,True,25,25
trial_004_ep1_task191,4,191,6,True,True,True,True,16,16
trial_004_ep1_task191,4,191,9,True,True,True,True,16,16
trial_004_ep1_task191,4,191,10,True,True,True,True,16,16
trial_004_ep1_task191,4,191,11,True,True,True,True,16,16
trial_004_ep1_task191,4,191,12,True,True,True,True,16,16
trial_004_ep1_task191,4,191,15,True,True,True,True,16,16
trial_004_ep1_task191,4,191,17,True,True,True,True,16,16
trial_004_ep1_task191,4,191,19,True,True,True,True,16,16
trial_004_ep1_task191,4,191,20,True,True,True,True,16,16
trial_004_ep1_task191,4,191,21,True,True,True,True,16,16
trial_004_ep1_task191,4,191,22,True,True,True,True,16,16
trial_004_ep1_task191,4,191,23,True,True,True,True,16,16
trial_004_ep1_task191,4,191,24,True,True,True,True,16,16
trial_004_ep1_task191,4,191,25,True,True,True,True,16,16
trial_004_ep1_task191,4,191,26,True,True,True,True,16,16
trial_004_ep1_task191,4,191,27,True,True,True,True,16,16
trial_004_ep1_task192,4,192,0,True,True,True,True,28,28
trial_004_ep1_task192,4,192,1,True,True,True,True,28,28
trial_004_ep1_task192,4,192,2,True,True,True,True,28,28
trial_004_ep1_task192,4,192,3,True,True,True,True,28,28
trial_004_ep1_task192,4,192,4,True,True,True,True,28,28
trial_004_ep1_task192,4,192,5,True,True,True,True,28,28
trial_004_ep1_task192,4,192,6,True,True,True,True,28,28
trial_004_ep1_task192,4,192,7,True,True,True,True,28,28
trial_004_ep1_task192,4,192,8,True,True,True,True,28,28
trial_004_ep1_task192,4,192,9,True,True,True,True,28,28
trial_004_ep1_task192,4,192,10,True,True,True,True,28,28
trial_004_ep1_task192,4,192,11,True,True,True,True,28,28
trial_004_ep1_task192,4,192,12,True,True,True,True,28,28
trial_004_ep1_task192,4,192,13,True,True,True,True,28,28
trial_004_ep1_task192,4,192,14,True,True,True,True,28,28
trial_004_ep1_task192,4,192,15,True,True,True,True,28,28
trial_004_ep1_task192,4,192,16,True,True,True,True,28,28
trial_004_ep1_task192,4,192,17,True,True,True,True,28,28
trial_004_ep1_task192,4,192,18,True,True,True,True,28,28
trial_004_ep1_task192,4,192,19,True,True,True,True,28,28
trial_004_ep1_task192,4,192,20,True,True,True,True,28,28
trial_004_ep1_task192,4,192,21,True,True,True,True,28,28
trial_004_ep1_task192,4,192,22,True,True,True,True,28,28
trial_004_ep1_task192,4,192,23,True,True,True,True,28,28
trial_004_ep1_task192,4,192,24,True,True,True,True,28,28
trial_004_ep1_task192,4,192,25,True,True,True,True,28,28
trial_004_ep1_task192,4,192,26,True,True,True,True,28,28
trial_004_ep1_task192,4,192,27,True,True,True,True,28,28
trial_004_ep1_task193,4,193,0,True,True,True,True,28,28
trial_004_ep1_task193,4,193,1,True,True,True,True,28,28
trial_004_ep1_task193,4,193,2,True,True,True,True,28,28
trial_004_ep1_task193,4,193,3,True,True,True,True,28,28
trial_004_ep1_task193,4,193,4,True,True,True,True,28,28
trial_004_ep1_task193,4,193,5,True,True,True,True,28,28
trial_004_ep1_task193,4,193,6,True,True,True,True,28,28
trial_004_ep1_task193,4,193,7,True,True,True,True,28,28
trial_004_ep1_task193,4,193,8,True,True,True,True,28,28
trial_004_ep1_task193,4,193,9,True,True,True,True,28,28
trial_004_ep1_task193,4,193,10,True,True,True,True,28,28
trial_004_ep1_task193,4,193,11,True,True,True,True,28,28
trial_004_ep1_task193,4,193,12,True,True,True,True,28,28
trial_004_ep1_task193,4,193,13,True,True,True,True,28,28
trial_004_ep1_task193,4,193,14,True,True,True,True,28,28
trial_004_ep1_task193,4,193,15,True,True,True,True,28,28
trial_004_ep1_task193,4,193,16,True,True,True,True,28,28
trial_004_ep1_task193,4,193,17,True,True,True,True,28,28
trial_004_ep1_task193,4,193,18,True,True,True,True,28,28
trial_004_ep1_task193,4,193,19,True,True,True,True,28,28
trial_004_ep1_task193,4,193,20,True,True,True,True,28,28
trial_004_ep1_task193,4,193,21,True,True,True,True,28,28
trial_004_ep1_task193,4,193,22,True,True,True,True,28,28
trial_004_ep1_task193,4,193,23,True,True,True,True,28,28
trial_004_ep1_task193,4,193,24,True,True,True,True,28,28
trial_004_ep1_task193,4,193,25,True,True,True,True,28,28
trial_004_ep1_task193,4,193,26,True,True,True,True,28,28
trial_004_ep1_task193,4,193,27,True,True,True,True,28,28
trial_004_ep1_task194,4,194,0,True,True,True,True,28,28
trial_004_ep1_task194,4,194,1,True,True,True,True,28,28
trial_004_ep1_task194,4,194,2,True,True,True,True,28,28
trial_004_ep1_task194,4,194,3,True,True,True,True,28,28
trial_004_ep1_task194,4,194,4,True,True,True,True,28,28
trial_004_ep1_task194,4,194,5,True,True,True,True,28,28
trial_004_ep1_task194,4,194,6,True,True,True,True,28,28
trial_004_ep1_task194,4,194,7,True,True,True,True,28,28
trial_004_ep1_task194,4,194,8,True,True,True,True,28,28
trial_004_ep1_task194,4,194,9,True,True,True,True,28,28
trial_004_ep1_task194,4,194,10,True,True,True,True,28,28
trial_004_ep1_task194,4,194,11,True,True,True,True,28,28
trial_004_ep1_task194,4,194,12,True,True,True,True,28,28
trial_004_ep1_task194,4,194,13,True,True,True,True,28,28
trial_004_ep1_task194,4,194,14,True,True,True,True,28,28
trial_004_ep1_task194,4,194,15,True,True,True,True,28,28
trial_004_ep1_task194,4,194,16,True,True,True,True,28,28
trial_004_ep1_task194,4,194,17,True,True,True,True,28,28
trial_004_ep1_task194,4,194,18,True,True,True,True,28,28
trial_004_ep1_task194,4,194,19,True,True,True,True,28,28
trial_004_ep1_task194,4,194,20,True,True,True,True,28,28
trial_004_ep1_task194,4,194,21,True,True,True,True,28,28
trial_004_ep1_task194,4,194,22,True,True,True,True,28,28
trial_004_ep1_task194,4,194,23,True,True,True,True,28,28
trial_004_ep1_task194,4,194,24,True,True,True,True,28,28
trial_004_ep1_task194,4,194,25,True,True,True,True,28,28
trial_004_ep1_task194,4,194,26,True,True,True,True,28,28
trial_004_ep1_task194,4,194,27,True,True,True,True,28,28
trial_004_ep1_task197,4,197,0,True,True,True,True,26,26
trial_004_ep1_task197,4,197,3,True,True,True,True,26,26
trial_004_ep1_task197,4,197,4,True,True,True,True,26,26
trial_004_ep1_task197,4,197,5,True,True,True,True,26,26
trial_004_ep1_task197,4,197,6,True,True,True,True,26,26
trial_004_ep1_task197,4,197,7,True,True,True,True,26,26
trial_004_ep1_task197,4,197,8,True,True,True,True,26,26
trial_004_ep1_task197,4,197,9,True,True,True,True,26,26
trial_004_ep1_task197,4,197,10,True,True,True,True,26,26
trial_004_ep1_task197,4,197,11,True,True,True,True,26,26
trial_004_ep1_task197,4,197,12,True,True,True,True,26,26
trial_004_ep1_task197,4,197,13,True,True,True,True,26,26
trial_004_ep1_task197,4,197,14,True,True,True,True,26,26
trial_004_ep1_task197,4,197,15,True,True,True,True,26,26
trial_004_ep1_task197,4,197,16,True,True,True,True,26,26
trial_004_ep1_task197,4,197,17,True,True,True,True,26,26
trial_004_ep1_task197,4,197,18,True,True,True,True,26,26
trial_004_ep1_task197,4,197,19,True,True,True,True,26,26
trial_004_ep1_task197,4,197,20,True,True,True,True,26,26
trial_004_ep1_task197,4,197,21,True,True,True,True,26,26
trial_004_ep1_task197,4,197,22,True,True,True,True,26,26
trial_004_ep1_task197,4,197,23,True,True,True,True,26,26
trial_004_ep1_task197,4,197,24,True,True,True,True,26,26
trial_004_ep1_task197,4,197,25,True,True,True,True,26,26
trial_004_ep1_task197,4,197,26,True,True,True,True,26,26
trial_004_ep1_task197,4,197,27,True,True,True,True,26,26
trial_004_ep1_task198,4,198,10,True,True,True,True,9,9
trial_004_ep1_task198,4,198,12,True,True,True,True,9,9
trial_004_ep1_task198,4,198,17,True,True,True,True,9,9
trial_004_ep1_task198,4,198,21,True,True,True,True,9,9
trial_004_ep1_task198,4,198,22,True,True,True,True,9,9
trial_004_ep1_task198,4,198,24,True,True,True,True,9,9
trial_004_ep1_task198,4,198,25,True,True,True,True,9,9
trial_004_ep1_task198,4,198,26,True,True,True,True,9,9
trial_004_ep1_task198,4,198,27,True,True,True,True,9,9
trial_004_ep1_task199,4,199,0,True,True,True,True,28,28
trial_004_ep1_task199,4,199,1,True,True,True,True,28,28
trial_004_ep1_task199,4,199,2,True,True,True,True,28,28
trial_004_ep1_task199,4,199,3,True,True,True,True,28,28
trial_004_ep1_task199,4,199,4,True,True,True,True,28,28
trial_004_ep1_task199,4,199,5,True,True,True,True,28,28
trial_004_ep1_task199,4,199,6,True,True,True,True,28,28
trial_004_ep1_task199,4,199,7,True,True,True,True,28,28
trial_004_ep1_task199,4,199,8,True,True,True,True,28,28
trial_004_ep1_task199,4,199,9,True,True,True,True,28,28
trial_004_ep1_task199,4,199,10,True,True,True,True,28,28
trial_004_ep1_task199,4,199,11,True,True,True,True,28,28
trial_004_ep1_task199,4,199,12,True,True,True,True,28,28
trial_004_ep1_task199,4,199,13,True,True,True,True,28,28
trial_004_ep1_task199,4,199,14,True,True,True,True,28,28
trial_004_ep1_task199,4,199,15,True,True,True,True,28,28
trial_004_ep1_task199,4,199,16,True,True,True,True,28,28
trial_004_ep1_task199,4,199,17,True,True,True,True,28,28
trial_004_ep1_task199,4,199,18,True,True,True,True,28,28
trial_004_ep1_task199,4,199,19,True,True,True,True,28,28
trial_004_ep1_task199,4,199,20,True,True,True,True,28,28
trial_004_ep1_task199,4,199,21,True,True,True,True,28,28
trial_004_ep1_task199,4,199,22,True,True,True,True,28,28
trial_004_ep1_task199,4,199,23,True,True,True,True,28,28
trial_004_ep1_task199,4,199,24,True,True,True,True,28,28
trial_004_ep1_task199,4,199,25,True,True,True,True,28,28
trial_004_ep1_task199,4,199,26,True,True,True,True,28,28
trial_004_ep1_task199,4,199,27,True,True,True,True,28,28
