state_id,trial_id,task_id,requirement,load_tertile,safe_set_size,choice,action_index,horizon,effective_horizon,delta_total_queue_length,delta_maximum_server_queue_length,delta_total_backlog_seconds,delta_maximum_server_backlog_seconds,delta_mean_waiting_time_seconds,delta_mean_future_task_latency_seconds,delta_mean_future_task_reward,delta_mean_server_utilization
trial_001_ep1_task001,1,1,0.99,low,28,Safe Min-Latency,5,1,1,0.0,0.0,0.0,0.0,0.0,0.0,0.0,0.0
trial_001_ep1_task001,1,1,0.99,low,28,Safe Min-Latency,5,5,5,0.0,0.0,0.0,0.0,0.0,0.0,0.0,0.0
trial_001_ep1_task001,1,1,0.99,low,28,Safe Min-Latency,5,10,10,0.0,0.0,0.0,0.0,0.0,0.0,0.0,0.0
trial_001_ep1_task001,1,1,0.99,low,28,Safe Min-Latency,5,20,20,0.0,0.0,0.0,0.0,0.0,0.0,0.0,0.0
trial_001_ep1_task001,1,1,0.99,low,28,Safe Min-Latency,5,50,50,0.0,0.0,0.0,0.0,0.0,0.0,0.0,0.0
trial_001_ep1_task001,1,1,0.99,low,28,Next-best immediate,11,1,1,0.0,0.0,0.0,0.0,0.0,0.0,0.0,-0.001939045210355754
trial_001_ep1_task001,1,1,0.99,low,28,Next-best immediate,11,5,5,0.0,0.0,0.0,0.0,0.0,0.0,0.0,-0.0006052981156638021
trial_001_ep1_task001,1,1,0.99,low,28,Next-best immediate,11,10,10,0.0,0.0,0.0,0.0,0.0,0.0,0.0,-0.00038166916810872253
trial_001_ep1_task001,1,1,0.99,low,28,Next-best immediate,11,20,20,0.0,0.0,0.0,0.0,0.0,0.0,0.0,-0.00016009467331390415
trial_001_ep1_task001,1,1,0.99,low,28,Next-best immediate,11,50,50,0.0,0.0,0.0,0.0,0.0,0.0,0.0,-6.128728437959641e-05
trial_001_ep1_task001,1,1,0.99,low,28,PPO high probability,27,1,1,0.0,0.0,0.0,0.0,0.0,0.0,0.0,-0.010664748656956675
trial_001_ep1_task001,1,1,0.99,low,28,PPO high probability,27,5,5,0.0,0.0,0.0,0.0,0.0,0.0,0.0,-0.00332913963615096
trial_001_ep1_task001,1,1,0.99,low,28,PPO high probability,27,10,10,0.0,0.0,0.0,0.0,0.0,0.0,0.0,-0.002099180424598057
trial_001_ep1_task001,1,1,0.99,low,28,PPO high probability,27,20,20,0.0,0.0,0.0,0.0,0.0,0.0,0.0,-0.0008805207032264728
trial_001_ep1_task001,1,1,0.99,low,28,PPO high probability,27,50,50,0.0,0.0,0.0,0.0,0.0,0.0,0.0,-0.000337080064087808
trial_001_ep1_task001,1,1,0.99,low,28,PPO sampled,21,1,1,0.0,0.0,0.0,0.0,0.0,0.1488594781060033,-11.47084545383045,-0.007279114162684709
trial_001_ep1_task001,1,1,0.99,low,28,PPO sampled,21,5,5,0.0,0.0,0.0,0.0,0.0,0.029771895621200528,-2.2941690907660757,-0.002272269910388744
trial_001_ep1_task001,1,1,0.99,low,28,PPO sampled,21,10,10,0.0,0.0,0.0,0.0,0.0,0.014885947810600042,-1.1470845453830378,-0.0014327739405986528
trial_001_ep1_task001,1,1,0.99,low,28,PPO sampled,21,20,20,0.0,0.0,0.0,0.0,0.0,0.007442973905300132,-0.573542272691526,-0.000600990321249828
trial_001_ep1_task001,1,1,0.99,low,28,PPO sampled,21,50,50,0.0,0.0,0.0,0.0,0.0,0.0029771895621197864,-0.22941690907660472,-0.00023007051993295669
trial_001_ep1_task002,1,2,0.99,low,28,Safe Min-Latency,6,1,1,0.0,0.0,0.0,0.0,0.0,0.0,0.0,0.0
trial_001_ep1_task002,1,2,0.99,low,28,Safe Min-Latency,6,5,5,0.0,0.0,0.0,0.0,0.0,0.0,0.0,0.0
trial_001_ep1_task002,1,2,0.99,low,28,Safe Min-Latency,6,10,10,0.0,0.0,0.0,0.0,0.0,0.0,0.0,0.0
trial_001_ep1_task002,1,2,0.99,low,28,Safe Min-Latency,6,20,20,0.0,0.0,0.0,0.0,0.0,0.0,0.0,0.0
trial_001_ep1_task002,1,2,0.99,low,28,Safe Min-Latency,6,50,50,0.0,0.0,0.0,0.0,0.0,0.0,0.0,0.0
trial_001_ep1_task002,1,2,0.99,low,28,Next-best immediate,12,1,1,0.0,0.0,0.0,0.0,0.0,0.0,0.0,-0.007348318561136047
trial_001_ep1_task002,1,2,0.99,low,28,Next-best immediate,12,5,5,0.0,0.0,0.0,0.0,0.0,0.0,0.0,-0.002062935569199398
trial_001_ep1_task002,1,2,0.99,low,28,Next-best immediate,12,10,10,0.0,0.0,0.0,0.0,0.0,0.0,0.0,-0.0012224052616984227
trial_001_ep1_task002,1,2,0.99,low,28,Next-best immediate,12,20,20,0.0,0.0,0.0,0.0,0.0,0.0,0.0,-0.00046468088519910355
trial_001_ep1_task002,1,2,0.99,low,28,Next-best immediate,12,50,50,0.0,0.0,0.0,0.0,0.0,0.0,0.0,-0.00020736155553774394
trial_001_ep1_task002,1,2,0.99,low,28,PPO high probability,27,1,1,0.0,0.0,0.0,0.0,0.0,0.0,0.0,-0.035925112965553965
trial_001_ep1_task002,1,2,0.99,low,28,PPO high probability,27,5,5,0.0,0.0,0.0,0.0,0.0,0.0,0.0,-0.010085462782752463
trial_001_ep1_task002,1,2,0.99,low,28,PPO high probability,27,10,10,0.0,0.0,0.0,0.0,0.0,0.0,0.0,-0.005976203501636856
trial_001_ep1_task002,1,2,0.99,low,28,PPO high probability,27,20,20,0.0,0.0,0.0,0.0,0.0,0.0,0.0,-0.0022717732165289106
trial_001_ep1_task002,1,2,0.99,low,28,PPO high probability,27,50,50,0.0,0.0,0.0,0.0,0.0,0.0,0.0,-0.0010137676048511401
trial_001_ep1_task002,1,2,0.99,low,28,PPO sampled,13,1,1,0.0,0.0,0.0,0.0,0.0,0.43089960070862077,-14.082910318849564,0.003849119246309346
trial_001_ep1_task002,1,2,0.99,low,28,PPO sampled,13,5,5,0.0,0.0,0.0,0.0,0.0,0.08617992014172415,-2.8165820637699284,0.0010805852981520259
trial_001_ep1_task002,1,2,0.99,low,28,PPO sampled,13,10,10,0.0,0.0,0.0,0.0,0.0,0.04308996007086208,-1.408291031884957,0.0006403075180325124
trial_001_ep1_task002,1,2,0.99,low,28,PPO sampled,13,20,20,0.0,0.0,0.0,0.0,0.0,0.021544980035430594,-0.7041455159424999,0.00024340427319952118
trial_001_ep1_task002,1,2,0.99,low,28,PPO sampled,13,50,50,0.0,0.0,0.0,0.0,0.0,0.008617992014172238,-0.2816582063770028,0.00010861795766264892
trial_001_ep1_task004,1,4,0.9,low,28,Safe Min-Latency,6,1,1,0.0,0.0,0.0,0.0,0.0,0.0,0.0,0.0
trial_001_ep1_task004,1,4,0.9,low,28,Safe Min-Latency,6,5,5,0.0,0.0,0.0,0.0,0.0,0.0,0.0,0.0
trial_001_ep1_task004,1,4,0.9,low,28,Safe Min-Latency,6,10,10,0.0,0.0,0.0,0.0,0.0,0.0,0.0,0.0
trial_001_ep1_task004,1,4,0.9,low,28,Safe Min-Latency,6,20,20,0.0,0.0,0.0,0.0,0.0,0.0,0.0,0.0
trial_001_ep1_task004,1,4,0.9,low,28,Safe Min-Latency,6,50,50,0.0,0.0,0.0,0.0,0.0,0.0,0.0,0.0
trial_001_ep1_task004,1,4,0.9,low,28,Next-best immediate,12,1,1,0.0,0.0,-0.6701333418607449,-0.6701333418607449,0.0,0.0,0.0,0.009827823347808212
trial_001_ep1_task004,1,4,0.9,low,28,Next-best immediate,12,5,5,0.0,0.0,0.0,0.0,0.0,0.0,0.0,-0.0041454011625969844
trial_001_ep1_task004,1,4,0.9,low,28,Next-best immediate,12,10,10,0.0,0.0,0.0,0.0,0.0,0.0,0.0,-0.0014572394407717237
trial_001_ep1_task004,1,4,0.9,low,28,Next-best immediate,12,20,20,0.0,0.0,0.0,0.0,0.0,0.0,0.0,-0.0008711630701456752
trial_001_ep1_task004,1,4,0.9,low,28,Next-best immediate,12,50,50,0.0,0.0,0.0,0.0,0.0,0.0,0.0,-0.0003710821340499604
trial_001_ep1_task004,1,4,0.9,low,28,PPO high probability,27,1,1,-1.0,-1.0,-1.2537098778546296,-1.2537098778546296,0.0,0.0,0.0,-0.0208939101204223
trial_001_ep1_task004,1,4,0.9,low,28,PPO high probability,27,5,5,0.0,0.0,0.0,0.0,0.0,0.0,0.0,-0.02026640568380747
trial_001_ep1_task004,1,4,0.9,low,28,PPO high probability,27,10,10,0.0,0.0,0.0,0.0,0.0,0.0,0.0,-0.007124281710439467
trial_001_ep1_task004,1,4,0.9,low,28,PPO high probability,27,20,20,0.0,0.0,0.0,0.0,0.0,0.0,0.0,-0.004259019454045387
trial_001_ep1_task004,1,4,0.9,low,28,PPO high probability,27,50,50,0.0,0.0,0.0,0.0,0.0,0.0,0.0,-0.001814179322022047
trial_001_ep1_task004,1,4,0.9,low,28,PPO sampled,10,1,1,0.0,0.0,-0.6701333418607449,-0.6701333418607449,0.0,0.2933609602827172,-4.0738238128150215,0.022460095999405544
trial_001_ep1_task004,1,4,0.9,low,28,PPO sampled,10,5,5,0.0,0.0,0.0,0.0,0.0,0.058672192056543615,-0.8147647625630086,-0.00012192356360576917
trial_001_ep1_task004,1,4,0.9,low,28,PPO sampled,10,10,10,0.0,0.0,0.0,0.0,0.0,0.02933609602827203,-0.4073823812814936,-4.285998355210707e-05
trial_001_ep1_task004,1,4,0.9,low,28,PPO sampled,10,20,20,0.0,0.0,0.0,0.0,0.0,0.014668048014135904,-0.20369119064075392,-2.5622443239586845e-05
trial_001_ep1_task004,1,4,0.9,low,28,PPO sampled,10,50,50,0.0,0.0,0.0,0.0,0.0,0.0058672192056543615,-0.08147647625629872,-1.091418041324066e-05
trial_001_ep1_task007,1,7,0.9,medium,28,Safe Min-Latency,6,1,1,0.0,0.0,0.0,0.0,0.0,0.0,0.0,0.0
trial_001_ep1_task007,1,7,0.9,medium,28,Safe Min-Latency,6,5,5,0.0,0.0,0.0,0.0,0.0,0.0,0.0,0.0
trial_001_ep1_task007,1,7,0.9,medium,28,Safe Min-Latency,6,10,10,0.0,0.0,0.0,0.0,0.0,0.0,0.0,0.0
trial_001_ep1_task007,1,7,0.9,medium,28,Safe Min-Latency,6,20,20,0.0,0.0,0.0,0.0,0.0,0.0,0.0,0.0
trial_001_ep1_task007,1,7,0.9,medium,28,Safe Min-Latency,6,50,50,0.0,0.0,0.0,0.0,0.0,0.0,0.0,0.0
trial_001_ep1_task007,1,7,0.9,medium,28,Next-best immediate,12,1,1,1.0,0.0,2.8079015940696035,2.041197406877475,0.0,0.0,0.0,0.004138900991749267
trial_001_ep1_task007,1,7,0.9,medium,28,Next-best immediate,12,5,5,0.0,0.0,0.0,0.0,-0.07799379256067915,0.0959762638172117,-2.4272021586551205,0.013174709101728438
trial_001_ep1_task007,1,7,0.9,medium,28,Next-best immediate,12,10,10,0.0,0.0,0.0,0.0,-0.03899689628033958,0.04798813190860596,-1.2136010793275602,0.004481323135141366
trial_001_ep1_task007,1,7,0.9,medium,28,Next-best immediate,12,20,20,0.0,0.0,0.0,0.0,-0.020524682252810296,0.023994065954302757,-0.6068005396637801,0.0023865666029330435
trial_001_ep1_task007,1,7,0.9,medium,28,Next-best immediate,12,50,50,0.0,0.0,0.0,0.0,-0.007799379256067912,0.009597626381720792,-0.24272021586550352,0.0009148612170324089
trial_001_ep1_task007,1,7,0.9,medium,28,PPO high probability,27,1,1,1.0,0.0,1.6368931393229618,0.8701889521308335,0.0,0.0,0.0,0.03435417574381233
trial_001_ep1_task007,1,7,0.9,medium,28,PPO high probability,27,5,5,0.0,0.0,0.0,0.0,0.06841969762652342,0.1966926239413802,-5.465245555438749,-0.002550878769971704
trial_001_ep1_task007,1,7,0.9,medium,28,PPO high probability,27,10,10,0.0,0.0,0.0,0.0,0.034209848813261695,0.09834631197069021,-2.732622777719371,-0.0008676709260559967
trial_001_ep1_task007,1,7,0.9,medium,28,PPO high probability,27,20,20,0.0,0.0,0.0,0.0,0.018005183585927217,0.049173155985344996,-1.3663113888596854,-0.000462085502878129
trial_001_ep1_task007,1,7,0.9,medium,28,PPO high probability,27,50,50,0.0,0.0,0.0,0.0,0.006841969762652347,0.01966926239413791,-0.5465245555438685,-0.00017713484510198385
trial_001_ep1_task007,1,7,0.9,medium,28,PPO sampled,11,1,1,2.0,0.0,4.444794733392565,2.041197406877475,0.0,0.02212450464813287,-0.5250080149351533,0.03849307673556157
trial_001_ep1_task007,1,7,0.9,medium,28,PPO sampled,11,5,5,0.0,0.0,0.0,0.0,0.06841969762652342,0.20111752487100687,-5.570247158425779,0.015645872910138442
trial_001_ep1_task007,1,7,0.9,medium,28,PPO sampled,11,10,10,0.0,0.0,0.0,0.0,0.034209848813261695,0.10055876243550355,-2.785123579212893,0.005321879344758099
trial_001_ep1_task007,1,7,0.9,medium,28,PPO sampled,11,20,20,0.0,0.0,0.0,0.0,0.018005183585927217,0.05027938121775155,-1.3925617896064608,0.0028342119338462257
trial_001_ep1_task007,1,7,0.9,medium,28,PPO sampled,11,50,50,0.0,0.0,0.0,0.0,0.006841969762652347,0.02011175248710062,-0.557024715842573,0.0010864605982249531
trial_001_ep1_task010,1,10,0.999,low,28,Safe Min-Latency,5,1,1,0.0,0.0,0.0,0.0,0.0,0.0,0.0,0.0
trial_001_ep1_task010,1,10,0.999,low,28,Safe Min-Latency,5,5,5,0.0,0.0,0.0,0.0,0.0,0.0,0.0,0.0
trial_001_ep1_task010,1,10,0.999,low,28,Safe Min-Latency,5,10,10,0.0,0.0,0.0,0.0,0.0,0.0,0.0,0.0
trial_001_ep1_task010,1,10,0.999,low,28,Safe Min-Latency,5,20,20,0.0,0.0,0.0,0.0,0.0,0.0,0.0,0.0
trial_001_ep1_task010,1,10,0.999,low,28,Safe Min-Latency,5,50,50,0.0,0.0,0.0,0.0,0.0,0.0,0.0,0.0
trial_001_ep1_task010,1,10,0.999,low,28,Next-best immediate,11,1,1,0.0,-1.0,-0.8632017682487558,-1.1,0.0,0.0,0.0,0.08887709996472698
trial_001_ep1_task010,1,10,0.999,low,28,Next-best immediate,11,5,5,0.0,0.0,0.0,0.0,-0.19264524011973302,0.0,0.0,-0.0005734253323508021
trial_001_ep1_task010,1,10,0.999,low,28,Next-best immediate,11,10,10,0.0,0.0,0.0,0.0,-0.10507922188349073,0.0,0.0,-0.00042157954893168315
trial_001_ep1_task010,1,10,0.999,low,28,Next-best immediate,11,20,20,0.0,0.0,0.0,0.0,-0.05504149717706658,0.0,0.0,-0.00024264701272316835
trial_001_ep1_task010,1,10,0.999,low,28,Next-best immediate,11,50,50,0.0,0.0,0.0,0.0,-0.02266414589643917,0.0,0.0,-9.843527238864724e-05
trial_001_ep1_task010,1,10,0.999,low,28,PPO high probability,27,1,1,-1.0,-1.0,-1.1,-1.1,0.0,0.0,0.0,0.06404912437868893
trial_001_ep1_task010,1,10,0.999,low,28,PPO high probability,27,5,5,0.0,0.0,0.0,0.0,-0.19264524011973302,0.0,0.0,-0.003153839327929342
trial_001_ep1_task010,1,10,0.999,low,28,PPO high probability,27,10,10,0.0,0.0,0.0,0.0,-0.10507922188349073,0.0,0.0,-0.002318687519124396
trial_001_ep1_task010,1,10,0.999,low,28,PPO high probability,27,20,20,0.0,0.0,0.0,0.0,-0.05504149717706658,0.0,0.0,-0.0013345585699773566
trial_001_ep1_task010,1,10,0.999,low,28,PPO high probability,27,50,50,0.0,0.0,0.0,0.0,-0.02266414589643917,0.0,0.0,-0.0005413939981375737
trial_001_ep1_task010,1,10,0.999,low,28,PPO sampled,25,1,1,-1.0,-1.0,-1.1,-1.1,0.0,0.0,0.0,0.07535191103375177
trial_001_ep1_task010,1,10,0.999,low,28,PPO sampled,25,5,5,0.0,0.0,0.0,0.0,-0.19264524011973302,0.0,0.0,-0.002597279446530043
trial_001_ep1_task010,1,10,0.999,low,28,PPO sampled,25,10,10,0.0,0.0,0.0,0.0,-0.10507922188349073,0.0,0.0,-0.001909507368690666
trial_001_ep1_task010,1,10,0.999,low,28,PPO sampled,25,20,20,0.0,0.0,0.0,0.0,-0.05504149717706658,0.0,0.0,-0.0010990482340990093
trial_001_ep1_task010,1,10,0.999,low,28,PPO sampled,25,50,50,0.0,0.0,0.0,0.0,-0.02266414589643917,0.0,0.0,-0.0004458538808191914
trial_001_ep1_task017,1,17,0.99,low,28,Safe Min-Latency,5,1,1,0.0,0.0,0.0,0.0,0.0,0.0,0.0,0.0
trial_001_ep1_task017,1,17,0.99,low,28,Safe Min-Latency,5,5,5,0.0,0.0,0.0,0.0,0.0,0.0,0.0,0.0
trial_001_ep1_task017,1,17,0.99,low,28,Safe Min-Latency,5,10,10,0.0,0.0,0.0,0.0,0.0,0.0,0.0,0.0
trial_001_ep1_task017,1,17,0.99,low,28,Safe Min-Latency,5,20,20,0.0,0.0,0.0,0.0,0.0,0.0,0.0,0.0
trial_001_ep1_task017,1,17,0.99,low,28,Safe Min-Latency,5,50,50,0.0,0.0,0.0,0.0,0.0,0.0,0.0,0.0
trial_001_ep1_task017,1,17,0.99,low,28,Next-best immediate,11,1,1,-1.0,-1.0,-0.0897478022794771,-0.0897478022794771,0.0,0.0,0.0,-0.002372157754133297
trial_001_ep1_task017,1,17,0.99,low,28,Next-best immediate,11,5,5,0.0,0.0,0.0,0.0,0.0,0.0,0.0,-0.000885561073122737
trial_001_ep1_task017,1,17,0.99,low,28,Next-best immediate,11,10,10,0.0,0.0,0.0,0.0,0.0,0.0,0.0,-0.0007077060823991732
trial_001_ep1_task017,1,17,0.99,low,28,Next-best immediate,11,20,20,0.0,0.0,0.0,0.0,0.0,0.0,0.0,-0.000255653926647198
trial_001_ep1_task017,1,17,0.99,low,28,Next-best immediate,11,50,50,0.0,0.0,0.0,0.0,0.0,0.0,0.0,-0.00013993670527795432
trial_001_ep1_task017,1,17,0.99,low,28,PPO high probability,27,1,1,-1.0,-1.0,-0.0897478022794771,-0.0897478022794771,0.0,0.0,0.0,-0.03857741176191681
trial_001_ep1_task017,1,17,0.99,low,28,PPO high probability,27,5,5,0.0,0.0,0.0,0.0,0.0,0.0,0.0,-0.004870585902175123
trial_001_ep1_task017,1,17,0.99,low,28,PPO high probability,27,10,10,0.0,0.0,0.0,0.0,0.0,0.0,0.0,-0.003892383453195425
trial_001_ep1_task017,1,17,0.99,low,28,PPO high probability,27,20,20,0.0,0.0,0.0,0.0,0.0,0.0,0.0,-0.001406096596559686
trial_001_ep1_task017,1,17,0.99,low,28,PPO high probability,27,50,50,0.0,0.0,0.0,0.0,0.0,0.0,0.0,-0.0007696518790287488
trial_001_ep1_task017,1,17,0.99,low,28,PPO sampled,12,1,1,-1.0,-1.0,-0.0897478022794771,-0.0897478022794771,0.0,0.12235529229808861,-6.0029426100782075,-0.0072889206440791
trial_001_ep1_task017,1,17,0.99,low,28,PPO sampled,12,5,5,0.0,0.0,0.0,0.0,0.0,0.024471058459617723,-1.200588522015643,-0.0014267372844755377
trial_001_ep1_task017,1,17,0.99,low,28,PPO sampled,12,10,10,0.0,0.0,0.0,0.0,0.0,0.012235529229808861,-0.600294261007825,-0.001140193132754208
trial_001_ep1_task017,1,17,0.99,low,28,PPO sampled,12,20,20,0.0,0.0,0.0,0.0,0.0,0.006117764614904431,-0.30014713050390895,-0.0004118868818205057
trial_001_ep1_task017,1,17,0.99,low,28,PPO sampled,12,50,50,0.0,0.0,0.0,0.0,0.0,0.002447105845961639,-0.12005885220156642,-0.00022545358072556532
trial_001_ep1_task022,1,22,0.9,low,28,Safe Min-Latency,6,1,1,0.0,0.0,0.0,0.0,0.0,0.0,0.0,0.0
trial_001_ep1_task022,1,22,0.9,low,28,Safe Min-Latency,6,5,5,0.0,0.0,0.0,0.0,0.0,0.0,0.0,0.0
trial_001_ep1_task022,1,22,0.9,low,28,Safe Min-Latency,6,10,10,0.0,0.0,0.0,0.0,0.0,0.0,0.0,0.0
trial_001_ep1_task022,1,22,0.9,low,28,Safe Min-Latency,6,20,20,0.0,0.0,0.0,0.0,0.0,0.0,0.0,0.0
trial_001_ep1_task022,1,22,0.9,low,28,Safe Min-Latency,6,50,50,0.0,0.0,0.0,0.0,0.0,0.0,0.0,0.0
trial_001_ep1_task022,1,22,0.9,low,28,Next-best immediate,12,1,1,0.0,0.0,-0.5248627676616042,-0.5248627676616042,0.0,0.0,0.0,0.009677232726394286
trial_001_ep1_task022,1,22,0.9,low,28,Next-best immediate,12,5,5,-1.0,0.0,-0.1973417686950487,0.0,0.0,0.0,0.0,-0.005610922721950851
trial_001_ep1_task022,1,22,0.9,low,28,Next-best immediate,12,10,10,0.0,0.0,0.0,0.0,0.0,0.0,0.0,-0.002591517552324396
trial_001_ep1_task022,1,22,0.9,low,28,Next-best immediate,12,20,20,0.0,0.0,0.0,0.0,0.0,0.0,0.0,-0.0008655947130777053
trial_001_ep1_task022,1,22,0.9,low,28,Next-best immediate,12,50,50,0.0,0.0,0.0,0.0,0.0,0.0,0.0,-0.0004781203618428598
trial_001_ep1_task022,1,22,0.9,low,28,PPO high probability,27,1,1,0.0,0.0,-2.127241861090262,-2.127241861090262,0.0,0.0,0.0,0.013306194998792209
trial_001_ep1_task022,1,22,0.9,low,28,PPO high probability,27,5,5,-1.0,0.0,-0.1973417686950487,0.0,0.0,0.0,0.0,-0.04867900811735815
trial_001_ep1_task022,1,22,0.9,low,28,PPO high probability,27,10,10,0.0,0.0,0.0,0.0,0.0,0.0,0.0,-0.012669641366919199
trial_001_ep1_task022,1,22,0.9,low,28,PPO high probability,27,20,20,0.0,0.0,0.0,0.0,0.0,0.0,0.0,-0.004231796375046559
trial_001_ep1_task022,1,22,0.9,low,28,PPO high probability,27,50,50,0.0,0.0,0.0,0.0,0.0,0.0,0.0,-0.0023374773245649627
trial_001_ep1_task022,1,22,0.9,low,28,PPO sampled,10,1,1,0.0,0.0,-0.17007285773903336,-0.5248627676616042,0.0,0.354789909922566,-5.444688482317375,0.012269348635250171
trial_001_ep1_task022,1,22,0.9,low,28,PPO sampled,10,5,5,-1.0,0.0,0.49615074087723166,0.0,0.18789089862449337,0.21858074271725636,-3.561080371939248,-0.014062465179442318
trial_001_ep1_task022,1,22,0.9,low,28,PPO sampled,10,10,10,0.0,0.0,0.0,0.0,0.07515635944979734,0.10929037135862796,-1.7805401859696133,-7.62211044801897e-05
trial_001_ep1_task022,1,22,0.9,low,28,PPO sampled,10,20,20,0.0,0.0,0.0,0.0,0.03757817972489867,0.05464518567931398,-0.8902700929848208,-2.5458668031719256e-05
trial_001_ep1_task022,1,22,0.9,low,28,PPO sampled,10,50,50,0.0,0.0,0.0,0.0,0.015183102919150981,0.02185807427172559,-0.3561080371939198,-1.4062363583644544e-05
trial_001_ep1_task025,1,25,0.9999,high,3,Safe Min-Latency,23,1,1,0.0,0.0,0.0,0.0,0.0,0.0,0.0,0.0
trial_001_ep1_task025,1,25,0.9999,high,3,Safe Min-Latency,23,5,5,0.0,0.0,0.0,0.0,0.0,0.0,0.0,0.0
trial_001_ep1_task025,1,25,0.9999,high,3,Safe Min-Latency,23,10,10,0.0,0.0,0.0,0.0,0.0,0.0,0.0,0.0
trial_001_ep1_task025,1,25,0.9999,high,3,Safe Min-Latency,23,20,20,0.0,0.0,0.0,0.0,0.0,0.0,0.0,0.0
trial_001_ep1_task025,1,25,0.9999,high,3,Safe Min-Latency,23,50,50,0.0,0.0,0.0,0.0,0.0,0.0,0.0,0.0
trial_001_ep1_task025,1,25,0.9999,high,3,Next-best immediate,25,1,1,0.0,0.0,0.0,0.0,0.0,0.0,0.0,0.0
trial_001_ep1_task025,1,25,0.9999,high,3,Next-best immediate,25,5,5,0.0,0.0,0.0,0.0,0.18147132799754864,0.0,0.0,-0.003787540343147211
trial_001_ep1_task025,1,25,0.9999,high,3,Next-best immediate,25,10,10,0.0,0.0,0.0,0.0,0.09505640990347786,0.0,0.0,-0.0009408348300521396
trial_001_ep1_task025,1,25,0.9999,high,3,Next-best immediate,25,20,20,0.0,0.0,0.0,0.0,0.0511842207172573,0.0,0.0,-0.000495229996888974
trial_001_ep1_task025,1,25,0.9999,high,3,Next-best immediate,25,50,50,0.0,0.0,0.0,0.0,0.020163480888616525,0.0,0.0,-0.0002626869854589764
trial_001_ep1_task025,1,25,0.9999,high,3,PPO high probability,27,1,1,0.0,0.0,0.0,0.0,0.0,0.0,0.0,0.0
trial_001_ep1_task025,1,25,0.9999,high,3,PPO high probability,27,5,5,0.0,0.0,0.0,0.0,0.09189750457431309,0.20217451006348863,-4.745597992266781,-0.00804852322918781
trial_001_ep1_task025,1,25,0.9999,high,3,PPO high probability,27,10,10,0.0,0.0,0.0,0.0,0.04813678811035449,0.10108725503174476,-2.3727989961333975,-0.0019992740138607967
trial_001_ep1_task025,1,25,0.9999,high,3,PPO high probability,27,20,20,0.0,0.0,0.0,0.0,0.02591980898249857,0.05054362751587216,-1.1863994980666916,-0.0010523637433890731
trial_001_ep1_task025,1,25,0.9999,high,3,PPO high probability,27,50,50,0.0,0.0,0.0,0.0,0.010210833841590328,0.020217451006348863,-0.47455979922668234,-0.0005582098441003491
trial_001_ep1_task025,1,25,0.9999,high,3,PPO sampled,27,1,1,0.0,0.0,0.0,0.0,0.0,0.0,0.0,0.0
trial_001_ep1_task025,1,25,0.9999,high,3,PPO sampled,27,5,5,0.0,0.0,0.0,0.0,0.09189750457431309,0.20217451006348863,-4.745597992266781,-0.00804852322918781
trial_001_ep1_task025,1,25,0.9999,high,3,PPO sampled,27,10,10,0.0,0.0,0.0,0.0,0.04813678811035449,0.10108725503174476,-2.3727989961333975,-0.0019992740138607967
trial_001_ep1_task025,1,25,0.9999,high,3,PPO sampled,27,20,20,0.0,0.0,0.0,0.0,0.02591980898249857,0.05054362751587216,-1.1863994980666916,-0.0010523637433890731
trial_001_ep1_task025,1,25,0.9999,high,3,PPO sampled,27,50,50,0.0,0.0,0.0,0.0,0.010210833841590328,0.020217451006348863,-0.47455979922668234,-0.0005582098441003491
trial_001_ep1_task027,1,27,0.99,medium,28,Safe Min-Latency,2,1,1,0.0,0.0,0.0,0.0,0.0,0.0,0.0,0.0
trial_001_ep1_task027,1,27,0.99,medium,28,Safe Min-Latency,2,5,5,0.0,0.0,0.0,0.0,0.0,0.0,0.0,0.0
trial_001_ep1_task027,1,27,0.99,medium,28,Safe Min-Latency,2,10,10,0.0,0.0,0.0,0.0,0.0,0.0,0.0,0.0
trial_001_ep1_task027,1,27,0.99,medium,28,Safe Min-Latency,2,20,20,0.0,0.0,0.0,0.0,0.0,0.0,0.0,0.0
trial_001_ep1_task027,1,27,0.99,medium,28,Safe Min-Latency,2,50,50,0.0,0.0,0.0,0.0,0.0,0.0,0.0,0.0
trial_001_ep1_task027,1,27,0.99,medium,28,Next-best immediate,8,1,1,-1.0,-1.0,-0.5685572443864313,-0.5685572443864313,0.0,0.0,0.0,0.005623541352603123
trial_001_ep1_task027,1,27,0.99,medium,28,Next-best immediate,8,5,5,0.0,0.0,0.0,0.0,0.0,0.0,0.0,-0.00315252900211474
trial_001_ep1_task027,1,27,0.99,medium,28,Next-best immediate,8,10,10,0.0,0.0,0.0,0.0,0.0,0.0,0.0,-0.0011721216077121288
trial_001_ep1_task027,1,27,0.99,medium,28,Next-best immediate,8,20,20,0.0,0.0,0.0,0.0,0.0,0.0,0.0,-0.0007873858224272667
trial_001_ep1_task027,1,27,0.99,medium,28,Next-best immediate,8,50,50,0.0,0.0,0.0,0.0,0.0,0.0,0.0,-0.00041486002463428373
trial_001_ep1_task027,1,27,0.99,medium,28,PPO high probability,20,1,1,-1.0,-1.0,-0.5685572443864313,-0.5685572443864313,0.3125252053908838,0.0,0.0,-0.036000806135233376
trial_001_ep1_task027,1,27,0.99,medium,28,PPO high probability,20,5,5,0.0,0.0,0.0,0.0,0.1041750684636279,0.0,0.0,-0.015412364010339297
trial_001_ep1_task027,1,27,0.99,medium,28,PPO high probability,20,10,10,0.0,0.0,0.0,0.0,0.05682276461652433,0.0,0.0,-0.005730372304370568
trial_001_ep1_task027,1,27,0.99,medium,28,PPO high probability,20,20,20,0.0,0.0,0.0,0.0,0.03049026394057404,0.0,0.0,-0.003849441798533526
trial_001_ep1_task027,1,27,0.99,medium,28,PPO high probability,20,50,50,0.0,0.0,0.0,0.0,0.012377235857064683,0.0,0.0,-0.002028204564878733
trial_001_ep1_task027,1,27,0.99,medium,28,PPO sampled,2,1,1,0.0,0.0,0.0,0.0,0.0,0.0,0.0,0.0
trial_001_ep1_task027,1,27,0.99,medium,28,PPO sampled,2,5,5,0.0,0.0,0.0,0.0,0.0,0.0,0.0,0.0
trial_001_ep1_task027,1,27,0.99,medium,28,PPO sampled,2,10,10,0.0,0.0,0.0,0.0,0.0,0.0,0.0,0.0
trial_001_ep1_task027,1,27,0.99,medium,28,PPO sampled,2,20,20,0.0,0.0,0.0,0.0,0.0,0.0,0.0,0.0
trial_001_ep1_task027,1,27,0.99,medium,28,PPO sampled,2,50,50,0.0,0.0,0.0,0.0,0.0,0.0,0.0,0.0
trial_001_ep1_task028,1,28,0.9,medium,28,Safe Min-Latency,5,1,1,0.0,0.0,0.0,0.0,0.0,0.0,0.0,0.0
trial_001_ep1_task028,1,28,0.9,medium,28,Safe Min-Latency,5,5,5,0.0,0.0,0.0,0.0,0.0,0.0,0.0,0.0
trial_001_ep1_task028,1,28,0.9,medium,28,Safe Min-Latency,5,10,10,0.0,0.0,0.0,0.0,0.0,0.0,0.0,0.0
trial_001_ep1_task028,1,28,0.9,medium,28,Safe Min-Latency,5,20,20,0.0,0.0,0.0,0.0,0.0,0.0,0.0,0.0
trial_001_ep1_task028,1,28,0.9,medium,28,Safe Min-Latency,5,50,50,0.0,0.0,0.0,0.0,0.0,0.0,0.0,0.0
trial_001_ep1_task028,1,28,0.9,medium,28,Next-best immediate,11,1,1,0.0,-1.0,-0.4561637660804885,-0.5208617963483564,0.0,0.0,0.0,0.06806107156892988
trial_001_ep1_task028,1,28,0.9,medium,28,Next-best immediate,11,5,5,0.0,0.0,0.0,0.0,-0.020670503106591298,0.0,0.0,-0.00208249839539118
trial_001_ep1_task028,1,28,0.9,medium,28,Next-best immediate,11,10,10,0.0,0.0,0.0,0.0,-0.009301726397966087,0.0,0.0,-0.000590538311071559
trial_001_ep1_task028,1,28,0.9,medium,28,Next-best immediate,11,20,20,0.0,0.0,0.0,0.0,-0.004770116101521074,0.0,0.0,-0.0004114387220214011
trial_001_ep1_task028,1,28,0.9,medium,28,Next-best immediate,11,50,50,0.0,0.0,0.0,0.0,-0.0019178817315393948,0.0,0.0,-0.00021033105377554762
trial_001_ep1_task028,1,28,0.9,medium,28,PPO high probability,27,1,1,0.0,-1.0,-1.216967176798235,-1.2816652070661032,0.0,0.0,0.0,0.05382633946116061
trial_001_ep1_task028,1,28,0.9,medium,28,PPO high probability,27,5,5,0.0,0.0,0.0,0.0,-0.020670503106591298,0.0,0.0,-0.011453741174651144
trial_001_ep1_task028,1,28,0.9,medium,28,PPO high probability,27,10,10,0.0,0.0,0.0,0.0,-0.009301726397966087,0.0,0.0,-0.003247960710893519
trial_001_ep1_task028,1,28,0.9,medium,28,PPO high probability,27,20,20,0.0,0.0,0.0,0.0,-0.004770116101521074,0.0,0.0,-0.002262912971117595
trial_001_ep1_task028,1,28,0.9,medium,28,PPO high probability,27,50,50,0.0,0.0,0.0,0.0,-0.0019178817315393948,0.0,0.0,-0.0011568207957655396
trial_001_ep1_task028,1,28,0.9,medium,28,PPO sampled,26,1,1,0.0,-1.0,-1.0778354615059766,-1.146179195590862,0.0,0.003645703817014123,-0.1522639908421013,0.035524541036889845
trial_001_ep1_task028,1,28,0.9,medium,28,PPO sampled,26,5,5,0.0,0.0,0.0,0.0,-0.1300810146025084,-0.09774031958292229,1.6664332420264145,-0.010705130640360327
trial_001_ep1_task028,1,28,0.9,medium,28,PPO sampled,26,10,10,0.0,0.0,0.0,0.0,-0.058536456571128784,-0.048870159791461365,0.8332166210132073,-0.0030356756971096632
trial_001_ep1_task028,1,28,0.9,medium,28,PPO sampled,26,20,20,0.0,0.0,0.0,0.0,-0.030018695677501935,-0.024435079895730683,0.41660831050660363,-0.002115010162547837
trial_001_ep1_task028,1,28,0.9,medium,28,PPO sampled,26,50,50,0.0,0.0,0.0,0.0,-0.012069372488892532,-0.009774031958292406,0.1666433242026386,-0.0010812115934279165
trial_001_ep1_task030,1,30,0.9999,medium,2,Safe Min-Latency,27,1,1,0.0,0.0,0.0,0.0,0.0,0.0,0.0,0.0
trial_001_ep1_task030,1,30,0.9999,medium,2,Safe Min-Latency,27,5,5,0.0,0.0,0.0,0.0,0.0,0.0,0.0,0.0
trial_001_ep1_task030,1,30,0.9999,medium,2,Safe Min-Latency,27,10,10,0.0,0.0,0.0,0.0,0.0,0.0,0.0,0.0
trial_001_ep1_task030,1,30,0.9999,medium,2,Safe Min-Latency,27,20,20,0.0,0.0,0.0,0.0,0.0,0.0,0.0,0.0
trial_001_ep1_task030,1,30,0.9999,medium,2,Safe Min-Latency,27,50,50,0.0,0.0,0.0,0.0,0.0,0.0,0.0,0.0
trial_001_ep1_task030,1,30,0.9999,medium,2,Next-best immediate,25,1,1,0.0,0.0,0.22517798194830707,0.0,0.0,0.22517798194830618,-4.721023188272909,0.005124948311425959
trial_001_ep1_task030,1,30,0.9999,medium,2,Next-best immediate,25,5,5,0.0,0.0,0.0,0.0,0.0457666127714674,0.136568821932596,-2.461450375522446,0.0015021363574145713
trial_001_ep1_task030,1,30,0.9999,medium,2,Next-best immediate,25,10,10,0.0,0.0,0.0,0.0,0.0228833063857337,0.06828441096629811,-1.230725187761223,0.0008380607180773908
trial_001_ep1_task030,1,30,0.9999,medium,2,Next-best immediate,25,20,20,0.0,0.0,0.0,0.0,0.011441653192866857,0.03414220548314906,-0.6153625938806044,0.0006129453158659759
trial_001_ep1_task030,1,30,0.9999,medium,2,Next-best immediate,25,50,50,0.0,0.0,0.0,0.0,0.004718207502213134,0.013656882193259445,-0.24614503755223893,0.0003304475888284142
trial_001_ep1_task030,1,30,0.9999,medium,2,PPO high probability,27,1,1,0.0,0.0,0.0,0.0,0.0,0.0,0.0,0.0
trial_001_ep1_task030,1,30,0.9999,medium,2,PPO high probability,27,5,5,0.0,0.0,0.0,0.0,0.0,0.0,0.0,0.0
trial_001_ep1_task030,1,30,0.9999,medium,2,PPO high probability,27,10,10,0.0,0.0,0.0,0.0,0.0,0.0,0.0,0.0
trial_001_ep1_task030,1,30,0.9999,medium,2,PPO high probability,27,20,20,0.0,0.0,0.0,0.0,0.0,0.0,0.0,0.0
trial_001_ep1_task030,1,30,0.9999,medium,2,PPO high probability,27,50,50,0.0,0.0,0.0,0.0,0.0,0.0,0.0,0.0
trial_001_ep1_task030,1,30,0.9999,medium,2,PPO sampled,25,1,1,0.0,0.0,0.22517798194830707,0.0,0.0,0.22517798194830618,-4.721023188272909,0.005124948311425959
trial_001_ep1_task030,1,30,0.9999,medium,2,PPO sampled,25,5,5,0.0,0.0,0.0,0.0,0.0457666127714674,0.136568821932596,-2.461450375522446,0.0015021363574145713
trial_001_ep1_task030,1,30,0.9999,medium,2,PPO sampled,25,10,10,0.0,0.0,0.0,0.0,0.0228833063857337,0.06828441096629811,-1.230725187761223,0.0008380607180773908
trial_001_ep1_task030,1,30,0.9999,medium,2,PPO sampled,25,20,20,0.0,0.0,0.0,0.0,0.011441653192866857,0.03414220548314906,-0.6153625938806044,0.0006129453158659759
trial_001_ep1_task030,1,30,0.9999,medium,2,PPO sampled,25,50,50,0.0,0.0,0.0,0.0,0.004718207502213134,0.013656882193259445,-0.24614503755223893,0.0003304475888284142
trial_001_ep1_task032,1,32,0.999,low,18,Safe Min-Latency,6,1,1,0.0,0.0,0.0,0.0,0.0,0.0,0.0,0.0
trial_001_ep1_task032,1,32,0.999,low,18,Safe Min-Latency,6,5,5,0.0,0.0,0.0,0.0,0.0,0.0,0.0,0.0
trial_001_ep1_task032,1,32,0.999,low,18,Safe Min-Latency,6,10,10,0.0,0.0,0.0,0.0,0.0,0.0,0.0,0.0
trial_001_ep1_task032,1,32,0.999,low,18,Safe Min-Latency,6,20,20,0.0,0.0,0.0,0.0,0.0,0.0,0.0,0.0
trial_001_ep1_task032,1,32,0.999,low,18,Safe Min-Latency,6,50,50,0.0,0.0,0.0,0.0,0.0,0.0,0.0,0.0
trial_001_ep1_task032,1,32,0.999,low,18,Next-best immediate,12,1,1,1.0,0.0,3.5259915231255228,1.5420888679298588,0.0,0.0,0.0,0.02830221461996372
trial_001_ep1_task032,1,32,0.999,low,18,Next-best immediate,12,5,5,0.0,0.0,0.0,0.0,0.0,0.0,0.0,-0.001820343545012329
trial_001_ep1_task032,1,32,0.999,low,18,Next-best immediate,12,10,10,0.0,0.0,0.0,0.0,0.0,0.0,0.0,-0.0011815570309458012
trial_001_ep1_task032,1,32,0.999,low,18,Next-best immediate,12,20,20,0.0,0.0,0.0,0.0,0.0,0.0,0.0,-0.0009000378453018765
trial_001_ep1_task032,1,32,0.999,low,18,Next-best immediate,12,50,50,0.0,0.0,0.0,0.0,0.0,0.0,0.0,-0.0004425941211807227
trial_001_ep1_task032,1,32,0.999,low,18,PPO high probability,27,1,1,1.0,0.0,2.017575340550331,0.03367268535466739,0.0,0.0,0.0,0.0524766609649737
trial_001_ep1_task032,1,32,0.999,low,18,PPO high probability,27,5,5,0.0,0.0,0.0,0.0,0.0,0.0,0.0,-0.008899457331171479
trial_001_ep1_task032,1,32,0.999,low,18,PPO high probability,27,10,10,0.0,0.0,0.0,0.0,0.0,0.0,0.0,-0.005776501040179488
trial_001_ep1_task032,1,32,0.999,low,18,PPO high probability,27,20,20,0.0,0.0,0.0,0.0,0.0,0.0,0.0,-0.004400185021476016
trial_001_ep1_task032,1,32,0.999,low,18,PPO high probability,27,50,50,0.0,0.0,0.0,0.0,0.0,0.0,0.0,-0.0021637934813280857
trial_001_ep1_task032,1,32,0.999,low,18,PPO sampled,23,1,1,0.0,0.0,0.03367268535466739,0.03367268535466739,0.0,0.033672685354673604,-0.554188330974803,0.04834889269001996
trial_001_ep1_task032,1,32,0.999,low,18,PPO sampled,23,5,5,0.0,0.0,0.0,0.0,0.020433020572183123,0.006734537070934632,-0.11083766619496771,-0.0055621608319821325
trial_001_ep1_task032,1,32,0.999,low,18,PPO sampled,23,10,10,0.0,0.0,0.0,0.0,0.010216510286091558,0.003367268535467316,-0.05541883309749096,-0.0036103131501121627
trial_001_ep1_task032,1,32,0.999,low,18,PPO sampled,23,20,20,0.0,0.0,0.0,0.0,0.005522437992481921,0.001683634267733769,-0.02770941654873127,-0.0027501156384225067
trial_001_ep1_task032,1,32,0.999,low,18,PPO sampled,23,50,50,0.0,0.0,0.0,0.0,0.0020433020572183103,0.0006734537070933744,-0.011083766619492508,-0.0013523709258300431
trial_001_ep1_task035,1,35,0.99,low,28,Safe Min-Latency,6,1,1,0.0,0.0,0.0,0.0,0.0,0.0,0.0,0.0
trial_001_ep1_task035,1,35,0.99,low,28,Safe Min-Latency,6,5,5,0.0,0.0,0.0,0.0,0.0,0.0,0.0,0.0
trial_001_ep1_task035,1,35,0.99,low,28,Safe Min-Latency,6,10,10,0.0,0.0,0.0,0.0,0.0,0.0,0.0,0.0
trial_001_ep1_task035,1,35,0.99,low,28,Safe Min-Latency,6,20,20,0.0,0.0,0.0,0.0,0.0,0.0,0.0,0.0
trial_001_ep1_task035,1,35,0.99,low,28,Safe Min-Latency,6,50,50,0.0,0.0,0.0,0.0,0.0,0.0,0.0,0.0
trial_001_ep1_task035,1,35,0.99,low,28,Next-best immediate,12,1,1,0.0,0.0,-0.30105770414240585,-0.30105770414240585,0.0,0.0,0.0,0.008367625379868238
trial_001_ep1_task035,1,35,0.99,low,28,Next-best immediate,12,5,5,0.0,0.0,0.0,0.0,0.0,0.0,0.0,-0.0013427803373187996
trial_001_ep1_task035,1,35,0.99,low,28,Next-best immediate,12,10,10,0.0,0.0,0.0,0.0,0.0,0.0,0.0,-0.000888769950394136
trial_001_ep1_task035,1,35,0.99,low,28,Next-best immediate,12,20,20,0.0,0.0,0.0,0.0,0.0,0.0,0.0,-0.0005659408392830745
trial_001_ep1_task035,1,35,0.99,low,28,Next-best immediate,12,50,50,0.0,0.0,0.0,0.0,0.0,0.0,0.0,-0.00026889342765015756
trial_001_ep1_task035,1,35,0.99,low,28,PPO high probability,27,1,1,-1.0,-1.0,-0.9429909902427598,-0.9429909902427598,0.0,0.0,0.0,-0.0028803623507206444
trial_001_ep1_task035,1,35,0.99,low,28,PPO high probability,27,5,5,0.0,0.0,0.0,0.0,0.0,0.0,0.0,-0.006564703871336265
trial_001_ep1_task035,1,35,0.99,low,28,PPO high probability,27,10,10,0.0,0.0,0.0,0.0,0.0,0.0,0.0,-0.004345097535260162
trial_001_ep1_task035,1,35,0.99,low,28,PPO high probability,27,20,20,0.0,0.0,0.0,0.0,0.0,0.0,0.0,-0.002766821880939574
trial_001_ep1_task035,1,35,0.99,low,28,PPO high probability,27,50,50,0.0,0.0,0.0,0.0,0.0,0.0,0.0,-0.0013145900907340635
trial_001_ep1_task035,1,35,0.99,low,28,PPO sampled,20,1,1,0.0,0.0,-0.7548935587494252,-0.7548935587494252,0.0,0.04642894411541931,-1.884998484924722,0.020579589144796295
trial_001_ep1_task035,1,35,0.99,low,28,PPO sampled,20,5,5,0.0,0.0,0.0,0.0,0.0,0.009285788823083951,-0.37699969698493874,-0.003399578790513391
trial_001_ep1_task035,1,35,0.99,low,28,PPO sampled,20,10,10,0.0,0.0,0.0,0.0,0.0,0.004642894411541754,-0.18849984849248358,-0.0022501397950454305
trial_001_ep1_task035,1,35,0.99,low,28,PPO sampled,20,20,20,0.0,0.0,0.0,0.0,0.0,0.002321447205770877,-0.09424992424622758,-0.0014328184740579897
trial_001_ep1_task035,1,35,0.99,low,28,PPO sampled,20,50,50,0.0,0.0,0.0,0.0,0.0,0.0009285788823083507,-0.037699969698493874,-0.0006807698684158647
trial_001_ep1_task037,1,37,0.999,low,28,Safe Min-Latency,5,1,1,0.0,0.0,0.0,0.0,0.0,0.0,0.0,0.0
trial_001_ep1_task037,1,37,0.999,low,28,Safe Min-Latency,5,5,5,0.0,0.0,0.0,0.0,0.0,0.0,0.0,0.0
trial_001_ep1_task037,1,37,0.999,low,28,Safe Min-Latency,5,10,10,0.0,0.0,0.0,0.0,0.0,0.0,0.0,0.0
trial_001_ep1_task037,1,37,0.999,low,28,Safe Min-Latency,5,20,20,0.0,0.0,0.0,0.0,0.0,0.0,0.0,0.0
trial_001_ep1_task037,1,37,0.999,low,28,Safe Min-Latency,5,50,50,0.0,0.0,0.0,0.0,0.0,0.0,0.0,0.0
trial_001_ep1_task037,1,37,0.999,low,28,Next-best immediate,11,1,1,0.0,0.0,0.0,0.0,0.0,0.0,0.0,-0.0018391438529086548
trial_001_ep1_task037,1,37,0.999,low,28,Next-best immediate,11,5,5,0.0,0.0,0.0,0.0,0.0,0.0,0.0,-0.0004208839078047033
trial_001_ep1_task037,1,37,0.999,low,28,Next-best immediate,11,10,10,0.0,0.0,0.0,0.0,0.0,0.0,0.0,-0.00029253903694756445
trial_001_ep1_task037,1,37,0.999,low,28,Next-best immediate,11,20,20,0.0,0.0,0.0,0.0,0.0,0.0,0.0,-0.00015105857577338289
trial_001_ep1_task037,1,37,0.999,low,28,Next-best immediate,11,50,50,0.0,0.0,0.0,0.0,0.0,0.0,0.0,-6.742651102978336e-05
trial_001_ep1_task037,1,37,0.999,low,28,PPO high probability,27,1,1,0.0,0.0,0.0,0.0,0.0,0.0,0.0,-0.01011529119099732
trial_001_ep1_task037,1,37,0.999,low,28,PPO high probability,27,5,5,0.0,0.0,0.0,0.0,0.0,0.0,0.0,-0.0023148614929258404
trial_001_ep1_task037,1,37,0.999,low,28,PPO high probability,27,10,10,0.0,0.0,0.0,0.0,0.0,0.0,0.0,-0.0016089647032115906
trial_001_ep1_task037,1,37,0.999,low,28,PPO high probability,27,20,20,0.0,0.0,0.0,0.0,0.0,0.0,0.0,-0.0008308221667535087
trial_001_ep1_task037,1,37,0.999,low,28,PPO high probability,27,50,50,0.0,0.0,0.0,0.0,0.0,0.0,0.0,-0.0003708458106638224
trial_001_ep1_task037,1,37,0.999,low,28,PPO sampled,23,1,1,0.0,0.0,0.0,0.0,0.0,0.0,0.0,-0.006743527460665071
trial_001_ep1_task037,1,37,0.999,low,28,PPO sampled,23,5,5,0.0,0.0,0.0,0.0,0.0,0.0,0.0,-0.0015432409952839399
trial_001_ep1_task037,1,37,0.999,low,28,PPO sampled,23,10,10,0.0,0.0,0.0,0.0,0.0,0.0,0.0,-0.0010726431354744492
trial_001_ep1_task037,1,37,0.999,low,28,PPO sampled,23,20,20,0.0,0.0,0.0,0.0,0.0,0.0,0.0,-0.0005538814445023577
trial_001_ep1_task037,1,37,0.999,low,28,PPO sampled,23,50,50,0.0,0.0,0.0,0.0,0.0,0.0,0.0,-0.000247230540442539
trial_001_ep1_task039,1,39,0.9999,medium,8,Safe Min-Latency,26,1,1,0.0,0.0,0.0,0.0,0.0,0.0,0.0,0.0
trial_001_ep1_task039,1,39,0.9999,medium,8,Safe Min-Latency,26,5,5,0.0,0.0,0.0,0.0,0.0,0.0,0.0,0.0
trial_001_ep1_task039,1,39,0.9999,medium,8,Safe Min-Latency,26,10,10,0.0,0.0,0.0,0.0,0.0,0.0,0.0,0.0
trial_001_ep1_task039,1,39,0.9999,medium,8,Safe Min-Latency,26,20,20,0.0,0.0,0.0,0.0,0.0,0.0,0.0,0.0
trial_001_ep1_task039,1,39,0.9999,medium,8,Safe Min-Latency,26,50,50,0.0,0.0,0.0,0.0,0.0,0.0,0.0,0.0
trial_001_ep1_task039,1,39,0.9999,medium,8,Next-best immediate,27,1,1,0.0,0.0,0.0,0.0,0.14738164572609946,0.2429182028618584,-6.447815143246892,-0.001615971178842407
trial_001_ep1_task039,1,39,0.9999,medium,8,Next-best immediate,27,5,5,0.0,0.0,0.0,0.0,0.04019499428893621,0.048583640572371634,-1.2895630286493827,-0.0005911546364796849
trial_001_ep1_task039,1,39,0.9999,medium,8,Next-best immediate,27,10,10,0.0,0.0,0.0,0.0,0.021054520818014205,0.024291820286185928,-0.6447815143247055,-0.00042237668453359856
trial_001_ep1_task039,1,39,0.9999,medium,8,Next-best immediate,27,20,20,0.0,0.0,0.0,0.0,0.01078402285800728,0.012145910143092964,-0.32239075716233856,-0.00023859562698261283
trial_001_ep1_task039,1,39,0.9999,medium,8,Next-best immediate,27,50,50,0.0,0.0,0.0,0.0,0.004605676428940608,0.004858364057237274,-0.12895630286493542,-0.00010526599665133807
trial_001_ep1_task039,1,39,0.9999,medium,8,PPO high probability,27,1,1,0.0,0.0,0.0,0.0,0.14738164572609946,0.2429182028618584,-6.447815143246892,-0.001615971178842407
trial_001_ep1_task039,1,39,0.9999,medium,8,PPO high probability,27,5,5,0.0,0.0,0.0,0.0,0.04019499428893621,0.048583640572371634,-1.2895630286493827,-0.0005911546364796849
trial_001_ep1_task039,1,39,0.9999,medium,8,PPO high probability,27,10,10,0.0,0.0,0.0,0.0,0.021054520818014205,0.024291820286185928,-0.6447815143247055,-0.00042237668453359856
trial_001_ep1_task039,1,39,0.9999,medium,8,PPO high probability,27,20,20,0.0,0.0,0.0,0.0,0.01078402285800728,0.012145910143092964,-0.32239075716233856,-0.00023859562698261283
trial_001_ep1_task039,1,39,0.9999,medium,8,PPO high probability,27,50,50,0.0,0.0,0.0,0.0,0.004605676428940608,0.004858364057237274,-0.12895630286493542,-0.00010526599665133807
trial_001_ep1_task039,1,39,0.9999,medium,8,PPO sampled,23,1,1,0.0,0.0,0.0,0.0,0.028664970764334427,0.2429182028618584,-6.447815143246892,0.006625481833254759
trial_001_ep1_task039,1,39,0.9999,medium,8,PPO sampled,23,5,5,0.0,0.0,0.0,0.0,0.00781771929936393,0.048583640572371634,-1.2895630286493827,0.0024237340095670523
trial_001_ep1_task039,1,39,0.9999,medium,8,PPO sampled,23,10,10,0.0,0.0,0.0,0.0,0.004094995823476333,0.024291820286185928,-0.6447815143247055,0.0017317444065880205
trial_001_ep1_task039,1,39,0.9999,medium,8,PPO sampled,23,20,20,0.0,0.0,0.0,0.0,0.002097436885195203,0.012145910143092964,-0.32239075716233856,0.0009782420706288264
trial_001_ep1_task039,1,39,0.9999,medium,8,PPO sampled,23,50,50,0.0,0.0,0.0,0.0,0.00089578033638546,0.004858364057237274,-0.12895630286493542,0.00043159058627056934
trial_001_ep1_task040,1,40,0.9,low,28,Safe Min-Latency,6,1,1,0.0,0.0,0.0,0.0,0.0,0.0,0.0,0.0
trial_001_ep1_task040,1,40,0.9,low,28,Safe Min-Latency,6,5,5,0.0,0.0,0.0,0.0,0.0,0.0,0.0,0.0
trial_001_ep1_task040,1,40,0.9,low,28,Safe Min-Latency,6,10,10,0.0,0.0,0.0,0.0,0.0,0.0,0.0,0.0
trial_001_ep1_task040,1,40,0.9,low,28,Safe Min-Latency,6,20,20,0.0,0.0,0.0,0.0,0.0,0.0,0.0,0.0
trial_001_ep1_task040,1,40,0.9,low,28,Safe Min-Latency,6,50,50,0.0,0.0,0.0,0.0,0.0,0.0,0.0,0.0
trial_001_ep1_task040,1,40,0.9,low,28,Next-best immediate,12,1,1,0.0,0.0,-0.617545204848108,-0.617545204848108,0.0,0.0,0.0,0.012185831957994858
trial_001_ep1_task040,1,40,0.9,low,28,Next-best immediate,12,5,5,0.0,0.0,0.0,0.0,0.0,0.0,0.0,-0.005257248944778414
trial_001_ep1_task040,1,40,0.9,low,28,Next-best immediate,12,10,10,0.0,0.0,0.0,0.0,0.0,0.0,0.0,-0.003232657402485295
trial_001_ep1_task040,1,40,0.9,low,28,Next-best immediate,12,20,20,0.0,0.0,0.0,0.0,0.0,0.0,0.0,-0.0014988995705628172
trial_001_ep1_task040,1,40,0.9,low,28,Next-best immediate,12,50,50,0.0,0.0,0.0,0.0,0.0,0.0,0.0,-0.0006246404212399415
trial_001_ep1_task040,1,40,0.9,low,28,PPO high probability,27,1,1,0.0,0.0,-2.2546802122217073,-2.2546802122217073,0.0,0.0,0.0,0.01675551894224317
trial_001_ep1_task040,1,40,0.9,low,28,PPO high probability,27,5,5,0.0,0.0,0.0,0.0,0.03135202020978589,0.05016323233565734,-4.940849983134811,-0.0257021059522497
trial_001_ep1_task040,1,40,0.9,low,28,PPO high probability,27,10,10,0.0,0.0,0.0,0.0,0.012540808083914362,0.02508161616782867,-2.470424991567384,-0.01580410285659467
trial_001_ep1_task040,1,40,0.9,low,28,PPO high probability,27,20,20,0.0,0.0,0.0,0.0,0.006270404041957167,0.012540808083914223,-1.2352124957836992,-0.007327953456084835
trial_001_ep1_task040,1,40,0.9,low,28,PPO high probability,27,50,50,0.0,0.0,0.0,0.0,0.0025334965826089295,0.0050163232335656005,-0.4940849983134683,-0.003053797614950726
trial_001_ep1_task040,1,40,0.9,low,28,PPO sampled,5,1,1,0.0,0.0,0.0812855408083566,0.0,0.0,0.08128554080835215,-1.2180752885275083,0.00913937396849654
trial_001_ep1_task040,1,40,0.9,low,28,PPO sampled,5,5,5,0.0,0.0,0.0,0.0,0.03135202020978589,0.06642034049732781,-5.184465040840308,0.0032127632440311638
trial_001_ep1_task040,1,40,0.9,low,28,PPO sampled,5,10,10,0.0,0.0,0.0,0.0,0.012540808083914362,0.03321017024866402,-2.592232520420154,0.001975512857074313
trial_001_ep1_task040,1,40,0.9,low,28,PPO sampled,5,20,20,0.0,0.0,0.0,0.0,0.006270404041957167,0.01660508512433201,-1.29611626021007,0.0009159941820106043
trial_001_ep1_task040,1,40,0.9,low,28,PPO sampled,5,50,50,0.0,0.0,0.0,0.0,0.0025334965826089295,0.006642034049732626,-0.5184465040840252,0.0003817247018688408
trial_001_ep1_task041,1,41,0.999,high,28,Safe Min-Latency,6,1,1,0.0,0.0,0.0,0.0,0.0,0.0,0.0,0.0
trial_001_ep1_task041,1,41,0.999,high,28,Safe Min-Latency,6,5,5,0.0,0.0,0.0,0.0,0.0,0.0,0.0,0.0
trial_001_ep1_task041,1,41,0.999,high,28,Safe Min-Latency,6,10,10,0.0,0.0,0.0,0.0,0.0,0.0,0.0,0.0
trial_001_ep1_task041,1,41,0.999,high,28,Safe Min-Latency,6,20,20,0.0,0.0,0.0,0.0,0.0,0.0,0.0,0.0
trial_001_ep1_task041,1,41,0.999,high,28,Safe Min-Latency,6,50,50,0.0,0.0,0.0,0.0,0.0,0.0,0.0,0.0
trial_001_ep1_task041,1,41,0.999,high,28,Next-best immediate,12,1,1,-1.0,-1.0,-0.6,-0.6,0.0,0.0,0.0,0.027458551550984867
trial_001_ep1_task041,1,41,0.999,high,28,Next-best immediate,12,5,5,0.0,0.0,0.0,0.0,-0.22527061701427725,0.0,0.0,-0.0008537061994139394
trial_001_ep1_task041,1,41,0.999,high,28,Next-best immediate,12,10,10,0.0,0.0,0.0,0.0,-0.1185634826390933,0.0,0.0,-0.00048143124641242263
trial_001_ep1_task041,1,41,0.999,high,28,Next-best immediate,12,20,20,0.0,0.0,0.0,0.0,-0.05631765425356933,0.0,0.0,-0.00020512556917456903
trial_001_ep1_task041,1,41,0.999,high,28,Next-best immediate,12,50,50,0.0,0.0,0.0,0.0,-0.02275460777921995,0.0,0.0,-8.689696166816474e-05
trial_001_ep1_task041,1,41,0.999,high,28,PPO high probability,27,1,1,-1.0,-1.0,-0.6,-0.6,0.12540808083914357,0.0,0.0,0.0167802259478238
trial_001_ep1_task041,1,41,0.999,high,28,PPO high probability,27,5,5,0.0,0.0,0.0,0.0,-0.20018900084644853,0.0,0.0,-0.004173674752690842
trial_001_ep1_task041,1,41,0.999,high,28,PPO high probability,27,10,10,0.0,0.0,0.0,0.0,-0.10536263202444662,0.0,0.0,-0.002353663871349887
trial_001_ep1_task041,1,41,0.999,high,28,PPO high probability,27,20,20,0.0,0.0,0.0,0.0,-0.05004725021161213,0.0,0.0,-0.0010028361159648003
trial_001_ep1_task041,1,41,0.999,high,28,PPO high probability,27,50,50,0.0,0.0,0.0,0.0,-0.020221111196610964,0.0,0.0,-0.0004248295903777344
trial_001_ep1_task041,1,41,0.999,high,28,PPO sampled,23,1,1,-1.0,-1.0,-0.6,-0.6,0.12540808083914357,0.14626392932586896,-12.975454114944384,0.021814293732171447
trial_001_ep1_task041,1,41,0.999,high,28,PPO sampled,23,5,5,0.0,0.0,0.0,0.0,-0.20018900084644853,0.02925278586517388,-2.5950908229888796,-0.0026085467204316204
trial_001_ep1_task041,1,41,0.999,high,28,PPO sampled,23,10,10,0.0,0.0,0.0,0.0,-0.10536263202444662,0.01462639293258694,-1.297545411494454,-0.0014710399195936308
trial_001_ep1_task041,1,41,0.999,high,28,PPO sampled,23,20,20,0.0,0.0,0.0,0.0,-0.05004725021161213,0.007313196466293359,-0.6487727057472199,-0.0006267725724779516
trial_001_ep1_task041,1,41,0.999,high,28,PPO sampled,23,50,50,0.0,0.0,0.0,0.0,-0.020221111196610964,0.002925278586517477,-0.2595090822988908,-0.00026551849398606664
trial_001_ep1_task044,1,44,0.99,low,28,Safe Min-Latency,6,1,1,0.0,0.0,0.0,0.0,0.0,0.0,0.0,0.0
trial_001_ep1_task044,1,44,0.99,low,28,Safe Min-Latency,6,5,5,0.0,0.0,0.0,0.0,0.0,0.0,0.0,0.0
trial_001_ep1_task044,1,44,0.99,low,28,Safe Min-Latency,6,10,10,0.0,0.0,0.0,0.0,0.0,0.0,0.0,0.0
trial_001_ep1_task044,1,44,0.99,low,28,Safe Min-Latency,6,20,20,0.0,0.0,0.0,0.0,0.0,0.0,0.0,0.0
trial_001_ep1_task044,1,44,0.99,low,28,Safe Min-Latency,6,50,50,0.0,0.0,0.0,0.0,0.0,0.0,0.0,0.0
trial_001_ep1_task044,1,44,0.99,low,28,Next-best immediate,12,1,1,0.0,0.0,0.0,0.0,0.0,0.0,0.0,0.0
trial_001_ep1_task044,1,44,0.99,low,28,Next-best immediate,12,5,5,0.0,0.0,0.0,0.0,0.0,0.0,0.0,-0.008034865804334157
trial_001_ep1_task044,1,44,0.99,low,28,Next-best immediate,12,10,10,0.0,0.0,0.0,0.0,0.0,0.0,0.0,-0.0033011077217134366
trial_001_ep1_task044,1,44,0.99,low,28,Next-best immediate,12,20,20,0.0,0.0,0.0,0.0,0.0,0.0,0.0,-0.0015931234213565904
trial_001_ep1_task044,1,44,0.99,low,28,Next-best immediate,12,50,50,0.0,0.0,0.0,0.0,0.0,0.0,0.0,-0.0005898757435214841
trial_001_ep1_task044,1,44,0.99,low,28,PPO high probability,27,1,1,1.0,1.0,2.2379596030771927,2.2379596030771927,0.0,0.0,0.0,0.016165632123329745
trial_001_ep1_task044,1,44,0.99,low,28,PPO high probability,27,5,5,1.0,1.0,0.5250375040820865,0.5250375040820865,0.5079505918179692,0.21955926630220723,-5.158147549621788,-0.05059977707231994
trial_001_ep1_task044,1,44,0.99,low,28,PPO high probability,27,10,10,0.0,0.0,0.0,0.0,0.3130951913103001,0.12831988399796068,-2.9299324030914136,-0.016138748861710517
trial_001_ep1_task044,1,44,0.99,low,28,PPO high probability,27,20,20,0.0,0.0,0.0,0.0,0.14089283608963507,0.06415994199898023,-1.4649662015457068,-0.0077886033932991205
trial_001_ep1_task044,1,44,0.99,low,28,PPO high probability,27,50,50,0.0,0.0,0.0,0.0,0.05635713443585405,0.025663976799592092,-0.5859864806182813,-0.0028838369683273357
trial_001_ep1_task044,1,44,0.99,low,28,PPO sampled,6,1,1,0.0,0.0,0.0,0.0,0.0,0.0,0.0,0.0
trial_001_ep1_task044,1,44,0.99,low,28,PPO sampled,6,5,5,0.0,0.0,0.0,0.0,0.0,0.0,0.0,0.0
trial_001_ep1_task044,1,44,0.99,low,28,PPO sampled,6,10,10,0.0,0.0,0.0,0.0,0.0,0.0,0.0,0.0
trial_001_ep1_task044,1,44,0.99,low,28,PPO sampled,6,20,20,0.0,0.0,0.0,0.0,0.0,0.0,0.0,0.0
trial_001_ep1_task044,1,44,0.99,low,28,PPO sampled,6,50,50,0.0,0.0,0.0,0.0,0.0,0.0,0.0,0.0
trial_001_ep1_task046,1,46,0.9999,high,1,Safe Min-Latency,27,1,1,0.0,0.0,0.0,0.0,0.0,0.0,0.0,0.0
trial_001_ep1_task046,1,46,0.9999,high,1,Safe Min-Latency,27,5,5,0.0,0.0,0.0,0.0,0.0,0.0,0.0,0.0
trial_001_ep1_task046,1,46,0.9999,high,1,Safe Min-Latency,27,10,10,0.0,0.0,0.0,0.0,0.0,0.0,0.0,0.0
trial_001_ep1_task046,1,46,0.9999,high,1,Safe Min-Latency,27,20,20,0.0,0.0,0.0,0.0,0.0,0.0,0.0,0.0
trial_001_ep1_task046,1,46,0.9999,high,1,Safe Min-Latency,27,50,50,0.0,0.0,0.0,0.0,0.0,0.0,0.0,0.0
trial_001_ep1_task046,1,46,0.9999,high,1,Next-best immediate,27,1,1,0.0,0.0,0.0,0.0,0.0,0.0,0.0,0.0
trial_001_ep1_task046,1,46,0.9999,high,1,Next-best immediate,27,5,5,0.0,0.0,0.0,0.0,0.0,0.0,0.0,0.0
trial_001_ep1_task046,1,46,0.9999,high,1,Next-best immediate,27,10,10,0.0,0.0,0.0,0.0,0.0,0.0,0.0,0.0
trial_001_ep1_task046,1,46,0.9999,high,1,Next-best immediate,27,20,20,0.0,0.0,0.0,0.0,0.0,0.0,0.0,0.0
trial_001_ep1_task046,1,46,0.9999,high,1,Next-best immediate,27,50,50,0.0,0.0,0.0,0.0,0.0,0.0,0.0,0.0
trial_001_ep1_task046,1,46,0.9999,high,1,PPO high probability,27,1,1,0.0,0.0,0.0,0.0,0.0,0.0,0.0,0.0
trial_001_ep1_task046,1,46,0.9999,high,1,PPO high probability,27,5,5,0.0,0.0,0.0,0.0,0.0,0.0,0.0,0.0
trial_001_ep1_task046,1,46,0.9999,high,1,PPO high probability,27,10,10,0.0,0.0,0.0,0.0,0.0,0.0,0.0,0.0
trial_001_ep1_task046,1,46,0.9999,high,1,PPO high probability,27,20,20,0.0,0.0,0.0,0.0,0.0,0.0,0.0,0.0
trial_001_ep1_task046,1,46,0.9999,high,1,PPO high probability,27,50,50,0.0,0.0,0.0,0.0,0.0,0.0,0.0,0.0
trial_001_ep1_task046,1,46,0.9999,high,1,PPO sampled,27,1,1,0.0,0.0,0.0,0.0,0.0,0.0,0.0,0.0
trial_001_ep1_task046,1,46,0.9999,high,1,PPO sampled,27,5,5,0.0,0.0,0.0,0.0,0.0,0.0,0.0,0.0
trial_001_ep1_task046,1,46,0.9999,high,1,PPO sampled,27,10,10,0.0,0.0,0.0,0.0,0.0,0.0,0.0,0.0
trial_001_ep1_task046,1,46,0.9999,high,1,PPO sampled,27,20,20,0.0,0.0,0.0,0.0,0.0,0.0,0.0,0.0
trial_001_ep1_task046,1,46,0.9999,high,1,PPO sampled,27,50,50,0.0,0.0,0.0,0.0,0.0,0.0,0.0,0.0
trial_001_ep1_task047,1,47,0.9,high,28,Safe Min-Latency,4,1,1,0.0,0.0,0.0,0.0,0.0,0.0,0.0,0.0
trial_001_ep1_task047,1,47,0.9,high,28,Safe Min-Latency,4,5,5,0.0,0.0,0.0,0.0,0.0,0.0,0.0,0.0
trial_001_ep1_task047,1,47,0.9,high,28,Safe Min-Latency,4,10,10,0.0,0.0,0.0,0.0,0.0,0.0,0.0,0.0
trial_001_ep1_task047,1,47,0.9,high,28,Safe Min-Latency,4,20,20,0.0,0.0,0.0,0.0,0.0,0.0,0.0,0.0
trial_001_ep1_task047,1,47,0.9,high,28,Safe Min-Latency,4,50,50,0.0,0.0,0.0,0.0,0.0,0.0,0.0,0.0
trial_001_ep1_task047,1,47,0.9,high,28,Next-best immediate,10,1,1,0.0,0.0,-0.6570966520626769,-3.498479140693978,0.0,0.0,0.0,0.0657250551783391
trial_001_ep1_task047,1,47,0.9,high,28,Next-best immediate,10,5,5,-1.0,0.0,-1.9509983028624474,-0.9626128897396096,-0.36617520722921526,0.0,0.0,0.03098584433152407
trial_001_ep1_task047,1,47,0.9,high,28,Next-best immediate,10,10,10,0.0,0.0,0.0,0.0,-0.21047964583948175,0.0,0.0,-0.0029984994900462136
trial_001_ep1_task047,1,47,0.9,high,28,Next-best immediate,10,20,20,0.0,0.0,0.0,0.0,-0.1105018140657279,0.0,0.0,-0.0017026127467787977
trial_001_ep1_task047,1,47,0.9,high,28,Next-best immediate,10,50,50,0.0,0.0,0.0,0.0,-0.04420072562629118,0.0,0.0,-0.0006654548021745588
trial_001_ep1_task047,1,47,0.9,high,28,PPO high probability,21,1,1,0.0,1.0,-1.8423557855134973,-2.5489300071383045,0.0,0.5576442144865013,-5.926553041420888,0.014113082100395469
trial_001_ep1_task047,1,47,0.9,high,28,PPO high probability,21,5,5,-1.0,0.0,-1.9509983028624474,-0.9626128897396096,-0.26645792860469086,-0.10589794804411401,2.7316385816401834,0.003192216025192929
trial_001_ep1_task047,1,47,0.9,high,28,PPO high probability,21,10,10,0.0,0.0,0.0,0.0,-0.1724921111253772,-0.05294897402205656,1.3658192908200917,-0.012334163868719439
trial_001_ep1_task047,1,47,0.9,high,28,PPO high probability,21,20,20,0.0,0.0,0.0,0.0,-0.09055835834082304,-0.026474487011028502,0.6829096454100565,-0.007003604534018493
trial_001_ep1_task047,1,47,0.9,high,28,PPO high probability,21,50,50,0.0,0.0,0.0,0.0,-0.036223343336329206,-0.010589794804411579,0.27316385816401834,-0.0027373119803735246
trial_001_ep1_task047,1,47,0.9,high,28,PPO sampled,14,1,1,0.0,0.0,-0.41190547381667386,-3.7897261335140024,0.0,0.536438171066024,-5.728436352148066,-0.003461122300188968
trial_001_ep1_task047,1,47,0.9,high,28,PPO sampled,14,5,5,-1.0,0.0,-1.9509983028624474,-0.9626128897396096,-0.6243851541991656,-0.11013915672820929,2.771261919494755,0.031248402223756577
trial_001_ep1_task047,1,47,0.9,high,28,PPO sampled,14,10,10,0.0,0.0,0.0,0.0,-0.30884533992327234,-0.05506957836410464,1.3856309597473668,-0.0029103083285742515
trial_001_ep1_task047,1,47,0.9,high,28,PPO sampled,14,20,20,0.0,0.0,0.0,0.0,-0.162143803459718,-0.02753478918205232,0.6928154798737012,-0.0016525359012852792
trial_001_ep1_task047,1,47,0.9,high,28,PPO sampled,14,50,50,0.0,0.0,0.0,0.0,-0.06485752138388717,-0.01101391567282084,0.2771261919494705,-0.0006458826021106256
trial_001_ep1_task052,1,52,0.99,medium,28,Safe Min-Latency,4,1,1,0.0,0.0,0.0,0.0,0.0,0.0,0.0,0.0
trial_001_ep1_task052,1,52,0.99,medium,28,Safe Min-Latency,4,5,5,0.0,0.0,0.0,0.0,0.0,0.0,0.0,0.0
trial_001_ep1_task052,1,52,0.99,medium,28,Safe Min-Latency,4,10,10,0.0,0.0,0.0,0.0,0.0,0.0,0.0,0.0
trial_001_ep1_task052,1,52,0.99,medium,28,Safe Min-Latency,4,20,20,0.0,0.0,0.0,0.0,0.0,0.0,0.0,0.0
trial_001_ep1_task052,1,52,0.99,medium,28,Safe Min-Latency,4,50,50,0.0,0.0,0.0,0.0,0.0,0.0,0.0,0.0
trial_001_ep1_task052,1,52,0.99,medium,28,Next-best immediate,10,1,1,0.0,0.0,0.0,0.0,-0.39699363323267106,0.0,0.0,-0.0017471333771371667
trial_001_ep1_task052,1,52,0.99,medium,28,Next-best immediate,10,5,5,0.0,0.0,0.0,0.0,-0.15268985893564274,0.0,0.0,-0.0009406416275302143
trial_001_ep1_task052,1,52,0.99,medium,28,Next-best immediate,10,10,10,0.0,0.0,0.0,0.0,-0.08630296374623286,0.0,0.0,-0.000584035826919016
trial_001_ep1_task052,1,52,0.99,medium,28,Next-best immediate,10,20,20,0.0,0.0,0.0,0.0,-0.0472611468134132,0.0,0.0,-0.0003267334049818771
trial_001_ep1_task052,1,52,0.99,medium,28,Next-best immediate,10,50,50,0.0,0.0,0.0,0.0,-0.019460472217287805,0.0,0.0,-0.00011999142811516816
trial_001_ep1_task052,1,52,0.99,medium,28,PPO high probability,27,1,1,0.0,0.0,0.0,0.0,-0.3015193416994123,0.005553195014869061,-0.2675613980108693,-0.010237288056231753
trial_001_ep1_task052,1,52,0.99,medium,28,PPO high probability,27,5,5,0.0,0.0,0.0,0.0,-0.11596897757669705,0.0011106390029738122,-0.05351227960215965,-0.005511668098567624
trial_001_ep1_task052,1,52,0.99,medium,28,PPO high probability,27,10,10,0.0,0.0,0.0,0.0,-0.06554768297813313,0.0005553195014869061,-0.02675613980107272,-0.0034221445675351736
trial_001_ep1_task052,1,52,0.99,medium,28,PPO high probability,27,20,20,0.0,0.0,0.0,0.0,-0.03589515972612051,0.00027765975074345306,-0.013378069900539913,-0.001914486912197838
trial_001_ep1_task052,1,52,0.99,medium,28,PPO high probability,27,50,50,0.0,0.0,0.0,0.0,-0.014780359887226091,0.00011106390029747004,-0.005351227960218807,-0.0007030870281389268
trial_001_ep1_task052,1,52,0.99,medium,28,PPO sampled,25,1,1,0.0,0.0,0.0,0.0,-0.3015193416994123,0.0,0.0,-0.008541540954892707
trial_001_ep1_task052,1,52,0.99,medium,28,PPO sampled,25,5,5,0.0,0.0,0.0,0.0,-0.11596897757669705,0.0,0.0,-0.004598692401258847
trial_001_ep1_task052,1,52,0.99,medium,28,PPO sampled,25,10,10,0.0,0.0,0.0,0.0,-0.06554768297813313,0.0,0.0,-0.0028552862649373345
trial_001_ep1_task052,1,52,0.99,medium,28,PPO sampled,25,20,20,0.0,0.0,0.0,0.0,-0.03589515972612051,0.0,0.0,-0.0015973633132448095
trial_001_ep1_task052,1,52,0.99,medium,28,PPO sampled,25,50,50,0.0,0.0,0.0,0.0,-0.014780359887226091,0.0,0.0,-0.0005866247596741925
trial_001_ep1_task053,1,53,0.9,low,28,Safe Min-Latency,5,1,1,0.0,0.0,0.0,0.0,0.0,0.0,0.0,0.0
trial_001_ep1_task053,1,53,0.9,low,28,Safe Min-Latency,5,5,5,0.0,0.0,0.0,0.0,0.0,0.0,0.0,0.0
trial_001_ep1_task053,1,53,0.9,low,28,Safe Min-Latency,5,10,10,0.0,0.0,0.0,0.0,0.0,0.0,0.0,0.0
trial_001_ep1_task053,1,53,0.9,low,28,Safe Min-Latency,5,20,20,0.0,0.0,0.0,0.0,0.0,0.0,0.0,0.0
trial_001_ep1_task053,1,53,0.9,low,28,Safe Min-Latency,5,50,50,0.0,0.0,0.0,0.0,0.0,0.0,0.0,0.0
trial_001_ep1_task053,1,53,0.9,low,28,Next-best immediate,11,1,1,0.0,0.0,0.0,0.0,0.0,0.0,0.0,0.0
trial_001_ep1_task053,1,53,0.9,low,28,Next-best immediate,11,5,5,0.0,0.0,0.0,0.0,0.0,0.0,0.0,-0.0009604713912352292
trial_001_ep1_task053,1,53,0.9,low,28,Next-best immediate,11,10,10,0.0,0.0,0.0,0.0,0.0,0.0,0.0,-0.0004095724892392294
trial_001_ep1_task053,1,53,0.9,low,28,Next-best immediate,11,20,20,0.0,0.0,0.0,0.0,0.0,0.0,0.0,-0.00019061872861109164
trial_001_ep1_task053,1,53,0.9,low,28,Next-best immediate,11,50,50,0.0,0.0,0.0,0.0,0.0,0.0,0.0,-6.432249004426072e-05
trial_001_ep1_task053,1,53,0.9,low,28,PPO high probability,27,1,1,0.0,0.0,0.0,0.0,0.0,0.0,0.0,0.0
trial_001_ep1_task053,1,53,0.9,low,28,PPO high probability,27,5,5,0.0,0.0,0.0,0.0,0.0,0.0,0.0,-0.005282592651795537
trial_001_ep1_task053,1,53,0.9,low,28,PPO high probability,27,10,10,0.0,0.0,0.0,0.0,0.0,0.0,0.0,-0.002252648690816317
trial_001_ep1_task053,1,53,0.9,low,28,PPO high probability,27,20,20,0.0,0.0,0.0,0.0,0.0,0.0,0.0,-0.001048403007361226
trial_001_ep1_task053,1,53,0.9,low,28,PPO high probability,27,50,50,0.0,0.0,0.0,0.0,0.0,0.0,0.0,-0.0003537736952435311
trial_001_ep1_task053,1,53,0.9,low,28,PPO sampled,7,1,1,0.0,0.0,0.0,0.0,0.0,0.24548369960683658,-27.146887324280655,0.0
trial_001_ep1_task053,1,53,0.9,low,28,PPO sampled,7,5,5,0.0,0.0,0.0005692208733591997,0.0005692208733591997,0.03874371502763552,0.049096739921367316,-5.429377464856117,0.0019622744561952343
trial_001_ep1_task053,1,53,0.9,low,28,PPO sampled,7,10,10,0.0,0.0,0.0,0.0,0.01835228606572209,0.024548369960683658,-2.7146887324280726,0.0008418990056587305
trial_001_ep1_task053,1,53,0.9,low,28,PPO sampled,7,20,20,0.0,0.0,0.0,0.0,0.008940857314069753,0.012274184980341829,-1.3573443662140363,0.0003918273865896049
trial_001_ep1_task053,1,53,0.9,low,28,PPO sampled,7,50,50,0.0,0.0,0.0,0.0,0.0035947776829764466,0.00490967399213682,-0.5429377464856131,0.00013221845175767633
trial_001_ep1_task056,1,56,0.99,medium,28,Safe Min-Latency,6,1,1,0.0,0.0,0.0,0.0,0.0,0.0,0.0,0.0
trial_001_ep1_task056,1,56,0.99,medium,28,Safe Min-Latency,6,5,5,0.0,0.0,0.0,0.0,0.0,0.0,0.0,0.0
trial_001_ep1_task056,1,56,0.99,medium,28,Safe Min-Latency,6,10,10,0.0,0.0,0.0,0.0,0.0,0.0,0.0,0.0
trial_001_ep1_task056,1,56,0.99,medium,28,Safe Min-Latency,6,20,20,0.0,0.0,0.0,0.0,0.0,0.0,0.0,0.0
trial_001_ep1_task056,1,56,0.99,medium,28,Safe Min-Latency,6,50,50,0.0,0.0,0.0,0.0,0.0,0.0,0.0,0.0
trial_001_ep1_task056,1,56,0.99,medium,28,Next-best immediate,12,1,1,0.0,-1.0,-2.769493302659419,-3.0049325809682905,0.0,0.0,0.0,0.11185677773711233
trial_001_ep1_task056,1,56,0.99,medium,28,Next-best immediate,12,5,5,0.0,0.0,0.0,0.0,-0.22146173854405177,0.0,0.0,-0.005126125504104351
trial_001_ep1_task056,1,56,0.99,medium,28,Next-best immediate,12,10,10,0.0,0.0,0.0,0.0,-0.11600376780878904,0.0,0.0,-0.0032470216061827317
trial_001_ep1_task056,1,56,0.99,medium,28,Next-best immediate,12,20,20,0.0,0.0,0.0,0.0,-0.05941656399962364,0.0,0.0,-0.0013078173121585102
trial_001_ep1_task056,1,56,0.99,medium,28,Next-best immediate,12,50,50,0.0,0.0,0.0,0.0,-0.024119595286975937,0.0,0.0,-0.0005153366423840122
trial_001_ep1_task056,1,56,0.99,medium,28,PPO high probability,21,1,1,0.0,-1.0,-3.634433939632612,-3.8698732179414836,0.0,0.0,0.0,0.11404731478092672
trial_001_ep1_task056,1,56,0.99,medium,28,PPO high probability,21,5,5,0.0,0.0,0.0,0.0,-0.2209312479833443,0.0,0.0,-0.016110680155756563
trial_001_ep1_task056,1,56,0.99,medium,28,PPO high probability,21,10,10,0.0,0.0,0.0,0.0,-0.1157258918007994,0.0,0.0,-0.010204925048003077
trial_001_ep1_task056,1,56,0.99,medium,28,PPO high probability,21,20,20,0.0,0.0,0.0,0.0,-0.05927423726382408,0.0,0.0,-0.004110282981069635
trial_001_ep1_task056,1,56,0.99,medium,28,PPO high probability,21,50,50,0.0,0.0,0.0,0.0,-0.024061819087294878,0.0,0.0,-0.0016196294474926098
trial_001_ep1_task056,1,56,0.99,medium,28,PPO sampled,17,1,1,0.0,-1.0,-2.98508665896851,-3.2205259372773813,0.00018974029111973323,0.0,0.0,0.10705075757217175
trial_001_ep1_task056,1,56,0.99,medium,28,PPO sampled,17,5,5,0.0,0.0,0.0,0.0,-0.22140999119192822,0.0,0.0,-0.009397896757524615
trial_001_ep1_task056,1,56,0.99,medium,28,PPO sampled,17,10,10,0.0,0.0,0.0,0.0,-0.11597666205291479,0.0,0.0,-0.005952872944668397
trial_001_ep1_task056,1,56,0.99,medium,28,PPO sampled,17,20,20,0.0,0.0,0.0,0.0,-0.059402680563688054,0.0,0.0,-0.002397665072290611
trial_001_ep1_task056,1,56,0.99,medium,28,PPO sampled,17,50,50,0.0,0.0,0.0,0.0,-0.02411395943674466,0.0,0.0,-0.0009447838443706891
trial_001_ep1_task057,1,57,0.99,medium,28,Safe Min-Latency,5,1,1,0.0,0.0,0.0,0.0,0.0,0.0,0.0,0.0
trial_001_ep1_task057,1,57,0.99,medium,28,Safe Min-Latency,5,5,5,0.0,0.0,0.0,0.0,0.0,0.0,0.0,0.0
trial_001_ep1_task057,1,57,0.99,medium,28,Safe Min-Latency,5,10,10,0.0,0.0,0.0,0.0,0.0,0.0,0.0,0.0
trial_001_ep1_task057,1,57,0.99,medium,28,Safe Min-Latency,5,20,20,0.0,0.0,0.0,0.0,0.0,0.0,0.0,0.0
trial_001_ep1_task057,1,57,0.99,medium,28,Safe Min-Latency,5,50,50,0.0,0.0,0.0,0.0,0.0,0.0,0.0,0.0
trial_001_ep1_task057,1,57,0.99,medium,28,Next-best immediate,11,1,1,1.0,0.0,1.265616082256134,0.3897905721297159,0.0,0.0,0.0,0.036133809756088764
trial_001_ep1_task057,1,57,0.99,medium,28,Next-best immediate,11,5,5,0.0,0.0,0.0,0.0,0.0,0.0,0.0,-0.0023108222433315673
trial_001_ep1_task057,1,57,0.99,medium,28,Next-best immediate,11,10,10,0.0,0.0,0.0,0.0,0.0,0.0,0.0,-0.0012311269386304224
trial_001_ep1_task057,1,57,0.99,medium,28,Next-best immediate,11,20,20,0.0,0.0,0.0,0.0,0.0,0.0,0.0,-0.0004878133467467183
trial_001_ep1_task057,1,57,0.99,medium,28,Next-best immediate,11,50,50,0.0,0.0,0.0,0.0,0.0,0.0,0.0,-0.00018398127082144833
trial_001_ep1_task057,1,57,0.99,medium,28,PPO high probability,27,1,1,1.0,0.0,0.7122466060009742,0.0,0.0,0.0,0.0,0.013917262195113578
trial_001_ep1_task057,1,57,0.99,medium,28,PPO high probability,27,5,5,0.0,0.0,0.0,0.0,0.0,0.0,0.0,-0.012709522338324508
trial_001_ep1_task057,1,57,0.99,medium,28,PPO high probability,27,10,10,0.0,0.0,0.0,0.0,0.0,0.0,0.0,-0.00677119816246774
trial_001_ep1_task057,1,57,0.99,medium,28,PPO high probability,27,20,20,0.0,0.0,0.0,0.0,0.0,0.0,0.0,-0.002682973407107214
trial_001_ep1_task057,1,57,0.99,medium,28,PPO high probability,27,50,50,0.0,0.0,0.0,0.0,0.0,0.0,0.0,-0.0010118969895180352
trial_001_ep1_task057,1,57,0.99,medium,28,PPO sampled,23,1,1,0.0,0.0,0.0,0.0,0.0,0.0,0.0,0.0
trial_001_ep1_task057,1,57,0.99,medium,28,PPO sampled,23,5,5,0.0,0.0,0.0,0.0,0.0,0.0,0.0,-0.008473014892216302
trial_001_ep1_task057,1,57,0.99,medium,28,PPO sampled,23,10,10,0.0,0.0,0.0,0.0,0.0,0.0,0.0,-0.004514132108311808
trial_001_ep1_task057,1,57,0.99,medium,28,PPO sampled,23,20,20,0.0,0.0,0.0,0.0,0.0,0.0,0.0,-0.0017886489380714576
trial_001_ep1_task057,1,57,0.99,medium,28,PPO sampled,23,50,50,0.0,0.0,0.0,0.0,0.0,0.0,0.0,-0.0006745979930120327
trial_001_ep1_task058,1,58,0.99,medium,28,Safe Min-Latency,6,1,1,0.0,0.0,0.0,0.0,0.0,0.0,0.0,0.0
trial_001_ep1_task058,1,58,0.99,medium,28,Safe Min-Latency,6,5,5,0.0,0.0,0.0,0.0,0.0,0.0,0.0,0.0
trial_001_ep1_task058,1,58,0.99,medium,28,Safe Min-Latency,6,10,10,0.0,0.0,0.0,0.0,0.0,0.0,0.0,0.0
trial_001_ep1_task058,1,58,0.99,medium,28,Safe Min-Latency,6,20,20,0.0,0.0,0.0,0.0,0.0,0.0,0.0,0.0
trial_001_ep1_task058,1,58,0.99,medium,28,Safe Min-Latency,6,50,50,0.0,0.0,0.0,0.0,0.0,0.0,0.0,0.0
trial_001_ep1_task058,1,58,0.99,medium,28,Next-best immediate,12,1,1,0.0,0.0,-0.39469608481743945,-0.39469608481743945,0.0,0.0,0.0,0.014928511031217062
trial_001_ep1_task058,1,58,0.99,medium,28,Next-best immediate,12,5,5,0.0,0.0,0.0,0.0,0.11323449503670985,0.0,0.0,-0.0034275558622555713
trial_001_ep1_task058,1,58,0.99,medium,28,Next-best immediate,12,10,10,0.0,0.0,0.0,0.0,0.05392118811271898,0.0,0.0,-0.001491334848859438
trial_001_ep1_task058,1,58,0.99,medium,28,Next-best immediate,12,20,20,0.0,0.0,0.0,0.0,0.02979855132544995,0.0,0.0,-0.0007858210311324776
trial_001_ep1_task058,1,58,0.99,medium,28,Next-best immediate,12,50,50,0.0,0.0,0.0,0.0,0.01132344950367098,0.0,0.0,-0.00029466325907073765
trial_001_ep1_task058,1,58,0.99,medium,28,PPO high probability,27,1,1,0.0,0.0,-0.8329061686838239,-0.8329061686838239,0.1588225382022775,0.0,0.0,-0.01977005167521917
trial_001_ep1_task058,1,58,0.99,medium,28,PPO high probability,27,5,5,0.0,0.0,0.0,0.0,0.07050352199499343,0.04571352106862059,-0.8146803477831668,-0.01675693977102727
trial_001_ep1_task058,1,58,0.99,medium,28,PPO high probability,27,10,10,0.0,0.0,0.0,0.0,0.03357310571190164,0.022856760534310183,-0.4073401738915763,-0.007290970372201749
trial_001_ep1_task058,1,58,0.99,medium,28,PPO high probability,27,20,20,0.0,0.0,0.0,0.0,0.018553558419735106,0.011428380267155092,-0.2036700869457917,-0.0038417917077586683
trial_001_ep1_task058,1,58,0.99,medium,28,PPO high probability,27,50,50,0.0,0.0,0.0,0.0,0.0070503521994993434,0.00457135210686177,-0.0814680347783181,-0.001440575933234628
trial_001_ep1_task058,1,58,0.99,medium,28,PPO sampled,19,1,1,0.0,0.0,-0.7418730202609909,-0.9063571190088193,0.0,0.16448409874783465,-5.050243170418355,0.02265934710095363
trial_001_ep1_task058,1,58,0.99,medium,28,PPO sampled,19,5,5,0.0,0.0,0.0,0.0,0.0,0.03289681974956715,-1.0100486340836738,-0.007445573028513064
trial_001_ep1_task058,1,58,0.99,medium,28,PPO sampled,19,10,10,0.0,0.0,0.0,0.0,0.0,0.016448409874783465,-0.5050243170418298,-0.0032395803229425257
trial_001_ep1_task058,1,58,0.99,medium,28,PPO sampled,19,20,20,0.0,0.0,0.0,0.0,0.0,0.008224204937391733,-0.2525121585209291,-0.0017070145928381186
trial_001_ep1_task058,1,58,0.99,medium,28,PPO sampled,19,50,50,0.0,0.0,0.0,0.0,0.0,0.003289681974956604,-0.10100486340837023,-0.0006400878358804873
trial_001_ep1_task060,1,60,0.999,medium,28,Safe Min-Latency,5,1,1,0.0,0.0,0.0,0.0,0.0,0.0,0.0,0.0
trial_001_ep1_task060,1,60,0.999,medium,28,Safe Min-Latency,5,5,5,0.0,0.0,0.0,0.0,0.0,0.0,0.0,0.0
trial_001_ep1_task060,1,60,0.999,medium,28,Safe Min-Latency,5,10,10,0.0,0.0,0.0,0.0,0.0,0.0,0.0,0.0
trial_001_ep1_task060,1,60,0.999,medium,28,Safe Min-Latency,5,20,20,0.0,0.0,0.0,0.0,0.0,0.0,0.0,0.0
trial_001_ep1_task060,1,60,0.999,medium,28,Safe Min-Latency,5,50,50,0.0,0.0,0.0,0.0,0.0,0.0,0.0,0.0
trial_001_ep1_task060,1,60,0.999,medium,28,Next-best immediate,11,1,1,0.0,0.0,0.2243110402400621,0.2243110402400621,0.3043713422286771,0.0,0.0,-0.02564148672051031
trial_001_ep1_task060,1,60,0.999,medium,28,Next-best immediate,11,5,5,0.0,0.0,0.0,0.0,0.06087426844573543,0.0,0.0,-0.0038327613424608553
trial_001_ep1_task060,1,60,0.999,medium,28,Next-best immediate,11,10,10,0.0,0.0,0.0,0.0,0.0304371342228677,0.0,0.0,-0.0016170834415080992
trial_001_ep1_task060,1,60,0.999,medium,28,Next-best immediate,11,20,20,0.0,0.0,0.0,0.0,0.016452504985333904,0.0,0.0,-0.0008340904589519416
trial_001_ep1_task060,1,60,0.999,medium,28,Next-best immediate,11,50,50,0.0,0.0,0.0,0.0,0.006087426844573529,0.0,0.0,-0.00028468829061220613
trial_001_ep1_task060,1,60,0.999,medium,28,PPO high probability,27,1,1,-1.0,-1.0,-0.6255553273453698,-0.6255553273453698,0.0,0.0,0.0,-0.031027874079187834
trial_001_ep1_task060,1,60,0.999,medium,28,PPO high probability,27,5,5,0.0,0.0,0.0,0.0,0.0,0.0,0.0,-0.02108018738353401
trial_001_ep1_task060,1,60,0.999,medium,28,PPO high probability,27,10,10,0.0,0.0,0.0,0.0,0.0,0.0,0.0,-0.008893958928294199
trial_001_ep1_task060,1,60,0.999,medium,28,PPO high probability,27,20,20,0.0,0.0,0.0,0.0,0.0,0.0,0.0,-0.004587497524235623
trial_001_ep1_task060,1,60,0.999,medium,28,PPO high probability,27,50,50,0.0,0.0,0.0,0.0,0.0,0.0,0.0,-0.0015657855983670366
trial_001_ep1_task060,1,60,0.999,medium,28,PPO sampled,10,1,1,0.0,0.0,0.2243110402400621,0.2243110402400621,0.3043713422286771,0.15970268170016766,-5.158873179640651,-0.021194572505137732
trial_001_ep1_task060,1,60,0.999,medium,28,PPO sampled,10,5,5,0.0,0.0,0.0,0.0,0.06087426844573543,0.031940536340033576,-1.0317746359281301,-0.0024549713173933063
trial_001_ep1_task060,1,60,0.999,medium,28,PPO sampled,10,10,10,0.0,0.0,0.0,0.0,0.0304371342228677,0.015970268170016677,-0.515887317964058,-0.001035778936390841
trial_001_ep1_task060,1,60,0.999,medium,28,PPO sampled,10,20,20,0.0,0.0,0.0,0.0,0.016452504985333904,0.007985134085008339,-0.257943658982029,-0.0005342540194594458
trial_001_ep1_task060,1,60,0.999,medium,28,PPO sampled,10,50,50,0.0,0.0,0.0,0.0,0.006087426844573529,0.0031940536340031578,-0.10317746359282154,-0.00018234936261432577
trial_001_ep1_task063,1,63,0.999,medium,28,Safe Min-Latency,4,1,1,0.0,0.0,0.0,0.0,0.0,0.0,0.0,0.0
trial_001_ep1_task063,1,63,0.999,medium,28,Safe Min-Latency,4,5,5,0.0,0.0,0.0,0.0,0.0,0.0,0.0,0.0
trial_001_ep1_task063,1,63,0.999,medium,28,Safe Min-Latency,4,10,10,0.0,0.0,0.0,0.0,0.0,0.0,0.0,0.0
trial_001_ep1_task063,1,63,0.999,medium,28,Safe Min-Latency,4,20,20,0.0,0.0,0.0,0.0,0.0,0.0,0.0,0.0
trial_001_ep1_task063,1,63,0.999,medium,28,Safe Min-Latency,4,50,50,0.0,0.0,0.0,0.0,0.0,0.0,0.0,0.0
trial_001_ep1_task063,1,63,0.999,medium,28,Next-best immediate,10,1,1,-1.0,-1.0,-1.1,-1.1,0.0,0.0,0.0,0.09444165354749723
trial_001_ep1_task063,1,63,0.999,medium,28,Next-best immediate,10,5,5,0.0,0.0,0.0,0.0,-0.08223676442348579,0.0,0.0,-0.001210002373883412
trial_001_ep1_task063,1,63,0.999,medium,28,Next-best immediate,10,10,10,0.0,0.0,0.0,0.0,-0.04523022043291716,0.0,0.0,-0.0007844524400383579
trial_001_ep1_task063,1,63,0.999,medium,28,Next-best immediate,10,20,20,0.0,0.0,0.0,0.0,-0.022063522162398652,0.0,0.0,-0.0003599659914632347
trial_001_ep1_task063,1,63,0.999,medium,28,Next-best immediate,10,50,50,0.0,0.0,0.0,0.0,-0.009046044086583382,0.0,0.0,-0.00013554767887147268
trial_001_ep1_task063,1,63,0.999,medium,28,PPO high probability,27,1,1,1.0,-1.0,-0.5345412593725516,-0.7420058492901407,0.5145629367262453,0.6077416825107491,-27.954817388872982,-0.004854910428653103
trial_001_ep1_task063,1,63,0.999,medium,28,PPO high probability,27,5,5,0.0,0.0,0.0,0.0,0.07546447211269547,0.15975329484600143,-7.8508063109672435,-0.007089981229977227
trial_001_ep1_task063,1,63,0.999,medium,28,PPO high probability,27,10,10,0.0,0.0,0.0,0.0,0.04150545966198252,0.07987664742300082,-3.9254031554836075,-0.0045964811274145645
trial_001_ep1_task063,1,63,0.999,medium,28,PPO high probability,27,20,20,0.0,0.0,0.0,0.0,0.020246565688771923,0.0399383237115003,-1.9627015777417967,-0.0021092124924628197
trial_001_ep1_task063,1,63,0.999,medium,28,PPO high probability,27,50,50,0.0,0.0,0.0,0.0,0.008301091932396587,0.01597532948460012,-0.7850806310967116,-0.0007942385235835125
trial_001_ep1_task063,1,63,0.999,medium,28,PPO sampled,17,1,1,0.0,-1.0,-0.8967345175928358,-0.9009336251032607,0.21982052976487884,0.3437987978117292,-18.03708702531246,0.058208391698716166
trial_001_ep1_task063,1,63,0.999,medium,28,PPO sampled,17,5,5,0.0,0.0,0.0,0.0,-0.022285710851246116,0.0687597595623457,-3.607417405062506,-0.003392751754222295
trial_001_ep1_task063,1,63,0.999,medium,28,PPO sampled,17,10,10,0.0,0.0,0.0,0.0,-0.012257140968185337,0.03437987978117296,-1.8037087025312388,-0.00219954311618617
trial_001_ep1_task063,1,63,0.999,medium,28,PPO sampled,17,20,20,0.0,0.0,0.0,0.0,-0.005979093155212389,0.01718993989058637,-0.9018543512656265,-0.0010093164074362337
trial_001_ep1_task063,1,63,0.999,medium,28,PPO sampled,17,50,50,0.0,0.0,0.0,0.0,-0.002451428193637084,0.006875975956234459,-0.3607417405062492,-0.0003800650603651423
trial_001_ep1_task064,1,64,0.99,low,28,Safe Min-Latency,5,1,1,0.0,0.0,0.0,0.0,0.0,0.0,0.0,0.0
trial_001_ep1_task064,1,64,0.99,low,28,Safe Min-Latency,5,5,5,0.0,0.0,0.0,0.0,0.0,0.0,0.0,0.0
trial_001_ep1_task064,1,64,0.99,low,28,Safe Min-Latency,5,10,10,0.0,0.0,0.0,0.0,0.0,0.0,0.0,0.0
trial_001_ep1_task064,1,64,0.99,low,28,Safe Min-Latency,5,20,20,0.0,0.0,0.0,0.0,0.0,0.0,0.0,0.0
trial_001_ep1_task064,1,64,0.99,low,28,Safe Min-Latency,5,50,50,0.0,0.0,0.0,0.0,0.0,0.0,0.0,0.0
trial_001_ep1_task064,1,64,0.99,low,28,Next-best immediate,11,1,1,0.0,0.0,0.0,0.0,0.0,0.0,0.0,-0.00854304997893049
trial_001_ep1_task064,1,64,0.99,low,28,Next-best immediate,11,5,5,0.0,0.0,0.0,0.0,0.0,0.0,0.0,-0.001382928990874388
trial_001_ep1_task064,1,64,0.99,low,28,Next-best immediate,11,10,10,0.0,0.0,0.0,0.0,0.0,0.0,0.0,-0.0006360955421441938
trial_001_ep1_task064,1,64,0.99,low,28,Next-best immediate,11,20,20,0.0,0.0,0.0,0.0,0.0,0.0,0.0,-0.00041452287256327214
trial_001_ep1_task064,1,64,0.99,low,28,Next-best immediate,11,50,50,0.0,0.0,0.0,0.0,0.0,0.0,0.0,-0.00016187791862942724
trial_001_ep1_task064,1,64,0.99,low,28,PPO high probability,27,1,1,0.0,0.0,0.0,0.0,0.0,0.0,0.0,-0.04698677488411565
trial_001_ep1_task064,1,64,0.99,low,28,PPO high probability,27,5,5,0.0,0.0,0.0,0.0,0.0,0.0,0.0,-0.007606109449808718
trial_001_ep1_task064,1,64,0.99,low,28,PPO high probability,27,10,10,0.0,0.0,0.0,0.0,0.0,0.0,0.0,-0.0034985254817929134
trial_001_ep1_task064,1,64,0.99,low,28,PPO high probability,27,20,20,0.0,0.0,0.0,0.0,0.0,0.0,0.0,-0.0022798757990978857
trial_001_ep1_task064,1,64,0.99,low,28,PPO high probability,27,50,50,0.0,0.0,0.0,0.0,0.0,0.0,0.0,-0.0008903285524619053
trial_001_ep1_task064,1,64,0.99,low,28,PPO sampled,20,1,1,0.0,0.0,0.0,0.0,0.0,0.0,0.0,-0.026849585648067553
trial_001_ep1_task064,1,64,0.99,low,28,PPO sampled,20,5,5,0.0,0.0,0.0,0.0,0.0,0.0,0.0,-0.004346348257033783
trial_001_ep1_task064,1,64,0.99,low,28,PPO sampled,20,10,10,0.0,0.0,0.0,0.0,0.0,0.0,0.0,-0.0019991574181674743
trial_001_ep1_task064,1,64,0.99,low,28,PPO sampled,20,20,20,0.0,0.0,0.0,0.0,0.0,0.0,0.0,-0.001302786170913145
trial_001_ep1_task064,1,64,0.99,low,28,PPO sampled,20,50,50,0.0,0.0,0.0,0.0,0.0,0.0,0.0,-0.0005087591728353824
trial_001_ep1_task065,1,65,0.99,low,28,Safe Min-Latency,6,1,1,0.0,0.0,0.0,0.0,0.0,0.0,0.0,0.0
trial_001_ep1_task065,1,65,0.99,low,28,Safe Min-Latency,6,5,5,0.0,0.0,0.0,0.0,0.0,0.0,0.0,0.0
trial_001_ep1_task065,1,65,0.99,low,28,Safe Min-Latency,6,10,10,0.0,0.0,0.0,0.0,0.0,0.0,0.0,0.0
trial_001_ep1_task065,1,65,0.99,low,28,Safe Min-Latency,6,20,20,0.0,0.0,0.0,0.0,0.0,0.0,0.0,0.0
trial_001_ep1_task065,1,65,0.99,low,28,Safe Min-Latency,6,50,50,0.0,0.0,0.0,0.0,0.0,0.0,0.0,0.0
trial_001_ep1_task065,1,65,0.99,low,28,Next-best immediate,12,1,1,0.0,0.0,-0.6307775085943721,-0.6307775085943721,0.0,0.0,0.0,0.04231106020136606
trial_001_ep1_task065,1,65,0.99,low,28,Next-best immediate,12,5,5,0.0,0.0,0.0,0.0,0.0,0.0,0.0,-0.008270250385744027
trial_001_ep1_task065,1,65,0.99,low,28,Next-best immediate,12,10,10,0.0,0.0,0.0,0.0,0.0,0.0,0.0,-0.003527046131119732
trial_001_ep1_task065,1,65,0.99,low,28,Next-best immediate,12,20,20,0.0,0.0,0.0,0.0,0.0,0.0,0.0,-0.002260854695064901
trial_001_ep1_task065,1,65,0.99,low,28,Next-best immediate,12,50,50,0.0,0.0,0.0,0.0,0.0,0.0,0.0,-0.000862239814289234
trial_001_ep1_task065,1,65,0.99,low,28,PPO high probability,27,1,1,0.0,0.0,-2.272874629872838,-2.272874629872838,0.0,0.0,0.0,0.058177707776882234
trial_001_ep1_task065,1,65,0.99,low,28,PPO high probability,27,5,5,0.0,0.0,0.0,0.0,0.19080094943645065,0.07125444909094636,-5.692065194446101,-0.02616209925947749
trial_001_ep1_task065,1,65,0.99,low,28,PPO high probability,27,10,10,0.0,0.0,0.0,0.0,0.1060005274646948,0.0356272245454734,-2.8460325972230436,-0.011157453120666239
trial_001_ep1_task065,1,65,0.99,low,28,PPO high probability,27,20,20,0.0,0.0,0.0,0.0,0.05021077616748698,0.01781361227273659,-1.4230162986115147,-0.007151984787002519
trial_001_ep1_task065,1,65,0.99,low,28,PPO high probability,27,50,50,0.0,0.0,0.0,0.0,0.01967020097283001,0.007125444909094281,-0.5692065194446201,-0.0027276083014116104
trial_001_ep1_task065,1,65,0.99,low,28,PPO sampled,27,1,1,0.0,0.0,-2.272874629872838,-2.272874629872838,0.0,0.0,0.0,0.058177707776882234
trial_001_ep1_task065,1,65,0.99,low,28,PPO sampled,27,5,5,0.0,0.0,0.0,0.0,0.19080094943645065,0.07125444909094636,-5.692065194446101,-0.02616209925947749
trial_001_ep1_task065,1,65,0.99,low,28,PPO sampled,27,10,10,0.0,0.0,0.0,0.0,0.1060005274646948,0.0356272245454734,-2.8460325972230436,-0.011157453120666239
trial_001_ep1_task065,1,65,0.99,low,28,PPO sampled,27,20,20,0.0,0.0,0.0,0.0,0.05021077616748698,0.01781361227273659,-1.4230162986115147,-0.007151984787002519
trial_001_ep1_task065,1,65,0.99,low,28,PPO sampled,27,50,50,0.0,0.0,0.0,0.0,0.01967020097283001,0.007125444909094281,-0.5692065194446201,-0.0027276083014116104
trial_001_ep1_task070,1,70,0.9999,medium,4,Safe Min-Latency,27,1,1,0.0,0.0,0.0,0.0,0.0,0.0,0.0,0.0
trial_001_ep1_task070,1,70,0.9999,medium,4,Safe Min-Latency,27,5,5,0.0,0.0,0.0,0.0,0.0,0.0,0.0,0.0
trial_001_ep1_task070,1,70,0.9999,medium,4,Safe Min-Latency,27,10,10,0.0,0.0,0.0,0.0,0.0,0.0,0.0,0.0
trial_001_ep1_task070,1,70,0.9999,medium,4,Safe Min-Latency,27,20,20,0.0,0.0,0.0,0.0,0.0,0.0,0.0,0.0
trial_001_ep1_task070,1,70,0.9999,medium,4,Safe Min-Latency,27,50,50,0.0,0.0,0.0,0.0,0.0,0.0,0.0,0.0
trial_001_ep1_task070,1,70,0.9999,medium,4,Next-best immediate,25,1,1,0.0,0.0,0.14293241747069851,0.0,0.0,0.1429324174706892,-3.295129025309535,0.01775192062107378
trial_001_ep1_task070,1,70,0.9999,medium,4,Next-best immediate,25,5,5,0.0,0.0,0.0,0.0,0.0,0.028586483494137838,-0.6590258050619013,0.0022822195923811184
trial_001_ep1_task070,1,70,0.9999,medium,4,Next-best immediate,25,10,10,0.0,0.0,0.0,0.0,0.0,0.014293241747068919,-0.32951290253095067,0.001890028045065828
trial_001_ep1_task070,1,70,0.9999,medium,4,Next-best immediate,25,20,20,0.0,0.0,0.0,0.0,0.0,0.007146620873534459,-0.16475645126547533,0.0009394239229638113
trial_001_ep1_task070,1,70,0.9999,medium,4,Next-best immediate,25,50,50,0.0,0.0,0.0,0.0,0.0,0.0028586483494139614,-0.06590258050619013,0.0003215131850941022
trial_001_ep1_task070,1,70,0.9999,medium,4,PPO high probability,27,1,1,0.0,0.0,0.0,0.0,0.0,0.0,0.0,0.0
trial_001_ep1_task070,1,70,0.9999,medium,4,PPO high probability,27,5,5,0.0,0.0,0.0,0.0,0.0,0.0,0.0,0.0
trial_001_ep1_task070,1,70,0.9999,medium,4,PPO high probability,27,10,10,0.0,0.0,0.0,0.0,0.0,0.0,0.0,0.0
trial_001_ep1_task070,1,70,0.9999,medium,4,PPO high probability,27,20,20,0.0,0.0,0.0,0.0,0.0,0.0,0.0,0.0
trial_001_ep1_task070,1,70,0.9999,medium,4,PPO high probability,27,50,50,0.0,0.0,0.0,0.0,0.0,0.0,0.0,0.0
trial_001_ep1_task070,1,70,0.9999,medium,4,PPO sampled,27,1,1,0.0,0.0,0.0,0.0,0.0,0.0,0.0,0.0
trial_001_ep1_task070,1,70,0.9999,medium,4,PPO sampled,27,5,5,0.0,0.0,0.0,0.0,0.0,0.0,0.0,0.0
trial_001_ep1_task070,1,70,0.9999,medium,4,PPO sampled,27,10,10,0.0,0.0,0.0,0.0,0.0,0.0,0.0,0.0
trial_001_ep1_task070,1,70,0.9999,medium,4,PPO sampled,27,20,20,0.0,0.0,0.0,0.0,0.0,0.0,0.0,0.0
trial_001_ep1_task070,1,70,0.9999,medium,4,PPO sampled,27,50,50,0.0,0.0,0.0,0.0,0.0,0.0,0.0,0.0
trial_001_ep1_task071,1,71,0.9999,medium,4,Safe Min-Latency,25,1,1,0.0,0.0,0.0,0.0,0.0,0.0,0.0,0.0
trial_001_ep1_task071,1,71,0.9999,medium,4,Safe Min-Latency,25,5,5,0.0,0.0,0.0,0.0,0.0,0.0,0.0,0.0
trial_001_ep1_task071,1,71,0.9999,medium,4,Safe Min-Latency,25,10,10,0.0,0.0,0.0,0.0,0.0,0.0,0.0,0.0
trial_001_ep1_task071,1,71,0.9999,medium,4,Safe Min-Latency,25,20,20,0.0,0.0,0.0,0.0,0.0,0.0,0.0,0.0
trial_001_ep1_task071,1,71,0.9999,medium,4,Safe Min-Latency,25,50,50,0.0,0.0,0.0,0.0,0.0,0.0,0.0,0.0
trial_001_ep1_task071,1,71,0.9999,medium,4,Next-best immediate,23,1,1,0.0,0.0,0.46069013529176406,0.0,0.0,0.4606901352917703,-9.459334479180825,-0.022263036268482694
trial_001_ep1_task071,1,71,0.9999,medium,4,Next-best immediate,23,5,5,0.0,0.0,0.0,0.0,0.0,0.09213802705835406,-1.8918668958361593,0.002113514616894935
trial_001_ep1_task071,1,71,0.9999,medium,4,Next-best immediate,23,10,10,0.0,0.0,0.0,0.0,0.0,0.04606901352917703,-0.9459334479180797,0.0015736524741828684
trial_001_ep1_task071,1,71,0.9999,medium,4,Next-best immediate,23,20,20,0.0,0.0,0.0,0.0,0.0,0.023034506764588736,-0.47296672395904693,0.000866043421761109
trial_001_ep1_task071,1,71,0.9999,medium,4,Next-best immediate,23,50,50,0.0,0.0,0.0,0.0,0.0,0.009213802705835494,-0.18918668958362161,0.0002957233136387516
trial_001_ep1_task071,1,71,0.9999,medium,4,PPO high probability,27,1,1,0.0,0.0,0.7262759665467335,0.0,0.45459724928670653,0.7262759665467229,-13.771256514125454,-0.0862625776260657
trial_001_ep1_task071,1,71,0.9999,medium,4,PPO high probability,27,5,5,0.0,0.0,0.0,0.0,0.08265404532485576,0.14525519330934467,-2.7542513028250966,-0.002377703944006826
trial_001_ep1_task071,1,71,0.9999,medium,4,PPO high probability,27,10,10,0.0,0.0,0.0,0.0,0.043294976122543405,0.07262759665467233,-1.3771256514125412,-0.0017703590334557373
trial_001_ep1_task071,1,71,0.9999,medium,4,PPO high probability,27,20,20,0.0,0.0,0.0,0.0,0.022729862464335282,0.03631379832733628,-0.6885628257062706,-0.0009742988494813032
trial_001_ep1_task071,1,71,0.9999,medium,4,PPO high probability,27,50,50,0.0,0.0,0.0,0.0,0.009183782813872776,0.0145255193309346,-0.2754251302825139,-0.0003326887278435886
trial_001_ep1_task071,1,71,0.9999,medium,4,PPO sampled,23,1,1,0.0,0.0,0.46069013529176406,0.0,0.0,0.4606901352917703,-9.459334479180825,-0.022263036268482694
trial_001_ep1_task071,1,71,0.9999,medium,4,PPO sampled,23,5,5,0.0,0.0,0.0,0.0,0.0,0.09213802705835406,-1.8918668958361593,0.002113514616894935
trial_001_ep1_task071,1,71,0.9999,medium,4,PPO sampled,23,10,10,0.0,0.0,0.0,0.0,0.0,0.04606901352917703,-0.9459334479180797,0.0015736524741828684
trial_001_ep1_task071,1,71,0.9999,medium,4,PPO sampled,23,20,20,0.0,0.0,0.0,0.0,0.0,0.023034506764588736,-0.47296672395904693,0.000866043421761109
trial_001_ep1_task071,1,71,0.9999,medium,4,PPO sampled,23,50,50,0.0,0.0,0.0,0.0,0.0,0.009213802705835494,-0.18918668958362161,0.0002957233136387516
trial_001_ep1_task072,1,72,0.999,medium,28,Safe Min-Latency,6,1,1,0.0,0.0,0.0,0.0,0.0,0.0,0.0,0.0
trial_001_ep1_task072,1,72,0.999,medium,28,Safe Min-Latency,6,5,5,0.0,0.0,0.0,0.0,0.0,0.0,0.0,0.0
trial_001_ep1_task072,1,72,0.999,medium,28,Safe Min-Latency,6,10,10,0.0,0.0,0.0,0.0,0.0,0.0,0.0,0.0
trial_001_ep1_task072,1,72,0.999,medium,28,Safe Min-Latency,6,20,20,0.0,0.0,0.0,0.0,0.0,0.0,0.0,0.0
trial_001_ep1_task072,1,72,0.999,medium,28,Safe Min-Latency,6,50,50,0.0,0.0,0.0,0.0,0.0,0.0,0.0,0.0
trial_001_ep1_task072,1,72,0.999,medium,28,Next-best immediate,12,1,1,-1.0,0.0,-0.028395835488498777,0.0,0.0,0.0,0.0,-0.007326528873799476
trial_001_ep1_task072,1,72,0.999,medium,28,Next-best immediate,12,5,5,0.0,0.0,0.0,0.0,0.0,0.0,0.0,-0.0012065507826739402
trial_001_ep1_task072,1,72,0.999,medium,28,Next-best immediate,12,10,10,0.0,0.0,0.0,0.0,0.0,0.0,0.0,-0.0008481382818393002
trial_001_ep1_task072,1,72,0.999,medium,28,Next-best immediate,12,20,20,0.0,0.0,0.0,0.0,0.0,0.0,0.0,-0.0005036466920046168
trial_001_ep1_task072,1,72,0.999,medium,28,Next-best immediate,12,50,50,0.0,0.0,0.0,0.0,0.0,0.0,0.0,-0.0001670505948753176
trial_001_ep1_task072,1,72,0.999,medium,28,PPO high probability,21,1,1,-1.0,0.0,-0.028395835488498777,0.0,0.0,0.0,0.0,-0.02799144330923059
trial_001_ep1_task072,1,72,0.999,medium,28,PPO high probability,21,5,5,0.0,0.0,0.0,0.0,0.0,0.0,0.0,-0.0037920167455466752
trial_001_ep1_task072,1,72,0.999,medium,28,PPO high probability,21,10,10,0.0,0.0,0.0,0.0,0.0,0.0,0.0,-0.002665577457209245
trial_001_ep1_task072,1,72,0.999,medium,28,PPO high probability,21,20,20,0.0,0.0,0.0,0.0,0.0,0.0,0.0,-0.0015828896034430773
trial_001_ep1_task072,1,72,0.999,medium,28,PPO high probability,21,50,50,0.0,0.0,0.0,0.0,0.0,0.0,0.0,-0.0005250161553224664
trial_001_ep1_task072,1,72,0.999,medium,28,PPO sampled,20,1,1,0.0,1.0,0.6938263867337234,0.7222222222222222,0.21256101807012345,0.21350640111529628,-13.282667715644308,-0.08103139036016721
trial_001_ep1_task072,1,72,0.999,medium,28,PPO sampled,20,5,5,0.0,0.0,0.0,0.0,0.2131599250087874,0.06963810264927006,-3.721296264141017,-0.0030546801561348452
trial_001_ep1_task072,1,72,0.999,medium,28,PPO sampled,20,10,10,0.0,0.0,0.0,0.0,0.10150472619466067,0.03481905132463514,-1.860648132070537,-0.00214727072941856
trial_001_ep1_task072,1,72,0.999,medium,28,PPO sampled,20,20,20,0.0,0.0,0.0,0.0,0.05609471710757563,0.017409525662317682,-0.9303240660352401,-0.001275105513884739
trial_001_ep1_task072,1,72,0.999,medium,28,PPO sampled,20,50,50,0.0,0.0,0.0,0.0,0.021975250000905833,0.006963810264926984,-0.3721296264140932,-0.00042292968067642045
trial_001_ep1_task075,1,75,0.999,low,28,Safe Min-Latency,5,1,1,0.0,0.0,0.0,0.0,0.0,0.0,0.0,0.0
trial_001_ep1_task075,1,75,0.999,low,28,Safe Min-Latency,5,5,5,0.0,0.0,0.0,0.0,0.0,0.0,0.0,0.0
trial_001_ep1_task075,1,75,0.999,low,28,Safe Min-Latency,5,10,10,0.0,0.0,0.0,0.0,0.0,0.0,0.0,0.0
trial_001_ep1_task075,1,75,0.999,low,28,Safe Min-Latency,5,20,20,0.0,0.0,0.0,0.0,0.0,0.0,0.0,0.0
trial_001_ep1_task075,1,75,0.999,low,28,Safe Min-Latency,5,50,50,0.0,0.0,0.0,0.0,0.0,0.0,0.0,0.0
trial_001_ep1_task075,1,75,0.999,low,28,Next-best immediate,11,1,1,1.0,0.0,1.916497334511348,0.8989563752923351,0.0,0.0,0.0,0.018369447175489217
trial_001_ep1_task075,1,75,0.999,low,28,Next-best immediate,11,5,5,0.0,0.0,0.8404934369308208,0.0,0.18437254924079602,0.04601870751436099,-1.2772431113911438,-0.04988283272697919
trial_001_ep1_task075,1,75,0.999,low,28,Next-best immediate,11,10,10,0.0,0.0,0.0,0.0,0.0656716167229831,0.023009353757180495,-0.6386215556955648,-0.0020375026741860647
trial_001_ep1_task075,1,75,0.999,low,28,Next-best immediate,11,20,20,0.0,0.0,0.0,0.0,0.03203493498682097,0.011504676878590026,-0.3193107778477966,-0.0009410324946389492
trial_001_ep1_task075,1,75,0.999,low,28,Next-best immediate,11,50,50,0.0,0.0,0.0,0.0,0.013972684409145342,0.0046018707514363655,-0.12772431113911864,-0.0003153035806506832
trial_001_ep1_task075,1,75,0.999,low,28,PPO high probability,27,1,1,0.0,0.0,0.0,0.0,0.0,0.0,0.0,0.0
trial_001_ep1_task075,1,75,0.999,low,28,PPO high probability,27,5,5,-1.0,0.0,-0.400513817884911,0.0,0.022451764620310788,0.0,0.0,-0.033534427973138825
trial_001_ep1_task075,1,75,0.999,low,28,PPO high probability,27,10,10,0.0,0.0,0.0,0.0,-0.007192736356235241,0.0,0.0,-0.011206264708023772
trial_001_ep1_task075,1,75,0.999,low,28,PPO high probability,27,20,20,0.0,0.0,0.0,0.0,-0.0035086518810903966,0.0,0.0,-0.005175678720514609
trial_001_ep1_task075,1,75,0.999,low,28,PPO high probability,27,50,50,0.0,0.0,0.0,0.0,-0.001530369437496848,0.0,0.0,-0.0017341696935787576
trial_001_ep1_task075,1,75,0.999,low,28,PPO sampled,10,1,1,1.0,0.0,2.14419381329525,0.8989563752923351,0.0,0.22769647878388355,-6.5089087096021245,-0.015904659089530787
trial_001_ep1_task075,1,75,0.999,low,28,PPO sampled,10,5,5,0.0,0.0,0.35142281598971437,0.0,0.03839996183501804,-0.07337852987104165,3.5950505885409143,-0.022989270082716506
trial_001_ep1_task075,1,75,0.999,low,28,PPO sampled,10,10,10,0.0,0.0,0.0,0.0,-0.048923109703727596,-0.03668926493552105,1.7975252942704572,-0.0013050670723546154
trial_001_ep1_task075,1,75,0.999,low,28,PPO sampled,10,20,20,0.0,0.0,0.0,0.0,-0.02386493156279401,-0.018344632467760746,0.8987626471352357,-0.0006027528397034576
trial_001_ep1_task075,1,75,0.999,low,28,PPO sampled,10,50,50,0.0,0.0,0.0,0.0,-0.0104091722773888,-0.00733785298710421,0.3595050588540829,-0.00020195915623377747
trial_001_ep1_task077,1,77,0.9999,high,2,Safe Min-Latency,27,1,1,0.0,0.0,0.0,0.0,0.0,0.0,0.0,0.0
trial_001_ep1_task077,1,77,0.9999,high,2,Safe Min-Latency,27,5,5,0.0,0.0,0.0,0.0,0.0,0.0,0.0,0.0
trial_001_ep1_task077,1,77,0.9999,high,2,Safe Min-Latency,27,10,10,0.0,0.0,0.0,0.0,0.0,0.0,0.0,0.0
trial_001_ep1_task077,1,77,0.9999,high,2,Safe Min-Latency,27,20,20,0.0,0.0,0.0,0.0,0.0,0.0,0.0,0.0
trial_001_ep1_task077,1,77,0.9999,high,2,Safe Min-Latency,27,50,50,0.0,0.0,0.0,0.0,0.0,0.0,0.0,0.0
trial_001_ep1_task077,1,77,0.9999,high,2,Next-best immediate,25,1,1,0.0,0.0,0.0,0.0,0.0,0.04788567844261138,-0.8677646957584315,0.0
trial_001_ep1_task077,1,77,0.9999,high,2,Next-best immediate,25,5,5,0.0,0.0,-0.21614469358519672,0.055552510786591736,0.12143849184026967,0.03570710390295595,-7.055568042592945,-0.00875360171310069
trial_001_ep1_task077,1,77,0.9999,high,2,Next-best immediate,25,10,10,0.0,0.0,0.0,0.0,0.10898075961688841,0.04302548184012123,-6.193010126241383,-0.006174564334427868
trial_001_ep1_task077,1,77,0.9999,high,2,Next-best immediate,25,20,20,0.0,0.0,0.0,0.0,0.051765860818022036,0.021512740920060835,-3.096505063120695,-0.0025078218674829955
trial_001_ep1_task077,1,77,0.9999,high,2,Next-best immediate,25,50,50,0.0,0.0,0.0,0.0,0.021128922782866155,0.008605096368023979,-1.2386020252482766,-0.0008820574233904255
trial_001_ep1_task077,1,77,0.9999,high,2,PPO high probability,27,1,1,0.0,0.0,0.0,0.0,0.0,0.0,0.0,0.0
trial_001_ep1_task077,1,77,0.9999,high,2,PPO high probability,27,5,5,0.0,0.0,0.0,0.0,0.0,0.0,0.0,0.0
trial_001_ep1_task077,1,77,0.9999,high,2,PPO high probability,27,10,10,0.0,0.0,0.0,0.0,0.0,0.0,0.0,0.0
trial_001_ep1_task077,1,77,0.9999,high,2,PPO high probability,27,20,20,0.0,0.0,0.0,0.0,0.0,0.0,0.0,0.0
trial_001_ep1_task077,1,77,0.9999,high,2,PPO high probability,27,50,50,0.0,0.0,0.0,0.0,0.0,0.0,0.0,0.0
trial_001_ep1_task077,1,77,0.9999,high,2,PPO sampled,27,1,1,0.0,0.0,0.0,0.0,0.0,0.0,0.0,0.0
trial_001_ep1_task077,1,77,0.9999,high,2,PPO sampled,27,5,5,0.0,0.0,0.0,0.0,0.0,0.0,0.0,0.0
trial_001_ep1_task077,1,77,0.9999,high,2,PPO sampled,27,10,10,0.0,0.0,0.0,0.0,0.0,0.0,0.0,0.0
trial_001_ep1_task077,1,77,0.9999,high,2,PPO sampled,27,20,20,0.0,0.0,0.0,0.0,0.0,0.0,0.0,0.0
trial_001_ep1_task077,1,77,0.9999,high,2,PPO sampled,27,50,50,0.0,0.0,0.0,0.0,0.0,0.0,0.0,0.0
trial_001_ep1_task078,1,78,0.99,medium,28,Safe Min-Latency,5,1,1,0.0,0.0,0.0,0.0,0.0,0.0,0.0,0.0
trial_001_ep1_task078,1,78,0.99,medium,28,Safe Min-Latency,5,5,5,0.0,0.0,0.0,0.0,0.0,0.0,0.0,0.0
trial_001_ep1_task078,1,78,0.99,medium,28,Safe Min-Latency,5,10,10,0.0,0.0,0.0,0.0,0.0,0.0,0.0,0.0
trial_001_ep1_task078,1,78,0.99,medium,28,Safe Min-Latency,5,20,20,0.0,0.0,0.0,0.0,0.0,0.0,0.0,0.0
trial_001_ep1_task078,1,78,0.99,medium,28,Safe Min-Latency,5,50,50,0.0,0.0,0.0,0.0,0.0,0.0,0.0,0.0
trial_001_ep1_task078,1,78,0.99,medium,28,Next-best immediate,11,1,1,0.0,0.0,0.0,0.0,0.0,1.2611172960354509,-25.478194893421005,0.0
trial_001_ep1_task078,1,78,0.99,medium,28,Next-best immediate,11,5,5,0.0,0.0,0.0,0.0,0.07918437234485298,0.25222345920709044,-5.0956389786841925,-0.001567127668617052
trial_001_ep1_task078,1,78,0.99,medium,28,Next-best immediate,11,10,10,0.0,0.0,0.0,0.0,0.05417878107805724,0.126111729603545,-2.5478194893420962,-0.0010452544825821919
trial_001_ep1_task078,1,78,0.99,medium,28,Next-best immediate,11,20,20,0.0,0.0,0.0,0.0,0.02393946140658354,0.06305586480177228,-1.2739097446710517,-0.0002884838340667384
trial_001_ep1_task078,1,78,0.99,medium,28,Next-best immediate,11,50,50,0.0,0.0,0.0,0.0,0.00999414408235999,0.025222345920709266,-0.5095638978684107,-0.00014685962477345438
trial_001_ep1_task078,1,78,0.99,medium,28,PPO high probability,27,1,1,0.0,0.0,0.0,0.0,0.0,1.1521205064817366,-23.985407734968376,0.0
trial_001_ep1_task078,1,78,0.99,medium,28,PPO high probability,27,5,5,0.0,0.0,0.0,0.0,0.12682938381398945,0.3404241012963496,-5.44134815037269,-0.008619202177394147
trial_001_ep1_task078,1,78,0.99,medium,28,PPO high probability,27,10,10,0.0,0.0,0.0,0.0,0.08677799945167702,0.1702120506481748,-2.720674075186352,-0.0057488996542023885
trial_001_ep1_task078,1,78,0.99,medium,28,PPO high probability,27,20,20,0.0,0.0,0.0,0.0,0.038343767199578216,0.0851060253240874,-1.3603370375931831,-0.0015866610873671583
trial_001_ep1_task078,1,78,0.99,medium,28,PPO high probability,27,50,50,0.0,0.0,0.0,0.0,0.016007592131862647,0.03404241012963505,-0.5441348150372676,-0.0008077279362539991
trial_001_ep1_task078,1,78,0.99,medium,28,PPO sampled,25,1,1,0.0,0.0,0.0,0.0,0.0,-0.6327275027402663,27.18134981179587,0.0
trial_001_ep1_task078,1,78,0.99,medium,28,PPO sampled,25,5,5,0.0,0.0,0.0,0.0,-0.05609145732989651,-0.12654550054805336,5.436269962359177,-0.007098166499030445
trial_001_ep1_task078,1,78,0.99,medium,28,PPO sampled,25,10,10,0.0,0.0,0.0,0.0,-0.0383783655415082,-0.0632727502740269,2.7181349811795954,-0.004734387950519614
trial_001_ep1_task078,1,78,0.99,medium,28,PPO sampled,25,20,20,0.0,0.0,0.0,0.0,-0.016957882448573325,-0.03163637513701367,1.359067490589787,-0.0013066620719494049
trial_001_ep1_task078,1,78,0.99,medium,28,PPO sampled,25,50,50,0.0,0.0,0.0,0.0,-0.007079504323190933,-0.012654550054805203,0.543626996235929,-0.000665187712209192
trial_001_ep1_task079,1,79,0.9,high,28,Safe Min-Latency,6,1,1,0.0,0.0,0.0,0.0,0.0,0.0,0.0,0.0
trial_001_ep1_task079,1,79,0.9,high,28,Safe Min-Latency,6,5,5,0.0,0.0,0.0,0.0,0.0,0.0,0.0,0.0
trial_001_ep1_task079,1,79,0.9,high,28,Safe Min-Latency,6,10,10,0.0,0.0,0.0,0.0,0.0,0.0,0.0,0.0
trial_001_ep1_task079,1,79,0.9,high,28,Safe Min-Latency,6,20,20,0.0,0.0,0.0,0.0,0.0,0.0,0.0,0.0
trial_001_ep1_task079,1,79,0.9,high,28,Safe Min-Latency,6,50,50,0.0,0.0,0.0,0.0,0.0,0.0,0.0,0.0
trial_001_ep1_task079,1,79,0.9,high,28,Next-best immediate,12,1,1,1.0,0.0,4.545454545454545,1.9005591393225045,0.0,0.0,0.0,0.0
trial_001_ep1_task079,1,79,0.9,high,28,Next-best immediate,12,5,5,0.0,0.0,0.0,0.0,0.19124788654269964,0.0,0.0,-0.005693838533622098
trial_001_ep1_task079,1,79,0.9,high,28,Next-best immediate,12,10,10,0.0,0.0,0.0,0.0,0.1409194953472524,0.0,0.0,-0.004704442754096094
trial_001_ep1_task079,1,79,0.9,high,28,Next-best immediate,12,20,20,0.0,0.0,0.0,0.0,0.06085160026358627,0.0,0.0,-0.0012762929196353245
trial_001_ep1_task079,1,79,0.9,high,28,Next-best immediate,12,50,50,0.0,0.0,0.0,0.0,0.02574490780382499,0.0,0.0,-0.0006623996749468564
trial_001_ep1_task079,1,79,0.9,high,28,PPO high probability,21,1,1,1.0,0.0,3.3056451774832727,0.0,-0.138279411930597,-0.5802574834644929,4.220021921766428,0.05667893477778019
trial_001_ep1_task079,1,79,0.9,high,28,PPO high probability,21,5,5,0.0,0.0,0.0,0.0,0.41117025365407756,0.33007590818995114,-11.452775487159542,-0.029341237798520825
trial_001_ep1_task079,1,79,0.9,high,28,PPO high probability,21,10,10,0.0,0.0,0.0,0.0,0.3029675553240572,0.16503795409497535,-5.726387743579764,-0.024242727071090875
trial_001_ep1_task079,1,79,0.9,high,28,PPO high probability,21,20,20,0.0,0.0,0.0,0.0,0.1308268988899337,0.08251897704748812,-2.863193871789882,-0.006576936426008179
trial_001_ep1_task079,1,79,0.9,high,28,PPO high probability,21,50,50,0.0,0.0,0.0,0.0,0.05534984183804892,0.03300759081899507,-1.1452775487159457,-0.0034134488123454543
trial_001_ep1_task079,1,79,0.9,high,28,PPO sampled,6,1,1,0.0,0.0,0.0,0.0,0.0,0.0,0.0,0.0
trial_001_ep1_task079,1,79,0.9,high,28,PPO sampled,6,5,5,0.0,0.0,0.0,0.0,0.0,0.0,0.0,0.0
trial_001_ep1_task079,1,79,0.9,high,28,PPO sampled,6,10,10,0.0,0.0,0.0,0.0,0.0,0.0,0.0,0.0
trial_001_ep1_task079,1,79,0.9,high,28,PPO sampled,6,20,20,0.0,0.0,0.0,0.0,0.0,0.0,0.0,0.0
trial_001_ep1_task079,1,79,0.9,high,28,PPO sampled,6,50,50,0.0,0.0,0.0,0.0,0.0,0.0,0.0,0.0
trial_001_ep1_task080,1,80,0.9999,high,8,Safe Min-Latency,25,1,1,0.0,0.0,0.0,0.0,0.0,0.0,0.0,0.0
trial_001_ep1_task080,1,80,0.9999,high,8,Safe Min-Latency,25,5,5,0.0,0.0,0.0,0.0,0.0,0.0,0.0,0.0
trial_001_ep1_task080,1,80,0.9999,high,8,Safe Min-Latency,25,10,10,0.0,0.0,0.0,0.0,0.0,0.0,0.0,0.0
trial_001_ep1_task080,1,80,0.9999,high,8,Safe Min-Latency,25,20,20,0.0,0.0,0.0,0.0,0.0,0.0,0.0,0.0
trial_001_ep1_task080,1,80,0.9999,high,8,Safe Min-Latency,25,50,50,0.0,0.0,0.0,0.0,0.0,0.0,0.0,0.0
trial_001_ep1_task080,1,80,0.9999,high,8,Next-best immediate,26,1,1,0.0,1.0,0.10153677721533327,0.0,-0.1975238730660549,0.0,0.0,-0.011774276261513839
trial_001_ep1_task080,1,80,0.9999,high,8,Next-best immediate,26,5,5,0.0,0.0,0.0,0.0,0.15659505761672932,0.0,0.0,-0.0014373894196184622
trial_001_ep1_task080,1,80,0.9999,high,8,Next-best immediate,26,10,10,0.0,0.0,0.0,0.0,0.07829752880836471,0.0,0.0,-0.0009046320615299086
trial_001_ep1_task080,1,80,0.9999,high,8,Next-best immediate,26,20,20,0.0,0.0,0.0,0.0,0.04005920078567493,0.0,0.0,-0.0003022380174041994
trial_001_ep1_task080,1,80,0.9999,high,8,Next-best immediate,26,50,50,0.0,0.0,0.0,0.0,0.017054907265188324,0.0,0.0,-0.00016265130846315756
trial_001_ep1_task080,1,80,0.9999,high,8,PPO high probability,20,1,1,0.0,0.0,0.0,0.0,0.0,0.19569247049693672,-6.478552390108646,0.013958779291146195
trial_001_ep1_task080,1,80,0.9999,high,8,PPO high probability,20,5,5,0.0,0.0,0.0,0.0,0.0,0.03913849409938708,-1.295710478021718,0.0032613037251844057
trial_001_ep1_task080,1,80,0.9999,high,8,PPO high probability,20,10,10,0.0,0.0,0.0,0.0,0.0,0.01956924704969376,-0.6478552390108518,0.0020525265261601144
trial_001_ep1_task080,1,80,0.9999,high,8,PPO high probability,20,20,20,0.0,0.0,0.0,0.0,0.0,0.009784623524846658,-0.32392761950543303,0.0006857501235220664
trial_001_ep1_task080,1,80,0.9999,high,8,PPO high probability,20,50,50,0.0,0.0,0.0,0.0,0.0,0.0039138494099391075,-0.1295710478021732,0.0003690407839078702
trial_001_ep1_task080,1,80,0.9999,high,8,PPO sampled,20,1,1,0.0,0.0,0.0,0.0,0.0,0.19569247049693672,-6.478552390108646,0.013958779291146195
trial_001_ep1_task080,1,80,0.9999,high,8,PPO sampled,20,5,5,0.0,0.0,0.0,0.0,0.0,0.03913849409938708,-1.295710478021718,0.0032613037251844057
trial_001_ep1_task080,1,80,0.9999,high,8,PPO sampled,20,10,10,0.0,0.0,0.0,0.0,0.0,0.01956924704969376,-0.6478552390108518,0.0020525265261601144
trial_001_ep1_task080,1,80,0.9999,high,8,PPO sampled,20,20,20,0.0,0.0,0.0,0.0,0.0,0.009784623524846658,-0.32392761950543303,0.0006857501235220664
trial_001_ep1_task080,1,80,0.9999,high,8,PPO sampled,20,50,50,0.0,0.0,0.0,0.0,0.0,0.0039138494099391075,-0.1295710478021732,0.0003690407839078702
trial_001_ep1_task083,1,83,0.999,low,28,Safe Min-Latency,5,1,1,0.0,0.0,0.0,0.0,0.0,0.0,0.0,0.0
trial_001_ep1_task083,1,83,0.999,low,28,Safe Min-Latency,5,5,5,0.0,0.0,0.0,0.0,0.0,0.0,0.0,0.0
trial_001_ep1_task083,1,83,0.999,low,28,Safe Min-Latency,5,10,10,0.0,0.0,0.0,0.0,0.0,0.0,0.0,0.0
trial_001_ep1_task083,1,83,0.999,low,28,Safe Min-Latency,5,20,20,0.0,0.0,0.0,0.0,0.0,0.0,0.0,0.0
trial_001_ep1_task083,1,83,0.999,low,28,Safe Min-Latency,5,50,50,0.0,0.0,0.0,0.0,0.0,0.0,0.0,0.0
trial_001_ep1_task083,1,83,0.999,low,28,Next-best immediate,11,1,1,0.0,0.0,-0.45392313767930226,-0.45392313767930226,0.0,0.0,0.0,0.013687124515275317
trial_001_ep1_task083,1,83,0.999,low,28,Next-best immediate,11,5,5,0.0,0.0,0.0,0.0,0.0,0.0,0.0,-0.006562912056274295
trial_001_ep1_task083,1,83,0.999,low,28,Next-best immediate,11,10,10,0.0,0.0,0.0,0.0,0.0,0.0,0.0,-0.0025440510574374353
trial_001_ep1_task083,1,83,0.999,low,28,Next-best immediate,11,20,20,0.0,0.0,0.0,0.0,0.0,0.0,0.0,-0.000657762741314516
trial_001_ep1_task083,1,83,0.999,low,28,Next-best immediate,11,50,50,0.0,0.0,0.0,0.0,0.0,0.0,0.0,-0.0002975732246703888
trial_001_ep1_task083,1,83,0.999,low,28,PPO high probability,27,1,1,-1.0,-1.0,-0.6761084694130544,-0.6761084694130544,0.0,0.0,0.0,-0.026492477821546623
trial_001_ep1_task083,1,83,0.999,low,28,PPO high probability,27,5,5,0.0,0.0,0.0,0.0,0.0,0.0,0.0,-0.03609601630950732
trial_001_ep1_task083,1,83,0.999,low,28,PPO high probability,27,10,10,0.0,0.0,0.0,0.0,0.0,0.0,0.0,-0.013992280815905256
trial_001_ep1_task083,1,83,0.999,low,28,PPO high probability,27,20,20,0.0,0.0,0.0,0.0,0.0,0.0,0.0,-0.003617695077229699
trial_001_ep1_task083,1,83,0.999,low,28,PPO high probability,27,50,50,0.0,0.0,0.0,0.0,0.0,0.0,0.0,-0.0016366527356872496
trial_001_ep1_task083,1,83,0.999,low,28,PPO sampled,3,1,1,0.0,0.0,0.0,0.0,0.0,0.6687099412985162,-16.73441731155892,0.014286602420058747
trial_001_ep1_task083,1,83,0.999,low,28,PPO sampled,3,5,5,0.0,0.0,0.0,0.0,0.0,0.13374198825970307,-3.34688346231178,0.008021336957668379
trial_001_ep1_task083,1,83,0.999,low,28,PPO sampled,3,10,10,0.0,0.0,0.0,0.0,0.0,0.06687099412985154,-1.67344173115589,0.003109395736867915
trial_001_ep1_task083,1,83,0.999,low,28,PPO sampled,3,20,20,0.0,0.0,0.0,0.0,0.0,0.033435497064925546,-0.836720865577945,0.0008039322393844084
trial_001_ep1_task083,1,83,0.999,low,28,PPO sampled,3,50,50,0.0,0.0,0.0,0.0,0.0,0.013374198825970574,-0.33468834623117516,0.00036370060793050607
trial_001_ep1_task084,1,84,0.9,medium,28,Safe Min-Latency,5,1,1,0.0,0.0,0.0,0.0,0.0,0.0,0.0,0.0
trial_001_ep1_task084,1,84,0.9,medium,28,Safe Min-Latency,5,5,5,0.0,0.0,0.0,0.0,0.0,0.0,0.0,0.0
trial_001_ep1_task084,1,84,0.9,medium,28,Safe Min-Latency,5,10,10,0.0,0.0,0.0,0.0,0.0,0.0,0.0,0.0
trial_001_ep1_task084,1,84,0.9,medium,28,Safe Min-Latency,5,20,20,0.0,0.0,0.0,0.0,0.0,0.0,0.0,0.0
trial_001_ep1_task084,1,84,0.9,medium,28,Safe Min-Latency,5,50,50,0.0,0.0,0.0,0.0,0.0,0.0,0.0,0.0
trial_001_ep1_task084,1,84,0.9,medium,28,Next-best immediate,11,1,1,0.0,0.0,0.0,0.0,0.0,0.0,0.0,0.0
trial_001_ep1_task084,1,84,0.9,medium,28,Next-best immediate,11,5,5,0.0,0.0,-0.6073437173712932,0.0,0.0,0.0,0.0,0.01938880419852751
trial_001_ep1_task084,1,84,0.9,medium,28,Next-best immediate,11,10,10,0.0,0.0,0.0,0.0,0.0,0.0,0.0,-0.0024981469135390566
trial_001_ep1_task084,1,84,0.9,medium,28,Next-best immediate,11,20,20,0.0,0.0,0.0,0.0,0.0,0.0,0.0,-0.0008876280664375513
trial_001_ep1_task084,1,84,0.9,medium,28,Next-best immediate,11,50,50,0.0,0.0,0.0,0.0,0.0,0.0,0.0,-0.0004102008967117321
trial_001_ep1_task084,1,84,0.9,medium,28,PPO high probability,27,1,1,0.0,0.0,0.0,0.0,0.0,0.0,0.0,0.0
trial_001_ep1_task084,1,84,0.9,medium,28,PPO high probability,27,5,5,0.0,0.0,-0.2651443424303057,0.0,0.054276678991305005,0.0,0.0,-0.07652798950368211
trial_001_ep1_task084,1,84,0.9,medium,28,PPO high probability,27,10,10,0.0,0.0,0.0,0.0,0.16383181433319427,0.0,0.0,-0.013739808024464617
trial_001_ep1_task084,1,84,0.9,medium,28,PPO high probability,27,20,20,0.0,0.0,0.0,0.0,0.08191590716659714,0.0,0.0,-0.00488195436540656
trial_001_ep1_task084,1,84,0.9,medium,28,PPO high probability,27,50,50,0.0,0.0,0.0,0.0,0.033097336228927965,0.0,0.0,-0.00225610493191436
trial_001_ep1_task084,1,84,0.9,medium,28,PPO sampled,6,1,1,0.0,0.0,0.0,0.0,0.0,1.7985582161064713,-23.714510147300565,0.0
trial_001_ep1_task084,1,84,0.9,medium,28,PPO sampled,6,5,5,1.0,0.0,-0.07830036973915,-1.6283003697391507,-0.27138339495652514,0.35971164322129434,-4.742902029460119,-0.005594130748185988
trial_001_ep1_task084,1,84,0.9,medium,28,PPO sampled,6,10,10,-1.0,-1.0,-1.1537436086406863,-1.1537436086406863,-0.487488333562466,0.17985582161064695,-2.371451014730056,0.008700590594384716
trial_001_ep1_task084,1,84,0.9,medium,28,PPO sampled,6,20,20,0.0,0.0,0.0,0.0,-0.31159793955553206,0.044692062289124035,-0.725818535505546,-0.0005424393739340561
trial_001_ep1_task084,1,84,0.9,medium,28,PPO sampled,6,50,50,0.0,0.0,0.0,0.0,-0.12589815739617471,0.017876824915649348,-0.29032741420221697,-0.0002506783257682499
trial_001_ep1_task085,1,85,0.9999,low,2,Safe Min-Latency,27,1,1,0.0,0.0,0.0,0.0,0.0,0.0,0.0,0.0
trial_001_ep1_task085,1,85,0.9999,low,2,Safe Min-Latency,27,5,5,0.0,0.0,0.0,0.0,0.0,0.0,0.0,0.0
trial_001_ep1_task085,1,85,0.9999,low,2,Safe Min-Latency,27,10,10,0.0,0.0,0.0,0.0,0.0,0.0,0.0,0.0
trial_001_ep1_task085,1,85,0.9999,low,2,Safe Min-Latency,27,20,20,0.0,0.0,0.0,0.0,0.0,0.0,0.0,0.0
trial_001_ep1_task085,1,85,0.9999,low,2,Safe Min-Latency,27,50,50,0.0,0.0,0.0,0.0,0.0,0.0,0.0,0.0
trial_001_ep1_task085,1,85,0.9999,low,2,Next-best immediate,25,1,1,0.0,-1.0,0.1509662141154955,-1.2864831083902493,0.0,0.06758585859884647,-1.4265781076851738,0.043553010980564744
trial_001_ep1_task085,1,85,0.9999,low,2,Next-best immediate,25,5,5,1.0,0.0,0.9342795226228691,0.0,-0.03265773541113248,0.5600970192636168,-5.179267802129367,-0.013739035024787016
trial_001_ep1_task085,1,85,0.9999,low,2,Next-best immediate,25,10,10,0.0,0.0,0.0,0.0,0.006503821702509738,0.32963004415932495,-4.109582509925993,0.002700140539068918
trial_001_ep1_task085,1,85,0.9999,low,2,Next-best immediate,25,20,20,0.0,0.0,0.0,0.0,0.003251910851254869,0.16481502207966203,-2.054791254963007,0.0009249181133874074
trial_001_ep1_task085,1,85,0.9999,low,2,Next-best immediate,25,50,50,0.0,0.0,0.0,0.0,0.0013390221152226323,0.06592600883186472,-0.821916501985207,0.00043502724631250267
trial_001_ep1_task085,1,85,0.9999,low,2,PPO high probability,27,1,1,0.0,0.0,0.0,0.0,0.0,0.0,0.0,0.0
trial_001_ep1_task085,1,85,0.9999,low,2,PPO high probability,27,5,5,0.0,0.0,0.0,0.0,0.0,0.0,0.0,0.0
trial_001_ep1_task085,1,85,0.9999,low,2,PPO high probability,27,10,10,0.0,0.0,0.0,0.0,0.0,0.0,0.0,0.0
trial_001_ep1_task085,1,85,0.9999,low,2,PPO high probability,27,20,20,0.0,0.0,0.0,0.0,0.0,0.0,0.0,0.0
trial_001_ep1_task085,1,85,0.9999,low,2,PPO high probability,27,50,50,0.0,0.0,0.0,0.0,0.0,0.0,0.0,0.0
trial_001_ep1_task085,1,85,0.9999,low,2,PPO sampled,27,1,1,0.0,0.0,0.0,0.0,0.0,0.0,0.0,0.0
trial_001_ep1_task085,1,85,0.9999,low,2,PPO sampled,27,5,5,0.0,0.0,0.0,0.0,0.0,0.0,0.0,0.0
trial_001_ep1_task085,1,85,0.9999,low,2,PPO sampled,27,10,10,0.0,0.0,0.0,0.0,0.0,0.0,0.0,0.0
trial_001_ep1_task085,1,85,0.9999,low,2,PPO sampled,27,20,20,0.0,0.0,0.0,0.0,0.0,0.0,0.0,0.0
trial_001_ep1_task085,1,85,0.9999,low,2,PPO sampled,27,50,50,0.0,0.0,0.0,0.0,0.0,0.0,0.0,0.0
trial_001_ep1_task086,1,86,0.999,high,16,Safe Min-Latency,4,1,1,0.0,0.0,0.0,0.0,0.0,0.0,0.0,0.0
trial_001_ep1_task086,1,86,0.999,high,16,Safe Min-Latency,4,5,5,0.0,0.0,0.0,0.0,0.0,0.0,0.0,0.0
trial_001_ep1_task086,1,86,0.999,high,16,Safe Min-Latency,4,10,10,0.0,0.0,0.0,0.0,0.0,0.0,0.0,0.0
trial_001_ep1_task086,1,86,0.999,high,16,Safe Min-Latency,4,20,20,0.0,0.0,0.0,0.0,0.0,0.0,0.0,0.0
trial_001_ep1_task086,1,86,0.999,high,16,Safe Min-Latency,4,50,50,0.0,0.0,0.0,0.0,0.0,0.0,0.0,0.0
trial_001_ep1_task086,1,86,0.999,high,16,Next-best immediate,15,1,1,0.0,0.0,-0.9345767610428055,-3.4523719820378354,0.0,0.0,0.0,0.043562272687455106
trial_001_ep1_task086,1,86,0.999,high,16,Next-best immediate,15,5,5,-1.0,0.0,-1.5051431376916302,-0.7738215090751706,-0.22124339109225133,0.0,0.0,0.017099388743287425
trial_001_ep1_task086,1,86,0.999,high,16,Next-best immediate,15,10,10,0.0,0.0,0.0,0.0,-0.12642479490985792,0.0,0.0,-0.0059601201027059125
trial_001_ep1_task086,1,86,0.999,high,16,Next-best immediate,15,20,20,0.0,0.0,0.0,0.0,-0.06321239745492901,0.0,0.0,-0.0019902116765639355
trial_001_ep1_task086,1,86,0.999,high,16,Next-best immediate,15,50,50,0.0,0.0,0.0,0.0,-0.02602863424614721,0.0,0.0,-0.0009659320934313209
trial_001_ep1_task086,1,86,0.999,high,16,PPO high probability,20,1,1,0.0,0.0,-1.413823771835009,-3.3758979811246492,0.0,0.4528428948316616,-5.505707394070946,0.014219285721242036
trial_001_ep1_task086,1,86,0.999,high,16,PPO high probability,20,5,5,0.0,1.0,0.2988294473847861,0.8463242410976046,0.46396570195869646,0.27746978107631426,-12.626977364274723,-0.03474666925247161
trial_001_ep1_task086,1,86,0.999,high,16,PPO high probability,20,10,10,0.0,0.0,0.0,0.0,0.5488222736025508,0.22344868188469924,-7.491873893947648,-0.011385999748026343
trial_001_ep1_task086,1,86,0.999,high,16,PPO high probability,20,20,20,0.0,0.0,0.0,0.0,0.27441113680127527,0.11172434094234962,-3.7459369469738206,-0.003802029029178172
trial_001_ep1_task086,1,86,0.999,high,16,PPO high probability,20,50,50,0.0,0.0,0.0,0.0,0.11299282103581931,0.04468973637693985,-1.4983747787895325,-0.001845282038431817
trial_001_ep1_task086,1,86,0.999,high,16,PPO sampled,25,1,1,0.0,0.0,-1.8666666666666671,-3.3758979811246492,0.0,0.0,0.0,0.0
trial_001_ep1_task086,1,86,0.999,high,16,PPO sampled,25,5,5,0.0,1.0,0.2988294473847861,0.8463242410976046,0.38604280158383575,0.06196619407758153,-1.9055551302486222,-0.04599015770339454
trial_001_ep1_task086,1,86,0.999,high,16,PPO sampled,25,10,10,0.0,0.0,0.0,0.0,0.5080055162633379,0.11569688838533265,-2.1311627769345947,-0.015893653607215785
trial_001_ep1_task086,1,86,0.999,high,16,PPO sampled,25,20,20,0.0,0.0,0.0,0.0,0.25400275813166895,0.057848444192666104,-1.065581388467308,-0.005307231137503865
trial_001_ep1_task086,1,86,0.999,high,16,PPO sampled,25,50,50,0.0,0.0,0.0,0.0,0.10458937099539312,0.02313937767706653,-0.4262325553869175,-0.00257581891581693
trial_001_ep1_task089,1,89,0.9999,high,3,Safe Min-Latency,23,1,1,0.0,0.0,0.0,0.0,0.0,0.0,0.0,0.0
trial_001_ep1_task089,1,89,0.9999,high,3,Safe Min-Latency,23,5,5,0.0,0.0,0.0,0.0,0.0,0.0,0.0,0.0
trial_001_ep1_task089,1,89,0.9999,high,3,Safe Min-Latency,23,10,10,0.0,0.0,0.0,0.0,0.0,0.0,0.0,0.0
trial_001_ep1_task089,1,89,0.9999,high,3,Safe Min-Latency,23,20,20,0.0,0.0,0.0,0.0,0.0,0.0,0.0,0.0
trial_001_ep1_task089,1,89,0.9999,high,3,Safe Min-Latency,23,50,50,0.0,0.0,0.0,0.0,0.0,0.0,0.0,0.0
trial_001_ep1_task089,1,89,0.9999,high,3,Next-best immediate,25,1,1,-1.0,0.0,-0.24801275581518611,0.0,-0.05727285474961752,-0.8467758195377826,7.623129001339002,0.0001578166158916483
trial_001_ep1_task089,1,89,0.9999,high,3,Next-best immediate,25,5,5,0.0,0.0,0.0,0.0,-0.022909141899847052,-0.16935516390755678,1.524625800267799,-0.0025321116991213755
trial_001_ep1_task089,1,89,0.9999,high,3,Next-best immediate,25,10,10,0.0,0.0,0.0,0.0,-0.013745485139908364,-0.08467758195377817,0.7623129001338995,-0.0009368562159150218
trial_001_ep1_task089,1,89,0.9999,high,3,Next-best immediate,25,20,20,0.0,0.0,0.0,0.0,-0.008181836392802455,-0.04233879097688886,0.3811564500669533,-0.000667322855645025
trial_001_ep1_task089,1,89,0.9999,high,3,Next-best immediate,25,50,50,0.0,0.0,0.0,0.0,-0.00327273455712096,-0.016935516390755634,0.1524625800267856,-0.0003308677061121812
trial_001_ep1_task089,1,89,0.9999,high,3,PPO high probability,27,1,1,-1.0,0.0,-0.24801275581518611,0.0,0.04125370567072162,-0.4713677718608551,3.888688748994248,-0.008696142573107246
trial_001_ep1_task089,1,89,0.9999,high,3,PPO high probability,27,5,5,0.0,0.0,0.0,0.0,0.016501482268288736,-0.09427355437217111,0.7777377497988596,-0.005380737360632715
trial_001_ep1_task089,1,89,0.9999,high,3,PPO high probability,27,10,10,0.0,0.0,0.0,0.0,0.009900889360973109,-0.04713677718608533,0.3888688748994298,-0.0019908194588193207
trial_001_ep1_task089,1,89,0.9999,high,3,PPO high probability,27,20,20,0.0,0.0,0.0,0.0,0.005893386524388755,-0.023568388593042666,0.194434437449722,-0.001418061068245574
trial_001_ep1_task089,1,89,0.9999,high,3,PPO high probability,27,50,50,0.0,0.0,0.0,0.0,0.002357354609755502,-0.009427355437217066,0.0777737749798888,-0.0007030938754884475
trial_001_ep1_task089,1,89,0.9999,high,3,PPO sampled,25,1,1,-1.0,0.0,-0.24801275581518611,0.0,-0.05727285474961752,-0.8467758195377826,7.623129001339002,0.0001578166158916483
trial_001_ep1_task089,1,89,0.9999,high,3,PPO sampled,25,5,5,0.0,0.0,0.0,0.0,-0.022909141899847052,-0.16935516390755678,1.524625800267799,-0.0025321116991213755
trial_001_ep1_task089,1,89,0.9999,high,3,PPO sampled,25,10,10,0.0,0.0,0.0,0.0,-0.013745485139908364,-0.08467758195377817,0.7623129001338995,-0.0009368562159150218
trial_001_ep1_task089,1,89,0.9999,high,3,PPO sampled,25,20,20,0.0,0.0,0.0,0.0,-0.008181836392802455,-0.04233879097688886,0.3811564500669533,-0.000667322855645025
trial_001_ep1_task089,1,89,0.9999,high,3,PPO sampled,25,50,50,0.0,0.0,0.0,0.0,-0.00327273455712096,-0.016935516390755634,0.1524625800267856,-0.0003308677061121812
trial_001_ep1_task090,1,90,0.9,high,28,Safe Min-Latency,6,1,1,0.0,0.0,0.0,0.0,0.0,0.0,0.0,0.0
trial_001_ep1_task090,1,90,0.9,high,28,Safe Min-Latency,6,5,5,0.0,0.0,0.0,0.0,0.0,0.0,0.0,0.0
trial_001_ep1_task090,1,90,0.9,high,28,Safe Min-Latency,6,10,10,0.0,0.0,0.0,0.0,0.0,0.0,0.0,0.0
trial_001_ep1_task090,1,90,0.9,high,28,Safe Min-Latency,6,20,20,0.0,0.0,0.0,0.0,0.0,0.0,0.0,0.0
trial_001_ep1_task090,1,90,0.9,high,28,Safe Min-Latency,6,50,50,0.0,0.0,0.0,0.0,0.0,0.0,0.0,0.0
trial_001_ep1_task090,1,90,0.9,high,28,Next-best immediate,12,1,1,1.0,0.0,1.215459667417166,0.0,-0.6679482442257598,0.0,0.0,0.046097249194395895
trial_001_ep1_task090,1,90,0.9,high,28,Next-best immediate,12,5,5,0.0,0.0,0.0,0.0,0.06336559437860667,0.11554889264779167,-1.2125264908026452,-0.0021126565716093892
trial_001_ep1_task090,1,90,0.9,high,28,Next-best immediate,12,10,10,0.0,0.0,0.0,0.0,0.030174092561241372,0.057774446323895834,-0.6062632454013297,-0.0005941692951942357
trial_001_ep1_task090,1,90,0.9,high,28,Next-best immediate,12,20,20,0.0,0.0,0.0,0.0,0.015455023019172454,0.02888722316194814,-0.3031316227006613,-0.00040297741581343804
trial_001_ep1_task090,1,90,0.9,high,28,Next-best immediate,12,50,50,0.0,0.0,0.0,0.0,0.0063365594378607115,0.011554889264779433,-0.12125264908026878,-0.00020626779722882072
trial_001_ep1_task090,1,90,0.9,high,28,PPO high probability,21,1,1,1.0,0.0,0.8355658170303331,0.0,-0.6679482442257598,0.0,0.0,0.059247707661994775
trial_001_ep1_task090,1,90,0.9,high,28,PPO high probability,21,5,5,0.0,0.0,0.0,0.0,0.0391573839649737,0.0783147679299474,-2.516625272664605,-0.006639777796487473
trial_001_ep1_task090,1,90,0.9,high,28,PPO high probability,21,10,10,0.0,0.0,0.0,0.0,0.018646373316654197,0.03915738396497348,-1.258312636332306,-0.0018673892134678516
trial_001_ep1_task090,1,90,0.9,high,28,PPO high probability,21,20,20,0.0,0.0,0.0,0.0,0.009550581454871643,0.019578691982486962,-0.629156318166153,-0.001266500449699559
trial_001_ep1_task090,1,90,0.9,high,28,PPO high probability,21,50,50,0.0,0.0,0.0,0.0,0.003915738396497392,0.007831476792994785,-0.2516625272664612,-0.0006482702198620793
trial_001_ep1_task090,1,90,0.9,high,28,PPO sampled,25,1,1,1.0,1.0,0.956987996585827,0.8888888888888888,0.0,0.06809910769692351,-2.6748867126987506,0.014089776929574915
trial_001_ep1_task090,1,90,0.9,high,28,PPO sampled,25,5,5,0.0,0.0,0.0,0.0,0.44706392517430793,0.013619821539384791,-0.5349773425397402,-0.008278023625359593
trial_001_ep1_task090,1,90,0.9,high,28,PPO sampled,25,10,10,0.0,0.0,0.0,0.0,0.21288758341633718,0.0068099107696921735,-0.26748867126987363,-0.0023281339377058674
trial_001_ep1_task090,1,90,0.9,high,28,PPO sampled,25,20,20,0.0,0.0,0.0,0.0,0.1090399817498312,0.003404955384846531,-0.1337443356349297,-0.0015789866717659529
trial_001_ep1_task090,1,90,0.9,high,28,PPO sampled,25,50,50,0.0,0.0,0.0,0.0,0.044706392517430804,0.00136198215393879,-0.05349773425398041,-0.0008082192446973169
trial_001_ep1_task094,1,94,0.999,low,12,Safe Min-Latency,6,1,1,0.0,0.0,0.0,0.0,0.0,0.0,0.0,0.0
trial_001_ep1_task094,1,94,0.999,low,12,Safe Min-Latency,6,5,5,0.0,0.0,0.0,0.0,0.0,0.0,0.0,0.0
trial_001_ep1_task094,1,94,0.999,low,12,Safe Min-Latency,6,10,10,0.0,0.0,0.0,0.0,0.0,0.0,0.0,0.0
trial_001_ep1_task094,1,94,0.999,low,12,Safe Min-Latency,6,20,20,0.0,0.0,0.0,0.0,0.0,0.0,0.0,0.0
trial_001_ep1_task094,1,94,0.999,low,12,Safe Min-Latency,6,50,50,0.0,0.0,0.0,0.0,0.0,0.0,0.0,0.0
trial_001_ep1_task094,1,94,0.999,low,12,Next-best immediate,17,1,1,1.0,0.0,4.0709788867150865,1.6710646421692061,0.0,0.0,0.0,0.0033201584943201735
trial_001_ep1_task094,1,94,0.999,low,12,Next-best immediate,17,5,5,0.0,0.0,0.0,0.0,0.0,0.0,0.0,-0.0049948089007918195
trial_001_ep1_task094,1,94,0.999,low,12,Next-best immediate,17,10,10,0.0,0.0,0.0,0.0,0.0,0.0,0.0,-0.003989872435920333
trial_001_ep1_task094,1,94,0.999,low,12,Next-best immediate,17,20,20,0.0,0.0,0.0,0.0,0.0,0.0,0.0,-0.0024587031347202137
trial_001_ep1_task094,1,94,0.999,low,12,Next-best immediate,17,50,50,0.0,0.0,0.0,0.0,0.0,0.0,0.0,-0.0011543973635474436
trial_001_ep1_task094,1,94,0.999,low,12,PPO high probability,27,1,1,1.0,0.0,2.5061187078902885,0.10620446334440814,0.0,0.0,0.0,0.05807608717187876
trial_001_ep1_task094,1,94,0.999,low,12,PPO high probability,27,5,5,0.0,0.0,0.0,0.0,0.46053906850953574,0.720818573903534,-2.674793931491834,-0.01331949040211157
trial_001_ep1_task094,1,94,0.999,low,12,PPO high probability,27,10,10,0.0,0.0,0.0,0.0,0.23026953425476793,0.360409286951767,-1.337396965745917,-0.010639659829120879
trial_001_ep1_task094,1,94,0.999,low,12,PPO high probability,27,20,20,0.0,0.0,0.0,0.0,0.1180869406434707,0.1802046434758835,-0.6686984828729621,-0.006556541692587237
trial_001_ep1_task094,1,94,0.999,low,12,PPO high probability,27,50,50,0.0,0.0,0.0,0.0,0.046053906850953674,0.07208185739035322,-0.26747939314918057,-0.003078392969459831
trial_001_ep1_task094,1,94,0.999,low,12,PPO sampled,23,1,1,0.0,0.0,0.10620446334440814,0.10620446334440814,0.0,0.1062044633444259,-1.3725003086918264,0.0446159418854167
trial_001_ep1_task094,1,94,0.999,low,12,PPO sampled,23,5,5,0.0,0.0,0.0,0.0,0.04836400804790053,-0.08229065435085126,0.30748288230237364,-0.00832468150131957
trial_001_ep1_task094,1,94,0.999,low,12,PPO sampled,23,10,10,0.0,0.0,0.0,0.0,0.02418200402395032,-0.04114532717542563,0.15374144115118327,-0.006649787393200407
trial_001_ep1_task094,1,94,0.999,low,12,PPO sampled,23,20,20,0.0,0.0,0.0,0.0,0.012401027704589895,-0.020572663587712814,0.07687072057559163,-0.00409783855786694
trial_001_ep1_task094,1,94,0.999,low,12,PPO sampled,23,50,50,0.0,0.0,0.0,0.0,0.004836400804790086,-0.008229065435084948,0.030748288230242338,-0.0019239956059123875
trial_001_ep1_task095,1,95,0.9999,high,0,Safe Min-Latency,27,1,1,0.0,0.0,0.0,0.0,0.0,0.0,0.0,0.0
trial_001_ep1_task095,1,95,0.9999,high,0,Safe Min-Latency,27,5,5,0.0,0.0,0.0,0.0,0.0,0.0,0.0,0.0
trial_001_ep1_task095,1,95,0.9999,high,0,Safe Min-Latency,27,10,10,0.0,0.0,0.0,0.0,0.0,0.0,0.0,0.0
trial_001_ep1_task095,1,95,0.9999,high,0,Safe Min-Latency,27,20,20,0.0,0.0,0.0,0.0,0.0,0.0,0.0,0.0
trial_001_ep1_task095,1,95,0.9999,high,0,Safe Min-Latency,27,50,50,0.0,0.0,0.0,0.0,0.0,0.0,0.0,0.0
trial_001_ep1_task095,1,95,0.9999,high,0,Next-best immediate,27,1,1,0.0,0.0,0.0,0.0,0.0,0.0,0.0,0.0
trial_001_ep1_task095,1,95,0.9999,high,0,Next-best immediate,27,5,5,0.0,0.0,0.0,0.0,0.0,0.0,0.0,0.0
trial_001_ep1_task095,1,95,0.9999,high,0,Next-best immediate,27,10,10,0.0,0.0,0.0,0.0,0.0,0.0,0.0,0.0
trial_001_ep1_task095,1,95,0.9999,high,0,Next-best immediate,27,20,20,0.0,0.0,0.0,0.0,0.0,0.0,0.0,0.0
trial_001_ep1_task095,1,95,0.9999,high,0,Next-best immediate,27,50,50,0.0,0.0,0.0,0.0,0.0,0.0,0.0,0.0
trial_001_ep1_task095,1,95,0.9999,high,0,PPO high probability,27,1,1,0.0,0.0,0.0,0.0,0.0,0.0,0.0,0.0
trial_001_ep1_task095,1,95,0.9999,high,0,PPO high probability,27,5,5,0.0,0.0,0.0,0.0,0.0,0.0,0.0,0.0
trial_001_ep1_task095,1,95,0.9999,high,0,PPO high probability,27,10,10,0.0,0.0,0.0,0.0,0.0,0.0,0.0,0.0
trial_001_ep1_task095,1,95,0.9999,high,0,PPO high probability,27,20,20,0.0,0.0,0.0,0.0,0.0,0.0,0.0,0.0
trial_001_ep1_task095,1,95,0.9999,high,0,PPO high probability,27,50,50,0.0,0.0,0.0,0.0,0.0,0.0,0.0,0.0
trial_001_ep1_task095,1,95,0.9999,high,0,PPO sampled,27,1,1,0.0,0.0,0.0,0.0,0.0,0.0,0.0,0.0
trial_001_ep1_task095,1,95,0.9999,high,0,PPO sampled,27,5,5,0.0,0.0,0.0,0.0,0.0,0.0,0.0,0.0
trial_001_ep1_task095,1,95,0.9999,high,0,PPO sampled,27,10,10,0.0,0.0,0.0,0.0,0.0,0.0,0.0,0.0
trial_001_ep1_task095,1,95,0.9999,high,0,PPO sampled,27,20,20,0.0,0.0,0.0,0.0,0.0,0.0,0.0,0.0
trial_001_ep1_task095,1,95,0.9999,high,0,PPO sampled,27,50,50,0.0,0.0,0.0,0.0,0.0,0.0,0.0,0.0
trial_001_ep1_task096,1,96,0.9,high,28,Safe Min-Latency,4,1,1,0.0,0.0,0.0,0.0,0.0,0.0,0.0,0.0
trial_001_ep1_task096,1,96,0.9,high,28,Safe Min-Latency,4,5,5,0.0,0.0,0.0,0.0,0.0,0.0,0.0,0.0
trial_001_ep1_task096,1,96,0.9,high,28,Safe Min-Latency,4,10,10,0.0,0.0,0.0,0.0,0.0,0.0,0.0,0.0
trial_001_ep1_task096,1,96,0.9,high,28,Safe Min-Latency,4,20,20,0.0,0.0,0.0,0.0,0.0,0.0,0.0,0.0
trial_001_ep1_task096,1,96,0.9,high,28,Safe Min-Latency,4,50,50,0.0,0.0,0.0,0.0,0.0,0.0,0.0,0.0
trial_001_ep1_task096,1,96,0.9,high,28,Next-best immediate,10,1,1,0.0,0.0,-0.7794917509222481,-0.7794917509222481,0.0,0.0,0.0,0.013039676713905157
trial_001_ep1_task096,1,96,0.9,high,28,Next-best immediate,10,5,5,0.0,0.0,0.0,0.0,0.0,0.0,0.0,-0.00265941990517099
trial_001_ep1_task096,1,96,0.9,high,28,Next-best immediate,10,10,10,0.0,0.0,0.0,0.0,0.0,0.0,0.0,-0.001940229356624773
trial_001_ep1_task096,1,96,0.9,high,28,Next-best immediate,10,20,20,0.0,0.0,0.0,0.0,0.0,0.0,0.0,-0.001407364980875181
trial_001_ep1_task096,1,96,0.9,high,28,Next-best immediate,10,50,50,0.0,0.0,0.0,0.0,0.0,0.0,0.0,-0.0006267668993213404
trial_001_ep1_task096,1,96,0.9,high,28,PPO high probability,21,1,1,0.0,0.0,-0.9964585546974418,-1.5106584068317659,0.3974776761345804,0.5141998521343396,-4.535153097266349,-0.035043977594011955
trial_001_ep1_task096,1,96,0.9,high,28,PPO high probability,21,5,5,0.0,0.0,0.0,0.0,0.11333496549323174,0.09102329573258316,-0.4302521136627746,-0.010939378517488663
trial_001_ep1_task096,1,96,0.9,high,28,PPO high probability,21,10,10,0.0,0.0,0.0,0.0,0.053969031187253214,0.04551164786629158,-0.2151260568313873,-0.00798102747956117
trial_001_ep1_task096,1,96,0.9,high,28,PPO high probability,21,20,20,0.0,0.0,0.0,0.0,0.03148193485923101,0.02275582393314579,-0.1075630284156901,-0.0057891189759526895
trial_001_ep1_task096,1,96,0.9,high,28,PPO high probability,21,50,50,0.0,0.0,0.0,0.0,0.011221283712201213,0.009102329573258405,-0.043025211366284566,-0.002578171405191454
trial_001_ep1_task096,1,96,0.9,high,28,PPO sampled,27,1,1,0.0,1.0,0.9186843207283486,1.1897546921541577,0.9799990712931503,0.8382957443450039,-6.927238191265161,-0.14374438170163084
trial_001_ep1_task096,1,96,0.9,high,28,PPO sampled,27,5,5,0.0,0.0,0.0,0.0,0.4992127726826794,0.1558424741747162,-0.9086691324625491,-0.015582810097945932
trial_001_ep1_task096,1,96,0.9,high,28,PPO sampled,27,10,10,0.0,0.0,0.0,0.0,0.23772036794413304,0.0779212370873581,-0.45433456623127455,-0.011368729530810723
trial_001_ep1_task096,1,96,0.9,high,28,PPO sampled,27,20,20,0.0,0.0,0.0,0.0,0.13867021463407758,0.03896061854367883,-0.22716728311564083,-0.008246422910814066
trial_001_ep1_task096,1,96,0.9,high,28,PPO sampled,27,50,50,0.0,0.0,0.0,0.0,0.049427007196304884,0.015584247417471886,-0.09086691324625207,-0.003672526308768409
trial_001_ep1_task097,1,97,0.999,high,28,Safe Min-Latency,4,1,1,0.0,0.0,0.0,0.0,0.0,0.0,0.0,0.0
trial_001_ep1_task097,1,97,0.999,high,28,Safe Min-Latency,4,5,5,0.0,0.0,0.0,0.0,0.0,0.0,0.0,0.0
trial_001_ep1_task097,1,97,0.999,high,28,Safe Min-Latency,4,10,10,0.0,0.0,0.0,0.0,0.0,0.0,0.0,0.0
trial_001_ep1_task097,1,97,0.999,high,28,Safe Min-Latency,4,20,20,0.0,0.0,0.0,0.0,0.0,0.0,0.0,0.0
trial_001_ep1_task097,1,97,0.999,high,28,Safe Min-Latency,4,50,50,0.0,0.0,0.0,0.0,0.0,0.0,0.0,0.0
trial_001_ep1_task097,1,97,0.999,high,28,Next-best immediate,10,1,1,0.0,0.0,0.0,0.0,0.0,0.0,0.0,-0.0013232686296123786
trial_001_ep1_task097,1,97,0.999,high,28,Next-best immediate,10,5,5,0.0,0.0,0.0,0.0,0.0,0.0,0.0,-0.001025014443006303
trial_001_ep1_task097,1,97,0.999,high,28,Next-best immediate,10,10,10,0.0,0.0,0.0,0.0,0.0,0.0,0.0,-0.0006691089141261375
trial_001_ep1_task097,1,97,0.999,high,28,Next-best immediate,10,20,20,0.0,0.0,0.0,0.0,0.0,0.0,0.0,-0.0005025595266906213
trial_001_ep1_task097,1,97,0.999,high,28,Next-best immediate,10,50,50,0.0,0.0,0.0,0.0,0.0,0.0,0.0,-0.00021221401573751075
trial_001_ep1_task097,1,97,0.999,high,28,PPO high probability,21,1,1,0.0,0.0,0.0,0.0,0.283051279452915,0.14998534167543198,-5.7893872139596,-0.005443193228531415
trial_001_ep1_task097,1,97,0.999,high,28,PPO high probability,21,5,5,0.0,0.0,0.0,0.0,0.08491538383587455,0.02999706833508653,-1.1578774427919285,-0.004216340923122425
trial_001_ep1_task097,1,97,0.999,high,28,PPO high probability,21,10,10,0.0,0.0,0.0,0.0,0.040435897064702186,0.014998534167543376,-0.5789387213959571,-0.002752342970291838
trial_001_ep1_task097,1,97,0.999,high,28,PPO high probability,21,20,20,0.0,0.0,0.0,0.0,0.02295010373942552,0.007499267083771688,-0.2894693606979786,-0.0020672511623113232
trial_001_ep1_task097,1,97,0.999,high,28,PPO high probability,21,50,50,0.0,0.0,0.0,0.0,0.00840746374612622,0.0029997068335085864,-0.11578774427918859,-0.0008729307622143967
trial_001_ep1_task097,1,97,0.999,high,28,PPO sampled,15,1,1,0.0,0.0,0.0,0.0,0.0,0.0,0.0,-0.0024259924876226524
trial_001_ep1_task097,1,97,0.999,high,28,PPO sampled,15,5,5,0.0,0.0,0.0,0.0,0.0,0.0,0.0,-0.0018791931455115207
trial_001_ep1_task097,1,97,0.999,high,28,PPO sampled,15,10,10,0.0,0.0,0.0,0.0,0.0,0.0,0.0,-0.001226699675897891
trial_001_ep1_task097,1,97,0.999,high,28,PPO sampled,15,20,20,0.0,0.0,0.0,0.0,0.0,0.0,0.0,-0.0009213591322661252
trial_001_ep1_task097,1,97,0.999,high,28,PPO sampled,15,50,50,0.0,0.0,0.0,0.0,0.0,0.0,0.0,-0.0003890590288521123
trial_001_ep1_task098,1,98,0.9999,low,28,Safe Min-Latency,5,1,1,0.0,0.0,0.0,0.0,0.0,0.0,0.0,0.0
trial_001_ep1_task098,1,98,0.9999,low,28,Safe Min-Latency,5,5,5,0.0,0.0,0.0,0.0,0.0,0.0,0.0,0.0
trial_001_ep1_task098,1,98,0.9999,low,28,Safe Min-Latency,5,10,10,0.0,0.0,0.0,0.0,0.0,0.0,0.0,0.0
trial_001_ep1_task098,1,98,0.9999,low,28,Safe Min-Latency,5,20,20,0.0,0.0,0.0,0.0,0.0,0.0,0.0,0.0
trial_001_ep1_task098,1,98,0.9999,low,28,Safe Min-Latency,5,50,50,0.0,0.0,0.0,0.0,0.0,0.0,0.0,0.0
trial_001_ep1_task098,1,98,0.9999,low,28,Next-best immediate,11,1,1,0.0,0.0,0.0,0.0,0.0,0.0,0.0,-0.0039967452262035935
trial_001_ep1_task098,1,98,0.9999,low,28,Next-best immediate,11,5,5,0.0,0.0,0.0,0.0,0.0,0.0,0.0,-0.0012967341328536663
trial_001_ep1_task098,1,98,0.9999,low,28,Next-best immediate,11,10,10,0.0,0.0,0.0,0.0,0.0,0.0,0.0,-0.00039132160615534817
trial_001_ep1_task098,1,98,0.9999,low,28,Next-best immediate,11,20,20,0.0,0.0,0.0,0.0,0.0,0.0,0.0,-0.00021358837016655086
trial_001_ep1_task098,1,98,0.9999,low,28,Next-best immediate,11,50,50,0.0,0.0,0.0,0.0,0.0,0.0,0.0,-7.070636948586229e-05
trial_001_ep1_task098,1,98,0.9999,low,28,PPO high probability,27,1,1,0.0,0.0,0.0,0.0,0.0,0.0,0.0,-0.021982098744126002
trial_001_ep1_task098,1,98,0.9999,low,28,PPO high probability,27,5,5,0.0,0.0,0.0,0.0,0.0,0.0,0.0,-0.007132037730697177
trial_001_ep1_task098,1,98,0.9999,low,28,PPO high probability,27,10,10,0.0,0.0,0.0,0.0,0.0,0.0,0.0,-0.0021522688338550533
trial_001_ep1_task098,1,98,0.9999,low,28,PPO high probability,27,20,20,0.0,0.0,0.0,0.0,0.0,0.0,0.0,-0.0011747360359166126
trial_001_ep1_task098,1,98,0.9999,low,28,PPO high probability,27,50,50,0.0,0.0,0.0,0.0,0.0,0.0,0.0,-0.0003888850321721038
trial_001_ep1_task098,1,98,0.9999,low,28,PPO sampled,25,1,1,0.0,0.0,0.0,0.0,0.0,0.0,0.0,-0.01810290484810479
trial_001_ep1_task098,1,98,0.9999,low,28,PPO sampled,25,5,5,0.0,0.0,0.0,0.0,0.0,0.0,0.0,-0.005873442837045079
trial_001_ep1_task098,1,98,0.9999,low,28,PPO sampled,25,10,10,0.0,0.0,0.0,0.0,0.0,0.0,0.0,-0.0017724566867042824
trial_001_ep1_task098,1,98,0.9999,low,28,PPO sampled,25,20,20,0.0,0.0,0.0,0.0,0.0,0.0,0.0,-0.0009674296766372659
trial_001_ep1_task098,1,98,0.9999,low,28,PPO sampled,25,50,50,0.0,0.0,0.0,0.0,0.0,0.0,0.0,-0.00032025826178888606
trial_001_ep1_task102,1,102,0.9,high,28,Safe Min-Latency,4,1,1,0.0,0.0,0.0,0.0,0.0,0.0,0.0,0.0
trial_001_ep1_task102,1,102,0.9,high,28,Safe Min-Latency,4,5,5,0.0,0.0,0.0,0.0,0.0,0.0,0.0,0.0
trial_001_ep1_task102,1,102,0.9,high,28,Safe Min-Latency,4,10,10,0.0,0.0,0.0,0.0,0.0,0.0,0.0,0.0
trial_001_ep1_task102,1,102,0.9,high,28,Safe Min-Latency,4,20,20,0.0,0.0,0.0,0.0,0.0,0.0,0.0,0.0
trial_001_ep1_task102,1,102,0.9,high,28,Safe Min-Latency,4,50,50,0.0,0.0,0.0,0.0,0.0,0.0,0.0,0.0
trial_001_ep1_task102,1,102,0.9,high,28,Next-best immediate,10,1,1,0.0,0.0,0.0,0.0,0.0,1.2913153328520934,-8.56509033721576,0.0
trial_001_ep1_task102,1,102,0.9,high,28,Next-best immediate,10,5,5,0.0,0.0,0.0,0.0,0.5491264914757144,0.25826306657041886,-1.7130180674431585,-0.0035140249313327376
trial_001_ep1_task102,1,102,0.9,high,28,Next-best immediate,10,10,10,0.0,0.0,0.0,0.0,0.30201957031164295,0.12913153328520943,-0.8565090337215722,-0.0021891581963178197
trial_001_ep1_task102,1,102,0.9,high,28,Next-best immediate,10,20,20,0.0,0.0,0.0,0.0,0.1632538217900773,0.0645657666426045,-0.42825451686078253,-0.0012356780845910187
trial_001_ep1_task102,1,102,0.9,high,28,Next-best immediate,10,50,50,0.0,0.0,0.0,0.0,0.059805855507256034,0.025826306657041886,-0.17130180674432438,-0.00039750114125980396
trial_001_ep1_task102,1,102,0.9,high,28,PPO high probability,27,1,1,0.0,0.0,0.0,0.0,0.0,-0.6799422692976691,6.759994030941886,0.0
trial_001_ep1_task102,1,102,0.9,high,28,PPO high probability,27,5,5,0.0,0.0,0.0,0.0,0.04372172418723863,0.019342492667800748,-1.0251382608428656,-0.020590348698952488
trial_001_ep1_task102,1,102,0.9,high,28,PPO high probability,27,10,10,0.0,0.0,0.0,0.0,0.024046948302981264,0.009671246333900374,-0.5125691304214257,-0.012827322372541805
trial_001_ep1_task102,1,102,0.9,high,28,PPO high probability,27,20,20,0.0,0.0,0.0,0.0,0.01299835043404396,0.004835623166949965,-0.25628456521071286,-0.007240427469515143
trial_001_ep1_task102,1,102,0.9,high,28,PPO high probability,27,50,50,0.0,0.0,0.0,0.0,0.004761771941184434,0.001934249266779986,-0.10251382608429083,-0.00232914884404839
trial_001_ep1_task102,1,102,0.9,high,28,PPO sampled,2,1,1,0.0,0.0,0.0,0.0,0.0,-0.5978604662485907,5.823939730264417,0.0
trial_001_ep1_task102,1,102,0.9,high,28,PPO sampled,2,5,5,0.0,0.0,0.0,0.0,-0.363937687942917,-0.11957209324971796,1.1647879460528827,0.004872387509831322
trial_001_ep1_task102,1,102,0.9,high,28,PPO sampled,2,10,10,0.0,0.0,0.0,0.0,-0.20016572836860436,-0.05978604662485898,0.5823939730264485,0.003035387415062707
trial_001_ep1_task102,1,102,0.9,high,28,PPO sampled,2,20,20,0.0,0.0,0.0,0.0,-0.10819769101005638,-0.029893023312429712,0.2911969865132207,0.001713335159306939
trial_001_ep1_task102,1,102,0.9,high,28,PPO sampled,2,50,50,0.0,0.0,0.0,0.0,-0.039636777894773045,-0.011957209324971796,0.11647879460527832,0.0005511570446039005
trial_001_ep1_task105,1,105,0.9999,medium,4,Safe Min-Latency,5,1,1,0.0,0.0,0.0,0.0,0.0,0.0,0.0,0.0
trial_001_ep1_task105,1,105,0.9999,medium,4,Safe Min-Latency,5,5,5,0.0,0.0,0.0,0.0,0.0,0.0,0.0,0.0
trial_001_ep1_task105,1,105,0.9999,medium,4,Safe Min-Latency,5,10,10,0.0,0.0,0.0,0.0,0.0,0.0,0.0,0.0
trial_001_ep1_task105,1,105,0.9999,medium,4,Safe Min-Latency,5,20,20,0.0,0.0,0.0,0.0,0.0,0.0,0.0,0.0
trial_001_ep1_task105,1,105,0.9999,medium,4,Safe Min-Latency,5,50,50,0.0,0.0,0.0,0.0,0.0,0.0,0.0,0.0
trial_001_ep1_task105,1,105,0.9999,medium,4,Next-best immediate,23,1,1,0.0,0.0,-0.7934851936467966,-0.7934851936467966,0.0,0.0,0.0,-0.004965022749895132
trial_001_ep1_task105,1,105,0.9999,medium,4,Next-best immediate,23,5,5,0.0,0.0,0.0,0.0,0.0,0.0,0.0,-0.0123999736407297
trial_001_ep1_task105,1,105,0.9999,medium,4,Next-best immediate,23,10,10,0.0,0.0,0.0,0.0,0.0,0.0,0.0,-0.00820961026359096
trial_001_ep1_task105,1,105,0.9999,medium,4,Next-best immediate,23,20,20,0.0,0.0,0.0,0.0,0.0,0.0,0.0,-0.004449781833804067
trial_001_ep1_task105,1,105,0.9999,medium,4,Next-best immediate,23,50,50,0.0,0.0,0.0,0.0,0.0,0.0,0.0,-0.0013087328451601432
trial_001_ep1_task105,1,105,0.9999,medium,4,PPO high probability,27,1,1,-1.0,-1.0,-0.8704890878118308,-0.8704890878118308,0.0,0.0,0.0,-0.022351658603617708
trial_001_ep1_task105,1,105,0.9999,medium,4,PPO high probability,27,5,5,0.0,0.0,0.0,0.0,0.0,0.0,0.0,-0.018599960461094966
trial_001_ep1_task105,1,105,0.9999,medium,4,PPO high probability,27,10,10,0.0,0.0,0.0,0.0,0.0,0.0,0.0,-0.012314415395386746
trial_001_ep1_task105,1,105,0.9999,medium,4,PPO high probability,27,20,20,0.0,0.0,0.0,0.0,0.0,0.0,0.0,-0.006674672750706212
trial_001_ep1_task105,1,105,0.9999,medium,4,PPO high probability,27,50,50,0.0,0.0,0.0,0.0,0.0,0.0,0.0,-0.001963099267740298
trial_001_ep1_task105,1,105,0.9999,medium,4,PPO sampled,27,1,1,-1.0,-1.0,-0.8704890878118308,-0.8704890878118308,0.0,0.0,0.0,-0.022351658603617708
trial_001_ep1_task105,1,105,0.9999,medium,4,PPO sampled,27,5,5,0.0,0.0,0.0,0.0,0.0,0.0,0.0,-0.018599960461094966
trial_001_ep1_task105,1,105,0.9999,medium,4,PPO sampled,27,10,10,0.0,0.0,0.0,0.0,0.0,0.0,0.0,-0.012314415395386746
trial_001_ep1_task105,1,105,0.9999,medium,4,PPO sampled,27,20,20,0.0,0.0,0.0,0.0,0.0,0.0,0.0,-0.006674672750706212
trial_001_ep1_task105,1,105,0.9999,medium,4,PPO sampled,27,50,50,0.0,0.0,0.0,0.0,0.0,0.0,0.0,-0.001963099267740298
trial_001_ep1_task107,1,107,0.9,low,28,Safe Min-Latency,6,1,1,0.0,0.0,0.0,0.0,0.0,0.0,0.0,0.0
trial_001_ep1_task107,1,107,0.9,low,28,Safe Min-Latency,6,5,5,0.0,0.0,0.0,0.0,0.0,0.0,0.0,0.0
trial_001_ep1_task107,1,107,0.9,low,28,Safe Min-Latency,6,10,10,0.0,0.0,0.0,0.0,0.0,0.0,0.0,0.0
trial_001_ep1_task107,1,107,0.9,low,28,Safe Min-Latency,6,20,20,0.0,0.0,0.0,0.0,0.0,0.0,0.0,0.0
trial_001_ep1_task107,1,107,0.9,low,28,Safe Min-Latency,6,50,50,0.0,0.0,0.0,0.0,0.0,0.0,0.0,0.0
trial_001_ep1_task107,1,107,0.9,low,28,Next-best immediate,12,1,1,1.0,1.0,4.352272756239859,4.352272756239859,0.0,0.0,0.0,0.005753328180635174
trial_001_ep1_task107,1,107,0.9,low,28,Next-best immediate,12,5,5,0.0,0.0,0.5033007322097944,0.5033007322097944,0.05592230357886607,0.0,0.0,-0.019360364930309626
trial_001_ep1_task107,1,107,0.9,low,28,Next-best immediate,12,10,10,0.0,0.0,0.5033007322097944,0.1505340942245672,0.0629125915262243,0.0,0.0,-0.012276026263225326
trial_001_ep1_task107,1,107,0.9,low,28,Next-best immediate,12,20,20,0.0,0.0,0.0,0.0,0.04080816747646998,0.0,0.0,-0.002247136211600942
trial_001_ep1_task107,1,107,0.9,low,28,Next-best immediate,12,50,50,0.0,0.0,0.0,0.0,0.015099021966293869,0.0,0.0,-0.0005551772489382212
trial_001_ep1_task107,1,107,0.9,low,28,PPO high probability,27,1,1,1.0,1.0,2.596420951412322,2.596420951412322,0.0,0.0,0.0,0.03556499613547278
trial_001_ep1_task107,1,107,0.9,low,28,PPO high probability,27,5,5,0.0,0.0,0.7936721883869211,0.0,0.43207021016384783,0.7777263782949264,-10.271493521752028,-0.06030652746742665
trial_001_ep1_task107,1,107,0.9,low,28,PPO high probability,27,10,10,0.0,0.0,0.7936721883869211,0.7936721883869211,0.292644004991347,0.46823040798615523,-6.131887866486693,-0.038239181838718106
trial_001_ep1_task107,1,107,0.9,low,28,PPO high probability,27,20,20,0.0,0.0,0.0,0.0,0.16944995828744314,0.23411520399307761,-3.0659439332433536,-0.01098599925671584
trial_001_ep1_task107,1,107,0.9,low,28,PPO high probability,27,50,50,0.0,0.0,0.0,0.0,0.06269648456635402,0.09364608159723087,-1.2263775732973272,-0.0027141998836979764
trial_001_ep1_task107,1,107,0.9,low,28,PPO sampled,25,1,1,1.0,1.0,2.596420951412322,2.596420951412322,0.0,0.14890245095097043,-2.086271340987544,0.03556499613547278
trial_001_ep1_task107,1,107,0.9,low,28,PPO sampled,25,5,5,0.0,0.0,0.7936721883869211,0.0,0.25357133745036564,0.5059512482157458,-7.482822198722268,-0.051580343688709784
trial_001_ep1_task107,1,107,0.9,low,28,PPO sampled,25,10,10,0.0,0.0,0.7936721883869211,0.7936721883869211,0.19223838909001323,0.33234284294656513,-4.73755220497182,-0.03270608049321844
trial_001_ep1_task107,1,107,0.9,low,28,PPO sampled,25,20,20,0.0,0.0,0.0,0.0,0.12603131357335284,0.1661714214732828,-2.368776102485903,-0.00880495528663272
trial_001_ep1_task107,1,107,0.9,low,28,PPO sampled,25,50,50,0.0,0.0,0.0,0.0,0.04663158602214057,0.06646856858931294,-0.9475104409943569,-0.002175351377375623
trial_001_ep1_task110,1,110,0.9999,medium,8,Safe Min-Latency,26,1,1,0.0,0.0,0.0,0.0,0.0,0.0,0.0,0.0
trial_001_ep1_task110,1,110,0.9999,medium,8,Safe Min-Latency,26,5,5,0.0,0.0,0.0,0.0,0.0,0.0,0.0,0.0
trial_001_ep1_task110,1,110,0.9999,medium,8,Safe Min-Latency,26,10,10,0.0,0.0,0.0,0.0,0.0,0.0,0.0,0.0
trial_001_ep1_task110,1,110,0.9999,medium,8,Safe Min-Latency,26,20,20,0.0,0.0,0.0,0.0,0.0,0.0,0.0,0.0
trial_001_ep1_task110,1,110,0.9999,medium,8,Safe Min-Latency,26,50,50,0.0,0.0,0.0,0.0,0.0,0.0,0.0,0.0
trial_001_ep1_task110,1,110,0.9999,medium,8,Next-best immediate,27,1,1,0.0,1.0,0.18587935830116065,0.4635101190287094,-0.06370408304350406,0.0,0.0,-0.03922901843493232
trial_001_ep1_task110,1,110,0.9999,medium,8,Next-best immediate,27,5,5,1.0,1.0,1.1006670416487978,0.0,0.06533834946432393,0.43361449128517515,-4.9217885163634705,-0.03165082944782527
trial_001_ep1_task110,1,110,0.9999,medium,8,Next-best immediate,27,10,10,0.0,0.0,0.0,0.0,0.2816073438275042,0.2168072456425878,-2.460894258181739,-0.0006633440797455536
trial_001_ep1_task110,1,110,0.9999,medium,8,Next-best immediate,27,20,20,0.0,0.0,0.0,0.0,0.133392952339344,0.10840362282129368,-1.2304471290908623,-0.0003606486163091338
trial_001_ep1_task110,1,110,0.9999,medium,8,Next-best immediate,27,50,50,0.0,0.0,0.0,0.0,0.05068932188895081,0.04336144912851747,-0.49217885163634634,-8.996300257091416e-05
trial_001_ep1_task110,1,110,0.9999,medium,8,PPO high probability,27,1,1,0.0,1.0,0.18587935830116065,0.4635101190287094,-0.06370408304350406,0.0,0.0,-0.03922901843493232
trial_001_ep1_task110,1,110,0.9999,medium,8,PPO high probability,27,5,5,1.0,1.0,1.1006670416487978,0.0,0.06533834946432393,0.43361449128517515,-4.9217885163634705,-0.03165082944782527
trial_001_ep1_task110,1,110,0.9999,medium,8,PPO high probability,27,10,10,0.0,0.0,0.0,0.0,0.2816073438275042,0.2168072456425878,-2.460894258181739,-0.0006633440797455536
trial_001_ep1_task110,1,110,0.9999,medium,8,PPO high probability,27,20,20,0.0,0.0,0.0,0.0,0.133392952339344,0.10840362282129368,-1.2304471290908623,-0.0003606486163091338
trial_001_ep1_task110,1,110,0.9999,medium,8,PPO high probability,27,50,50,0.0,0.0,0.0,0.0,0.05068932188895081,0.04336144912851747,-0.49217885163634634,-8.996300257091416e-05
trial_001_ep1_task110,1,110,0.9999,medium,8,PPO sampled,11,1,1,0.0,1.0,0.9841005417409057,0.5493945249798056,-0.06370408304350406,0.7123367774886731,-16.849598756835135,-0.02373998175521158
trial_001_ep1_task110,1,110,0.9999,medium,8,PPO sampled,11,5,5,1.0,1.0,2.1541565088149994,0.0,0.21583684477378134,0.582734172157251,-8.360164104789227,-0.03579395110331918
trial_001_ep1_task110,1,110,0.9999,medium,8,PPO sampled,11,10,10,0.0,0.0,0.0,0.0,0.3986617290681933,0.2913670860786257,-4.180082052394624,0.00764051771852603
trial_001_ep1_task110,1,110,0.9999,medium,8,PPO sampled,11,20,20,0.0,0.0,0.0,0.0,0.18883976640072309,0.14568354303931264,-2.090041026197312,0.0041540163351255766
trial_001_ep1_task110,1,110,0.9999,medium,8,PPO sampled,11,50,50,0.0,0.0,0.0,0.0,0.07175911123227485,0.058273417215724876,-0.8360164104789121,0.0010362102205219714
trial_001_ep1_task111,1,111,0.999,medium,12,Safe Min-Latency,6,1,1,0.0,0.0,0.0,0.0,0.0,0.0,0.0,0.0
trial_001_ep1_task111,1,111,0.999,medium,12,Safe Min-Latency,6,5,5,0.0,0.0,0.0,0.0,0.0,0.0,0.0,0.0
trial_001_ep1_task111,1,111,0.999,medium,12,Safe Min-Latency,6,10,10,0.0,0.0,0.0,0.0,0.0,0.0,0.0,0.0
trial_001_ep1_task111,1,111,0.999,medium,12,Safe Min-Latency,6,20,20,0.0,0.0,0.0,0.0,0.0,0.0,0.0,0.0
trial_001_ep1_task111,1,111,0.999,medium,12,Safe Min-Latency,6,50,50,0.0,0.0,0.0,0.0,0.0,0.0,0.0,0.0
trial_001_ep1_task111,1,111,0.999,medium,12,Next-best immediate,17,1,1,0.0,0.0,-0.9946205823438463,-0.9946205823438463,0.0,0.0,0.0,0.012950165763016164
trial_001_ep1_task111,1,111,0.999,medium,12,Next-best immediate,17,5,5,0.0,1.0,-0.6634719719277964,1.3481863775365737,0.01889695686635527,0.0,0.0,-0.005478802774254166
trial_001_ep1_task111,1,111,0.999,medium,12,Next-best immediate,17,10,10,0.0,0.0,0.0,0.0,0.11825859723172455,0.034254988769663264,-0.8738198491215599,-0.0076286835801642194
trial_001_ep1_task111,1,111,0.999,medium,12,Next-best immediate,17,20,20,0.0,0.0,0.0,0.0,0.054802764570799134,0.017127494384831632,-0.4369099245607728,-0.003705959363654532
trial_001_ep1_task111,1,111,0.999,medium,12,Next-best immediate,17,50,50,0.0,0.0,0.0,0.0,0.022246666805967985,0.00685099775393283,-0.17476396982431197,-0.0010452598338021868
trial_001_ep1_task111,1,111,0.999,medium,12,PPO high probability,27,1,1,0.0,0.0,-1.6094491088302272,-1.6094491088302272,0.3668890138829302,0.0,0.0,-0.049201120623172
trial_001_ep1_task111,1,111,0.999,medium,12,PPO high probability,27,5,5,1.0,1.0,0.0016620022808826462,0.0,0.20234146380782037,0.37306060628185955,-7.056164056638558,-0.07173039800227649
trial_001_ep1_task111,1,111,0.999,medium,12,PPO high probability,27,10,10,0.0,0.0,0.0,0.0,0.38244977255969187,0.18653030314092955,-3.5280820283192824,-0.02034315621377103
trial_001_ep1_task111,1,111,0.999,medium,12,PPO high probability,27,20,20,0.0,0.0,0.0,0.0,0.1772328214301011,0.09326515157046478,-1.7640410141596305,-0.009882558303078715
trial_001_ep1_task111,1,111,0.999,medium,12,PPO high probability,27,50,50,0.0,0.0,0.0,0.0,0.07194599681815994,0.03730606062818609,-0.7056164056638536,-0.002787359556805813
trial_001_ep1_task111,1,111,0.999,medium,12,PPO sampled,11,1,1,0.0,1.0,1.327502334867054,0.24411206479761827,0.6826122188888821,1.1123208585592295,-9.920102617569441,-0.12078168685073315
trial_001_ep1_task111,1,111,0.999,medium,12,PPO sampled,11,5,5,2.0,1.0,2.257432416542871,0.0,0.377923041668854,0.7687759183034015,-11.261317595681035,-0.07851404294634862
trial_001_ep1_task111,1,111,0.999,medium,12,PPO sampled,11,10,10,0.0,0.0,0.0,0.0,0.5371851940864907,0.38438795915170054,-5.630658797840518,-0.001618205607913814
trial_001_ep1_task111,1,111,0.999,medium,12,PPO sampled,11,20,20,0.0,0.0,0.0,0.0,0.24893948018642242,0.19219397957585027,-2.8153293989202552,-0.0007861125922903889
trial_001_ep1_task111,1,111,0.999,medium,12,PPO sampled,11,50,50,0.0,0.0,0.0,0.0,0.10105464047171608,0.07687759183034037,-1.1261317595680964,-0.00022172178292775846
trial_001_ep1_task112,1,112,0.9999,high,3,Safe Min-Latency,27,1,1,0.0,0.0,0.0,0.0,0.0,0.0,0.0,0.0
trial_001_ep1_task112,1,112,0.9999,high,3,Safe Min-Latency,27,5,5,0.0,0.0,0.0,0.0,0.0,0.0,0.0,0.0
trial_001_ep1_task112,1,112,0.9999,high,3,Safe Min-Latency,27,10,10,0.0,0.0,0.0,0.0,0.0,0.0,0.0,0.0
trial_001_ep1_task112,1,112,0.9999,high,3,Safe Min-Latency,27,20,20,0.0,0.0,0.0,0.0,0.0,0.0,0.0,0.0
trial_001_ep1_task112,1,112,0.9999,high,3,Safe Min-Latency,27,50,50,0.0,0.0,0.0,0.0,0.0,0.0,0.0,0.0
trial_001_ep1_task112,1,112,0.9999,high,3,Next-best immediate,25,1,1,1.0,0.0,0.05656963573879992,0.0,0.0,0.2308078861725278,-6.379811001484683,0.013843010359824215
trial_001_ep1_task112,1,112,0.9999,high,3,Next-best immediate,25,5,5,0.0,0.0,0.0,0.0,0.0,0.046161577234505646,-1.275962200296945,0.009135653311304781
trial_001_ep1_task112,1,112,0.9999,high,3,Next-best immediate,25,10,10,0.0,0.0,0.0,0.0,0.0,0.0230807886172526,-0.6379811001484725,0.0025759781733621367
trial_001_ep1_task112,1,112,0.9999,high,3,Next-best immediate,25,20,20,0.0,0.0,0.0,0.0,0.0,0.0115403943086263,-0.3189905500742327,0.001105981395481681
trial_001_ep1_task112,1,112,0.9999,high,3,Next-best immediate,25,50,50,0.0,0.0,0.0,0.0,0.0,0.004616157723450698,-0.1275962200297016,0.0003259124922888046
trial_001_ep1_task112,1,112,0.9999,high,3,PPO high probability,27,1,1,0.0,0.0,0.0,0.0,0.0,0.0,0.0,0.0
trial_001_ep1_task112,1,112,0.9999,high,3,PPO high probability,27,5,5,0.0,0.0,0.0,0.0,0.0,0.0,0.0,0.0
trial_001_ep1_task112,1,112,0.9999,high,3,PPO high probability,27,10,10,0.0,0.0,0.0,0.0,0.0,0.0,0.0,0.0
trial_001_ep1_task112,1,112,0.9999,high,3,PPO high probability,27,20,20,0.0,0.0,0.0,0.0,0.0,0.0,0.0,0.0
trial_001_ep1_task112,1,112,0.9999,high,3,PPO high probability,27,50,50,0.0,0.0,0.0,0.0,0.0,0.0,0.0,0.0
trial_001_ep1_task112,1,112,0.9999,high,3,PPO sampled,23,1,1,1.0,0.0,0.3968557165900357,0.0,0.0,0.5710939670237565,-13.974125218496354,0.006006192486227302
trial_001_ep1_task112,1,112,0.9999,high,3,PPO sampled,23,5,5,0.0,0.0,0.0,0.0,0.0,0.11421879340475138,-2.7948250436992765,0.017256234032463624
trial_001_ep1_task112,1,112,0.9999,high,3,PPO sampled,23,10,10,0.0,0.0,0.0,0.0,0.0,0.05710939670237547,-1.3974125218496383,0.004865736549683808
trial_001_ep1_task112,1,112,0.9999,high,3,PPO sampled,23,20,20,0.0,0.0,0.0,0.0,0.0,0.028554698351187735,-0.6987062609248156,0.0020890759692430705
trial_001_ep1_task112,1,112,0.9999,high,3,PPO sampled,23,50,50,0.0,0.0,0.0,0.0,0.0,0.01142187934047545,-0.2794825043699305,0.0006156124854344025
trial_001_ep1_task115,1,115,0.9999,high,1,Safe Min-Latency,27,1,1,0.0,0.0,0.0,0.0,0.0,0.0,0.0,0.0
trial_001_ep1_task115,1,115,0.9999,high,1,Safe Min-Latency,27,5,5,0.0,0.0,0.0,0.0,0.0,0.0,0.0,0.0
trial_001_ep1_task115,1,115,0.9999,high,1,Safe Min-Latency,27,10,10,0.0,0.0,0.0,0.0,0.0,0.0,0.0,0.0
trial_001_ep1_task115,1,115,0.9999,high,1,Safe Min-Latency,27,20,20,0.0,0.0,0.0,0.0,0.0,0.0,0.0,0.0
trial_001_ep1_task115,1,115,0.9999,high,1,Safe Min-Latency,27,50,50,0.0,0.0,0.0,0.0,0.0,0.0,0.0,0.0
trial_001_ep1_task115,1,115,0.9999,high,1,Next-best immediate,27,1,1,0.0,0.0,0.0,0.0,0.0,0.0,0.0,0.0
trial_001_ep1_task115,1,115,0.9999,high,1,Next-best immediate,27,5,5,0.0,0.0,0.0,0.0,0.0,0.0,0.0,0.0
trial_001_ep1_task115,1,115,0.9999,high,1,Next-best immediate,27,10,10,0.0,0.0,0.0,0.0,0.0,0.0,0.0,0.0
trial_001_ep1_task115,1,115,0.9999,high,1,Next-best immediate,27,20,20,0.0,0.0,0.0,0.0,0.0,0.0,0.0,0.0
trial_001_ep1_task115,1,115,0.9999,high,1,Next-best immediate,27,50,50,0.0,0.0,0.0,0.0,0.0,0.0,0.0,0.0
trial_001_ep1_task115,1,115,0.9999,high,1,PPO high probability,27,1,1,0.0,0.0,0.0,0.0,0.0,0.0,0.0,0.0
trial_001_ep1_task115,1,115,0.9999,high,1,PPO high probability,27,5,5,0.0,0.0,0.0,0.0,0.0,0.0,0.0,0.0
trial_001_ep1_task115,1,115,0.9999,high,1,PPO high probability,27,10,10,0.0,0.0,0.0,0.0,0.0,0.0,0.0,0.0
trial_001_ep1_task115,1,115,0.9999,high,1,PPO high probability,27,20,20,0.0,0.0,0.0,0.0,0.0,0.0,0.0,0.0
trial_001_ep1_task115,1,115,0.9999,high,1,PPO high probability,27,50,50,0.0,0.0,0.0,0.0,0.0,0.0,0.0,0.0
trial_001_ep1_task115,1,115,0.9999,high,1,PPO sampled,27,1,1,0.0,0.0,0.0,0.0,0.0,0.0,0.0,0.0
trial_001_ep1_task115,1,115,0.9999,high,1,PPO sampled,27,5,5,0.0,0.0,0.0,0.0,0.0,0.0,0.0,0.0
trial_001_ep1_task115,1,115,0.9999,high,1,PPO sampled,27,10,10,0.0,0.0,0.0,0.0,0.0,0.0,0.0,0.0
trial_001_ep1_task115,1,115,0.9999,high,1,PPO sampled,27,20,20,0.0,0.0,0.0,0.0,0.0,0.0,0.0,0.0
trial_001_ep1_task115,1,115,0.9999,high,1,PPO sampled,27,50,50,0.0,0.0,0.0,0.0,0.0,0.0,0.0,0.0
trial_001_ep1_task117,1,117,0.99,high,28,Safe Min-Latency,4,1,1,0.0,0.0,0.0,0.0,0.0,0.0,0.0,0.0
trial_001_ep1_task117,1,117,0.99,high,28,Safe Min-Latency,4,5,5,0.0,0.0,0.0,0.0,0.0,0.0,0.0,0.0
trial_001_ep1_task117,1,117,0.99,high,28,Safe Min-Latency,4,10,10,0.0,0.0,0.0,0.0,0.0,0.0,0.0,0.0
trial_001_ep1_task117,1,117,0.99,high,28,Safe Min-Latency,4,20,20,0.0,0.0,0.0,0.0,0.0,0.0,0.0,0.0
trial_001_ep1_task117,1,117,0.99,high,28,Safe Min-Latency,4,50,50,0.0,0.0,0.0,0.0,0.0,0.0,0.0,0.0
trial_001_ep1_task117,1,117,0.99,high,28,Next-best immediate,10,1,1,0.0,1.0,1.5437031887759831,1.8559706337519701,0.2956069078829491,0.0,0.0,-0.08594127911239036
trial_001_ep1_task117,1,117,0.99,high,28,Next-best immediate,10,5,5,0.0,0.0,0.0,0.0,0.09712099986934963,0.0,0.0,-0.0049708544109624
trial_001_ep1_task117,1,117,0.99,high,28,Next-best immediate,10,10,10,0.0,0.0,0.0,0.0,0.0462480951758808,0.0,0.0,-0.00301376891570615
trial_001_ep1_task117,1,117,0.99,high,28,Next-best immediate,10,20,20,0.0,0.0,0.0,0.0,0.02207295451576141,0.0,0.0,-0.0012491232909160876
trial_001_ep1_task117,1,117,0.99,high,28,Next-best immediate,10,50,50,0.0,0.0,0.0,0.0,0.009521666653857896,0.0,0.0,-0.0004420451172104656
trial_001_ep1_task117,1,117,0.99,high,28,PPO high probability,27,1,1,0.0,1.0,1.3299848072470724,1.6236215813362622,0.564723423659655,1.32477570160259,-9.665525913580982,-0.1542681940605306
trial_001_ep1_task117,1,117,0.99,high,28,PPO high probability,27,5,5,0.0,0.0,0.0,0.0,0.3823515839949523,0.2649551403205179,-1.9331051827161971,-0.029126607708677033
trial_001_ep1_task117,1,117,0.99,high,28,PPO high probability,27,10,10,0.0,0.0,0.0,0.0,0.18207218285473914,0.13247757016025918,-0.966552591358095,-0.017659110019153434
trial_001_ep1_task117,1,117,0.99,high,28,PPO high probability,27,20,20,0.0,0.0,0.0,0.0,0.0868980872715801,0.06623878508012959,-0.4832762956790475,-0.0073192093484064635
trial_001_ep1_task117,1,117,0.99,high,28,PPO high probability,27,50,50,0.0,0.0,0.0,0.0,0.037485449411269856,0.026495514032051748,-0.19331051827162327,-0.0025901532521514503
trial_001_ep1_task117,1,117,0.99,high,28,PPO sampled,19,1,1,0.0,0.0,-0.2904596647147608,-0.29045966471476037,0.20919758147217715,0.0,0.0,-0.037297887563534804
trial_001_ep1_task117,1,117,0.99,high,28,PPO sampled,19,5,5,0.0,0.0,0.0,0.0,-0.032920815218054233,0.0,0.0,-0.015622685291595495
trial_001_ep1_task117,1,117,0.99,high,28,PPO sampled,19,10,10,0.0,0.0,0.0,0.0,-0.015676578675263952,0.0,0.0,-0.009471845163647685
trial_001_ep1_task117,1,117,0.99,high,28,PPO sampled,19,20,20,0.0,0.0,0.0,0.0,-0.007482003458648689,0.0,0.0,-0.003925816057164577
trial_001_ep1_task117,1,117,0.99,high,28,PPO sampled,19,50,50,0.0,0.0,0.0,0.0,-0.0032275309037307354,0.0,0.0,-0.001389284654089995
trial_001_ep1_task118,1,118,0.999,medium,28,Safe Min-Latency,6,1,1,0.0,0.0,0.0,0.0,0.0,0.0,0.0,0.0
trial_001_ep1_task118,1,118,0.999,medium,28,Safe Min-Latency,6,5,5,0.0,0.0,0.0,0.0,0.0,0.0,0.0,0.0
trial_001_ep1_task118,1,118,0.999,medium,28,Safe Min-Latency,6,10,10,0.0,0.0,0.0,0.0,0.0,0.0,0.0,0.0
trial_001_ep1_task118,1,118,0.999,medium,28,Safe Min-Latency,6,20,20,0.0,0.0,0.0,0.0,0.0,0.0,0.0,0.0
trial_001_ep1_task118,1,118,0.999,medium,28,Safe Min-Latency,6,50,50,0.0,0.0,0.0,0.0,0.0,0.0,0.0,0.0
trial_001_ep1_task118,1,118,0.999,medium,28,Next-best immediate,12,1,1,0.0,0.0,0.0,0.0,0.030926407788498977,0.0,0.0,-0.003715352788308479
trial_001_ep1_task118,1,118,0.999,medium,28,Next-best immediate,12,5,5,0.0,0.0,0.0,0.0,0.01237056311539959,0.0,0.0,-0.002582672773879191
trial_001_ep1_task118,1,118,0.999,medium,28,Next-best immediate,12,10,10,0.0,0.0,0.0,0.0,0.0030926407788498533,0.0,0.0,-0.0011974651969191563
trial_001_ep1_task118,1,118,0.999,medium,28,Next-best immediate,12,20,20,0.0,0.0,0.0,0.0,0.0015463203894249267,0.0,0.0,-0.0005505281866355904
trial_001_ep1_task118,1,118,0.999,medium,28,Next-best immediate,12,50,50,0.0,0.0,0.0,0.0,0.000618528155769904,0.0,0.0,-0.00017747851759017386
trial_001_ep1_task118,1,118,0.999,medium,28,PPO high probability,27,1,1,0.0,0.0,0.0,0.0,0.6354476496494641,0.0,0.0,-0.018163946965065875
trial_001_ep1_task118,1,118,0.999,medium,28,PPO high probability,27,5,5,0.0,0.0,0.0,0.0,0.2541790598597856,0.0,0.0,-0.012626400227855356
trial_001_ep1_task118,1,118,0.999,medium,28,PPO high probability,27,10,10,0.0,0.0,0.0,0.0,0.06354476496494654,0.0,0.0,-0.0058542742960497884
trial_001_ep1_task118,1,118,0.999,medium,28,PPO high probability,27,20,20,0.0,0.0,0.0,0.0,0.03177238248247316,0.0,0.0,-0.0026914711346632814
trial_001_ep1_task118,1,118,0.999,medium,28,PPO high probability,27,50,50,0.0,0.0,0.0,0.0,0.012708952992989242,0.0,0.0,-0.0008676727526631678
trial_001_ep1_task118,1,118,0.999,medium,28,PPO sampled,1,1,1,0.0,0.0,0.0,0.0,0.0,0.5617895412195821,-21.47010289400732,0.013622960223799357
trial_001_ep1_task118,1,118,0.999,medium,28,PPO sampled,1,5,5,0.0,0.0,0.0,0.0,0.0,0.11235790824391634,-4.294020578801465,0.009469800170891524
trial_001_ep1_task118,1,118,0.999,medium,28,PPO sampled,1,10,10,0.0,0.0,0.0,0.0,0.0,0.05617895412195795,-2.1470102894007397,0.004390705722037258
trial_001_ep1_task118,1,118,0.999,medium,28,PPO sampled,1,20,20,0.0,0.0,0.0,0.0,0.0,0.028089477060979195,-1.0735051447003698,0.0020186033509975165
trial_001_ep1_task118,1,118,0.999,medium,28,PPO sampled,1,50,50,0.0,0.0,0.0,0.0,0.0,0.011235790824391856,-0.4294020578801465,0.0006507545644973967
trial_001_ep1_task120,1,120,0.9999,low,2,Safe Min-Latency,25,1,1,0.0,0.0,0.0,0.0,0.0,0.0,0.0,0.0
trial_001_ep1_task120,1,120,0.9999,low,2,Safe Min-Latency,25,5,5,0.0,0.0,0.0,0.0,0.0,0.0,0.0,0.0
trial_001_ep1_task120,1,120,0.9999,low,2,Safe Min-Latency,25,10,10,0.0,0.0,0.0,0.0,0.0,0.0,0.0,0.0
trial_001_ep1_task120,1,120,0.9999,low,2,Safe Min-Latency,25,20,20,0.0,0.0,0.0,0.0,0.0,0.0,0.0,0.0
trial_001_ep1_task120,1,120,0.9999,low,2,Safe Min-Latency,25,50,50,0.0,0.0,0.0,0.0,0.0,0.0,0.0,0.0
trial_001_ep1_task120,1,120,0.9999,low,2,Next-best immediate,27,1,1,0.0,0.0,0.15998605661376963,0.0,0.0,2.053022704639943,-20.14759471495347,-0.0643314844900908
trial_001_ep1_task120,1,120,0.9999,low,2,Next-best immediate,27,5,5,1.0,0.0,1.7171642263104623,0.0,-0.016567154737907687,0.7540373861900775,-6.053911224434799,-0.09556244838431605
trial_001_ep1_task120,1,120,0.9999,low,2,Next-best immediate,27,10,10,0.0,0.0,0.0,0.0,0.29798991638138395,0.4000059904824469,-3.509376945407354,-0.0034918919733467613
trial_001_ep1_task120,1,120,0.9999,low,2,Next-best immediate,27,20,20,0.0,0.0,0.0,0.0,0.14536093482018742,0.20000299524122322,-1.754688472703684,-0.001346873061517373
trial_001_ep1_task120,1,120,0.9999,low,2,Next-best immediate,27,50,50,0.0,0.0,0.0,0.0,0.06019998310735031,0.08000119809648965,-0.7018753890814722,-0.0004055846059836665
trial_001_ep1_task120,1,120,0.9999,low,2,PPO high probability,27,1,1,0.0,0.0,0.15998605661376963,0.0,0.0,2.053022704639943,-20.14759471495347,-0.0643314844900908
trial_001_ep1_task120,1,120,0.9999,low,2,PPO high probability,27,5,5,1.0,0.0,1.7171642263104623,0.0,-0.016567154737907687,0.7540373861900775,-6.053911224434799,-0.09556244838431605
trial_001_ep1_task120,1,120,0.9999,low,2,PPO high probability,27,10,10,0.0,0.0,0.0,0.0,0.29798991638138395,0.4000059904824469,-3.509376945407354,-0.0034918919733467613
trial_001_ep1_task120,1,120,0.9999,low,2,PPO high probability,27,20,20,0.0,0.0,0.0,0.0,0.14536093482018742,0.20000299524122322,-1.754688472703684,-0.001346873061517373
trial_001_ep1_task120,1,120,0.9999,low,2,PPO high probability,27,50,50,0.0,0.0,0.0,0.0,0.06019998310735031,0.08000119809648965,-0.7018753890814722,-0.0004055846059836665
trial_001_ep1_task120,1,120,0.9999,low,2,PPO sampled,27,1,1,0.0,0.0,0.15998605661376963,0.0,0.0,2.053022704639943,-20.14759471495347,-0.0643314844900908
trial_001_ep1_task120,1,120,0.9999,low,2,PPO sampled,27,5,5,1.0,0.0,1.7171642263104623,0.0,-0.016567154737907687,0.7540373861900775,-6.053911224434799,-0.09556244838431605
trial_001_ep1_task120,1,120,0.9999,low,2,PPO sampled,27,10,10,0.0,0.0,0.0,0.0,0.29798991638138395,0.4000059904824469,-3.509376945407354,-0.0034918919733467613
trial_001_ep1_task120,1,120,0.9999,low,2,PPO sampled,27,20,20,0.0,0.0,0.0,0.0,0.14536093482018742,0.20000299524122322,-1.754688472703684,-0.001346873061517373
trial_001_ep1_task120,1,120,0.9999,low,2,PPO sampled,27,50,50,0.0,0.0,0.0,0.0,0.06019998310735031,0.08000119809648965,-0.7018753890814722,-0.0004055846059836665
trial_001_ep1_task121,1,121,0.99,high,28,Safe Min-Latency,4,1,1,0.0,0.0,0.0,0.0,0.0,0.0,0.0,0.0
trial_001_ep1_task121,1,121,0.99,high,28,Safe Min-Latency,4,5,5,0.0,0.0,0.0,0.0,0.0,0.0,0.0,0.0
trial_001_ep1_task121,1,121,0.99,high,28,Safe Min-Latency,4,10,10,0.0,0.0,0.0,0.0,0.0,0.0,0.0,0.0
trial_001_ep1_task121,1,121,0.99,high,28,Safe Min-Latency,4,20,20,0.0,0.0,0.0,0.0,0.0,0.0,0.0,0.0
trial_001_ep1_task121,1,121,0.99,high,28,Safe Min-Latency,4,50,50,0.0,0.0,0.0,0.0,0.0,0.0,0.0,0.0
trial_001_ep1_task121,1,121,0.99,high,28,Next-best immediate,10,1,1,1.0,0.0,2.8029556249188143,0.0,0.0,0.0,0.0,0.005967167867125367
trial_001_ep1_task121,1,121,0.99,high,28,Next-best immediate,10,5,5,0.0,0.0,0.0,0.0,0.20668689588360678,0.4960485501206562,-4.85513325468694,-0.0060325519648334325
trial_001_ep1_task121,1,121,0.99,high,28,Next-best immediate,10,10,10,0.0,0.0,0.0,0.0,0.11273830684560382,0.24802427506032787,-2.4275666273434666,-0.002437321013833871
trial_001_ep1_task121,1,121,0.99,high,28,Next-best immediate,10,20,20,0.0,0.0,0.0,0.0,0.059053398823887715,0.12401213753016416,-1.2137833136717404,-0.0010949490187158184
trial_001_ep1_task121,1,121,0.99,high,28,Next-best immediate,10,50,50,0.0,0.0,0.0,0.0,0.02431610539807144,0.049604855012065574,-0.48551332546869475,-0.00033693099765488843
trial_001_ep1_task121,1,121,0.99,high,28,PPO high probability,20,1,1,2.0,1.0,3.8706598249118116,1.7222222222222223,0.0,0.3184392763308779,-5.873975075608882,0.025805973222604472
trial_001_ep1_task121,1,121,0.99,high,28,PPO high probability,20,5,5,1.0,1.0,1.1304443622984826,1.665628606503509,0.1940808248547088,-0.16170456555958035,2.327767152293845,-0.04532611280223381
trial_001_ep1_task121,1,121,0.99,high,28,PPO high probability,20,10,10,0.0,0.0,0.0,0.0,0.36479526926862227,-0.0395945522214336,0.5972567124739356,-0.008536312906527121
trial_001_ep1_task121,1,121,0.99,high,28,PPO high probability,20,20,20,0.0,0.0,0.0,0.0,0.19108323628356405,-0.019797276110716577,0.2986283562369749,-0.0038348774689103138
trial_001_ep1_task121,1,121,0.99,high,28,PPO high probability,20,50,50,0.0,0.0,0.0,0.0,0.07868133258734983,-0.00791891044428672,0.11945134249478429,-0.0011800449787147116
trial_001_ep1_task121,1,121,0.99,high,28,PPO sampled,27,1,1,1.0,1.0,1.7222222222222232,1.7222222222222223,0.0,3.094080618405741,-31.060294794961354,0.0
trial_001_ep1_task121,1,121,0.99,high,28,PPO sampled,27,5,5,2.0,1.0,1.7339502557403708,1.665628606503509,0.636205575811781,0.3934237028553924,-2.7094967915766475,-0.07246424386551131
trial_001_ep1_task121,1,121,0.99,high,28,PPO sampled,27,10,10,0.0,0.0,0.0,0.0,0.6000716787273241,0.2692404567424176,-2.4501827552785116,-0.014281426724849722
trial_001_ep1_task121,1,121,0.99,high,28,PPO sampled,27,20,20,0.0,0.0,0.0,0.0,0.3143232602857413,0.13462022837120902,-1.2250913776392665,-0.006415828727311945
trial_001_ep1_task121,1,121,0.99,high,28,PPO sampled,27,50,50,0.0,0.0,0.0,0.0,0.12942722482354047,0.05384809134848334,-0.4900365510557094,-0.001974239473187006
trial_001_ep1_task122,1,122,0.99,high,28,Safe Min-Latency,4,1,1,0.0,0.0,0.0,0.0,0.0,0.0,0.0,0.0
trial_001_ep1_task122,1,122,0.99,high,28,Safe Min-Latency,4,5,5,0.0,0.0,0.0,0.0,0.0,0.0,0.0,0.0
trial_001_ep1_task122,1,122,0.99,high,28,Safe Min-Latency,4,10,10,0.0,0.0,0.0,0.0,0.0,0.0,0.0,0.0
trial_001_ep1_task122,1,122,0.99,high,28,Safe Min-Latency,4,20,20,0.0,0.0,0.0,0.0,0.0,0.0,0.0,0.0
trial_001_ep1_task122,1,122,0.99,high,28,Safe Min-Latency,4,50,50,0.0,0.0,0.0,0.0,0.0,0.0,0.0,0.0
trial_001_ep1_task122,1,122,0.99,high,28,Next-best immediate,10,1,1,0.0,0.0,-0.4242328253012797,0.0,0.0,0.0,0.0,0.030377517179283775
trial_001_ep1_task122,1,122,0.99,high,28,Next-best immediate,10,5,5,0.0,0.0,0.0,0.0,0.0,0.0,0.0,-0.0045143416460698416
trial_001_ep1_task122,1,122,0.99,high,28,Next-best immediate,10,10,10,0.0,0.0,0.0,0.0,0.0,0.0,0.0,-0.0015836836489405148
trial_001_ep1_task122,1,122,0.99,high,28,Next-best immediate,10,20,20,0.0,0.0,0.0,0.0,0.0,0.0,0.0,-0.0007366727516793237
trial_001_ep1_task122,1,122,0.99,high,28,Next-best immediate,10,50,50,0.0,0.0,0.0,0.0,0.0,0.0,0.0,-0.0002486036066225994
trial_001_ep1_task122,1,122,0.99,high,28,PPO high probability,21,1,1,0.0,1.0,-0.5894909065075336,0.6340075674578429,0.0,0.21307956774001013,-5.59457795349752,-0.03820709377348058
trial_001_ep1_task122,1,122,0.99,high,28,PPO high probability,21,5,5,1.0,0.0,0.6895154960548888,0.0,0.13882908251596682,0.08842211196995331,-0.8905014342966027,-0.03345636461157314
trial_001_ep1_task122,1,122,0.99,high,28,PPO high probability,21,10,10,0.0,0.0,0.0,0.0,0.2266347641681108,0.04421105598497688,-0.4452507171483049,-0.006514396186187321
trial_001_ep1_task122,1,122,0.99,high,28,PPO high probability,21,20,20,0.0,0.0,0.0,0.0,0.12361896227351499,0.02210552799248866,-0.22262535857414179,-0.0030302631256049484
trial_001_ep1_task122,1,122,0.99,high,28,PPO high probability,21,50,50,0.0,0.0,0.0,0.0,0.05230033019264091,0.008842211196995464,-0.08905014342965956,-0.001022617356653266
trial_001_ep1_task122,1,122,0.99,high,28,PPO sampled,11,1,1,0.0,1.0,0.04012429837477072,1.2777777777777777,0.0,0.7149169948445149,-15.82562459208279,-0.04580147306829957
trial_001_ep1_task122,1,122,0.99,high,28,PPO sampled,11,5,5,1.0,1.0,0.8172932738326661,1.2777777777777777,0.19894471218380705,-0.041210402609141106,-0.2815944563201356,-0.023782775369997178
trial_001_ep1_task122,1,122,0.99,high,28,PPO sampled,11,10,10,0.0,0.0,0.0,0.0,0.29988722401905576,0.020652529253786245,-0.7074240918330617,-0.002152981692677247
trial_001_ep1_task122,1,122,0.99,high,28,PPO sampled,11,20,20,0.0,0.0,0.0,0.0,0.1635748494649395,0.010326264626893344,-0.3537120459165166,-0.0010014897539168954
trial_001_ep1_task122,1,122,0.99,high,28,PPO sampled,11,50,50,0.0,0.0,0.0,0.0,0.06920474400439747,0.004130505850757249,-0.14148481836660665,-0.00033797091619275355
trial_001_ep1_task125,1,125,0.999,high,22,Safe Min-Latency,18,1,1,0.0,0.0,0.0,0.0,0.0,0.0,0.0,0.0
trial_001_ep1_task125,1,125,0.999,high,22,Safe Min-Latency,18,5,5,0.0,0.0,0.0,0.0,0.0,0.0,0.0,0.0
trial_001_ep1_task125,1,125,0.999,high,22,Safe Min-Latency,18,10,10,0.0,0.0,0.0,0.0,0.0,0.0,0.0,0.0
trial_001_ep1_task125,1,125,0.999,high,22,Safe Min-Latency,18,20,20,0.0,0.0,0.0,0.0,0.0,0.0,0.0,0.0
trial_001_ep1_task125,1,125,0.999,high,22,Safe Min-Latency,18,50,50,0.0,0.0,0.0,0.0,0.0,0.0,0.0,0.0
trial_001_ep1_task125,1,125,0.999,high,22,Next-best immediate,19,1,1,0.0,0.0,0.4907749003318136,0.0,0.1120770070577235,0.0,0.0,-0.02258157687351736
trial_001_ep1_task125,1,125,0.999,high,22,Next-best immediate,19,5,5,0.0,0.0,0.0,0.0,0.0700481294110773,0.0,0.0,-0.003602208418214903
trial_001_ep1_task125,1,125,0.999,high,22,Next-best immediate,19,10,10,0.0,0.0,0.0,0.0,0.0400275025206156,0.0,0.0,-0.0014445351672950912
trial_001_ep1_task125,1,125,0.999,high,22,Next-best immediate,19,20,20,0.0,0.0,0.0,0.0,0.023349376470359173,0.0,0.0,-0.0008658599683276091
trial_001_ep1_task125,1,125,0.999,high,22,Next-best immediate,19,50,50,0.0,0.0,0.0,0.0,0.010377500653492966,0.0,0.0,-0.00029252427624154587
trial_001_ep1_task125,1,125,0.999,high,22,PPO high probability,20,1,1,0.0,1.0,1.550905262997218,1.7777777777777777,0.11550046799130431,0.0,0.0,-0.05803921045990457
trial_001_ep1_task125,1,125,0.999,high,22,PPO high probability,20,5,5,1.0,0.0,0.5939977918159167,0.0,0.3382584618385245,0.0825154611167136,-1.1332537273459735,-0.013628511104197383
trial_001_ep1_task125,1,125,0.999,high,22,PPO high probability,20,10,10,0.0,0.0,0.0,0.0,0.22276035716369758,0.0412577305583568,-0.5666268636729868,-0.0020464248203347357
trial_001_ep1_task125,1,125,0.999,high,22,PPO high probability,20,20,20,0.0,0.0,0.0,0.0,0.1299435416788235,0.0206288652791784,-0.28331343183649693,-0.001226634955130812
trial_001_ep1_task125,1,125,0.999,high,22,PPO high probability,20,50,50,0.0,0.0,0.0,0.0,0.05775268519058818,0.008251546111671448,-0.1133253727346002,-0.00041440939134218535
trial_001_ep1_task125,1,125,0.999,high,22,PPO sampled,25,1,1,1.0,1.0,2.2685526781095913,1.7777777777777777,0.38615795540477427,2.1448567171726154,-19.659143449169264,-0.09216656450546173
trial_001_ep1_task125,1,125,0.999,high,22,PPO sampled,25,5,5,1.0,0.0,0.5939977918159167,0.0,0.4905032985086013,0.5114868045512369,-5.0650824171798305,-0.01941777463347122
trial_001_ep1_task125,1,125,0.999,high,22,PPO sampled,25,10,10,0.0,0.0,0.0,0.0,0.3097574066894557,0.2557434022756184,-2.532541208589919,-0.004367999196344674
trial_001_ep1_task125,1,125,0.999,high,22,PPO sampled,25,20,20,0.0,0.0,0.0,0.0,0.18069182056884914,0.12787170113780943,-1.2662706042949594,-0.0026181956185145072
trial_001_ep1_task125,1,125,0.999,high,22,PPO sampled,25,50,50,0.0,0.0,0.0,0.0,0.08030747580837738,0.05114868045512333,-0.5065082417179809,-0.0008845376924446757
trial_001_ep1_task126,1,126,0.9999,high,1,Safe Min-Latency,27,1,1,0.0,0.0,0.0,0.0,0.0,0.0,0.0,0.0
trial_001_ep1_task126,1,126,0.9999,high,1,Safe Min-Latency,27,5,5,0.0,0.0,0.0,0.0,0.0,0.0,0.0,0.0
trial_001_ep1_task126,1,126,0.9999,high,1,Safe Min-Latency,27,10,10,0.0,0.0,0.0,0.0,0.0,0.0,0.0,0.0
trial_001_ep1_task126,1,126,0.9999,high,1,Safe Min-Latency,27,20,20,0.0,0.0,0.0,0.0,0.0,0.0,0.0,0.0
trial_001_ep1_task126,1,126,0.9999,high,1,Safe Min-Latency,27,50,50,0.0,0.0,0.0,0.0,0.0,0.0,0.0,0.0
trial_001_ep1_task126,1,126,0.9999,high,1,Next-best immediate,27,1,1,0.0,0.0,0.0,0.0,0.0,0.0,0.0,0.0
trial_001_ep1_task126,1,126,0.9999,high,1,Next-best immediate,27,5,5,0.0,0.0,0.0,0.0,0.0,0.0,0.0,0.0
trial_001_ep1_task126,1,126,0.9999,high,1,Next-best immediate,27,10,10,0.0,0.0,0.0,0.0,0.0,0.0,0.0,0.0
trial_001_ep1_task126,1,126,0.9999,high,1,Next-best immediate,27,20,20,0.0,0.0,0.0,0.0,0.0,0.0,0.0,0.0
trial_001_ep1_task126,1,126,0.9999,high,1,Next-best immediate,27,50,50,0.0,0.0,0.0,0.0,0.0,0.0,0.0,0.0
trial_001_ep1_task126,1,126,0.9999,high,1,PPO high probability,27,1,1,0.0,0.0,0.0,0.0,0.0,0.0,0.0,0.0
trial_001_ep1_task126,1,126,0.9999,high,1,PPO high probability,27,5,5,0.0,0.0,0.0,0.0,0.0,0.0,0.0,0.0
trial_001_ep1_task126,1,126,0.9999,high,1,PPO high probability,27,10,10,0.0,0.0,0.0,0.0,0.0,0.0,0.0,0.0
trial_001_ep1_task126,1,126,0.9999,high,1,PPO high probability,27,20,20,0.0,0.0,0.0,0.0,0.0,0.0,0.0,0.0
trial_001_ep1_task126,1,126,0.9999,high,1,PPO high probability,27,50,50,0.0,0.0,0.0,0.0,0.0,0.0,0.0,0.0
trial_001_ep1_task126,1,126,0.9999,high,1,PPO sampled,27,1,1,0.0,0.0,0.0,0.0,0.0,0.0,0.0,0.0
trial_001_ep1_task126,1,126,0.9999,high,1,PPO sampled,27,5,5,0.0,0.0,0.0,0.0,0.0,0.0,0.0,0.0
trial_001_ep1_task126,1,126,0.9999,high,1,PPO sampled,27,10,10,0.0,0.0,0.0,0.0,0.0,0.0,0.0,0.0
trial_001_ep1_task126,1,126,0.9999,high,1,PPO sampled,27,20,20,0.0,0.0,0.0,0.0,0.0,0.0,0.0,0.0
trial_001_ep1_task126,1,126,0.9999,high,1,PPO sampled,27,50,50,0.0,0.0,0.0,0.0,0.0,0.0,0.0,0.0
trial_001_ep1_task127,1,127,0.999,high,28,Safe Min-Latency,2,1,1,0.0,0.0,0.0,0.0,0.0,0.0,0.0,0.0
trial_001_ep1_task127,1,127,0.999,high,28,Safe Min-Latency,2,5,5,0.0,0.0,0.0,0.0,0.0,0.0,0.0,0.0
trial_001_ep1_task127,1,127,0.999,high,28,Safe Min-Latency,2,10,10,0.0,0.0,0.0,0.0,0.0,0.0,0.0,0.0
trial_001_ep1_task127,1,127,0.999,high,28,Safe Min-Latency,2,20,20,0.0,0.0,0.0,0.0,0.0,0.0,0.0,0.0
trial_001_ep1_task127,1,127,0.999,high,28,Safe Min-Latency,2,50,50,0.0,0.0,0.0,0.0,0.0,0.0,0.0,0.0
trial_001_ep1_task127,1,127,0.999,high,28,Next-best immediate,8,1,1,0.0,0.0,0.0,0.0,0.0,0.0,0.0,-0.0021048188857778483
trial_001_ep1_task127,1,127,0.999,high,28,Next-best immediate,8,5,5,0.0,0.0,0.0,0.0,0.0,0.0,0.0,-0.0006363867527611478
trial_001_ep1_task127,1,127,0.999,high,28,Next-best immediate,8,10,10,0.0,0.0,0.0,0.0,0.0,0.0,0.0,-0.00032820439701991555
trial_001_ep1_task127,1,127,0.999,high,28,Next-best immediate,8,20,20,0.0,0.0,0.0,0.0,0.0,0.0,0.0,-0.00017996204317438647
trial_001_ep1_task127,1,127,0.999,high,28,Next-best immediate,8,50,50,0.0,0.0,0.0,0.0,0.0,0.0,0.0,-6.615569832907342e-05
trial_001_ep1_task127,1,127,0.999,high,28,PPO high probability,21,1,1,0.0,0.0,0.0,0.0,0.42110491033816966,0.0,0.0,-0.011576503871777055
trial_001_ep1_task127,1,127,0.999,high,28,PPO high probability,21,5,5,0.0,0.0,0.0,0.0,0.16196342705314215,0.0,0.0,-0.0035001271401859657
trial_001_ep1_task127,1,127,0.999,high,28,PPO high probability,21,10,10,0.0,0.0,0.0,0.0,0.09154454572568904,0.0,0.0,-0.0018051241836094523
trial_001_ep1_task127,1,127,0.999,high,28,PPO high probability,21,20,20,0.0,0.0,0.0,0.0,0.04896568724862438,0.0,0.0,-0.0009897912374590145
trial_001_ep1_task127,1,127,0.999,high,28,PPO high probability,21,50,50,0.0,0.0,0.0,0.0,0.02105524551690846,0.0,0.0,-0.0003638563408099593
trial_001_ep1_task127,1,127,0.999,high,28,PPO sampled,18,1,1,0.0,0.0,0.0,0.0,0.0,0.0,0.0,-0.007717669247852832
trial_001_ep1_task127,1,127,0.999,high,28,PPO sampled,18,5,5,0.0,0.0,0.0,0.0,0.0,0.0,0.0,-0.0023334180934577453
trial_001_ep1_task127,1,127,0.999,high,28,PPO sampled,18,10,10,0.0,0.0,0.0,0.0,0.0,0.0,0.0,-0.0012034161224065143
trial_001_ep1_task127,1,127,0.999,high,28,PPO sampled,18,20,20,0.0,0.0,0.0,0.0,0.0,0.0,0.0,-0.0006598608249727689
trial_001_ep1_task127,1,127,0.999,high,28,PPO sampled,18,50,50,0.0,0.0,0.0,0.0,0.0,0.0,0.0,-0.00024257089387333397
trial_001_ep1_task130,1,130,0.9,medium,28,Safe Min-Latency,2,1,1,0.0,0.0,0.0,0.0,0.0,0.0,0.0,0.0
trial_001_ep1_task130,1,130,0.9,medium,28,Safe Min-Latency,2,5,5,0.0,0.0,0.0,0.0,0.0,0.0,0.0,0.0
trial_001_ep1_task130,1,130,0.9,medium,28,Safe Min-Latency,2,10,10,0.0,0.0,0.0,0.0,0.0,0.0,0.0,0.0
trial_001_ep1_task130,1,130,0.9,medium,28,Safe Min-Latency,2,20,20,0.0,0.0,0.0,0.0,0.0,0.0,0.0,0.0
trial_001_ep1_task130,1,130,0.9,medium,28,Safe Min-Latency,2,50,50,0.0,0.0,0.0,0.0,0.0,0.0,0.0,0.0
trial_001_ep1_task130,1,130,0.9,medium,28,Next-best immediate,8,1,1,0.0,0.0,0.0,0.0,0.0,0.0,0.0,-0.0014167473805065112
trial_001_ep1_task130,1,130,0.9,medium,28,Next-best immediate,8,5,5,0.0,0.0,0.0,0.0,0.0,0.0,0.0,-0.00043676598059036453
trial_001_ep1_task130,1,130,0.9,medium,28,Next-best immediate,8,10,10,0.0,0.0,0.0,0.0,0.0,0.0,0.0,-0.00031375367519950736
trial_001_ep1_task130,1,130,0.9,medium,28,Next-best immediate,8,20,20,0.0,0.0,0.0,0.0,0.0,0.0,0.0,-0.00013012839359888284
trial_001_ep1_task130,1,130,0.9,medium,28,Next-best immediate,8,50,50,0.0,0.0,0.0,0.0,0.0,0.0,0.0,-5.6430024221287844e-05
trial_001_ep1_task130,1,130,0.9,medium,28,PPO high probability,20,1,1,0.0,0.0,0.0,0.0,0.6343800779053055,0.0,0.0,-0.006926320526918717
trial_001_ep1_task130,1,130,0.9,medium,28,PPO high probability,20,5,5,0.0,0.0,0.0,0.0,0.2114600259684352,0.0,0.0,-0.0021353003495522827
trial_001_ep1_task130,1,130,0.9,medium,28,PPO high probability,20,10,10,0.0,0.0,0.0,0.0,0.12083430055339153,0.0,0.0,-0.0015339068565304315
trial_001_ep1_task130,1,130,0.9,medium,28,PPO high probability,20,20,20,0.0,0.0,0.0,0.0,0.06343800779053055,0.0,0.0,-0.0006361832575944304
trial_001_ep1_task130,1,130,0.9,medium,28,PPO high probability,20,50,50,0.0,0.0,0.0,0.0,0.02589306440429817,0.0,0.0,-0.00027588011841506166
trial_001_ep1_task130,1,130,0.9,medium,28,PPO sampled,5,1,1,0.0,0.0,0.0,0.0,0.6343800779053055,0.45252347887594624,-31.29585712733072,-0.002473685902470324
trial_001_ep1_task130,1,130,0.9,medium,28,PPO sampled,5,5,5,0.0,0.0,0.0,0.0,0.2114600259684352,0.09050469577518938,-6.25917142546615,-0.0007626072676970574
trial_001_ep1_task130,1,130,0.9,medium,28,PPO sampled,5,10,10,0.0,0.0,0.0,0.0,0.12083430055339153,0.04525234788759458,-3.1295857127330606,-0.0005478238773321542
trial_001_ep1_task130,1,130,0.9,medium,28,PPO sampled,5,20,20,0.0,0.0,0.0,0.0,0.06343800779053055,0.0226261739437974,-1.5647928563665374,-0.0002272083062836716
trial_001_ep1_task130,1,130,0.9,medium,28,PPO sampled,5,50,50,0.0,0.0,0.0,0.0,0.02589306440429817,0.009050469577518871,-0.6259171425466263,-9.852861371964505e-05
trial_001_ep1_task132,1,132,0.99,medium,28,Safe Min-Latency,6,1,1,0.0,0.0,0.0,0.0,0.0,0.0,0.0,0.0
trial_001_ep1_task132,1,132,0.99,medium,28,Safe Min-Latency,6,5,5,0.0,0.0,0.0,0.0,0.0,0.0,0.0,0.0
trial_001_ep1_task132,1,132,0.99,medium,28,Safe Min-Latency,6,10,10,0.0,0.0,0.0,0.0,0.0,0.0,0.0,0.0
trial_001_ep1_task132,1,132,0.99,medium,28,Safe Min-Latency,6,20,20,0.0,0.0,0.0,0.0,0.0,0.0,0.0,0.0
trial_001_ep1_task132,1,132,0.99,medium,28,Safe Min-Latency,6,50,50,0.0,0.0,0.0,0.0,0.0,0.0,0.0,0.0
trial_001_ep1_task132,1,132,0.99,medium,28,Next-best immediate,12,1,1,0.0,0.0,-0.6626630964418032,-0.6626630964418032,0.0,0.0,0.0,0.00878979903661703
trial_001_ep1_task132,1,132,0.99,medium,28,Next-best immediate,12,5,5,0.0,0.0,0.0,0.0,0.0,0.0,0.0,-0.0054218530443529145
trial_001_ep1_task132,1,132,0.99,medium,28,Next-best immediate,12,10,10,0.0,0.0,0.0,0.0,0.0,0.0,0.0,-0.0028745339523239544
trial_001_ep1_task132,1,132,0.99,medium,28,Next-best immediate,12,20,20,0.0,0.0,0.0,0.0,0.0,0.0,0.0,-0.001250760397375067
trial_001_ep1_task132,1,132,0.99,medium,28,Next-best immediate,12,50,50,0.0,0.0,0.0,0.0,0.0,0.0,0.0,-0.0005380395856363074
trial_001_ep1_task132,1,132,0.99,medium,28,PPO high probability,27,1,1,-1.0,-1.0,-2.147537131145884,-2.147537131145884,0.0,0.0,0.0,0.0005516960945735616
trial_001_ep1_task132,1,132,0.99,medium,28,PPO high probability,27,5,5,0.0,0.0,0.0,0.0,0.0,0.0,0.0,-0.02650683710572513
trial_001_ep1_task132,1,132,0.99,medium,28,PPO high probability,27,10,10,0.0,0.0,0.0,0.0,0.0,0.0,0.0,-0.01405327710025045
trial_001_ep1_task132,1,132,0.99,medium,28,PPO high probability,27,20,20,0.0,0.0,0.0,0.0,0.0,0.0,0.0,-0.006114828609389222
trial_001_ep1_task132,1,132,0.99,medium,28,PPO high probability,27,50,50,0.0,0.0,0.0,0.0,0.0,0.0,0.0,-0.002630415751999793
trial_001_ep1_task132,1,132,0.99,medium,28,PPO sampled,11,1,1,0.0,0.0,-0.6626630964418032,-0.6626630964418032,0.0,0.09694207160811175,-1.2833710647759986,0.0191475188869219
trial_001_ep1_task132,1,132,0.99,medium,28,PPO sampled,11,5,5,0.0,0.0,0.0,0.0,0.0,0.019388414321622527,-0.256674212955204,-0.0021084984061367495
trial_001_ep1_task132,1,132,0.99,medium,28,PPO sampled,11,10,10,0.0,0.0,0.0,0.0,0.0,0.009694207160811041,-0.12833710647758778,-0.0011178743147923775
trial_001_ep1_task132,1,132,0.99,medium,28,PPO sampled,11,20,20,0.0,0.0,0.0,0.0,0.0,0.004847103580405632,-0.064168553238801,-0.0004864068212012962
trial_001_ep1_task132,1,132,0.99,medium,28,PPO sampled,11,50,50,0.0,0.0,0.0,0.0,0.0,0.0019388414321621639,-0.02566742129552324,-0.00020923761663627083
trial_001_ep1_task136,1,136,0.999,medium,28,Safe Min-Latency,5,1,1,0.0,0.0,0.0,0.0,0.0,0.0,0.0,0.0
trial_001_ep1_task136,1,136,0.999,medium,28,Safe Min-Latency,5,5,5,0.0,0.0,0.0,0.0,0.0,0.0,0.0,0.0
trial_001_ep1_task136,1,136,0.999,medium,28,Safe Min-Latency,5,10,10,0.0,0.0,0.0,0.0,0.0,0.0,0.0,0.0
trial_001_ep1_task136,1,136,0.999,medium,28,Safe Min-Latency,5,20,20,0.0,0.0,0.0,0.0,0.0,0.0,0.0,0.0
trial_001_ep1_task136,1,136,0.999,medium,28,Safe Min-Latency,5,50,50,0.0,0.0,0.0,0.0,0.0,0.0,0.0,0.0
trial_001_ep1_task136,1,136,0.999,medium,28,Next-best immediate,11,1,1,-1.0,-1.0,-0.2829298021352884,-0.2829298021352884,0.0,0.0,0.0,0.02327660098277695
trial_001_ep1_task136,1,136,0.999,medium,28,Next-best immediate,11,5,5,0.0,0.0,0.0,0.0,0.0,0.0,0.0,-0.001416344483312515
trial_001_ep1_task136,1,136,0.999,medium,28,Next-best immediate,11,10,10,0.0,0.0,0.0,0.0,0.0,0.0,0.0,-0.0006164311958351543
trial_001_ep1_task136,1,136,0.999,medium,28,Next-best immediate,11,20,20,0.0,0.0,0.0,0.0,0.0,0.0,0.0,-0.00018553403546911484
trial_001_ep1_task136,1,136,0.999,medium,28,Next-best immediate,11,50,50,0.0,0.0,0.0,0.0,0.0,0.0,0.0,-9.450757733436843e-05
trial_001_ep1_task136,1,136,0.999,medium,28,PPO high probability,27,1,1,-1.0,-1.0,-0.2829298021352884,-0.2829298021352884,0.0,0.0,0.0,-0.012963670277166467
trial_001_ep1_task136,1,136,0.999,medium,28,PPO high probability,27,5,5,0.0,0.0,0.0,0.0,0.0,0.0,0.0,-0.0077898946582204975
trial_001_ep1_task136,1,136,0.999,medium,28,PPO high probability,27,10,10,0.0,0.0,0.0,0.0,0.0,0.0,0.0,-0.003390371577093987
trial_001_ep1_task136,1,136,0.999,medium,28,PPO high probability,27,20,20,0.0,0.0,0.0,0.0,0.0,0.0,0.0,-0.0010204371950802704
trial_001_ep1_task136,1,136,0.999,medium,28,PPO high probability,27,50,50,0.0,0.0,0.0,0.0,0.0,0.0,0.0,-0.0005197916753391096
trial_001_ep1_task136,1,136,0.999,medium,28,PPO sampled,27,1,1,-1.0,-1.0,-0.2829298021352884,-0.2829298021352884,0.0,0.0,0.0,-0.012963670277166467
trial_001_ep1_task136,1,136,0.999,medium,28,PPO sampled,27,5,5,0.0,0.0,0.0,0.0,0.0,0.0,0.0,-0.0077898946582204975
trial_001_ep1_task136,1,136,0.999,medium,28,PPO sampled,27,10,10,0.0,0.0,0.0,0.0,0.0,0.0,0.0,-0.003390371577093987
trial_001_ep1_task136,1,136,0.999,medium,28,PPO sampled,27,20,20,0.0,0.0,0.0,0.0,0.0,0.0,0.0,-0.0010204371950802704
trial_001_ep1_task136,1,136,0.999,medium,28,PPO sampled,27,50,50,0.0,0.0,0.0,0.0,0.0,0.0,0.0,-0.0005197916753391096
trial_001_ep1_task139,1,139,0.999,high,25,Safe Min-Latency,5,1,1,0.0,0.0,0.0,0.0,0.0,0.0,0.0,0.0
trial_001_ep1_task139,1,139,0.999,high,25,Safe Min-Latency,5,5,5,0.0,0.0,0.0,0.0,0.0,0.0,0.0,0.0
trial_001_ep1_task139,1,139,0.999,high,25,Safe Min-Latency,5,10,10,0.0,0.0,0.0,0.0,0.0,0.0,0.0,0.0
trial_001_ep1_task139,1,139,0.999,high,25,Safe Min-Latency,5,20,20,0.0,0.0,0.0,0.0,0.0,0.0,0.0,0.0
trial_001_ep1_task139,1,139,0.999,high,25,Safe Min-Latency,5,50,50,0.0,0.0,0.0,0.0,0.0,0.0,0.0,0.0
trial_001_ep1_task139,1,139,0.999,high,25,Next-best immediate,11,1,1,1.0,1.0,2.6363636363636367,2.6363636363636362,0.0,0.0,0.0,0.0
trial_001_ep1_task139,1,139,0.999,high,25,Next-best immediate,11,5,5,0.0,0.0,0.0,0.0,0.1939313605366067,0.0,0.0,-0.0038423106580323663
trial_001_ep1_task139,1,139,0.999,high,25,Next-best immediate,11,10,10,0.0,0.0,0.0,0.0,0.09696568026830335,0.0,0.0,-0.0013053046595843665
trial_001_ep1_task139,1,139,0.999,high,25,Next-best immediate,11,20,20,0.0,0.0,0.0,0.0,0.05103456856226496,0.0,0.0,-0.0006230726286602373
trial_001_ep1_task139,1,139,0.999,high,25,Next-best immediate,11,50,50,0.0,0.0,0.0,0.0,0.019788914340470143,0.0,0.0,-0.0003429162010331055
trial_001_ep1_task139,1,139,0.999,high,25,PPO high probability,27,1,1,0.0,0.0,0.0,0.0,0.0,0.0,0.0,0.0
trial_001_ep1_task139,1,139,0.999,high,25,PPO high probability,27,5,5,0.0,0.0,0.0,0.0,0.18987887371555984,0.24839776514135115,-4.190449982833577,-0.021132708619178903
trial_001_ep1_task139,1,139,0.999,high,25,PPO high probability,27,10,10,0.0,0.0,0.0,0.0,0.09493943685777992,0.12419888257067568,-2.095224991416792,-0.00717917562771439
trial_001_ep1_task139,1,139,0.999,high,25,PPO high probability,27,20,20,0.0,0.0,0.0,0.0,0.049968124661989466,0.06209944128533773,-1.0476124957083783,-0.003426899457631416
trial_001_ep1_task139,1,139,0.999,high,25,PPO high probability,27,50,50,0.0,0.0,0.0,0.0,0.019375395277097973,0.02483977651413527,-0.41904499828334707,-0.0018860391056821357
trial_001_ep1_task139,1,139,0.999,high,25,PPO sampled,16,1,1,0.0,0.0,0.0,0.0,0.0,0.0,0.0,0.0
trial_001_ep1_task139,1,139,0.999,high,25,PPO sampled,16,5,5,0.0,0.0,0.0,0.0,0.0,0.0,0.0,-0.007044236206392385
trial_001_ep1_task139,1,139,0.999,high,25,PPO sampled,16,10,10,0.0,0.0,0.0,0.0,0.0,0.0,0.0,-0.002393058542571269
trial_001_ep1_task139,1,139,0.999,high,25,PPO sampled,16,20,20,0.0,0.0,0.0,0.0,0.0,0.0,0.0,-0.0011422998192103795
trial_001_ep1_task139,1,139,0.999,high,25,PPO sampled,16,50,50,0.0,0.0,0.0,0.0,0.0,0.0,0.0,-0.0006286797018940082
trial_001_ep1_task142,1,142,0.99,low,28,Safe Min-Latency,5,1,1,0.0,0.0,0.0,0.0,0.0,0.0,0.0,0.0
trial_001_ep1_task142,1,142,0.99,low,28,Safe Min-Latency,5,5,5,0.0,0.0,0.0,0.0,0.0,0.0,0.0,0.0
trial_001_ep1_task142,1,142,0.99,low,28,Safe Min-Latency,5,10,10,0.0,0.0,0.0,0.0,0.0,0.0,0.0,0.0
trial_001_ep1_task142,1,142,0.99,low,28,Safe Min-Latency,5,20,20,0.0,0.0,0.0,0.0,0.0,0.0,0.0,0.0
trial_001_ep1_task142,1,142,0.99,low,28,Safe Min-Latency,5,50,50,0.0,0.0,0.0,0.0,0.0,0.0,0.0,0.0
trial_001_ep1_task142,1,142,0.99,low,28,Next-best immediate,11,1,1,0.0,0.0,0.0,0.0,0.0,0.0,0.0,0.0
trial_001_ep1_task142,1,142,0.99,low,28,Next-best immediate,11,5,5,0.0,0.0,0.0,0.0,0.0,0.0,0.0,-0.0006931182896962595
trial_001_ep1_task142,1,142,0.99,low,28,Next-best immediate,11,10,10,0.0,0.0,0.0,0.0,0.0,0.0,0.0,-0.00023064543707979057
trial_001_ep1_task142,1,142,0.99,low,28,Next-best immediate,11,20,20,0.0,0.0,0.0,0.0,0.0,0.0,0.0,-0.00011308214202335187
trial_001_ep1_task142,1,142,0.99,low,28,Next-best immediate,11,50,50,0.0,0.0,0.0,0.0,0.0,0.0,0.0,-6.12338201139706e-05
trial_001_ep1_task142,1,142,0.99,low,28,PPO high probability,27,1,1,0.0,0.0,0.0,0.0,0.0,0.0,0.0,0.0
trial_001_ep1_task142,1,142,0.99,low,28,PPO high probability,27,5,5,0.0,0.0,0.0,0.0,0.0,0.0,0.0,-0.003812150593328012
trial_001_ep1_task142,1,142,0.99,low,28,PPO high probability,27,10,10,0.0,0.0,0.0,0.0,0.0,0.0,0.0,-0.0012685499039384318
trial_001_ep1_task142,1,142,0.99,low,28,PPO high probability,27,20,20,0.0,0.0,0.0,0.0,0.0,0.0,0.0,-0.0006219517811281716
trial_001_ep1_task142,1,142,0.99,low,28,PPO high probability,27,50,50,0.0,0.0,0.0,0.0,0.0,0.0,0.0,-0.00033678601062669955
trial_001_ep1_task142,1,142,0.99,low,28,PPO sampled,7,1,1,-1.0,-1.0,-0.15581445777349423,-0.15581445777349423,0.0,0.3020360276526617,-23.502599818694293,-0.03062752846084861
trial_001_ep1_task142,1,142,0.99,low,28,PPO sampled,7,5,5,0.0,0.0,0.0,0.0,0.0,0.06040720553053247,-4.700519963738856,0.0014247431510419073
trial_001_ep1_task142,1,142,0.99,low,28,PPO sampled,7,10,10,0.0,0.0,0.0,0.0,0.0,0.030203602765266124,-2.350259981869442,0.0004741045095527918
trial_001_ep1_task142,1,142,0.99,low,28,PPO sampled,7,20,20,0.0,0.0,0.0,0.0,0.0,0.015101801382633173,-1.175129990934721,0.00023244662527016624
trial_001_ep1_task142,1,142,0.99,low,28,PPO sampled,7,50,50,0.0,0.0,0.0,0.0,0.0,0.006040720553053269,-0.47005199637388273,0.00012586951912313404
trial_001_ep1_task145,1,145,0.9,high,28,Safe Min-Latency,6,1,1,0.0,0.0,0.0,0.0,0.0,0.0,0.0,0.0
trial_001_ep1_task145,1,145,0.9,high,28,Safe Min-Latency,6,5,5,0.0,0.0,0.0,0.0,0.0,0.0,0.0,0.0
trial_001_ep1_task145,1,145,0.9,high,28,Safe Min-Latency,6,10,10,0.0,0.0,0.0,0.0,0.0,0.0,0.0,0.0
trial_001_ep1_task145,1,145,0.9,high,28,Safe Min-Latency,6,20,20,0.0,0.0,0.0,0.0,0.0,0.0,0.0,0.0
trial_001_ep1_task145,1,145,0.9,high,28,Safe Min-Latency,6,50,50,0.0,0.0,0.0,0.0,0.0,0.0,0.0,0.0
trial_001_ep1_task145,1,145,0.9,high,28,Next-best immediate,12,1,1,0.0,1.0,1.8520409098061785,2.1473723897224795,0.0,0.0,0.0,-0.10745182789343094
trial_001_ep1_task145,1,145,0.9,high,28,Next-best immediate,12,5,5,0.0,0.0,0.0,0.0,0.32712604223755193,0.0,0.0,-0.0025347023336854957
trial_001_ep1_task145,1,145,0.9,high,28,Next-best immediate,12,10,10,0.0,0.0,0.0,0.0,0.14538935210557863,0.0,0.0,-0.0016734435957858063
trial_001_ep1_task145,1,145,0.9,high,28,Next-best immediate,12,20,20,0.0,0.0,0.0,0.0,0.06886864047106361,0.0,0.0,-0.0007939394855814019
trial_001_ep1_task145,1,145,0.9,high,28,Next-best immediate,12,50,50,0.0,0.0,0.0,0.0,0.026170083379004172,0.0,0.0,-0.00042484488327032555
trial_001_ep1_task145,1,145,0.9,high,28,PPO high probability,27,1,1,-1.0,0.0,-1.4206863629210944,-1.1253548830047935,0.0,0.0,0.0,-0.008841122150813285
trial_001_ep1_task145,1,145,0.9,high,28,PPO high probability,27,5,5,0.0,0.0,0.0,0.0,0.0,0.0,0.0,-0.012391878075794394
trial_001_ep1_task145,1,145,0.9,high,28,PPO high probability,27,10,10,0.0,0.0,0.0,0.0,0.0,0.0,0.0,-0.008181279801618452
trial_001_ep1_task145,1,145,0.9,high,28,PPO high probability,27,20,20,0.0,0.0,0.0,0.0,0.0,0.0,0.0,-0.0038814819295085734
trial_001_ep1_task145,1,145,0.9,high,28,PPO high probability,27,50,50,0.0,0.0,0.0,0.0,0.0,0.0,0.0,-0.0020770194293213695
trial_001_ep1_task145,1,145,0.9,high,28,PPO sampled,17,1,1,0.0,0.0,-0.6647105549568892,-0.6647105549568892,0.0,0.0,0.0,0.003190576746647633
trial_001_ep1_task145,1,145,0.9,high,28,PPO sampled,17,5,5,0.0,0.0,0.0,0.0,0.0,0.0,0.0,-0.004646954278422988
trial_001_ep1_task145,1,145,0.9,high,28,PPO sampled,17,10,10,0.0,0.0,0.0,0.0,0.0,0.0,0.0,-0.003067979925607034
trial_001_ep1_task145,1,145,0.9,high,28,PPO sampled,17,20,20,0.0,0.0,0.0,0.0,0.0,0.0,0.0,-0.0014555557235657601
trial_001_ep1_task145,1,145,0.9,high,28,PPO sampled,17,50,50,0.0,0.0,0.0,0.0,0.0,0.0,0.0,-0.0007788822859955413
trial_001_ep1_task147,1,147,0.9,low,28,Safe Min-Latency,5,1,1,0.0,0.0,0.0,0.0,0.0,0.0,0.0,0.0
trial_001_ep1_task147,1,147,0.9,low,28,Safe Min-Latency,5,5,5,0.0,0.0,0.0,0.0,0.0,0.0,0.0,0.0
trial_001_ep1_task147,1,147,0.9,low,28,Safe Min-Latency,5,10,10,0.0,0.0,0.0,0.0,0.0,0.0,0.0,0.0
trial_001_ep1_task147,1,147,0.9,low,28,Safe Min-Latency,5,20,20,0.0,0.0,0.0,0.0,0.0,0.0,0.0,0.0
trial_001_ep1_task147,1,147,0.9,low,28,Safe Min-Latency,5,50,50,0.0,0.0,0.0,0.0,0.0,0.0,0.0,0.0
trial_001_ep1_task147,1,147,0.9,low,28,Next-best immediate,11,1,1,0.0,0.0,0.0,0.0,0.0,0.0,0.0,-0.0017370394356808344
trial_001_ep1_task147,1,147,0.9,low,28,Next-best immediate,11,5,5,0.0,0.0,0.0,0.0,0.0,0.0,0.0,-0.000414808099469241
trial_001_ep1_task147,1,147,0.9,low,28,Next-best immediate,11,10,10,0.0,0.0,0.0,0.0,0.0,0.0,0.0,-0.00018892883581797526
trial_001_ep1_task147,1,147,0.9,low,28,Next-best immediate,11,20,20,0.0,0.0,0.0,0.0,0.0,0.0,0.0,-0.0001430433810484799
trial_001_ep1_task147,1,147,0.9,low,28,Next-best immediate,11,50,50,0.0,0.0,0.0,0.0,0.0,0.0,0.0,-7.358807199092654e-05
trial_001_ep1_task147,1,147,0.9,low,28,PPO high probability,27,1,1,0.0,0.0,0.0,0.0,0.0,0.0,0.0,-0.00955371689624367
trial_001_ep1_task147,1,147,0.9,low,28,PPO high probability,27,5,5,0.0,0.0,0.0,0.0,0.0,0.0,0.0,-0.0022814445470806383
trial_001_ep1_task147,1,147,0.9,low,28,PPO high probability,27,10,10,0.0,0.0,0.0,0.0,0.0,0.0,0.0,-0.00103910859699885
trial_001_ep1_task147,1,147,0.9,low,28,PPO high probability,27,20,20,0.0,0.0,0.0,0.0,0.0,0.0,0.0,-0.0007867385957665562
trial_001_ep1_task147,1,147,0.9,low,28,PPO high probability,27,50,50,0.0,0.0,0.0,0.0,0.0,0.0,0.0,-0.0004047343959501237
trial_001_ep1_task147,1,147,0.9,low,28,PPO sampled,19,1,1,0.0,0.0,0.0,0.0,0.0,0.0809246684871141,-10.698217464707767,-0.00483484085692135
trial_001_ep1_task147,1,147,0.9,low,28,PPO sampled,19,5,5,0.0,0.0,0.0,0.0,0.0,0.016184933697422688,-2.139643492941545,-0.0011545685756464835
trial_001_ep1_task147,1,147,0.9,low,28,PPO sampled,19,10,10,0.0,0.0,0.0,0.0,0.0,0.008092466848711233,-1.0698217464707866,-0.000525860746566964
trial_001_ep1_task147,1,147,0.9,low,28,PPO sampled,19,20,20,0.0,0.0,0.0,0.0,0.0,0.004046233424355616,-0.5349108732353898,-0.00039814408861377215
trial_001_ep1_task147,1,147,0.9,low,28,PPO sampled,19,50,50,0.0,0.0,0.0,0.0,0.0,0.001618493369742513,-0.21396434929415165,-0.00020482356919224176
trial_001_ep1_task149,1,149,0.999,low,20,Safe Min-Latency,5,1,1,0.0,0.0,0.0,0.0,0.0,0.0,0.0,0.0
trial_001_ep1_task149,1,149,0.999,low,20,Safe Min-Latency,5,5,5,0.0,0.0,0.0,0.0,0.0,0.0,0.0,0.0
trial_001_ep1_task149,1,149,0.999,low,20,Safe Min-Latency,5,10,10,0.0,0.0,0.0,0.0,0.0,0.0,0.0,0.0
trial_001_ep1_task149,1,149,0.999,low,20,Safe Min-Latency,5,20,20,0.0,0.0,0.0,0.0,0.0,0.0,0.0,0.0
trial_001_ep1_task149,1,149,0.999,low,20,Safe Min-Latency,5,50,50,0.0,0.0,0.0,0.0,0.0,0.0,0.0,0.0
trial_001_ep1_task149,1,149,0.999,low,20,Next-best immediate,11,1,1,0.0,0.0,0.0,0.0,0.0,0.0,0.0,0.0
trial_001_ep1_task149,1,149,0.999,low,20,Next-best immediate,11,5,5,0.0,0.0,0.0,0.0,-0.2741585148710385,0.0,0.0,-0.004539188411847195
trial_001_ep1_task149,1,149,0.999,low,20,Next-best immediate,11,10,10,0.0,0.0,0.0,0.0,-0.15231028603946578,0.0,0.0,-0.0013976530449079094
trial_001_ep1_task149,1,149,0.999,low,20,Next-best immediate,11,20,20,0.0,0.0,0.0,0.0,-0.07214697759764166,0.0,0.0,-0.0008984691644683684
trial_001_ep1_task149,1,149,0.999,low,20,Next-best immediate,11,50,50,0.0,0.0,0.0,0.0,-0.027415851487103904,0.0,0.0,-0.00044804177081972374
trial_001_ep1_task149,1,149,0.999,low,20,PPO high probability,27,1,1,0.0,0.0,0.0,0.0,0.0,0.0,0.0,0.0
trial_001_ep1_task149,1,149,0.999,low,20,PPO high probability,27,5,5,0.0,0.0,0.0,0.0,-0.2741585148710385,0.0,0.0,-0.024965536265159155
trial_001_ep1_task149,1,149,0.999,low,20,PPO high probability,27,10,10,0.0,0.0,0.0,0.0,-0.15231028603946578,0.0,0.0,-0.007687091746993446
trial_001_ep1_task149,1,149,0.999,low,20,PPO high probability,27,20,20,0.0,0.0,0.0,0.0,-0.07214697759764166,0.0,0.0,-0.0049415804045760126
trial_001_ep1_task149,1,149,0.999,low,20,PPO high probability,27,50,50,0.0,0.0,0.0,0.0,-0.027415851487103904,0.0,0.0,-0.0024642297395084667
trial_001_ep1_task149,1,149,0.999,low,20,PPO sampled,17,1,1,-1.0,-1.0,-1.7984547217837732,-1.7984547217837732,0.0,0.0573538909240483,-1.0696826383889402,-0.024585280073448585
trial_001_ep1_task149,1,149,0.999,low,20,PPO sampled,17,5,5,0.0,0.0,0.0,0.0,-0.16305903442205927,-0.11010500384102206,4.355863773595516,-0.011095793895626843
trial_001_ep1_task149,1,149,0.999,low,20,PPO sampled,17,10,10,0.0,0.0,0.0,0.0,-0.09058835245669955,-0.05505250192051081,2.177931886797751,-0.0034164852208861396
trial_001_ep1_task149,1,149,0.999,low,20,PPO sampled,17,20,20,0.0,0.0,0.0,0.0,-0.04291027221633137,-0.027526250960255627,1.0889659433988825,-0.0021962579575894314
trial_001_ep1_task149,1,149,0.999,low,20,PPO sampled,17,50,50,0.0,0.0,0.0,0.0,-0.01630590344220595,-0.011010500384101896,0.43558637735954875,-0.001095213217559371
trial_001_ep1_task150,1,150,0.9,low,28,Safe Min-Latency,5,1,1,0.0,0.0,0.0,0.0,0.0,0.0,0.0,0.0
trial_001_ep1_task150,1,150,0.9,low,28,Safe Min-Latency,5,5,5,0.0,0.0,0.0,0.0,0.0,0.0,0.0,0.0
trial_001_ep1_task150,1,150,0.9,low,28,Safe Min-Latency,5,10,10,0.0,0.0,0.0,0.0,0.0,0.0,0.0,0.0
trial_001_ep1_task150,1,150,0.9,low,28,Safe Min-Latency,5,20,20,0.0,0.0,0.0,0.0,0.0,0.0,0.0,0.0
trial_001_ep1_task150,1,150,0.9,low,28,Safe Min-Latency,5,50,50,0.0,0.0,0.0,0.0,0.0,0.0,0.0,0.0
trial_001_ep1_task150,1,150,0.9,low,28,Next-best immediate,11,1,1,1.0,0.0,1.4679771137627275,0.0,0.0,0.0,0.0,0.03243931384334775
trial_001_ep1_task150,1,150,0.9,low,28,Next-best immediate,11,5,5,0.0,0.0,0.0,0.0,-0.10490244829426273,0.0,0.0,-0.002325684631846764
trial_001_ep1_task150,1,150,0.9,low,28,Next-best immediate,11,10,10,0.0,0.0,0.0,0.0,-0.04768293104284671,0.0,0.0,-0.0006169211398333596
trial_001_ep1_task150,1,150,0.9,low,28,Next-best immediate,11,20,20,0.0,0.0,0.0,0.0,-0.026898063665195593,0.0,0.0,-0.00045068700735695355
trial_001_ep1_task150,1,150,0.9,low,28,Next-best immediate,11,50,50,0.0,0.0,0.0,0.0,-0.010490244829426232,0.0,0.0,-0.00022339725911729724
trial_001_ep1_task150,1,150,0.9,low,28,PPO high probability,27,1,1,1.0,1.0,0.8499999999999996,0.0,0.0,0.0,0.0,0.0
trial_001_ep1_task150,1,150,0.9,low,28,PPO high probability,27,5,5,0.0,0.0,0.0,0.0,0.05304464321770297,0.0,0.0,-0.012791265475158853
trial_001_ep1_task150,1,150,0.9,low,28,PPO high probability,27,10,10,0.0,0.0,0.0,0.0,0.024111201462592213,0.0,0.0,-0.003393066269083783
trial_001_ep1_task150,1,150,0.9,low,28,PPO high probability,27,20,20,0.0,0.0,0.0,0.0,0.013601190568641786,0.0,0.0,-0.0024787785404634943
trial_001_ep1_task150,1,150,0.9,low,28,PPO high probability,27,50,50,0.0,0.0,0.0,0.0,0.005304464321770341,0.0,0.0,-0.0012286849251453014
trial_001_ep1_task150,1,150,0.9,low,28,PPO sampled,16,1,1,0.0,0.0,0.0,0.0,0.0,0.0,0.0,0.0
trial_001_ep1_task150,1,150,0.9,low,28,PPO sampled,16,5,5,0.0,0.0,0.0,0.0,0.16946224247780609,0.0,0.0,-0.004263755158386007
trial_001_ep1_task150,1,150,0.9,low,28,PPO sampled,16,10,10,0.0,0.0,0.0,0.0,0.07702829203536637,0.0,0.0,-0.0011310220896945111
trial_001_ep1_task150,1,150,0.9,low,28,PPO sampled,16,20,20,0.0,0.0,0.0,0.0,0.043451857045591236,0.0,0.0,-0.0008262595134877759
trial_001_ep1_task150,1,150,0.9,low,28,PPO sampled,16,50,50,0.0,0.0,0.0,0.0,0.01694622424778064,0.0,0.0,-0.0004095616417150727
trial_001_ep1_task151,1,151,0.99,high,28,Safe Min-Latency,2,1,1,0.0,0.0,0.0,0.0,0.0,0.0,0.0,0.0
trial_001_ep1_task151,1,151,0.99,high,28,Safe Min-Latency,2,5,5,0.0,0.0,0.0,0.0,0.0,0.0,0.0,0.0
trial_001_ep1_task151,1,151,0.99,high,28,Safe Min-Latency,2,10,10,0.0,0.0,0.0,0.0,0.0,0.0,0.0,0.0
trial_001_ep1_task151,1,151,0.99,high,28,Safe Min-Latency,2,20,20,0.0,0.0,0.0,0.0,0.0,0.0,0.0,0.0
trial_001_ep1_task151,1,151,0.99,high,28,Safe Min-Latency,2,50,50,0.0,0.0,0.0,0.0,0.0,0.0,0.0,0.0
trial_001_ep1_task151,1,151,0.99,high,28,Next-best immediate,8,1,1,0.0,0.0,0.0,0.0,0.0,0.0,0.0,-0.001319645077166226
trial_001_ep1_task151,1,151,0.99,high,28,Next-best immediate,8,5,5,0.0,0.0,0.0,0.0,0.0,0.0,0.0,-0.00039092459101305876
trial_001_ep1_task151,1,151,0.99,high,28,Next-best immediate,8,10,10,0.0,0.0,0.0,0.0,0.0,0.0,0.0,-0.0002517491518887749
trial_001_ep1_task151,1,151,0.99,high,28,Next-best immediate,8,20,20,0.0,0.0,0.0,0.0,0.0,0.0,0.0,-0.0001586187087682378
trial_001_ep1_task151,1,151,0.99,high,28,Next-best immediate,8,50,50,0.0,0.0,0.0,0.0,0.0,0.0,0.0,-8.897231053178745e-05
trial_001_ep1_task151,1,151,0.99,high,28,PPO high probability,20,1,1,0.0,0.0,0.0,0.0,0.1624347624664324,0.0,0.0,-0.006451598155034155
trial_001_ep1_task151,1,151,0.99,high,28,PPO high probability,20,5,5,0.0,0.0,0.0,0.0,0.04430038976357242,0.0,0.0,-0.001911186889396982
trial_001_ep1_task151,1,151,0.99,high,28,PPO high probability,20,10,10,0.0,0.0,0.0,0.0,0.023204966066633193,0.0,0.0,-0.0012307736314560447
trial_001_ep1_task151,1,151,0.99,high,28,PPO high probability,20,20,20,0.0,0.0,0.0,0.0,0.011885470424373046,0.0,0.0,-0.0007754692428669219
trial_001_ep1_task151,1,151,0.99,high,28,PPO high probability,20,50,50,0.0,0.0,0.0,0.0,0.0048247949247455235,0.0,0.0,-0.00043497574037737463
trial_001_ep1_task151,1,151,0.99,high,28,PPO sampled,4,1,1,0.0,0.0,0.0,0.0,0.0,0.01474730456038742,-1.0264424302920503,-0.0018297599809442844
trial_001_ep1_task151,1,151,0.99,high,28,PPO sampled,4,5,5,0.0,0.0,0.0,0.0,0.0,0.002949460912077484,-0.20528848605840722,-0.0005420382984633598
trial_001_ep1_task151,1,151,0.99,high,28,PPO sampled,4,10,10,0.0,0.0,0.0,0.0,0.0,0.001474730456038742,-0.10264424302920361,-0.00034906395009776103
trial_001_ep1_task151,1,151,0.99,high,28,PPO sampled,4,20,20,0.0,0.0,0.0,0.0,0.0,0.000737365228019371,-0.051322121514601804,-0.00021993350375423826
trial_001_ep1_task151,1,151,0.99,high,28,PPO sampled,4,50,50,0.0,0.0,0.0,0.0,0.0,0.0002949460912078372,-0.020528848605849248,-0.00012336496838433186
trial_001_ep1_task154,1,154,0.9999,high,4,Safe Min-Latency,25,1,1,0.0,0.0,0.0,0.0,0.0,0.0,0.0,0.0
trial_001_ep1_task154,1,154,0.9999,high,4,Safe Min-Latency,25,5,5,0.0,0.0,0.0,0.0,0.0,0.0,0.0,0.0
trial_001_ep1_task154,1,154,0.9999,high,4,Safe Min-Latency,25,10,10,0.0,0.0,0.0,0.0,0.0,0.0,0.0,0.0
trial_001_ep1_task154,1,154,0.9999,high,4,Safe Min-Latency,25,20,20,0.0,0.0,0.0,0.0,0.0,0.0,0.0,0.0
trial_001_ep1_task154,1,154,0.9999,high,4,Safe Min-Latency,25,50,47,0.0,0.0,0.0,0.0,0.0,0.0,0.0,0.0
trial_001_ep1_task154,1,154,0.9999,high,4,Next-best immediate,27,1,1,0.0,0.0,0.0,0.0,0.0,0.1271534210436016,-2.7435106545040497,0.0
trial_001_ep1_task154,1,154,0.9999,high,4,Next-best immediate,27,5,5,0.0,0.0,0.0,0.0,0.036965919022009075,0.02543068420872041,-0.5487021309008142,-0.001556522852899228
trial_001_ep1_task154,1,154,0.9999,high,4,Next-best immediate,27,10,10,0.0,0.0,0.0,0.0,0.015564597482951192,0.012715342104360206,-0.27435106545038934,-0.0011015533382556786
trial_001_ep1_task154,1,154,0.9999,high,4,Next-best immediate,27,20,20,0.0,0.0,0.0,0.0,0.00758275261989938,0.006357671052179992,-0.13717553272520178,-0.0006770034794481294
trial_001_ep1_task154,1,154,0.9999,high,4,Next-best immediate,27,50,47,0.0,0.0,0.0,0.0,0.003146035661447555,0.0027053919370980672,-0.05837256711710381,-0.0003647142935369052
trial_001_ep1_task154,1,154,0.9999,high,4,PPO high probability,27,1,1,0.0,0.0,0.0,0.0,0.0,0.1271534210436016,-2.7435106545040497,0.0
trial_001_ep1_task154,1,154,0.9999,high,4,PPO high probability,27,5,5,0.0,0.0,0.0,0.0,0.036965919022009075,0.02543068420872041,-0.5487021309008142,-0.001556522852899228
trial_001_ep1_task154,1,154,0.9999,high,4,PPO high probability,27,10,10,0.0,0.0,0.0,0.0,0.015564597482951192,0.012715342104360206,-0.27435106545038934,-0.0011015533382556786
trial_001_ep1_task154,1,154,0.9999,high,4,PPO high probability,27,20,20,0.0,0.0,0.0,0.0,0.00758275261989938,0.006357671052179992,-0.13717553272520178,-0.0006770034794481294
trial_001_ep1_task154,1,154,0.9999,high,4,PPO high probability,27,50,47,0.0,0.0,0.0,0.0,0.003146035661447555,0.0027053919370980672,-0.05837256711710381,-0.0003647142935369052
trial_001_ep1_task154,1,154,0.9999,high,4,PPO sampled,23,1,1,0.0,0.0,0.0,0.0,0.0,0.5252408393154724,-9.984915049489196,0.0
trial_001_ep1_task154,1,154,0.9999,high,4,PPO sampled,23,5,5,0.0,0.0,0.0,0.0,0.0,0.10504816786309457,-1.9969830098978392,0.0013835758692442301
trial_001_ep1_task154,1,154,0.9999,high,4,PPO sampled,23,10,10,0.0,0.0,0.0,0.0,0.0,0.05252408393154728,-0.998491504948916,0.0009791585228943467
trial_001_ep1_task154,1,154,0.9999,high,4,PPO sampled,23,20,20,0.0,0.0,0.0,0.0,0.0,0.02626204196577353,-0.4992457524744509,0.0006017808706207384
trial_001_ep1_task154,1,154,0.9999,high,4,PPO sampled,23,50,47,0.0,0.0,0.0,0.0,0.0,0.011175337006712471,-0.21244500105296282,0.00032419048314402676
trial_001_ep1_task157,1,157,0.999,low,28,Safe Min-Latency,5,1,1,0.0,0.0,0.0,0.0,0.0,0.0,0.0,0.0
trial_001_ep1_task157,1,157,0.999,low,28,Safe Min-Latency,5,5,5,0.0,0.0,0.0,0.0,0.0,0.0,0.0,0.0
trial_001_ep1_task157,1,157,0.999,low,28,Safe Min-Latency,5,10,10,0.0,0.0,0.0,0.0,0.0,0.0,0.0,0.0
trial_001_ep1_task157,1,157,0.999,low,28,Safe Min-Latency,5,20,20,0.0,0.0,0.0,0.0,0.0,0.0,0.0,0.0
trial_001_ep1_task157,1,157,0.999,low,28,Safe Min-Latency,5,50,44,0.0,0.0,0.0,0.0,0.0,0.0,0.0,0.0
trial_001_ep1_task157,1,157,0.999,low,28,Next-best immediate,11,1,1,0.0,0.0,-0.5028212141631043,-0.5028212141631043,0.0,0.0,0.0,0.04557117655359212
trial_001_ep1_task157,1,157,0.999,low,28,Next-best immediate,11,5,5,0.0,0.0,0.0,0.0,0.0,0.0,0.0,-0.0032418737904348627
trial_001_ep1_task157,1,157,0.999,low,28,Next-best immediate,11,10,10,0.0,0.0,0.0,0.0,0.0,0.0,0.0,-0.0016687398835785183
trial_001_ep1_task157,1,157,0.999,low,28,Next-best immediate,11,20,20,0.0,0.0,0.0,0.0,0.0,0.0,0.0,-0.0006641459931422677
trial_001_ep1_task157,1,157,0.999,low,28,Next-best immediate,11,50,44,0.0,0.0,0.0,0.0,0.0,0.0,0.0,-0.0003031479057373776
trial_001_ep1_task157,1,157,0.999,low,28,PPO high probability,27,1,1,0.0,0.0,-1.067672349761017,-1.067672349761017,0.0,0.0,0.0,0.02848198534599322
trial_001_ep1_task157,1,157,0.999,low,28,PPO high probability,27,5,5,0.0,0.0,0.0,0.0,0.0018724895754047566,0.002995983320647433,-0.14660848757239364,-0.017830305847394104
trial_001_ep1_task157,1,157,0.999,low,28,PPO high probability,27,10,10,0.0,0.0,0.0,0.0,0.00083221758906879,0.0014979916603239385,-0.07330424378619682,-0.009178069359683072
trial_001_ep1_task157,1,157,0.999,low,28,PPO high probability,27,20,20,0.0,0.0,0.0,0.0,0.0004048626108982267,0.0007489958301616362,-0.03665212189309841,-0.0036528029622829306
trial_001_ep1_task157,1,157,0.999,low,28,PPO high probability,27,50,44,0.0,0.0,0.0,0.0,0.00017022632503682633,0.0003404526500738747,-0.016660055405964158,-0.0016673134815556878
trial_001_ep1_task157,1,157,0.999,low,28,PPO sampled,21,1,1,0.0,0.0,-0.7542966099674984,-0.9210589852363196,0.0,0.16676237526883142,-6.1018383823988955,0.02278558827678863
trial_001_ep1_task157,1,157,0.999,low,28,PPO sampled,21,5,5,0.0,0.0,0.0,0.0,0.0018724895754047566,0.036348458374413806,-1.3669761640521756,-0.012169891292665672
trial_001_ep1_task157,1,157,0.999,low,28,PPO sampled,21,10,10,0.0,0.0,0.0,0.0,0.00083221758906879,0.018174229187206903,-0.6834880820260878,-0.006264396547085216
trial_001_ep1_task157,1,157,0.999,low,28,PPO sampled,21,20,20,0.0,0.0,0.0,0.0,0.0004048626108982267,0.009087114593603118,-0.3417440410130439,-0.0024931829742565748
trial_001_ep1_task157,1,157,0.999,low,28,PPO sampled,21,50,44,0.0,0.0,0.0,0.0,0.00017022632503682633,0.004130506633456488,-0.15533820046047708,-0.0011380076143951423
trial_001_ep1_task160,1,160,0.9,low,28,Safe Min-Latency,6,1,1,0.0,0.0,0.0,0.0,0.0,0.0,0.0,0.0
trial_001_ep1_task160,1,160,0.9,low,28,Safe Min-Latency,6,5,5,0.0,0.0,0.0,0.0,0.0,0.0,0.0,0.0
trial_001_ep1_task160,1,160,0.9,low,28,Safe Min-Latency,6,10,10,0.0,0.0,0.0,0.0,0.0,0.0,0.0,0.0
trial_001_ep1_task160,1,160,0.9,low,28,Safe Min-Latency,6,20,20,0.0,0.0,0.0,0.0,0.0,0.0,0.0,0.0
trial_001_ep1_task160,1,160,0.9,low,28,Safe Min-Latency,6,50,41,0.0,0.0,0.0,0.0,0.0,0.0,0.0,0.0
trial_001_ep1_task160,1,160,0.9,low,28,Next-best immediate,12,1,1,0.0,0.0,-0.48832548431566103,-0.48832548431566103,0.0,0.0,0.0,0.04241518893429577
trial_001_ep1_task160,1,160,0.9,low,28,Next-best immediate,12,5,5,1.0,0.0,0.22287595514805258,0.0,0.30122429431828124,0.0,0.0,-0.015767053895480138
trial_001_ep1_task160,1,160,0.9,low,28,Next-best immediate,12,10,10,0.0,0.0,0.0,0.0,0.14175260909095588,0.0,0.0,-0.003148368410064939
trial_001_ep1_task160,1,160,0.9,low,28,Next-best immediate,12,20,20,0.0,0.0,0.0,0.0,0.0669387320707292,0.0,0.0,-0.0014143316463557376
trial_001_ep1_task160,1,160,0.9,low,28,Next-best immediate,12,50,41,0.0,0.0,0.0,0.0,0.029387736031051825,0.0,0.0,-0.000622777843958422
trial_001_ep1_task160,1,160,0.9,low,28,PPO high probability,27,1,1,0.0,0.0,-1.693669763156271,-1.6936697631562705,0.0,0.0,0.0,0.05832088478465974
trial_001_ep1_task160,1,160,0.9,low,28,PPO high probability,27,5,5,0.0,0.0,0.0,0.0,0.0,0.0,0.0,-0.04364520649484996
trial_001_ep1_task160,1,160,0.9,low,28,PPO high probability,27,10,10,0.0,0.0,0.0,0.0,0.0,0.0,0.0,-0.015392023338097305
trial_001_ep1_task160,1,160,0.9,low,28,PPO high probability,27,20,20,0.0,0.0,0.0,0.0,0.0,0.0,0.0,-0.006914510271073204
trial_001_ep1_task160,1,160,0.9,low,28,PPO high probability,27,50,41,0.0,0.0,0.0,0.0,0.0,0.0,0.0,-0.0030446916815749514
trial_001_ep1_task160,1,160,0.9,low,28,PPO sampled,14,1,1,0.0,0.0,0.09534314454299331,-0.6230680576090628,0.0,0.7184112021520264,-13.216760260184138,-0.020484608292141895
trial_001_ep1_task160,1,160,0.9,low,28,PPO sampled,14,5,5,0.0,0.0,0.0,0.0,0.058172896140845864,0.07640996715869064,1.744993023073647,0.0
trial_001_ep1_task160,1,160,0.9,low,28,PPO sampled,14,10,10,0.0,0.0,0.0,0.0,0.027375480536868668,0.03820498357934499,0.8724965115368164,0.0
trial_001_ep1_task160,1,160,0.9,low,28,PPO sampled,14,20,20,0.0,0.0,0.0,0.0,0.01292731025352134,0.01910249178967227,0.43624825576840465,-5.551115123125783e-17
trial_001_ep1_task160,1,160,0.9,low,28,PPO sampled,14,50,41,0.0,0.0,0.0,0.0,0.005675404501546022,0.009318288677889086,0.21280402720410763,0.0
trial_001_ep1_task162,1,162,0.99,high,28,Safe Min-Latency,5,1,1,0.0,0.0,0.0,0.0,0.0,0.0,0.0,0.0
trial_001_ep1_task162,1,162,0.99,high,28,Safe Min-Latency,5,5,5,0.0,0.0,0.0,0.0,0.0,0.0,0.0,0.0
trial_001_ep1_task162,1,162,0.99,high,28,Safe Min-Latency,5,10,10,0.0,0.0,0.0,0.0,0.0,0.0,0.0,0.0
trial_001_ep1_task162,1,162,0.99,high,28,Safe Min-Latency,5,20,20,0.0,0.0,0.0,0.0,0.0,0.0,0.0,0.0
trial_001_ep1_task162,1,162,0.99,high,28,Safe Min-Latency,5,50,39,0.0,0.0,0.0,0.0,0.0,0.0,0.0,0.0
trial_001_ep1_task162,1,162,0.99,high,28,Next-best immediate,11,1,1,0.0,0.0,0.0,0.0,0.0,0.0,0.0,-0.005071195298549325
trial_001_ep1_task162,1,162,0.99,high,28,Next-best immediate,11,5,5,0.0,0.0,0.0,0.0,0.0,0.0,0.0,-0.0024274560860966243
trial_001_ep1_task162,1,162,0.99,high,28,Next-best immediate,11,10,10,0.0,0.0,0.0,0.0,0.0,0.0,0.0,-0.0007025904583629061
trial_001_ep1_task162,1,162,0.99,high,28,Next-best immediate,11,20,20,0.0,0.0,0.0,0.0,0.0,0.0,0.0,-0.0004240468297947997
trial_001_ep1_task162,1,162,0.99,high,28,Next-best immediate,11,50,39,0.0,0.0,0.0,0.0,0.0,0.0,0.0,-0.00023606082574834097
trial_001_ep1_task162,1,162,0.99,high,28,PPO high probability,27,1,1,0.0,0.0,0.0,0.0,0.08766163602024335,0.0,0.0,-0.027891574142015874
trial_001_ep1_task162,1,162,0.99,high,28,PPO high probability,27,5,5,0.0,0.0,0.0,0.0,0.03506465440809736,0.0,0.0,-0.013351008473529102
trial_001_ep1_task162,1,162,0.99,high,28,PPO high probability,27,10,10,0.0,0.0,0.0,0.0,0.015938479276407902,0.0,0.0,-0.0038642475209950677
trial_001_ep1_task162,1,162,0.99,high,28,PPO high probability,27,20,20,0.0,0.0,0.0,0.0,0.008766163602024424,0.0,0.0,-0.0023322575638710097
trial_001_ep1_task162,1,162,0.99,high,28,PPO high probability,27,50,39,0.0,0.0,0.0,0.0,0.004383081801012212,0.0,0.0,-0.0012983345416156533
trial_001_ep1_task162,1,162,0.99,high,28,PPO sampled,10,1,1,0.0,0.0,0.0,0.0,0.0,0.09460287582260207,-6.838353778208074,-0.0032482165964582976
trial_001_ep1_task162,1,162,0.99,high,28,PPO sampled,10,5,5,0.0,0.0,0.0,0.0,0.0,0.01892057516452006,-1.3676707556416048,-0.0015548411531870476
trial_001_ep1_task162,1,162,0.99,high,28,PPO sampled,10,10,10,0.0,0.0,0.0,0.0,0.0,0.00946028758226003,-0.683835377820813,-0.00045002526091247885
trial_001_ep1_task162,1,162,0.99,high,28,PPO sampled,10,20,20,0.0,0.0,0.0,0.0,0.0,0.004730143791130459,-0.3419176889104065,-0.0002716116949014191
trial_001_ep1_task162,1,162,0.99,high,28,PPO sampled,10,50,39,0.0,0.0,0.0,0.0,0.0,0.0024257147646822297,-0.1753424045694345,-0.00015120235897614354
trial_001_ep1_task165,1,165,0.99,medium,28,Safe Min-Latency,5,1,1,0.0,0.0,0.0,0.0,0.0,0.0,0.0,0.0
trial_001_ep1_task165,1,165,0.99,medium,28,Safe Min-Latency,5,5,5,0.0,0.0,0.0,0.0,0.0,0.0,0.0,0.0
trial_001_ep1_task165,1,165,0.99,medium,28,Safe Min-Latency,5,10,10,0.0,0.0,0.0,0.0,0.0,0.0,0.0,0.0
trial_001_ep1_task165,1,165,0.99,medium,28,Safe Min-Latency,5,20,20,0.0,0.0,0.0,0.0,0.0,0.0,0.0,0.0
trial_001_ep1_task165,1,165,0.99,medium,28,Safe Min-Latency,5,50,36,0.0,0.0,0.0,0.0,0.0,0.0,0.0,0.0
trial_001_ep1_task165,1,165,0.99,medium,28,Next-best immediate,11,1,1,0.0,-1.0,-1.2224327345233732,-4.4,-0.05446926855787618,0.0,0.0,0.07627059121802598
trial_001_ep1_task165,1,165,0.99,medium,28,Next-best immediate,11,5,5,-1.0,0.0,-1.958338356810339,-1.958338356810339,-0.6406114613531821,0.0,0.0,0.02605308648587562
trial_001_ep1_task165,1,165,0.99,medium,28,Next-best immediate,11,10,10,0.0,0.0,0.0,0.0,-0.3626743883625868,0.0,0.0,-0.002565662434506011
trial_001_ep1_task165,1,165,0.99,medium,28,Next-best immediate,11,20,20,0.0,0.0,0.0,0.0,-0.20458555240966447,0.0,0.0,-0.001620959896974028
trial_001_ep1_task165,1,165,0.99,medium,28,Next-best immediate,11,50,36,0.0,0.0,0.0,0.0,-0.10782211545914744,0.0,0.0,-0.0009205361833924397
trial_001_ep1_task165,1,165,0.99,medium,28,PPO high probability,27,1,1,0.0,0.0,-2.1999999999999993,-4.006136612214618,0.0,0.0,0.0,0.0
trial_001_ep1_task165,1,165,0.99,medium,28,PPO high probability,27,5,5,0.0,0.0,0.24166164318964967,-1.958338356810339,-0.2823813185313,0.11237535824684519,-2.642063291897557,-0.040820930628615415
trial_001_ep1_task165,1,165,0.99,medium,28,PPO high probability,27,10,10,0.0,0.0,0.0,0.0,0.04234369961459472,0.05618767912342282,-1.3210316459487785,-0.012184119872957755
trial_001_ep1_task165,1,165,0.99,medium,28,PPO high probability,27,20,20,0.0,0.0,0.0,0.0,0.02388618952618149,0.02809383956171141,-0.6605158229743964,-0.00769780522502439
trial_001_ep1_task165,1,165,0.99,medium,28,PPO high probability,27,50,36,0.0,0.0,0.0,0.0,0.0125886674529877,0.01560768864539508,-0.3669532349857718,-0.004371550619833409
trial_001_ep1_task165,1,165,0.99,medium,28,PPO sampled,25,1,1,0.0,-1.0,-2.5966650364848647,-4.4,-0.05446926855787618,0.0,0.0,0.07278991916216848
trial_001_ep1_task165,1,165,0.99,medium,28,PPO sampled,25,5,5,-1.0,0.0,-1.958338356810339,-1.958338356810339,-0.6406114613531821,0.0,0.0,0.002450492210172517
trial_001_ep1_task165,1,165,0.99,medium,28,PPO sampled,25,10,10,0.0,0.0,0.0,0.0,-0.3626743883625868,0.0,0.0,-0.01162094161511612
trial_001_ep1_task165,1,165,0.99,medium,28,PPO sampled,25,20,20,0.0,0.0,0.0,0.0,-0.20458555240966447,0.0,0.0,-0.0073419948274711655
trial_001_ep1_task165,1,165,0.99,medium,28,PPO sampled,25,50,36,0.0,0.0,0.0,0.0,-0.10782211545914744,0.0,0.0,-0.0041694874188952236
trial_001_ep1_task166,1,166,0.999,high,12,Safe Min-Latency,22,1,1,0.0,0.0,0.0,0.0,0.0,0.0,0.0,0.0
trial_001_ep1_task166,1,166,0.999,high,12,Safe Min-Latency,22,5,5,0.0,0.0,0.0,0.0,0.0,0.0,0.0,0.0
trial_001_ep1_task166,1,166,0.999,high,12,Safe Min-Latency,22,10,10,0.0,0.0,0.0,0.0,0.0,0.0,0.0,0.0
trial_001_ep1_task166,1,166,0.999,high,12,Safe Min-Latency,22,20,20,0.0,0.0,0.0,0.0,0.0,0.0,0.0,0.0
trial_001_ep1_task166,1,166,0.999,high,12,Safe Min-Latency,22,50,35,0.0,0.0,0.0,0.0,0.0,0.0,0.0,0.0
trial_001_ep1_task166,1,166,0.999,high,12,Next-best immediate,23,1,1,0.0,0.0,-0.16339869281045694,-0.47608536012743263,0.0,0.0,0.0,0.0
trial_001_ep1_task166,1,166,0.999,high,12,Next-best immediate,23,5,5,0.0,0.0,0.0,0.0,0.3266788592138653,0.1606410653980106,-3.5107358073460233,-0.001489515723360424
trial_001_ep1_task166,1,166,0.999,high,12,Next-best immediate,23,10,10,0.0,0.0,0.0,0.0,0.18148825511881406,0.0803205326990053,-1.7553679036730188,-0.0011206956372538657
trial_001_ep1_task166,1,166,0.999,high,12,Next-best immediate,23,20,20,0.0,0.0,0.0,0.0,0.0816697148034663,0.04016026634950265,-0.8776839518365023,-0.0006566339715530778
trial_001_ep1_task166,1,166,0.999,high,12,Next-best immediate,23,50,35,0.0,0.0,0.0,0.0,0.04666840845912357,0.022948723628287482,-0.5015336867637217,-0.00038560502884216197
trial_001_ep1_task166,1,166,0.999,high,12,PPO high probability,20,1,1,0.0,0.0,-0.09656976429579345,-0.47608536012743263,0.0,0.06682892851466704,-0.5994924466934748,0.026122846151577006
trial_001_ep1_task166,1,166,0.999,high,12,PPO high probability,20,5,5,0.0,0.0,0.0,0.0,0.3266788592138653,0.17400685110094383,-3.6306342966847183,0.0006809214735362112
trial_001_ep1_task166,1,166,0.999,high,12,PPO high probability,20,10,10,0.0,0.0,0.0,0.0,0.18148825511881406,0.08700342555047191,-1.8153171483423662,0.0005123180056017529
trial_001_ep1_task166,1,166,0.999,high,12,PPO high probability,20,20,20,0.0,0.0,0.0,0.0,0.0816697148034663,0.04350171277523618,-0.9076585741711796,0.0003001755298528419
trial_001_ep1_task166,1,166,0.999,high,12,PPO high probability,20,50,35,0.0,0.0,0.0,0.0,0.04666840845912357,0.024858121585849435,-0.5186620423835322,0.0001762765846136105
trial_001_ep1_task166,1,166,0.999,high,12,PPO sampled,27,1,1,0.0,0.0,-0.4854877919183487,-0.4606185138905903,0.0,0.6268133833975753,-5.00638916450864,-0.07797887692715788
trial_001_ep1_task166,1,166,0.999,high,12,PPO sampled,27,5,5,0.0,0.0,0.0,0.0,0.7369387235043063,0.7908488009151822,-8.296786466547658,-0.009086045912498286
trial_001_ep1_task166,1,166,0.999,high,12,PPO sampled,27,10,10,0.0,0.0,0.0,0.0,0.40941040194683687,0.3954244004575913,-4.148393233273836,-0.006836243387248142
trial_001_ep1_task166,1,166,0.999,high,12,PPO sampled,27,20,20,0.0,0.0,0.0,0.0,0.18423468087607664,0.19771220022879588,-2.074196616636911,-0.004005467226473769
trial_001_ep1_task166,1,166,0.999,high,12,PPO sampled,27,50,35,0.0,0.0,0.0,0.0,0.10527696050061519,0.11297840013074056,-1.1852552095068063,-0.0023521906759373934
trial_001_ep1_task167,1,167,0.9999,high,1,Safe Min-Latency,27,1,1,0.0,0.0,0.0,0.0,0.0,0.0,0.0,0.0
trial_001_ep1_task167,1,167,0.9999,high,1,Safe Min-Latency,27,5,5,0.0,0.0,0.0,0.0,0.0,0.0,0.0,0.0
trial_001_ep1_task167,1,167,0.9999,high,1,Safe Min-Latency,27,10,10,0.0,0.0,0.0,0.0,0.0,0.0,0.0,0.0
trial_001_ep1_task167,1,167,0.9999,high,1,Safe Min-Latency,27,20,20,0.0,0.0,0.0,0.0,0.0,0.0,0.0,0.0
trial_001_ep1_task167,1,167,0.9999,high,1,Safe Min-Latency,27,50,34,0.0,0.0,0.0,0.0,0.0,0.0,0.0,0.0
trial_001_ep1_task167,1,167,0.9999,high,1,Next-best immediate,27,1,1,0.0,0.0,0.0,0.0,0.0,0.0,0.0,0.0
trial_001_ep1_task167,1,167,0.9999,high,1,Next-best immediate,27,5,5,0.0,0.0,0.0,0.0,0.0,0.0,0.0,0.0
trial_001_ep1_task167,1,167,0.9999,high,1,Next-best immediate,27,10,10,0.0,0.0,0.0,0.0,0.0,0.0,0.0,0.0
trial_001_ep1_task167,1,167,0.9999,high,1,Next-best immediate,27,20,20,0.0,0.0,0.0,0.0,0.0,0.0,0.0,0.0
trial_001_ep1_task167,1,167,0.9999,high,1,Next-best immediate,27,50,34,0.0,0.0,0.0,0.0,0.0,0.0,0.0,0.0
trial_001_ep1_task167,1,167,0.9999,high,1,PPO high probability,27,1,1,0.0,0.0,0.0,0.0,0.0,0.0,0.0,0.0
trial_001_ep1_task167,1,167,0.9999,high,1,PPO high probability,27,5,5,0.0,0.0,0.0,0.0,0.0,0.0,0.0,0.0
trial_001_ep1_task167,1,167,0.9999,high,1,PPO high probability,27,10,10,0.0,0.0,0.0,0.0,0.0,0.0,0.0,0.0
trial_001_ep1_task167,1,167,0.9999,high,1,PPO high probability,27,20,20,0.0,0.0,0.0,0.0,0.0,0.0,0.0,0.0
trial_001_ep1_task167,1,167,0.9999,high,1,PPO high probability,27,50,34,0.0,0.0,0.0,0.0,0.0,0.0,0.0,0.0
trial_001_ep1_task167,1,167,0.9999,high,1,PPO sampled,27,1,1,0.0,0.0,0.0,0.0,0.0,0.0,0.0,0.0
trial_001_ep1_task167,1,167,0.9999,high,1,PPO sampled,27,5,5,0.0,0.0,0.0,0.0,0.0,0.0,0.0,0.0
trial_001_ep1_task167,1,167,0.9999,high,1,PPO sampled,27,10,10,0.0,0.0,0.0,0.0,0.0,0.0,0.0,0.0
trial_001_ep1_task167,1,167,0.9999,high,1,PPO sampled,27,20,20,0.0,0.0,0.0,0.0,0.0,0.0,0.0,0.0
trial_001_ep1_task167,1,167,0.9999,high,1,PPO sampled,27,50,34,0.0,0.0,0.0,0.0,0.0,0.0,0.0,0.0
trial_001_ep1_task168,1,168,0.999,medium,28,Safe Min-Latency,4,1,1,0.0,0.0,0.0,0.0,0.0,0.0,0.0,0.0
trial_001_ep1_task168,1,168,0.999,medium,28,Safe Min-Latency,4,5,5,0.0,0.0,0.0,0.0,0.0,0.0,0.0,0.0
trial_001_ep1_task168,1,168,0.999,medium,28,Safe Min-Latency,4,10,10,0.0,0.0,0.0,0.0,0.0,0.0,0.0,0.0
trial_001_ep1_task168,1,168,0.999,medium,28,Safe Min-Latency,4,20,20,0.0,0.0,0.0,0.0,0.0,0.0,0.0,0.0
trial_001_ep1_task168,1,168,0.999,medium,28,Safe Min-Latency,4,50,33,0.0,0.0,0.0,0.0,0.0,0.0,0.0,0.0
trial_001_ep1_task168,1,168,0.999,medium,28,Next-best immediate,10,1,1,0.0,0.0,0.0,0.0,0.0,0.0,0.0,0.0
trial_001_ep1_task168,1,168,0.999,medium,28,Next-best immediate,10,5,5,0.0,0.0,0.0,0.0,-0.5260385586702085,0.0,0.0,-0.001522787657994129
trial_001_ep1_task168,1,168,0.999,medium,28,Next-best immediate,10,10,10,0.0,0.0,0.0,0.0,-0.2630192793351043,0.0,0.0,-0.0010757149566855417
trial_001_ep1_task168,1,168,0.999,medium,28,Next-best immediate,10,20,20,0.0,0.0,0.0,0.0,-0.10520771173404175,0.0,0.0,-0.0004901038755114051
trial_001_ep1_task168,1,168,0.999,medium,28,Next-best immediate,10,50,33,0.0,0.0,0.0,0.0,-0.06376224953578286,0.0,0.0,-0.0002889074696246774
trial_001_ep1_task168,1,168,0.999,medium,28,PPO high probability,27,1,1,0.0,0.0,0.0,0.0,0.0,0.009935118489011074,-0.42581394486308,0.0
trial_001_ep1_task168,1,168,0.999,medium,28,PPO high probability,27,5,5,0.0,0.0,0.0,0.0,-0.26555277331253535,0.001987023697802126,-0.08516278897261742,-0.008922739447002503
trial_001_ep1_task168,1,168,0.999,medium,28,PPO high probability,27,10,10,0.0,0.0,0.0,0.0,-0.13277638665626768,0.000993511848901285,-0.04258139448631226,-0.006303127180838808
trial_001_ep1_task168,1,168,0.999,medium,28,PPO high probability,27,20,20,0.0,0.0,0.0,0.0,-0.053110554662507026,0.0004967559244506425,-0.021290697243145473,-0.00287175244703175
trial_001_ep1_task168,1,168,0.999,medium,28,PPO high probability,27,50,33,0.0,0.0,0.0,0.0,-0.03218821494697399,0.00030106419663677997,-0.012903452874631682,-0.001692846709271001
trial_001_ep1_task168,1,168,0.999,medium,28,PPO sampled,21,1,1,0.0,0.0,0.0,0.0,0.0,0.009935118489011074,-0.42581394486308,0.0
trial_001_ep1_task168,1,168,0.999,medium,28,PPO sampled,21,5,5,0.0,0.0,0.0,0.0,-0.5230103968966731,0.001987023697802126,-0.08516278897261742,-0.006263903853680419
trial_001_ep1_task168,1,168,0.999,medium,28,PPO sampled,21,10,10,0.0,0.0,0.0,0.0,-0.26150519844833653,0.000993511848901285,-0.04258139448631226,-0.004424894716785421
trial_001_ep1_task168,1,168,0.999,medium,28,PPO sampled,21,20,20,0.0,0.0,0.0,0.0,-0.10460207937933463,0.0004967559244506425,-0.021290697243145473,-0.002016015521535963
trial_001_ep1_task168,1,168,0.999,medium,28,PPO sampled,21,50,33,0.0,0.0,0.0,0.0,-0.06339519962383916,0.00030106419663677997,-0.012903452874631682,-0.001188405095640721
trial_001_ep1_task171,1,171,0.999,low,28,Safe Min-Latency,5,1,1,0.0,0.0,0.0,0.0,0.0,0.0,0.0,0.0
trial_001_ep1_task171,1,171,0.999,low,28,Safe Min-Latency,5,5,5,0.0,0.0,0.0,0.0,0.0,0.0,0.0,0.0
trial_001_ep1_task171,1,171,0.999,low,28,Safe Min-Latency,5,10,10,0.0,0.0,0.0,0.0,0.0,0.0,0.0,0.0
trial_001_ep1_task171,1,171,0.999,low,28,Safe Min-Latency,5,20,20,0.0,0.0,0.0,0.0,0.0,0.0,0.0,0.0
trial_001_ep1_task171,1,171,0.999,low,28,Safe Min-Latency,5,50,30,0.0,0.0,0.0,0.0,0.0,0.0,0.0,0.0
trial_001_ep1_task171,1,171,0.999,low,28,Next-best immediate,11,1,1,0.0,0.0,-0.30738652903920827,-0.3073865290392084,0.0,0.0,0.0,0.025064145684225214
trial_001_ep1_task171,1,171,0.999,low,28,Next-best immediate,11,5,5,0.0,0.0,0.0,0.0,0.009381611529491352,0.01501057844718634,-0.47162988401829153,-0.0035253722451792924
trial_001_ep1_task171,1,171,0.999,low,28,Next-best immediate,11,10,10,0.0,0.0,0.0,0.0,0.003752644611796474,0.00750528922359317,-0.23581494200915643,-0.0011795241568584025
trial_001_ep1_task171,1,171,0.999,low,28,Next-best immediate,11,20,20,0.0,0.0,0.0,0.0,0.001975076111471963,0.003752644611796363,-0.11790747100457111,-0.0007442014069873881
trial_001_ep1_task171,1,171,0.999,low,28,Next-best immediate,11,50,30,0.0,0.0,0.0,0.0,0.0012508815372654913,0.0025017630745312047,-0.07860498066970933,-0.0004052664134834849
trial_001_ep1_task171,1,171,0.999,low,28,PPO high probability,27,1,1,0.0,0.0,-0.8125711261040577,-0.8125711261040578,0.0,0.0,0.0,0.015665091052641744
trial_001_ep1_task171,1,171,0.999,low,28,PPO high probability,27,5,5,0.0,0.0,0.0,0.0,0.0,0.0,0.0,-0.01938954734848608
trial_001_ep1_task171,1,171,0.999,low,28,PPO high probability,27,10,10,0.0,0.0,0.0,0.0,0.0,0.0,0.0,-0.006487382862720881
trial_001_ep1_task171,1,171,0.999,low,28,PPO high probability,27,20,20,0.0,0.0,0.0,0.0,0.0,0.0,0.0,-0.004093107738430857
trial_001_ep1_task171,1,171,0.999,low,28,PPO high probability,27,50,30,0.0,0.0,0.0,0.0,0.0,0.0,0.0,-0.002228965274159056
trial_001_ep1_task171,1,171,0.999,low,28,PPO sampled,26,1,1,0.0,0.0,-0.679978909122561,-0.7372864826696868,0.0,0.05730757354712068,-3.2895267335821643,0.003580592240602448
trial_001_ep1_task171,1,171,0.999,low,28,PPO sampled,26,5,5,0.0,0.0,0.0,0.0,0.0,0.011461514709424137,-0.6579053467164258,-0.018122256672114534
trial_001_ep1_task171,1,171,0.999,low,28,PPO sampled,26,10,10,0.0,0.0,0.0,0.0,0.0,0.005730757354712068,-0.32895267335822354,-0.006063370910909027
trial_001_ep1_task171,1,171,0.999,low,28,PPO sampled,26,20,20,0.0,0.0,0.0,0.0,0.0,0.002865378677356034,-0.1644763366791011,-0.003825584356834111
trial_001_ep1_task171,1,171,0.999,low,28,PPO sampled,26,50,30,0.0,0.0,0.0,0.0,0.0,0.0019102524515708375,-0.10965089111940074,-0.0020832812693121205
trial_001_ep1_task172,1,172,0.9999,low,1,Safe Min-Latency,27,1,1,0.0,0.0,0.0,0.0,0.0,0.0,0.0,0.0
trial_001_ep1_task172,1,172,0.9999,low,1,Safe Min-Latency,27,5,5,0.0,0.0,0.0,0.0,0.0,0.0,0.0,0.0
trial_001_ep1_task172,1,172,0.9999,low,1,Safe Min-Latency,27,10,10,0.0,0.0,0.0,0.0,0.0,0.0,0.0,0.0
trial_001_ep1_task172,1,172,0.9999,low,1,Safe Min-Latency,27,20,20,0.0,0.0,0.0,0.0,0.0,0.0,0.0,0.0
trial_001_ep1_task172,1,172,0.9999,low,1,Safe Min-Latency,27,50,29,0.0,0.0,0.0,0.0,0.0,0.0,0.0,0.0
trial_001_ep1_task172,1,172,0.9999,low,1,Next-best immediate,27,1,1,0.0,0.0,0.0,0.0,0.0,0.0,0.0,0.0
trial_001_ep1_task172,1,172,0.9999,low,1,Next-best immediate,27,5,5,0.0,0.0,0.0,0.0,0.0,0.0,0.0,0.0
trial_001_ep1_task172,1,172,0.9999,low,1,Next-best immediate,27,10,10,0.0,0.0,0.0,0.0,0.0,0.0,0.0,0.0
trial_001_ep1_task172,1,172,0.9999,low,1,Next-best immediate,27,20,20,0.0,0.0,0.0,0.0,0.0,0.0,0.0,0.0
trial_001_ep1_task172,1,172,0.9999,low,1,Next-best immediate,27,50,29,0.0,0.0,0.0,0.0,0.0,0.0,0.0,0.0
trial_001_ep1_task172,1,172,0.9999,low,1,PPO high probability,27,1,1,0.0,0.0,0.0,0.0,0.0,0.0,0.0,0.0
trial_001_ep1_task172,1,172,0.9999,low,1,PPO high probability,27,5,5,0.0,0.0,0.0,0.0,0.0,0.0,0.0,0.0
trial_001_ep1_task172,1,172,0.9999,low,1,PPO high probability,27,10,10,0.0,0.0,0.0,0.0,0.0,0.0,0.0,0.0
trial_001_ep1_task172,1,172,0.9999,low,1,PPO high probability,27,20,20,0.0,0.0,0.0,0.0,0.0,0.0,0.0,0.0
trial_001_ep1_task172,1,172,0.9999,low,1,PPO high probability,27,50,29,0.0,0.0,0.0,0.0,0.0,0.0,0.0,0.0
trial_001_ep1_task172,1,172,0.9999,low,1,PPO sampled,27,1,1,0.0,0.0,0.0,0.0,0.0,0.0,0.0,0.0
trial_001_ep1_task172,1,172,0.9999,low,1,PPO sampled,27,5,5,0.0,0.0,0.0,0.0,0.0,0.0,0.0,0.0
trial_001_ep1_task172,1,172,0.9999,low,1,PPO sampled,27,10,10,0.0,0.0,0.0,0.0,0.0,0.0,0.0,0.0
trial_001_ep1_task172,1,172,0.9999,low,1,PPO sampled,27,20,20,0.0,0.0,0.0,0.0,0.0,0.0,0.0,0.0
trial_001_ep1_task172,1,172,0.9999,low,1,PPO sampled,27,50,29,0.0,0.0,0.0,0.0,0.0,0.0,0.0,0.0
trial_001_ep1_task173,1,173,0.9,low,28,Safe Min-Latency,5,1,1,0.0,0.0,0.0,0.0,0.0,0.0,0.0,0.0
trial_001_ep1_task173,1,173,0.9,low,28,Safe Min-Latency,5,5,5,0.0,0.0,0.0,0.0,0.0,0.0,0.0,0.0
trial_001_ep1_task173,1,173,0.9,low,28,Safe Min-Latency,5,10,10,0.0,0.0,0.0,0.0,0.0,0.0,0.0,0.0
trial_001_ep1_task173,1,173,0.9,low,28,Safe Min-Latency,5,20,20,0.0,0.0,0.0,0.0,0.0,0.0,0.0,0.0
trial_001_ep1_task173,1,173,0.9,low,28,Safe Min-Latency,5,50,28,0.0,0.0,0.0,0.0,0.0,0.0,0.0,0.0
trial_001_ep1_task173,1,173,0.9,low,28,Next-best immediate,11,1,1,1.0,0.0,0.967125664117841,0.0,0.0,-0.41366073215721144,11.366178967777017,0.02664814229889112
trial_001_ep1_task173,1,173,0.9,low,28,Next-best immediate,11,5,5,0.0,0.0,0.0,0.0,0.0,-0.08273214643144211,2.2732357935554006,-0.0036640247878380605
trial_001_ep1_task173,1,173,0.9,low,28,Next-best immediate,11,10,10,0.0,0.0,0.0,0.0,0.0,-0.041366073215721055,1.1366178967777074,-0.0009630002240237912
trial_001_ep1_task173,1,173,0.9,low,28,Next-best immediate,11,20,20,0.0,0.0,0.0,0.0,0.0,-0.02068303660786075,0.5683089483888466,-0.0005408983838713355
trial_001_ep1_task173,1,173,0.9,low,28,Next-best immediate,11,50,28,0.0,0.0,0.0,0.0,0.0,-0.01477359757704333,0.4059349631348894,-0.00035655384792926403
trial_001_ep1_task173,1,173,0.9,low,28,PPO high probability,27,1,1,1.0,0.0,0.5999999999999996,0.0,0.0,1.2849545410298902,-20.480090808589793,0.0
trial_001_ep1_task173,1,173,0.9,low,28,PPO high probability,27,5,5,0.0,0.0,0.0,0.0,0.2594138350557813,0.25699090820597803,-4.096018161717957,-0.020152136333105586
trial_001_ep1_task173,1,173,0.9,low,28,PPO high probability,27,10,10,0.0,0.0,0.0,0.0,0.09882431811648817,0.12849545410298902,-2.048009080858975,-0.005296501232129769
trial_001_ep1_task173,1,173,0.9,low,28,PPO high probability,27,20,20,0.0,0.0,0.0,0.0,0.04941215905824403,0.06424772705149451,-1.0240045404294946,-0.002974941111291818
trial_001_ep1_task173,1,173,0.9,low,28,PPO high probability,27,50,28,0.0,0.0,0.0,0.0,0.03578121862838368,0.045891233608210236,-0.7314318145924901,-0.0019610461636103693
trial_001_ep1_task173,1,173,0.9,low,28,PPO sampled,11,1,1,1.0,0.0,0.967125664117841,0.0,0.0,-0.41366073215721144,11.366178967777017,0.02664814229889112
trial_001_ep1_task173,1,173,0.9,low,28,PPO sampled,11,5,5,0.0,0.0,0.0,0.0,0.0,-0.08273214643144211,2.2732357935554006,-0.0036640247878380605
trial_001_ep1_task173,1,173,0.9,low,28,PPO sampled,11,10,10,0.0,0.0,0.0,0.0,0.0,-0.041366073215721055,1.1366178967777074,-0.0009630002240237912
trial_001_ep1_task173,1,173,0.9,low,28,PPO sampled,11,20,20,0.0,0.0,0.0,0.0,0.0,-0.02068303660786075,0.5683089483888466,-0.0005408983838713355
trial_001_ep1_task173,1,173,0.9,low,28,PPO sampled,11,50,28,0.0,0.0,0.0,0.0,0.0,-0.01477359757704333,0.4059349631348894,-0.00035655384792926403
trial_001_ep1_task177,1,177,0.9,high,28,Safe Min-Latency,2,1,1,0.0,0.0,0.0,0.0,0.0,0.0,0.0,0.0
trial_001_ep1_task177,1,177,0.9,high,28,Safe Min-Latency,2,5,5,0.0,0.0,0.0,0.0,0.0,0.0,0.0,0.0
trial_001_ep1_task177,1,177,0.9,high,28,Safe Min-Latency,2,10,10,0.0,0.0,0.0,0.0,0.0,0.0,0.0,0.0
trial_001_ep1_task177,1,177,0.9,high,28,Safe Min-Latency,2,20,20,0.0,0.0,0.0,0.0,0.0,0.0,0.0,0.0
trial_001_ep1_task177,1,177,0.9,high,28,Safe Min-Latency,2,50,24,0.0,0.0,0.0,0.0,0.0,0.0,0.0,0.0
trial_001_ep1_task177,1,177,0.9,high,28,Next-best immediate,8,1,1,0.0,0.0,0.0,0.0,0.0,0.0,0.0,0.0
trial_001_ep1_task177,1,177,0.9,high,28,Next-best immediate,8,5,5,0.0,0.0,0.0,0.0,-0.008393516858601124,0.0,0.0,-0.0006292584712224714
trial_001_ep1_task177,1,177,0.9,high,28,Next-best immediate,8,10,10,0.0,0.0,0.0,0.0,-0.004014290671504939,0.0,0.0,-0.00039744184739487487
trial_001_ep1_task177,1,177,0.9,high,28,Next-best immediate,8,20,20,0.0,0.0,0.0,0.0,-0.0021983020343955273,0.0,0.0,-0.0002067809097859863
trial_001_ep1_task177,1,177,0.9,high,28,Next-best immediate,8,50,24,0.0,0.0,0.0,0.0,-0.0018103663812669146,0.0,0.0,-0.00016403416458388165
trial_001_ep1_task177,1,177,0.9,high,28,PPO high probability,21,1,1,0.0,0.0,0.0,0.0,0.0,0.0,0.0,0.0
trial_001_ep1_task177,1,177,0.9,high,28,PPO high probability,21,5,5,0.0,0.0,0.0,0.0,-0.04173885317671666,0.04999999999999982,-0.3825710707780914,-0.003460921591722621
trial_001_ep1_task177,1,177,0.9,high,28,PPO high probability,21,10,10,0.0,0.0,0.0,0.0,-0.019962060214951505,0.025000000000000355,-0.19128553538904214,-0.0021859301606711457
trial_001_ep1_task177,1,177,0.9,high,28,PPO high probability,21,20,20,0.0,0.0,0.0,0.0,-0.010931604403425776,0.012500000000000178,-0.09564276769452817,-0.0011372950038222585
trial_001_ep1_task177,1,177,0.9,high,28,PPO high probability,21,50,24,0.0,0.0,0.0,0.0,-0.009002497743997695,0.010416666666666519,-0.07970230641210208,-0.0009021879052108495
trial_001_ep1_task177,1,177,0.9,high,28,PPO sampled,12,1,1,0.0,0.0,0.0,0.0,0.0,2.3768384950365657,-68.85183847992676,0.0
trial_001_ep1_task177,1,177,0.9,high,28,PPO sampled,12,5,5,0.0,0.0,0.0,0.0,0.22052004484820298,0.5253676990073131,-14.152938766763441,-0.0021125105819603807
trial_001_ep1_task177,1,177,0.9,high,28,PPO sampled,12,10,10,0.0,0.0,0.0,0.0,0.10546610840566228,0.26268384950365675,-7.0764693833817205,-0.0013342690591109374
trial_001_ep1_task177,1,177,0.9,high,28,PPO sampled,12,20,20,0.0,0.0,0.0,0.0,0.057755249841195955,0.13134192475182838,-3.5382346916908602,-0.0006941930542810892
trial_001_ep1_task177,1,177,0.9,high,28,PPO sampled,12,50,24,0.0,0.0,0.0,0.0,0.047563146928043754,0.10945160395985676,-2.948528909742379,-0.0005506861239598093
trial_001_ep1_task180,1,180,0.99,high,28,Safe Min-Latency,4,1,1,0.0,0.0,0.0,0.0,0.0,0.0,0.0,0.0
trial_001_ep1_task180,1,180,0.99,high,28,Safe Min-Latency,4,5,5,0.0,0.0,0.0,0.0,0.0,0.0,0.0,0.0
trial_001_ep1_task180,1,180,0.99,high,28,Safe Min-Latency,4,10,10,0.0,0.0,0.0,0.0,0.0,0.0,0.0,0.0
trial_001_ep1_task180,1,180,0.99,high,28,Safe Min-Latency,4,20,20,0.0,0.0,0.0,0.0,0.0,0.0,0.0,0.0
trial_001_ep1_task180,1,180,0.99,high,28,Safe Min-Latency,4,50,21,0.0,0.0,0.0,0.0,0.0,0.0,0.0,0.0
trial_001_ep1_task180,1,180,0.99,high,28,Next-best immediate,10,1,1,0.0,0.0,0.0,0.0,0.0314143005672729,0.0,0.0,-0.005262139367926411
trial_001_ep1_task180,1,180,0.99,high,28,Next-best immediate,10,5,5,0.0,0.0,0.0,0.0,0.01713507303669437,0.0,0.0,-0.003948988465672043
trial_001_ep1_task180,1,180,0.99,high,28,Next-best immediate,10,10,10,0.0,0.0,0.0,0.0,0.00785357514181817,0.0,0.0,-0.002487578335711671
trial_001_ep1_task180,1,180,0.99,high,28,Next-best immediate,10,20,20,0.0,0.0,0.0,0.0,0.004487757223896105,0.0,0.0,-0.0012347633515227274
trial_001_ep1_task180,1,180,0.99,high,28,Next-best immediate,10,50,21,0.0,0.0,0.0,0.0,0.004097517465296463,0.0,0.0,-0.0011127663220010797
trial_001_ep1_task180,1,180,0.99,high,28,PPO high probability,20,1,1,0.0,0.0,0.0,0.0,0.3309285424415027,0.34201830462706084,-6.226617561241888,-0.018429771026231778
trial_001_ep1_task180,1,180,0.99,high,28,PPO high probability,20,5,5,0.0,0.0,0.0,0.0,0.18050647769536532,0.06840366092541217,-1.245323512248362,-0.013830677623471066
trial_001_ep1_task180,1,180,0.99,high,28,PPO high probability,20,10,10,0.0,0.0,0.0,0.0,0.08273213561037573,0.034201830462706084,-0.6226617561241881,-0.008712330847110816
trial_001_ep1_task180,1,180,0.99,high,28,PPO high probability,20,20,20,0.0,0.0,0.0,0.0,0.04727550606307185,0.017100915231353264,-0.31133087806209403,-0.004324553997723912
trial_001_ep1_task180,1,180,0.99,high,28,PPO high probability,20,50,21,0.0,0.0,0.0,0.0,0.043164592492369924,0.016286585934621733,-0.2965055981543756,-0.0038972796207529248
trial_001_ep1_task180,1,180,0.99,high,28,PPO sampled,23,1,1,0.0,0.0,0.0,0.0,0.3309285424415027,0.45801315185570957,-8.058231037527975,-0.02118612974276496
trial_001_ep1_task180,1,180,0.99,high,28,PPO sampled,23,5,5,0.0,0.0,0.0,0.0,0.18050647769536532,0.09160263037114191,-1.6116462075055864,-0.015899195391204324
trial_001_ep1_task180,1,180,0.99,high,28,PPO sampled,23,10,10,0.0,0.0,0.0,0.0,0.08273213561037573,0.04580131518557096,-0.8058231037528003,-0.010015348070579078
trial_001_ep1_task180,1,180,0.99,high,28,PPO sampled,23,20,20,0.0,0.0,0.0,0.0,0.04727550606307185,0.0229006575927857,-0.40291155187640015,-0.00497133480090256
trial_001_ep1_task180,1,180,0.99,high,28,PPO sampled,23,50,21,0.0,0.0,0.0,0.0,0.043164592492369924,0.021810150088366953,-0.38372528750133483,-0.004480157217991665
trial_001_ep1_task181,1,181,0.9,low,28,Safe Min-Latency,6,1,1,0.0,0.0,0.0,0.0,0.0,0.0,0.0,0.0
trial_001_ep1_task181,1,181,0.9,low,28,Safe Min-Latency,6,5,5,0.0,0.0,0.0,0.0,0.0,0.0,0.0,0.0
trial_001_ep1_task181,1,181,0.9,low,28,Safe Min-Latency,6,10,10,0.0,0.0,0.0,0.0,0.0,0.0,0.0,0.0
trial_001_ep1_task181,1,181,0.9,low,28,Safe Min-Latency,6,20,20,0.0,0.0,0.0,0.0,0.0,0.0,0.0,0.0
trial_001_ep1_task181,1,181,0.9,low,28,Safe Min-Latency,6,50,20,0.0,0.0,0.0,0.0,0.0,0.0,0.0,0.0
trial_001_ep1_task181,1,181,0.9,low,28,Next-best immediate,12,1,1,0.0,0.0,0.0,0.0,0.0,0.0,0.0,0.0
trial_001_ep1_task181,1,181,0.9,low,28,Next-best immediate,12,5,5,0.0,0.0,-0.9736894762675092,-0.9736894762675092,-0.09736894762675093,0.0,0.0,0.021563635678895188
trial_001_ep1_task181,1,181,0.9,low,28,Next-best immediate,12,10,10,0.0,0.0,0.0,0.0,-0.05409385979263939,0.0,0.0,-0.0047530443517743715
trial_001_ep1_task181,1,181,0.9,low,28,Next-best immediate,12,20,20,0.0,0.0,0.0,0.0,-0.024342236906687714,0.0,0.0,-0.001455284150621794
trial_001_ep1_task181,1,181,0.9,low,28,Next-best immediate,12,50,20,0.0,0.0,0.0,0.0,-0.024342236906687714,0.0,0.0,-0.001455284150621794
trial_001_ep1_task181,1,181,0.9,low,28,PPO high probability,27,1,1,0.0,0.0,0.0,0.0,0.0,0.0,0.0,0.0
trial_001_ep1_task181,1,181,0.9,low,28,PPO high probability,27,5,5,1.0,0.0,-0.6755311829409152,-0.9736894762675092,0.14470849466541155,0.266270401903671,-8.400245414506593,-0.02532287937497124
trial_001_ep1_task181,1,181,0.9,low,28,PPO high probability,27,10,10,0.0,0.0,0.0,0.0,0.08039360814745086,0.13313520095183562,-4.2001227072533,-0.023237105719785545
trial_001_ep1_task181,1,181,0.9,low,28,PPO high probability,27,20,20,0.0,0.0,0.0,0.0,0.036177123666352895,0.0665676004759177,-2.100061353626643,-0.007114722514150851
trial_001_ep1_task181,1,181,0.9,low,28,PPO high probability,27,50,20,0.0,0.0,0.0,0.0,0.036177123666352895,0.0665676004759177,-2.100061353626643,-0.007114722514150851
trial_001_ep1_task181,1,181,0.9,low,28,PPO sampled,23,1,1,0.0,0.0,0.0,0.0,0.0,0.04773410213675788,-1.071639051033273,0.0
trial_001_ep1_task181,1,181,0.9,low,28,PPO sampled,23,5,5,1.0,0.0,-0.6914724437636437,-0.9736894762675092,0.14152024250086584,0.26944071800193115,-8.393546942608623,-0.007208077832204451
trial_001_ep1_task181,1,181,0.9,low,28,PPO sampled,23,10,10,0.0,0.0,0.0,0.0,0.07862235694492548,0.13472035900096557,-4.196773471304326,-0.014523191074865993
trial_001_ep1_task181,1,181,0.9,low,28,PPO sampled,23,20,20,0.0,0.0,0.0,0.0,0.03538006062521648,0.06736017950048301,-2.0983867356521486,-0.004446701571344247
trial_001_ep1_task181,1,181,0.9,low,28,PPO sampled,23,50,20,0.0,0.0,0.0,0.0,0.03538006062521648,0.06736017950048301,-2.0983867356521486,-0.004446701571344247
trial_001_ep1_task183,1,183,0.999,medium,28,Safe Min-Latency,6,1,1,0.0,0.0,0.0,0.0,0.0,0.0,0.0,0.0
trial_001_ep1_task183,1,183,0.999,medium,28,Safe Min-Latency,6,5,5,0.0,0.0,0.0,0.0,0.0,0.0,0.0,0.0
trial_001_ep1_task183,1,183,0.999,medium,28,Safe Min-Latency,6,10,10,0.0,0.0,0.0,0.0,0.0,0.0,0.0,0.0
trial_001_ep1_task183,1,183,0.999,medium,28,Safe Min-Latency,6,20,18,0.0,0.0,0.0,0.0,0.0,0.0,0.0,0.0
trial_001_ep1_task183,1,183,0.999,medium,28,Safe Min-Latency,6,50,18,0.0,0.0,0.0,0.0,0.0,0.0,0.0,0.0
trial_001_ep1_task183,1,183,0.999,medium,28,Next-best immediate,12,1,1,0.0,0.0,-0.3453062514342973,-0.3453062514342977,0.0,0.0,0.0,0.031446160360762865
trial_001_ep1_task183,1,183,0.999,medium,28,Next-best immediate,12,5,5,0.0,0.0,0.0,0.0,-0.12647700740387274,0.0,0.0,-0.005068467023894296
trial_001_ep1_task183,1,183,0.999,medium,28,Next-best immediate,12,10,10,0.0,0.0,0.0,0.0,-0.06624986102107622,0.0,0.0,-0.0021595480681737
trial_001_ep1_task183,1,183,0.999,medium,28,Next-best immediate,12,20,18,0.0,0.0,0.0,0.0,-0.03760127247142164,0.0,0.0,-0.0009908254640355607
trial_001_ep1_task183,1,183,0.999,medium,28,Next-best immediate,12,50,18,0.0,0.0,0.0,0.0,-0.03760127247142164,0.0,0.0,-0.0009908254640355607
trial_001_ep1_task183,1,183,0.999,medium,28,PPO high probability,21,1,1,0.0,0.0,-0.7929964506565508,-0.7929964506565512,0.0,0.0,0.0,0.039307700450962324
trial_001_ep1_task183,1,183,0.999,medium,28,PPO high probability,21,5,5,0.0,0.0,0.0,0.0,-0.05025448767841312,0.16768954339601128,-3.4731883471901597,-0.015929467789382867
trial_001_ep1_task183,1,183,0.999,medium,28,PPO high probability,21,10,10,0.0,0.0,0.0,0.0,-0.02632377926012114,0.08384477169800553,-1.7365941735950798,-0.006787151071403319
trial_001_ep1_task183,1,183,0.999,medium,28,PPO high probability,21,20,18,0.0,0.0,0.0,0.0,-0.014940523363852543,0.04658042872111423,-0.9647745408861539,-0.0031140228869691033
trial_001_ep1_task183,1,183,0.999,medium,28,PPO high probability,21,50,18,0.0,0.0,0.0,0.0,-0.014940523363852543,0.04658042872111423,-0.9647745408861539,-0.0031140228869691033
trial_001_ep1_task183,1,183,0.999,medium,28,PPO sampled,17,1,1,0.0,1.0,-0.1222567616942225,-0.04117784030191851,0.2698891132823462,0.0,0.0,-0.04638459909807535
trial_001_ep1_task183,1,183,0.999,medium,28,PPO sampled,17,5,5,0.0,0.0,0.0,0.0,-0.09202221765755009,0.0,0.0,-0.00929218954380695
trial_001_ep1_task183,1,183,0.999,medium,28,PPO sampled,17,10,10,0.0,0.0,0.0,0.0,-0.04820211401109764,0.0,0.0,-0.003959171458318755
trial_001_ep1_task183,1,183,0.999,medium,28,PPO sampled,17,20,18,0.0,0.0,0.0,0.0,-0.02735795660089324,0.0,0.0,-0.0018165133507320186
trial_001_ep1_task183,1,183,0.999,medium,28,PPO sampled,17,50,18,0.0,0.0,0.0,0.0,-0.02735795660089324,0.0,0.0,-0.0018165133507320186
trial_001_ep1_task184,1,184,0.9999,medium,9,Safe Min-Latency,25,1,1,0.0,0.0,0.0,0.0,0.0,0.0,0.0,0.0
trial_001_ep1_task184,1,184,0.9999,medium,9,Safe Min-Latency,25,5,5,0.0,0.0,0.0,0.0,0.0,0.0,0.0,0.0
trial_001_ep1_task184,1,184,0.9999,medium,9,Safe Min-Latency,25,10,10,0.0,0.0,0.0,0.0,0.0,0.0,0.0,0.0
trial_001_ep1_task184,1,184,0.9999,medium,9,Safe Min-Latency,25,20,17,0.0,0.0,0.0,0.0,0.0,0.0,0.0,0.0
trial_001_ep1_task184,1,184,0.9999,medium,9,Safe Min-Latency,25,50,17,0.0,0.0,0.0,0.0,0.0,0.0,0.0,0.0
trial_001_ep1_task184,1,184,0.9999,medium,9,Next-best immediate,26,1,1,0.0,0.0,0.0,0.0,0.0,0.0,0.0,0.0
trial_001_ep1_task184,1,184,0.9999,medium,9,Next-best immediate,26,5,5,0.0,0.0,0.0,0.0,-0.02779065682991838,0.0,0.0,-0.0030033435436589984
trial_001_ep1_task184,1,184,0.9999,medium,9,Next-best immediate,26,10,10,0.0,0.0,0.0,0.0,-0.011910281498536457,0.0,0.0,-0.0009561517100554751
trial_001_ep1_task184,1,184,0.9999,medium,9,Next-best immediate,26,20,17,0.0,0.0,0.0,0.0,-0.007146168899121869,0.0,0.0,-0.0005325751674871704
trial_001_ep1_task184,1,184,0.9999,medium,9,Next-best immediate,26,50,17,0.0,0.0,0.0,0.0,-0.007146168899121869,0.0,0.0,-0.0005325751674871704
trial_001_ep1_task184,1,184,0.9999,medium,9,PPO high probability,27,1,1,0.0,0.0,0.0,0.0,0.0,0.4174195458618897,-15.45229668624269,0.0
trial_001_ep1_task184,1,184,0.9999,medium,9,PPO high probability,27,5,5,0.0,0.0,0.0,0.0,0.061258203528697985,0.08348390917237802,-3.0904593372485323,-0.004770016216399275
trial_001_ep1_task184,1,184,0.9999,medium,9,PPO high probability,27,10,10,0.0,0.0,0.0,0.0,0.02625351579801341,0.04174195458618901,-1.5452296686242732,-0.001518593892440967
trial_001_ep1_task184,1,184,0.9999,medium,9,PPO high probability,27,20,17,0.0,0.0,0.0,0.0,0.015752109478808063,0.024554090933052386,-0.9089586286025053,-0.0008458546777736498
trial_001_ep1_task184,1,184,0.9999,medium,9,PPO high probability,27,50,17,0.0,0.0,0.0,0.0,0.015752109478808063,0.024554090933052386,-0.9089586286025053,-0.0008458546777736498
trial_001_ep1_task184,1,184,0.9999,medium,9,PPO sampled,27,1,1,0.0,0.0,0.0,0.0,0.0,0.4174195458618897,-15.45229668624269,0.0
trial_001_ep1_task184,1,184,0.9999,medium,9,PPO sampled,27,5,5,0.0,0.0,0.0,0.0,0.061258203528697985,0.08348390917237802,-3.0904593372485323,-0.004770016216399275
trial_001_ep1_task184,1,184,0.9999,medium,9,PPO sampled,27,10,10,0.0,0.0,0.0,0.0,0.02625351579801341,0.04174195458618901,-1.5452296686242732,-0.001518593892440967
trial_001_ep1_task184,1,184,0.9999,medium,9,PPO sampled,27,20,17,0.0,0.0,0.0,0.0,0.015752109478808063,0.024554090933052386,-0.9089586286025053,-0.0008458546777736498
trial_001_ep1_task184,1,184,0.9999,medium,9,PPO sampled,27,50,17,0.0,0.0,0.0,0.0,0.015752109478808063,0.024554090933052386,-0.9089586286025053,-0.0008458546777736498
trial_001_ep1_task185,1,185,0.9,medium,28,Safe Min-Latency,4,1,1,0.0,0.0,0.0,0.0,0.0,0.0,0.0,0.0
trial_001_ep1_task185,1,185,0.9,medium,28,Safe Min-Latency,4,5,5,0.0,0.0,0.0,0.0,0.0,0.0,0.0,0.0
trial_001_ep1_task185,1,185,0.9,medium,28,Safe Min-Latency,4,10,10,0.0,0.0,0.0,0.0,0.0,0.0,0.0,0.0
trial_001_ep1_task185,1,185,0.9,medium,28,Safe Min-Latency,4,20,16,0.0,0.0,0.0,0.0,0.0,0.0,0.0,0.0
trial_001_ep1_task185,1,185,0.9,medium,28,Safe Min-Latency,4,50,16,0.0,0.0,0.0,0.0,0.0,0.0,0.0,0.0
trial_001_ep1_task185,1,185,0.9,medium,28,Next-best immediate,10,1,1,0.0,0.0,-0.3830667598643376,-0.3830667598643376,0.0,0.0,0.0,0.014943886423969044
trial_001_ep1_task185,1,185,0.9,medium,28,Next-best immediate,10,5,5,0.0,0.0,0.0,0.0,0.005671793537457087,0.0,0.0,-0.004411231338948884
trial_001_ep1_task185,1,185,0.9,medium,28,Next-best immediate,10,10,10,0.0,0.0,0.0,0.0,0.003205796347258344,0.0,0.0,-0.0017144405813350194
trial_001_ep1_task185,1,185,0.9,medium,28,Next-best immediate,10,20,16,0.0,0.0,0.0,0.0,0.0021066661710554824,0.0,0.0,-0.0010167610745414057
trial_001_ep1_task185,1,185,0.9,medium,28,Next-best immediate,10,50,16,0.0,0.0,0.0,0.0,0.0021066661710554824,0.0,0.0,-0.0010167610745414057
trial_001_ep1_task185,1,185,0.9,medium,28,PPO high probability,27,1,1,1.0,1.0,1.243599259080547,0.4917575524071405,0.2309021682927172,1.1310240857486633,-24.70686015410496,-0.18370772217807513
trial_001_ep1_task185,1,185,0.9,medium,28,PPO high probability,27,5,5,0.0,0.0,0.0,0.0,0.22724269844347697,0.22620481714973262,-4.941372030820986,-0.025847509120050682
trial_001_ep1_task185,1,185,0.9,medium,28,PPO high probability,27,10,10,0.0,0.0,0.0,0.0,0.12844152520718263,0.1131024085748662,-2.470686015410493,-0.01004572536710363
trial_001_ep1_task185,1,185,0.9,medium,28,PPO high probability,27,20,16,0.0,0.0,0.0,0.0,0.08440443085043428,0.07068900535929146,-1.5441787596315635,-0.005957688257035465
trial_001_ep1_task185,1,185,0.9,medium,28,PPO high probability,27,50,16,0.0,0.0,0.0,0.0,0.08440443085043428,0.07068900535929146,-1.5441787596315635,-0.005957688257035465
trial_001_ep1_task185,1,185,0.9,medium,28,PPO sampled,2,1,1,1.0,0.0,0.13287032139209032,0.0,0.0,0.1960781434403316,-5.876745687998451,0.010252703732047452
trial_001_ep1_task185,1,185,0.9,medium,28,PPO sampled,2,5,5,0.0,0.0,0.0,0.0,0.0,0.03921562868806627,-1.1753491375996816,0.006116413201063375
trial_001_ep1_task185,1,185,0.9,medium,28,PPO sampled,2,10,10,0.0,0.0,0.0,0.0,0.0,0.019607814344033025,-0.5876745687998408,0.002377165511935009
trial_001_ep1_task185,1,185,0.9,medium,28,PPO sampled,2,20,16,0.0,0.0,0.0,0.0,0.0,0.012254883965020724,-0.3672966054999023,0.0014097947672213618
trial_001_ep1_task185,1,185,0.9,medium,28,PPO sampled,2,50,16,0.0,0.0,0.0,0.0,0.0,0.012254883965020724,-0.3672966054999023,0.0014097947672213618
trial_001_ep1_task186,1,186,0.9,medium,28,Safe Min-Latency,5,1,1,0.0,0.0,0.0,0.0,0.0,0.0,0.0,0.0
trial_001_ep1_task186,1,186,0.9,medium,28,Safe Min-Latency,5,5,5,0.0,0.0,0.0,0.0,0.0,0.0,0.0,0.0
trial_001_ep1_task186,1,186,0.9,medium,28,Safe Min-Latency,5,10,10,0.0,0.0,0.0,0.0,0.0,0.0,0.0,0.0
trial_001_ep1_task186,1,186,0.9,medium,28,Safe Min-Latency,5,20,15,0.0,0.0,0.0,0.0,0.0,0.0,0.0,0.0
trial_001_ep1_task186,1,186,0.9,medium,28,Safe Min-Latency,5,50,15,0.0,0.0,0.0,0.0,0.0,0.0,0.0,0.0
trial_001_ep1_task186,1,186,0.9,medium,28,Next-best immediate,11,1,1,0.0,0.0,-0.774981894033095,-0.774981894033095,-0.05631092734736853,0.0,0.0,0.037544068292260535
trial_001_ep1_task186,1,186,0.9,medium,28,Next-best immediate,11,5,5,-1.0,0.0,-0.48862774252205554,0.0,-0.014077731836842133,0.0,0.0,0.005347236332712169
trial_001_ep1_task186,1,186,0.9,medium,28,Next-best immediate,11,10,10,0.0,0.0,0.0,0.0,-0.005631092734736859,0.0,0.0,-0.0029998137389811164
trial_001_ep1_task186,1,186,0.9,medium,28,Next-best immediate,11,20,15,0.0,0.0,0.0,0.0,-0.003754061823157906,0.0,0.0,-0.0018191861758473649
trial_001_ep1_task186,1,186,0.9,medium,28,Next-best immediate,11,50,15,0.0,0.0,0.0,0.0,-0.003754061823157906,0.0,0.0,-0.0018191861758473649
trial_001_ep1_task186,1,186,0.9,medium,28,PPO high probability,27,1,1,0.0,0.0,-2.0777332429175885,-2.0777332429175885,-0.05631092734736853,0.0,0.0,0.02693615851707515
trial_001_ep1_task186,1,186,0.9,medium,28,PPO high probability,27,5,5,-1.0,0.0,-0.48862774252205554,0.0,-0.014077731836842133,0.0,0.0,-0.03957182074237958
trial_001_ep1_task186,1,186,0.9,medium,28,PPO high probability,27,10,10,0.0,0.0,0.0,0.0,-0.005631092734736859,0.0,0.0,-0.01649897556439639
trial_001_ep1_task186,1,186,0.9,medium,28,PPO high probability,27,20,15,0.0,0.0,0.0,0.0,-0.003754061823157906,0.0,0.0,-0.010005523967160757
trial_001_ep1_task186,1,186,0.9,medium,28,PPO high probability,27,50,15,0.0,0.0,0.0,0.0,-0.003754061823157906,0.0,0.0,-0.010005523967160757
trial_001_ep1_task186,1,186,0.9,medium,28,PPO sampled,7,1,1,0.0,0.0,0.5140407362991812,-0.774981894033095,-0.05631092734736853,1.2890226303322834,-16.628112445693894,0.01150647157134338
trial_001_ep1_task186,1,186,0.9,medium,28,PPO sampled,7,5,5,0.0,0.0,0.23093349932505203,0.0,0.021629653913933566,0.2361430000857807,-1.6142893066260626,0.013273726680605225
trial_001_ep1_task186,1,186,0.9,medium,28,PPO sampled,7,10,10,0.0,0.0,0.0,0.0,0.008651861565573418,0.11807150004289046,-0.8071446533130171,0.006166283796794736
trial_001_ep1_task186,1,186,0.9,medium,28,PPO sampled,7,20,15,0.0,0.0,0.0,0.0,0.00576790771038227,0.07871433336192712,-0.5380964355420161,0.003739438250353111
trial_001_ep1_task186,1,186,0.9,medium,28,PPO sampled,7,50,15,0.0,0.0,0.0,0.0,0.00576790771038227,0.07871433336192712,-0.5380964355420161,0.003739438250353111
trial_001_ep1_task188,1,188,0.99,medium,28,Safe Min-Latency,5,1,1,0.0,0.0,0.0,0.0,0.0,0.0,0.0,0.0
trial_001_ep1_task188,1,188,0.99,medium,28,Safe Min-Latency,5,5,5,0.0,0.0,0.0,0.0,0.0,0.0,0.0,0.0
trial_001_ep1_task188,1,188,0.99,medium,28,Safe Min-Latency,5,10,10,0.0,0.0,0.0,0.0,0.0,0.0,0.0,0.0
trial_001_ep1_task188,1,188,0.99,medium,28,Safe Min-Latency,5,20,13,0.0,0.0,0.0,0.0,0.0,0.0,0.0,0.0
trial_001_ep1_task188,1,188,0.99,medium,28,Safe Min-Latency,5,50,13,0.0,0.0,0.0,0.0,0.0,0.0,0.0,0.0
trial_001_ep1_task188,1,188,0.99,medium,28,Next-best immediate,11,1,1,0.0,0.0,0.0,0.0,0.0,0.0,0.0,0.0
trial_001_ep1_task188,1,188,0.99,medium,28,Next-best immediate,11,5,5,0.0,0.0,0.0,0.0,0.10544789609167537,0.0,0.0,-0.0023293349142293196
trial_001_ep1_task188,1,188,0.99,medium,28,Next-best immediate,11,10,10,0.0,0.0,0.0,0.0,0.05272394804583769,0.0,0.0,-0.0010286596587327224
trial_001_ep1_task188,1,188,0.99,medium,28,Next-best immediate,11,20,13,0.0,0.0,0.0,0.0,0.04055688311218286,0.0,0.0,-0.0007624103707442043
trial_001_ep1_task188,1,188,0.99,medium,28,Next-best immediate,11,50,13,0.0,0.0,0.0,0.0,0.04055688311218286,0.0,0.0,-0.0007624103707442043
trial_001_ep1_task188,1,188,0.99,medium,28,PPO high probability,27,1,1,0.0,0.0,0.0,0.0,0.0,0.0,0.0,0.0
trial_001_ep1_task188,1,188,0.99,medium,28,PPO high probability,27,5,5,0.0,0.0,0.0,0.0,0.05099292771886324,0.062393115609040706,-1.7009512377044302,-0.012811342028261452
trial_001_ep1_task188,1,188,0.99,medium,28,PPO high probability,27,10,10,0.0,0.0,0.0,0.0,0.025496463859431634,0.031196557804520353,-0.8504756188522151,-0.00565762812302989
trial_001_ep1_task188,1,188,0.99,medium,28,PPO high probability,27,20,13,0.0,0.0,0.0,0.0,0.0196126645072551,0.02399735215732335,-0.6542120145017023,-0.004193257039093123
trial_001_ep1_task188,1,188,0.99,medium,28,PPO high probability,27,50,13,0.0,0.0,0.0,0.0,0.0196126645072551,0.02399735215732335,-0.6542120145017023,-0.004193257039093123
trial_001_ep1_task188,1,188,0.99,medium,28,PPO sampled,13,1,1,0.0,0.0,0.0,0.0,0.0,0.21943501775200502,-13.69763555699626,0.0
trial_001_ep1_task188,1,188,0.99,medium,28,PPO sampled,13,5,5,0.0,0.0,0.0,0.0,0.09199592984565469,0.043887003550401094,-2.739527111399255,-0.00020335463536963472
trial_001_ep1_task188,1,188,0.99,medium,28,PPO sampled,13,10,10,0.0,0.0,0.0,0.0,0.045997964922827345,0.021943501775200547,-1.3697635556996204,-8.980362100063921e-05
trial_001_ep1_task188,1,188,0.99,medium,28,PPO sampled,13,20,13,0.0,0.0,0.0,0.0,0.0353830499406364,0.01687961675015437,-1.053664273615098,-6.655963554125233e-05
trial_001_ep1_task188,1,188,0.99,medium,28,PPO sampled,13,50,13,0.0,0.0,0.0,0.0,0.0353830499406364,0.01687961675015437,-1.053664273615098,-6.655963554125233e-05
trial_001_ep1_task189,1,189,0.9,medium,28,Safe Min-Latency,5,1,1,0.0,0.0,0.0,0.0,0.0,0.0,0.0,0.0
trial_001_ep1_task189,1,189,0.9,medium,28,Safe Min-Latency,5,5,5,0.0,0.0,0.0,0.0,0.0,0.0,0.0,0.0
trial_001_ep1_task189,1,189,0.9,medium,28,Safe Min-Latency,5,10,10,0.0,0.0,0.0,0.0,0.0,0.0,0.0,0.0
trial_001_ep1_task189,1,189,0.9,medium,28,Safe Min-Latency,5,20,12,0.0,0.0,0.0,0.0,0.0,0.0,0.0,0.0
trial_001_ep1_task189,1,189,0.9,medium,28,Safe Min-Latency,5,50,12,0.0,0.0,0.0,0.0,0.0,0.0,0.0,0.0
trial_001_ep1_task189,1,189,0.9,medium,28,Next-best immediate,11,1,1,0.0,0.0,0.2709261108305814,0.2709261108305814,0.18640252902380894,0.0,0.0,-0.04806582525047032
trial_001_ep1_task189,1,189,0.9,medium,28,Next-best immediate,11,5,5,0.0,0.0,0.0,0.0,0.06213417634126964,0.0,0.0,-0.0029329754595535107
trial_001_ep1_task189,1,189,0.9,medium,28,Next-best immediate,11,10,10,0.0,0.0,0.0,0.0,0.03389136891341979,0.0,0.0,-0.0016994172581331624
trial_001_ep1_task189,1,189,0.9,medium,28,Next-best immediate,11,20,12,0.0,0.0,0.0,0.0,0.02867731215750907,0.0,0.0,-0.0013535959370100659
trial_001_ep1_task189,1,189,0.9,medium,28,Next-best immediate,11,50,12,0.0,0.0,0.0,0.0,0.02867731215750907,0.0,0.0,-0.0013535959370100659
trial_001_ep1_task189,1,189,0.9,medium,28,PPO high probability,27,1,1,0.0,0.0,-1.3159956851086119,-0.8140675867203677,0.0,0.0,0.0,0.016621743108333198
trial_001_ep1_task189,1,189,0.9,medium,28,PPO high probability,27,5,5,0.0,0.0,0.0,0.0,0.0,0.0,0.0,-0.01613136502754195
trial_001_ep1_task189,1,189,0.9,medium,28,PPO high probability,27,10,10,0.0,0.0,0.0,0.0,0.0,0.0,0.0,-0.009346794919731005
trial_001_ep1_task189,1,189,0.9,medium,28,PPO high probability,27,20,12,0.0,0.0,0.0,0.0,0.0,0.0,0.0,-0.007444777653554391
trial_001_ep1_task189,1,189,0.9,medium,28,PPO high probability,27,50,12,0.0,0.0,0.0,0.0,0.0,0.0,0.0,-0.007444777653554391
trial_001_ep1_task189,1,189,0.9,medium,28,PPO sampled,24,1,1,0.0,0.0,-0.6122517797598999,-0.6836688241123887,0.0,0.0714170443524722,-2.1921292263051555,-0.028256963284156722
trial_001_ep1_task189,1,189,0.9,medium,28,PPO sampled,24,5,5,0.0,0.0,0.0,0.0,0.0,0.014283408870494396,-0.4384258452610226,-0.012546617243643393
trial_001_ep1_task189,1,189,0.9,medium,28,PPO sampled,24,10,10,0.0,0.0,0.0,0.0,0.0,0.007141704435247309,-0.2192129226305113,-0.007269729382012757
trial_001_ep1_task189,1,189,0.9,medium,28,PPO sampled,24,20,12,0.0,0.0,0.0,0.0,0.0,0.005951420362706017,-0.18267743552542726,-0.005790382619431045
trial_001_ep1_task189,1,189,0.9,medium,28,PPO sampled,24,50,12,0.0,0.0,0.0,0.0,0.0,0.005951420362706017,-0.18267743552542726,-0.005790382619431045
trial_001_ep1_task190,1,190,0.9999,medium,9,Safe Min-Latency,5,1,1,0.0,0.0,0.0,0.0,0.0,0.0,0.0,0.0
trial_001_ep1_task190,1,190,0.9999,medium,9,Safe Min-Latency,5,5,5,0.0,0.0,0.0,0.0,0.0,0.0,0.0,0.0
trial_001_ep1_task190,1,190,0.9999,medium,9,Safe Min-Latency,5,10,10,0.0,0.0,0.0,0.0,0.0,0.0,0.0,0.0
trial_001_ep1_task190,1,190,0.9999,medium,9,Safe Min-Latency,5,20,11,0.0,0.0,0.0,0.0,0.0,0.0,0.0,0.0
trial_001_ep1_task190,1,190,0.9999,medium,9,Safe Min-Latency,5,50,11,0.0,0.0,0.0,0.0,0.0,0.0,0.0,0.0
trial_001_ep1_task190,1,190,0.9999,medium,9,Next-best immediate,11,1,1,0.0,0.0,0.0,0.0,0.0,-0.5010574527788094,8.384960140562463,0.0
trial_001_ep1_task190,1,190,0.9999,medium,9,Next-best immediate,11,5,5,0.0,0.0,0.0,0.0,0.0,-0.10021149055576162,1.676992028112494,-0.002537285439954129
trial_001_ep1_task190,1,190,0.9999,medium,9,Next-best immediate,11,10,10,0.0,0.0,0.0,0.0,0.0,-0.05010574527788103,0.8384960140562328,-0.001455717759433539
trial_001_ep1_task190,1,190,0.9999,medium,9,Next-best immediate,11,20,11,0.0,0.0,0.0,0.0,0.0,-0.04555067752534647,0.7622691036874869,-0.0011954764993904465
trial_001_ep1_task190,1,190,0.9999,medium,9,Next-best immediate,11,50,11,0.0,0.0,0.0,0.0,0.0,-0.04555067752534647,0.7622691036874869,-0.0011954764993904465
trial_001_ep1_task190,1,190,0.9999,medium,9,PPO high probability,27,1,1,0.0,0.0,0.0,0.0,0.0,-0.06951772569436798,1.019726433750371,0.0
trial_001_ep1_task190,1,190,0.9999,medium,9,PPO high probability,27,5,5,0.0,0.0,0.0,0.0,0.10856886368378582,-0.013903545138873596,0.20394528675006995,-0.013955069919751067
trial_001_ep1_task190,1,190,0.9999,medium,9,PPO high probability,27,10,10,0.0,0.0,0.0,0.0,0.060316035379881006,-0.006951772569436798,0.10197264337502787,-0.008006447676886519
trial_001_ep1_task190,1,190,0.9999,medium,9,PPO high probability,27,20,11,0.0,0.0,0.0,0.0,0.04934948349262991,-0.006319793244942584,0.0927024030682091,-0.006575120746648844
trial_001_ep1_task190,1,190,0.9999,medium,9,PPO high probability,27,50,11,0.0,0.0,0.0,0.0,0.04934948349262991,-0.006319793244942584,0.0927024030682091,-0.006575120746648844
trial_001_ep1_task190,1,190,0.9999,medium,9,PPO sampled,20,1,1,0.0,0.0,0.0,0.0,0.0,-0.9532698679216196,18.748969294711102,0.0
trial_001_ep1_task190,1,190,0.9999,medium,9,PPO sampled,20,5,5,0.0,0.0,0.0,0.0,0.0,-0.1906539735843238,3.749793858942226,-0.007974325668429288
trial_001_ep1_task190,1,190,0.9999,medium,9,PPO sampled,20,10,10,0.0,0.0,0.0,0.0,0.0,-0.09532698679216223,1.874896929471106,-0.004575112958220884
trial_001_ep1_task190,1,190,0.9999,medium,9,PPO sampled,20,20,11,0.0,0.0,0.0,0.0,0.0,-0.08666089708378344,1.7044517540646424,-0.003757211855227982
trial_001_ep1_task190,1,190,0.9999,medium,9,PPO sampled,20,50,11,0.0,0.0,0.0,0.0,0.0,-0.08666089708378344,1.7044517540646424,-0.003757211855227982
trial_001_ep1_task191,1,191,0.9999,medium,5,Safe Min-Latency,27,1,1,0.0,0.0,0.0,0.0,0.0,0.0,0.0,0.0
trial_001_ep1_task191,1,191,0.9999,medium,5,Safe Min-Latency,27,5,5,0.0,0.0,0.0,0.0,0.0,0.0,0.0,0.0
trial_001_ep1_task191,1,191,0.9999,medium,5,Safe Min-Latency,27,10,10,0.0,0.0,0.0,0.0,0.0,0.0,0.0,0.0
trial_001_ep1_task191,1,191,0.9999,medium,5,Safe Min-Latency,27,20,10,0.0,0.0,0.0,0.0,0.0,0.0,0.0,0.0
trial_001_ep1_task191,1,191,0.9999,medium,5,Safe Min-Latency,27,50,10,0.0,0.0,0.0,0.0,0.0,0.0,0.0,0.0
trial_001_ep1_task191,1,191,0.9999,medium,5,Next-best immediate,5,1,1,1.0,1.0,0.20304129307874064,0.20304129307874064,0.0,0.03117439972345437,-1.023785226870956,0.0492731525787351
trial_001_ep1_task191,1,191,0.9999,medium,5,Next-best immediate,5,5,5,0.0,0.0,0.0,0.0,0.0,0.006234879944690963,-0.20475704537419404,0.0168482517018598
trial_001_ep1_task191,1,191,0.9999,medium,5,Next-best immediate,5,10,10,0.0,0.0,0.0,0.0,0.0,0.0031174399723452595,-0.10237852268710412,0.00873955565093576
trial_001_ep1_task191,1,191,0.9999,medium,5,Next-best immediate,5,20,10,0.0,0.0,0.0,0.0,0.0,0.0031174399723452595,-0.10237852268710412,0.00873955565093576
trial_001_ep1_task191,1,191,0.9999,medium,5,Next-best immediate,5,50,10,0.0,0.0,0.0,0.0,0.0,0.0031174399723452595,-0.10237852268710412,0.00873955565093576
trial_001_ep1_task191,1,191,0.9999,medium,5,PPO high probability,27,1,1,0.0,0.0,0.0,0.0,0.0,0.0,0.0,0.0
trial_001_ep1_task191,1,191,0.9999,medium,5,PPO high probability,27,5,5,0.0,0.0,0.0,0.0,0.0,0.0,0.0,0.0
trial_001_ep1_task191,1,191,0.9999,medium,5,PPO high probability,27,10,10,0.0,0.0,0.0,0.0,0.0,0.0,0.0,0.0
trial_001_ep1_task191,1,191,0.9999,medium,5,PPO high probability,27,20,10,0.0,0.0,0.0,0.0,0.0,0.0,0.0,0.0
trial_001_ep1_task191,1,191,0.9999,medium,5,PPO high probability,27,50,10,0.0,0.0,0.0,0.0,0.0,0.0,0.0,0.0
trial_001_ep1_task191,1,191,0.9999,medium,5,PPO sampled,27,1,1,0.0,0.0,0.0,0.0,0.0,0.0,0.0,0.0
trial_001_ep1_task191,1,191,0.9999,medium,5,PPO sampled,27,5,5,0.0,0.0,0.0,0.0,0.0,0.0,0.0,0.0
trial_001_ep1_task191,1,191,0.9999,medium,5,PPO sampled,27,10,10,0.0,0.0,0.0,0.0,0.0,0.0,0.0,0.0
trial_001_ep1_task191,1,191,0.9999,medium,5,PPO sampled,27,20,10,0.0,0.0,0.0,0.0,0.0,0.0,0.0,0.0
trial_001_ep1_task191,1,191,0.9999,medium,5,PPO sampled,27,50,10,0.0,0.0,0.0,0.0,0.0,0.0,0.0,0.0
trial_001_ep1_task192,1,192,0.99,low,28,Safe Min-Latency,5,1,1,0.0,0.0,0.0,0.0,0.0,0.0,0.0,0.0
trial_001_ep1_task192,1,192,0.99,low,28,Safe Min-Latency,5,5,5,0.0,0.0,0.0,0.0,0.0,0.0,0.0,0.0
trial_001_ep1_task192,1,192,0.99,low,28,Safe Min-Latency,5,10,9,0.0,0.0,0.0,0.0,0.0,0.0,0.0,0.0
trial_001_ep1_task192,1,192,0.99,low,28,Safe Min-Latency,5,20,9,0.0,0.0,0.0,0.0,0.0,0.0,0.0,0.0
trial_001_ep1_task192,1,192,0.99,low,28,Safe Min-Latency,5,50,9,0.0,0.0,0.0,0.0,0.0,0.0,0.0,0.0
trial_001_ep1_task192,1,192,0.99,low,28,Next-best immediate,11,1,1,0.0,0.0,0.0,0.0,0.0,0.0,0.0,-0.006751189010571743
trial_001_ep1_task192,1,192,0.99,low,28,Next-best immediate,11,5,5,0.0,0.0,0.0,0.0,0.0,0.0,0.0,-0.0018324038232146733
trial_001_ep1_task192,1,192,0.99,low,28,Next-best immediate,11,10,9,0.0,0.0,0.0,0.0,0.0,0.0,0.0,-0.0009704549350820213
trial_001_ep1_task192,1,192,0.99,low,28,Next-best immediate,11,20,9,0.0,0.0,0.0,0.0,0.0,0.0,0.0,-0.0009704549350820213
trial_001_ep1_task192,1,192,0.99,low,28,Next-best immediate,11,50,9,0.0,0.0,0.0,0.0,0.0,0.0,0.0,-0.0009704549350820213
trial_001_ep1_task192,1,192,0.99,low,28,PPO high probability,27,1,1,0.0,0.0,0.0,0.0,0.0,0.0,0.0,-0.03713153955814458
trial_001_ep1_task192,1,192,0.99,low,28,PPO high probability,27,5,5,0.0,0.0,0.0,0.0,0.0,0.0,0.0,-0.010078221027680662
trial_001_ep1_task192,1,192,0.99,low,28,PPO high probability,27,10,9,0.0,0.0,0.0,0.0,0.0,0.0,0.0,-0.005337502142951089
trial_001_ep1_task192,1,192,0.99,low,28,PPO high probability,27,20,9,0.0,0.0,0.0,0.0,0.0,0.0,0.0,-0.005337502142951089
trial_001_ep1_task192,1,192,0.99,low,28,PPO high probability,27,50,9,0.0,0.0,0.0,0.0,0.0,0.0,0.0,-0.005337502142951089
trial_001_ep1_task192,1,192,0.99,low,28,PPO sampled,11,1,1,0.0,0.0,0.0,0.0,0.0,0.0,0.0,-0.006751189010571743
trial_001_ep1_task192,1,192,0.99,low,28,PPO sampled,11,5,5,0.0,0.0,0.0,0.0,0.0,0.0,0.0,-0.0018324038232146733
trial_001_ep1_task192,1,192,0.99,low,28,PPO sampled,11,10,9,0.0,0.0,0.0,0.0,0.0,0.0,0.0,-0.0009704549350820213
trial_001_ep1_task192,1,192,0.99,low,28,PPO sampled,11,20,9,0.0,0.0,0.0,0.0,0.0,0.0,0.0,-0.0009704549350820213
trial_001_ep1_task192,1,192,0.99,low,28,PPO sampled,11,50,9,0.0,0.0,0.0,0.0,0.0,0.0,0.0,-0.0009704549350820213
trial_001_ep1_task193,1,193,0.9,low,28,Safe Min-Latency,5,1,1,0.0,0.0,0.0,0.0,0.0,0.0,0.0,0.0
trial_001_ep1_task193,1,193,0.9,low,28,Safe Min-Latency,5,5,5,0.0,0.0,0.0,0.0,0.0,0.0,0.0,0.0
trial_001_ep1_task193,1,193,0.9,low,28,Safe Min-Latency,5,10,8,0.0,0.0,0.0,0.0,0.0,0.0,0.0,0.0
trial_001_ep1_task193,1,193,0.9,low,28,Safe Min-Latency,5,20,8,0.0,0.0,0.0,0.0,0.0,0.0,0.0,0.0
trial_001_ep1_task193,1,193,0.9,low,28,Safe Min-Latency,5,50,8,0.0,0.0,0.0,0.0,0.0,0.0,0.0,0.0
trial_001_ep1_task193,1,193,0.9,low,28,Next-best immediate,11,1,1,0.0,0.0,0.0,0.0,0.0,0.0,0.0,-0.003878839739416086
trial_001_ep1_task193,1,193,0.9,low,28,Next-best immediate,11,5,5,0.0,0.0,0.0,0.0,0.0,0.0,0.0,-0.0012753633238030693
trial_001_ep1_task193,1,193,0.9,low,28,Next-best immediate,11,10,8,0.0,0.0,0.0,0.0,0.0,0.0,0.0,-0.0007846424595214785
trial_001_ep1_task193,1,193,0.9,low,28,Next-best immediate,11,20,8,0.0,0.0,0.0,0.0,0.0,0.0,0.0,-0.0007846424595214785
trial_001_ep1_task193,1,193,0.9,low,28,Next-best immediate,11,50,8,0.0,0.0,0.0,0.0,0.0,0.0,0.0,-0.0007846424595214785
trial_001_ep1_task193,1,193,0.9,low,28,PPO high probability,27,1,1,0.0,0.0,0.0,0.0,0.0,0.0,0.0,-0.021333618566792528
trial_001_ep1_task193,1,193,0.9,low,28,PPO high probability,27,5,5,0.0,0.0,0.0,0.0,0.0,0.0,0.0,-0.007014498280918269
trial_001_ep1_task193,1,193,0.9,low,28,PPO high probability,27,10,8,0.0,0.0,0.0,0.0,0.0,0.0,0.0,-0.004315533527368798
trial_001_ep1_task193,1,193,0.9,low,28,PPO high probability,27,20,8,0.0,0.0,0.0,0.0,0.0,0.0,0.0,-0.004315533527368798
trial_001_ep1_task193,1,193,0.9,low,28,PPO high probability,27,50,8,0.0,0.0,0.0,0.0,0.0,0.0,0.0,-0.004315533527368798
trial_001_ep1_task193,1,193,0.9,low,28,PPO sampled,27,1,1,0.0,0.0,0.0,0.0,0.0,0.0,0.0,-0.021333618566792528
trial_001_ep1_task193,1,193,0.9,low,28,PPO sampled,27,5,5,0.0,0.0,0.0,0.0,0.0,0.0,0.0,-0.007014498280918269
trial_001_ep1_task193,1,193,0.9,low,28,PPO sampled,27,10,8,0.0,0.0,0.0,0.0,0.0,0.0,0.0,-0.004315533527368798
trial_001_ep1_task193,1,193,0.9,low,28,PPO sampled,27,20,8,0.0,0.0,0.0,0.0,0.0,0.0,0.0,-0.004315533527368798
trial_001_ep1_task193,1,193,0.9,low,28,PPO sampled,27,50,8,0.0,0.0,0.0,0.0,0.0,0.0,0.0,-0.004315533527368798
trial_001_ep1_task195,1,195,0.99,high,28,Safe Min-Latency,6,1,1,0.0,0.0,0.0,0.0,0.0,0.0,0.0,0.0
trial_001_ep1_task195,1,195,0.99,high,28,Safe Min-Latency,6,5,5,0.0,0.0,0.0,0.0,0.0,0.0,0.0,0.0
trial_001_ep1_task195,1,195,0.99,high,28,Safe Min-Latency,6,10,6,0.0,0.0,0.0,0.0,0.0,0.0,0.0,0.0
trial_001_ep1_task195,1,195,0.99,high,28,Safe Min-Latency,6,20,6,0.0,0.0,0.0,0.0,0.0,0.0,0.0,0.0
trial_001_ep1_task195,1,195,0.99,high,28,Safe Min-Latency,6,50,6,0.0,0.0,0.0,0.0,0.0,0.0,0.0,0.0
trial_001_ep1_task195,1,195,0.99,high,28,Next-best immediate,12,1,1,0.0,1.0,0.38047808393117144,2.454545454545455,0.0,0.0,0.0,-0.08266161080110546
trial_001_ep1_task195,1,195,0.99,high,28,Next-best immediate,12,5,5,0.0,0.0,0.0,0.0,0.4350072234798432,0.0,0.0,0.01039911039712893
trial_001_ep1_task195,1,195,0.99,high,28,Next-best immediate,12,10,6,0.0,0.0,0.0,0.0,0.29000481565322883,0.0,0.0,0.006883718013556861
trial_001_ep1_task195,1,195,0.99,high,28,Next-best immediate,12,20,6,0.0,0.0,0.0,0.0,0.29000481565322883,0.0,0.0,0.006883718013556861
trial_001_ep1_task195,1,195,0.99,high,28,Next-best immediate,12,50,6,0.0,0.0,0.0,0.0,0.29000481565322883,0.0,0.0,0.006883718013556861
trial_001_ep1_task195,1,195,0.99,high,28,PPO high probability,27,1,1,0.0,0.0,-1.3763277833580894,0.0,0.0,0.0,0.0,0.02328611405938752
trial_001_ep1_task195,1,195,0.99,high,28,PPO high probability,27,5,5,0.0,0.0,0.0,0.0,0.04259489256680382,0.06815182810688603,-0.8578057085985975,-0.008473349212476333
trial_001_ep1_task195,1,195,0.99,high,28,PPO high probability,27,10,6,0.0,0.0,0.0,0.0,0.0283965950445359,0.05679319008907191,-0.7148380904988301,-0.005608955418454298
trial_001_ep1_task195,1,195,0.99,high,28,PPO high probability,27,20,6,0.0,0.0,0.0,0.0,0.0283965950445359,0.05679319008907191,-0.7148380904988301,-0.005608955418454298
trial_001_ep1_task195,1,195,0.99,high,28,PPO high probability,27,50,6,0.0,0.0,0.0,0.0,0.0283965950445359,0.05679319008907191,-0.7148380904988301,-0.005608955418454298
trial_001_ep1_task195,1,195,0.99,high,28,PPO sampled,25,1,1,0.0,0.0,-1.172442057427098,0.0,0.0,0.05382120907739818,-1.64467758774029,0.02782237004498439
trial_001_ep1_task195,1,195,0.99,high,28,PPO sampled,25,5,5,0.0,0.0,0.0,0.0,0.04259489256680382,0.07891606992236566,-1.1867412261466512,-0.0037631639149538487
trial_001_ep1_task195,1,195,0.99,high,28,PPO sampled,25,10,6,0.0,0.0,0.0,0.0,0.0283965950445359,0.06576339160197175,-0.9889510217888713,-0.00249103608290252
trial_001_ep1_task195,1,195,0.99,high,28,PPO sampled,25,20,6,0.0,0.0,0.0,0.0,0.0283965950445359,0.06576339160197175,-0.9889510217888713,-0.00249103608290252
trial_001_ep1_task195,1,195,0.99,high,28,PPO sampled,25,50,6,0.0,0.0,0.0,0.0,0.0283965950445359,0.06576339160197175,-0.9889510217888713,-0.00249103608290252
trial_001_ep1_task196,1,196,0.999,high,15,Safe Min-Latency,6,1,1,0.0,0.0,0.0,0.0,0.0,0.0,0.0,0.0
trial_001_ep1_task196,1,196,0.999,high,15,Safe Min-Latency,6,5,5,0.0,0.0,0.0,0.0,0.0,0.0,0.0,0.0
trial_001_ep1_task196,1,196,0.999,high,15,Safe Min-Latency,6,10,5,0.0,0.0,0.0,0.0,0.0,0.0,0.0,0.0
trial_001_ep1_task196,1,196,0.999,high,15,Safe Min-Latency,6,20,5,0.0,0.0,0.0,0.0,0.0,0.0,0.0,0.0
trial_001_ep1_task196,1,196,0.999,high,15,Safe Min-Latency,6,50,5,0.0,0.0,0.0,0.0,0.0,0.0,0.0,0.0
trial_001_ep1_task196,1,196,0.999,high,15,Next-best immediate,12,1,1,0.0,1.0,0.2506965428063719,1.532596888952213,0.0,0.0,0.0,-0.056328138877074385
trial_001_ep1_task196,1,196,0.999,high,15,Next-best immediate,12,5,5,0.0,0.0,0.0,0.0,0.22499128415938116,0.09009406211666837,-1.5010024318024904,0.005395832598992845
trial_001_ep1_task196,1,196,0.999,high,15,Next-best immediate,12,10,5,0.0,0.0,0.0,0.0,0.22499128415938116,0.09009406211666837,-1.5010024318024904,0.005395832598992845
trial_001_ep1_task196,1,196,0.999,high,15,Next-best immediate,12,20,5,0.0,0.0,0.0,0.0,0.22499128415938116,0.09009406211666837,-1.5010024318024904,0.005395832598992845
trial_001_ep1_task196,1,196,0.999,high,15,Next-best immediate,12,50,5,0.0,0.0,0.0,0.0,0.22499128415938116,0.09009406211666837,-1.5010024318024904,0.005395832598992845
trial_001_ep1_task196,1,196,0.999,high,15,PPO high probability,27,1,1,0.0,0.0,-2.051105849903344,-2.051105849903344,0.17037957026721529,0.0,0.0,0.008271398256635698
trial_001_ep1_task196,1,196,0.999,high,15,PPO high probability,27,5,5,0.0,0.0,0.0,0.0,0.03407591405344304,0.09009406211666837,-1.5010024318024904,-0.017202098798498544
trial_001_ep1_task196,1,196,0.999,high,15,PPO high probability,27,10,5,0.0,0.0,0.0,0.0,0.03407591405344304,0.09009406211666837,-1.5010024318024904,-0.017202098798498544
trial_001_ep1_task196,1,196,0.999,high,15,PPO high probability,27,20,5,0.0,0.0,0.0,0.0,0.03407591405344304,0.09009406211666837,-1.5010024318024904,-0.017202098798498544
trial_001_ep1_task196,1,196,0.999,high,15,PPO high probability,27,50,5,0.0,0.0,0.0,0.0,0.03407591405344304,0.09009406211666837,-1.5010024318024904,-0.017202098798498544
trial_001_ep1_task196,1,196,0.999,high,15,PPO sampled,16,1,1,0.0,1.0,0.26457982997071827,0.9733862020795865,0.34075914053443057,0.3472166204977043,-4.378021024353735,-0.06522470590117246
trial_001_ep1_task196,1,196,0.999,high,15,PPO sampled,16,5,5,0.0,0.0,0.0,0.0,0.19967069687863273,0.06523536731934865,-0.28151563920228995,0.004104522233422447
trial_001_ep1_task196,1,196,0.999,high,15,PPO sampled,16,10,5,0.0,0.0,0.0,0.0,0.19967069687863273,0.06523536731934865,-0.28151563920228995,0.004104522233422447
trial_001_ep1_task196,1,196,0.999,high,15,PPO sampled,16,20,5,0.0,0.0,0.0,0.0,0.19967069687863273,0.06523536731934865,-0.28151563920228995,0.004104522233422447
trial_001_ep1_task196,1,196,0.999,high,15,PPO sampled,16,50,5,0.0,0.0,0.0,0.0,0.19967069687863273,0.06523536731934865,-0.28151563920228995,0.004104522233422447
trial_001_ep1_task198,1,198,0.9999,high,0,Safe Min-Latency,27,1,1,0.0,0.0,0.0,0.0,0.0,0.0,0.0,0.0
trial_001_ep1_task198,1,198,0.9999,high,0,Safe Min-Latency,27,5,3,0.0,0.0,0.0,0.0,0.0,0.0,0.0,0.0
trial_001_ep1_task198,1,198,0.9999,high,0,Safe Min-Latency,27,10,3,0.0,0.0,0.0,0.0,0.0,0.0,0.0,0.0
trial_001_ep1_task198,1,198,0.9999,high,0,Safe Min-Latency,27,20,3,0.0,0.0,0.0,0.0,0.0,0.0,0.0,0.0
trial_001_ep1_task198,1,198,0.9999,high,0,Safe Min-Latency,27,50,3,0.0,0.0,0.0,0.0,0.0,0.0,0.0,0.0
trial_001_ep1_task198,1,198,0.9999,high,0,Next-best immediate,27,1,1,0.0,0.0,0.0,0.0,0.0,0.0,0.0,0.0
trial_001_ep1_task198,1,198,0.9999,high,0,Next-best immediate,27,5,3,0.0,0.0,0.0,0.0,0.0,0.0,0.0,0.0
trial_001_ep1_task198,1,198,0.9999,high,0,Next-best immediate,27,10,3,0.0,0.0,0.0,0.0,0.0,0.0,0.0,0.0
trial_001_ep1_task198,1,198,0.9999,high,0,Next-best immediate,27,20,3,0.0,0.0,0.0,0.0,0.0,0.0,0.0,0.0
trial_001_ep1_task198,1,198,0.9999,high,0,Next-best immediate,27,50,3,0.0,0.0,0.0,0.0,0.0,0.0,0.0,0.0
trial_001_ep1_task198,1,198,0.9999,high,0,PPO high probability,27,1,1,0.0,0.0,0.0,0.0,0.0,0.0,0.0,0.0
trial_001_ep1_task198,1,198,0.9999,high,0,PPO high probability,27,5,3,0.0,0.0,0.0,0.0,0.0,0.0,0.0,0.0
trial_001_ep1_task198,1,198,0.9999,high,0,PPO high probability,27,10,3,0.0,0.0,0.0,0.0,0.0,0.0,0.0,0.0
trial_001_ep1_task198,1,198,0.9999,high,0,PPO high probability,27,20,3,0.0,0.0,0.0,0.0,0.0,0.0,0.0,0.0
trial_001_ep1_task198,1,198,0.9999,high,0,PPO high probability,27,50,3,0.0,0.0,0.0,0.0,0.0,0.0,0.0,0.0
trial_001_ep1_task198,1,198,0.9999,high,0,PPO sampled,27,1,1,0.0,0.0,0.0,0.0,0.0,0.0,0.0,0.0
trial_001_ep1_task198,1,198,0.9999,high,0,PPO sampled,27,5,3,0.0,0.0,0.0,0.0,0.0,0.0,0.0,0.0
trial_001_ep1_task198,1,198,0.9999,high,0,PPO sampled,27,10,3,0.0,0.0,0.0,0.0,0.0,0.0,0.0,0.0
trial_001_ep1_task198,1,198,0.9999,high,0,PPO sampled,27,20,3,0.0,0.0,0.0,0.0,0.0,0.0,0.0,0.0
trial_001_ep1_task198,1,198,0.9999,high,0,PPO sampled,27,50,3,0.0,0.0,0.0,0.0,0.0,0.0,0.0,0.0
