state_id,trial_id,task_id,requirement,load_tertile,safe_set_size,reference_action,alternative_action,initial_peak_queue_difference_seconds,peak_step,half_life_50_steps,half_life_25_steps,half_life_10_steps,right_censored
trial_001_ep1_task001,1,1,0.99,low,28,5,0,0.0,1,,,,False
trial_001_ep1_task001,1,1,0.99,low,28,5,1,0.0,1,,,,False
trial_001_ep1_task001,1,1,0.99,low,28,5,2,0.0,1,,,,False
trial_001_ep1_task001,1,1,0.99,low,28,5,3,0.0,1,,,,False
trial_001_ep1_task001,1,1,0.99,low,28,5,4,0.0,1,,,,False
trial_001_ep1_task001,1,1,0.99,low,28,5,6,0.0,1,,,,False
trial_001_ep1_task001,1,1,0.99,low,28,5,7,0.0,1,,,,False
trial_001_ep1_task001,1,1,0.99,low,28,5,8,0.0,1,,,,False
trial_001_ep1_task001,1,1,0.99,low,28,5,9,0.0,1,,,,False
trial_001_ep1_task001,1,1,0.99,low,28,5,10,0.0,1,,,,False
trial_001_ep1_task001,1,1,0.99,low,28,5,11,0.0,1,,,,False
trial_001_ep1_task001,1,1,0.99,low,28,5,12,0.0,1,,,,False
trial_001_ep1_task001,1,1,0.99,low,28,5,13,0.0,1,,,,False
trial_001_ep1_task001,1,1,0.99,low,28,5,14,0.0,1,,,,False
trial_001_ep1_task001,1,1,0.99,low,28,5,15,0.0,1,,,,False
trial_001_ep1_task001,1,1,0.99,low,28,5,16,0.0,1,,,,False
trial_001_ep1_task001,1,1,0.99,low,28,5,17,0.0,1,,,,False
trial_001_ep1_task001,1,1,0.99,low,28,5,18,0.0,1,,,,False
trial_001_ep1_task001,1,1,0.99,low,28,5,19,0.0,1,,,,False
trial_001_ep1_task001,1,1,0.99,low,28,5,20,0.0,1,,,,False
trial_001_ep1_task001,1,1,0.99,low,28,5,21,0.0,1,,,,False
trial_001_ep1_task001,1,1,0.99,low,28,5,22,0.0,1,,,,False
trial_001_ep1_task001,1,1,0.99,low,28,5,23,0.0,1,,,,False
trial_001_ep1_task001,1,1,0.99,low,28,5,24,0.0,1,,,,False
trial_001_ep1_task001,1,1,0.99,low,28,5,25,0.0,1,,,,False
trial_001_ep1_task001,1,1,0.99,low,28,5,26,0.0,1,,,,False
trial_001_ep1_task001,1,1,0.99,low,28,5,27,0.0,1,,,,False
trial_001_ep1_task002,1,2,0.99,low,28,6,0,0.0,1,,,,False
trial_001_ep1_task002,1,2,0.99,low,28,6,1,0.0,1,,,,False
trial_001_ep1_task002,1,2,0.99,low,28,6,2,0.0,1,,,,False
trial_001_ep1_task002,1,2,0.99,low,28,6,3,0.0,1,,,,False
trial_001_ep1_task002,1,2,0.99,low,28,6,4,0.0,1,,,,False
trial_001_ep1_task002,1,2,0.99,low,28,6,5,0.0,1,,,,False
trial_001_ep1_task002,1,2,0.99,low,28,6,7,0.0,1,,,,False
trial_001_ep1_task002,1,2,0.99,low,28,6,8,0.0,1,,,,False
trial_001_ep1_task002,1,2,0.99,low,28,6,9,0.0,1,,,,False
trial_001_ep1_task002,1,2,0.99,low,28,6,10,0.0,1,,,,False
trial_001_ep1_task002,1,2,0.99,low,28,6,11,0.0,1,,,,False
trial_001_ep1_task002,1,2,0.99,low,28,6,12,0.0,1,,,,False
trial_001_ep1_task002,1,2,0.99,low,28,6,13,0.0,1,,,,False
trial_001_ep1_task002,1,2,0.99,low,28,6,14,0.0,1,,,,False
trial_001_ep1_task002,1,2,0.99,low,28,6,15,0.0,1,,,,False
trial_001_ep1_task002,1,2,0.99,low,28,6,16,0.0,1,,,,False
trial_001_ep1_task002,1,2,0.99,low,28,6,17,0.0,1,,,,False
trial_001_ep1_task002,1,2,0.99,low,28,6,18,0.0,1,,,,False
trial_001_ep1_task002,1,2,0.99,low,28,6,19,0.0,1,,,,False
trial_001_ep1_task002,1,2,0.99,low,28,6,20,0.0,1,,,,False
trial_001_ep1_task002,1,2,0.99,low,28,6,21,0.0,1,,,,False
trial_001_ep1_task002,1,2,0.99,low,28,6,22,0.0,1,,,,False
trial_001_ep1_task002,1,2,0.99,low,28,6,23,0.0,1,,,,False
trial_001_ep1_task002,1,2,0.99,low,28,6,24,0.0,1,,,,False
trial_001_ep1_task002,1,2,0.99,low,28,6,25,0.0,1,,,,False
trial_001_ep1_task002,1,2,0.99,low,28,6,26,0.0,1,,,,False
trial_001_ep1_task002,1,2,0.99,low,28,6,27,0.0,1,,,,False
trial_001_ep1_task004,1,4,0.9,low,28,6,0,0.5835765359938847,1,2.0,2.0,2.0,False
trial_001_ep1_task004,1,4,0.9,low,28,6,1,0.4226575323807378,1,2.0,2.0,2.0,False
trial_001_ep1_task004,1,4,0.9,low,28,6,2,0.0,1,,,,False
trial_001_ep1_task004,1,4,0.9,low,28,6,3,0.0,1,,,,False
trial_001_ep1_task004,1,4,0.9,low,28,6,4,0.0,1,,,,False
trial_001_ep1_task004,1,4,0.9,low,28,6,5,0.0,1,,,,False
trial_001_ep1_task004,1,4,0.9,low,28,6,7,0.24747580948000714,1,2.0,2.0,2.0,False
trial_001_ep1_task004,1,4,0.9,low,28,6,8,0.6701333418607449,1,2.0,2.0,2.0,False
trial_001_ep1_task004,1,4,0.9,low,28,6,9,0.6701333418607449,1,2.0,2.0,2.0,False
trial_001_ep1_task004,1,4,0.9,low,28,6,10,0.6701333418607449,1,2.0,2.0,2.0,False
trial_001_ep1_task004,1,4,0.9,low,28,6,11,0.6701333418607449,1,2.0,2.0,2.0,False
trial_001_ep1_task004,1,4,0.9,low,28,6,12,0.6701333418607449,1,2.0,2.0,2.0,False
trial_001_ep1_task004,1,4,0.9,low,28,6,13,0.8310523454738918,1,2.0,2.0,2.0,False
trial_001_ep1_task004,1,4,0.9,low,28,6,14,0.8310523454738918,1,2.0,2.0,2.0,False
trial_001_ep1_task004,1,4,0.9,low,28,6,15,0.8310523454738918,1,2.0,2.0,2.0,False
trial_001_ep1_task004,1,4,0.9,low,28,6,16,0.8310523454738918,1,2.0,2.0,2.0,False
trial_001_ep1_task004,1,4,0.9,low,28,6,17,0.8310523454738918,1,2.0,2.0,2.0,False
trial_001_ep1_task004,1,4,0.9,low,28,6,18,1.2537098778546296,1,2.0,2.0,2.0,False
trial_001_ep1_task004,1,4,0.9,low,28,6,19,1.2537098778546296,1,2.0,2.0,2.0,False
trial_001_ep1_task004,1,4,0.9,low,28,6,20,1.2537098778546296,1,2.0,2.0,2.0,False
trial_001_ep1_task004,1,4,0.9,low,28,6,21,1.2537098778546296,1,2.0,2.0,2.0,False
trial_001_ep1_task004,1,4,0.9,low,28,6,22,1.2537098778546296,1,2.0,2.0,2.0,False
trial_001_ep1_task004,1,4,0.9,low,28,6,23,1.2537098778546296,1,2.0,2.0,2.0,False
trial_001_ep1_task004,1,4,0.9,low,28,6,24,1.2537098778546296,1,2.0,2.0,2.0,False
trial_001_ep1_task004,1,4,0.9,low,28,6,25,1.2537098778546296,1,2.0,2.0,2.0,False
trial_001_ep1_task004,1,4,0.9,low,28,6,26,1.2537098778546296,1,2.0,2.0,2.0,False
trial_001_ep1_task004,1,4,0.9,low,28,6,27,1.2537098778546296,1,2.0,2.0,2.0,False
trial_001_ep1_task007,1,7,0.9,medium,28,6,0,2.8079015940696035,1,2.0,2.0,2.0,False
trial_001_ep1_task007,1,7,0.9,medium,28,6,1,0.15387865534748135,2,3.0,3.0,3.0,False
trial_001_ep1_task007,1,7,0.9,medium,28,6,2,2.1539729176488,1,2.0,2.0,2.0,False
trial_001_ep1_task007,1,7,0.9,medium,28,6,3,2.5891342562931623,4,5.0,5.0,5.0,False
trial_001_ep1_task007,1,7,0.9,medium,28,6,4,0.0,1,,,,False
trial_001_ep1_task007,1,7,0.9,medium,28,6,5,1.6368931393229618,1,2.0,2.0,4.0,False
trial_001_ep1_task007,1,7,0.9,medium,28,6,7,2.8079015940696035,1,2.0,5.0,5.0,False
trial_001_ep1_task007,1,7,0.9,medium,28,6,8,4.9618745117184035,1,2.0,2.0,5.0,False
trial_001_ep1_task007,1,7,0.9,medium,28,6,9,2.8079015940696035,1,5.0,5.0,5.0,False
trial_001_ep1_task007,1,7,0.9,medium,28,6,10,2.8079015940696035,1,2.0,5.0,5.0,False
trial_001_ep1_task007,1,7,0.9,medium,28,6,11,4.444794733392565,1,2.0,5.0,5.0,False
trial_001_ep1_task007,1,7,0.9,medium,28,6,12,2.8079015940696035,1,2.0,5.0,5.0,False
trial_001_ep1_task007,1,7,0.9,medium,28,6,13,2.1539729176488,1,5.0,5.0,5.0,False
trial_001_ep1_task007,1,7,0.9,medium,28,6,14,1.8369572765629807,4,5.0,5.0,5.0,False
trial_001_ep1_task007,1,7,0.9,medium,28,6,15,1.2390342161955046,4,5.0,5.0,5.0,False
trial_001_ep1_task007,1,7,0.9,medium,28,6,16,1.6368931393229618,1,5.0,5.0,5.0,False
trial_001_ep1_task007,1,7,0.9,medium,28,6,17,1.2390342161955046,4,5.0,5.0,5.0,False
trial_001_ep1_task007,1,7,0.9,medium,28,6,18,2.1539729176488,1,5.0,5.0,5.0,False
trial_001_ep1_task007,1,7,0.9,medium,28,6,19,2.1539729176488,1,5.0,5.0,5.0,False
trial_001_ep1_task007,1,7,0.9,medium,28,6,20,3.790866056971762,1,2.0,5.0,5.0,False
trial_001_ep1_task007,1,7,0.9,medium,28,6,21,2.1539729176488,1,5.0,5.0,5.0,False
trial_001_ep1_task007,1,7,0.9,medium,28,6,22,1.8369572765629807,4,5.0,5.0,5.0,False
trial_001_ep1_task007,1,7,0.9,medium,28,6,23,1.8369572765629807,4,5.0,5.0,5.0,False
trial_001_ep1_task007,1,7,0.9,medium,28,6,24,1.8369572765629807,4,5.0,5.0,5.0,False
trial_001_ep1_task007,1,7,0.9,medium,28,6,25,1.6368931393229618,1,5.0,5.0,5.0,False
trial_001_ep1_task007,1,7,0.9,medium,28,6,26,1.3383677569009742,2,5.0,5.0,5.0,False
trial_001_ep1_task007,1,7,0.9,medium,28,6,27,1.6368931393229618,1,5.0,5.0,5.0,False
trial_001_ep1_task010,1,10,0.999,low,28,5,0,0.23679823175124382,1,2.0,2.0,2.0,False
trial_001_ep1_task010,1,10,0.999,low,28,5,1,0.26626238124280244,1,2.0,2.0,2.0,False
trial_001_ep1_task010,1,10,0.999,low,28,5,2,0.0,1,,,,False
trial_001_ep1_task010,1,10,0.999,low,28,5,3,0.7333333333333338,1,2.0,2.0,2.0,False
trial_001_ep1_task010,1,10,0.999,low,28,5,4,0.0,1,,,,False
trial_001_ep1_task010,1,10,0.999,low,28,5,6,0.0,1,,,,False
trial_001_ep1_task010,1,10,0.999,low,28,5,7,0.5969393870059534,1,2.0,2.0,2.0,False
trial_001_ep1_task010,1,10,0.999,low,28,5,8,0.8632017682487558,1,2.0,2.0,2.0,False
trial_001_ep1_task010,1,10,0.999,low,28,5,9,0.12986843491542244,1,2.0,2.0,2.0,False
trial_001_ep1_task010,1,10,0.999,low,28,5,10,0.8632017682487558,1,2.0,2.0,2.0,False
trial_001_ep1_task010,1,10,0.999,low,28,5,11,0.8632017682487558,1,2.0,2.0,2.0,False
trial_001_ep1_task010,1,10,0.999,low,28,5,12,0.8632017682487558,1,2.0,2.0,2.0,False
trial_001_ep1_task010,1,10,0.999,low,28,5,13,0.8337376187571977,1,2.0,2.0,2.0,False
trial_001_ep1_task010,1,10,0.999,low,28,5,14,0.10040428542386426,1,2.0,2.0,2.0,False
trial_001_ep1_task010,1,10,0.999,low,28,5,15,0.8337376187571977,1,2.0,2.0,2.0,False
trial_001_ep1_task010,1,10,0.999,low,28,5,16,0.8337376187571977,1,2.0,2.0,2.0,False
trial_001_ep1_task010,1,10,0.999,low,28,5,17,0.8337376187571977,1,2.0,2.0,2.0,False
trial_001_ep1_task010,1,10,0.999,low,28,5,18,0.3666666666666667,1,2.0,2.0,2.0,False
trial_001_ep1_task010,1,10,0.999,low,28,5,19,1.1,1,2.0,2.0,2.0,False
trial_001_ep1_task010,1,10,0.999,low,28,5,20,1.1,1,2.0,2.0,2.0,False
trial_001_ep1_task010,1,10,0.999,low,28,5,21,1.1,1,2.0,2.0,2.0,False
trial_001_ep1_task010,1,10,0.999,low,28,5,22,0.3666666666666667,1,2.0,2.0,2.0,False
trial_001_ep1_task010,1,10,0.999,low,28,5,23,0.3666666666666667,1,2.0,2.0,2.0,False
trial_001_ep1_task010,1,10,0.999,low,28,5,24,0.3666666666666667,1,2.0,2.0,2.0,False
trial_001_ep1_task010,1,10,0.999,low,28,5,25,1.1,1,2.0,2.0,2.0,False
trial_001_ep1_task010,1,10,0.999,low,28,5,26,1.1,1,2.0,2.0,2.0,False
trial_001_ep1_task010,1,10,0.999,low,28,5,27,1.1,1,2.0,2.0,2.0,False
trial_001_ep1_task017,1,17,0.99,low,28,5,0,0.0,1,,,,False
trial_001_ep1_task017,1,17,0.99,low,28,5,1,0.0,1,,,,False
trial_001_ep1_task017,1,17,0.99,low,28,5,2,0.0,1,,,,False
trial_001_ep1_task017,1,17,0.99,low,28,5,3,0.0,1,,,,False
trial_001_ep1_task017,1,17,0.99,low,28,5,4,0.0,1,,,,False
trial_001_ep1_task017,1,17,0.99,low,28,5,6,0.0,1,,,,False
trial_001_ep1_task017,1,17,0.99,low,28,5,7,0.0897478022794771,1,2.0,2.0,2.0,False
trial_001_ep1_task017,1,17,0.99,low,28,5,8,0.0897478022794771,1,2.0,2.0,2.0,False
trial_001_ep1_task017,1,17,0.99,low,28,5,9,0.0897478022794771,1,2.0,2.0,2.0,False
trial_001_ep1_task017,1,17,0.99,low,28,5,10,0.0897478022794771,1,2.0,2.0,2.0,False
trial_001_ep1_task017,1,17,0.99,low,28,5,11,0.0897478022794771,1,2.0,2.0,2.0,False
trial_001_ep1_task017,1,17,0.99,low,28,5,12,0.0897478022794771,1,2.0,2.0,2.0,False
trial_001_ep1_task017,1,17,0.99,low,28,5,13,0.0897478022794771,1,2.0,2.0,2.0,False
trial_001_ep1_task017,1,17,0.99,low,28,5,14,0.0897478022794771,1,2.0,2.0,2.0,False
trial_001_ep1_task017,1,17,0.99,low,28,5,15,0.0897478022794771,1,2.0,2.0,2.0,False
trial_001_ep1_task017,1,17,0.99,low,28,5,16,0.0897478022794771,1,2.0,2.0,2.0,False
trial_001_ep1_task017,1,17,0.99,low,28,5,17,0.0897478022794771,1,2.0,2.0,2.0,False
trial_001_ep1_task017,1,17,0.99,low,28,5,18,0.0897478022794771,1,2.0,2.0,2.0,False
trial_001_ep1_task017,1,17,0.99,low,28,5,19,0.0897478022794771,1,2.0,2.0,2.0,False
trial_001_ep1_task017,1,17,0.99,low,28,5,20,0.0897478022794771,1,2.0,2.0,2.0,False
trial_001_ep1_task017,1,17,0.99,low,28,5,21,0.0897478022794771,1,2.0,2.0,2.0,False
trial_001_ep1_task017,1,17,0.99,low,28,5,22,0.0897478022794771,1,2.0,2.0,2.0,False
trial_001_ep1_task017,1,17,0.99,low,28,5,23,0.0897478022794771,1,2.0,2.0,2.0,False
trial_001_ep1_task017,1,17,0.99,low,28,5,24,0.0897478022794771,1,2.0,2.0,2.0,False
trial_001_ep1_task017,1,17,0.99,low,28,5,25,0.0897478022794771,1,2.0,2.0,2.0,False
trial_001_ep1_task017,1,17,0.99,low,28,5,26,0.0897478022794771,1,2.0,2.0,2.0,False
trial_001_ep1_task017,1,17,0.99,low,28,5,27,0.0897478022794771,1,2.0,2.0,2.0,False
trial_001_ep1_task022,1,22,0.9,low,28,6,0,1.7531764621268975,1,4.0,5.0,5.0,False
trial_001_ep1_task022,1,22,0.9,low,28,6,1,1.4879500929726222,1,6.0,6.0,6.0,False
trial_001_ep1_task022,1,22,0.9,low,28,6,2,1.4010918086463744,2,4.0,5.0,5.0,False
trial_001_ep1_task022,1,22,0.9,low,28,6,3,0.8503921780160857,1,3.0,3.0,4.0,False
trial_001_ep1_task022,1,22,0.9,low,28,6,4,0.8096346794236688,2,6.0,6.0,6.0,False
trial_001_ep1_task022,1,22,0.9,low,28,6,5,0.1507973686982398,1,2.0,3.0,3.0,False
trial_001_ep1_task022,1,22,0.9,low,28,6,7,1.0004982104645688,5,6.0,6.0,6.0,False
trial_001_ep1_task022,1,22,0.9,low,28,6,8,0.8762290409847702,2,3.0,4.0,6.0,False
trial_001_ep1_task022,1,22,0.9,low,28,6,9,0.5248627676616042,4,5.0,6.0,6.0,False
trial_001_ep1_task022,1,22,0.9,low,28,6,10,0.49615074087723166,5,6.0,6.0,6.0,False
trial_001_ep1_task022,1,22,0.9,low,28,6,11,0.5248627676616042,3,5.0,6.0,6.0,False
trial_001_ep1_task022,1,22,0.9,low,28,6,12,0.5248627676616042,1,5.0,6.0,6.0,False
trial_001_ep1_task022,1,22,0.9,low,28,6,13,1.0004982104645688,5,6.0,6.0,6.0,False
trial_001_ep1_task022,1,22,0.9,low,28,6,14,1.0004982104645688,5,6.0,6.0,6.0,False
trial_001_ep1_task022,1,22,0.9,low,28,6,15,1.6939907200368491,5,6.0,6.0,6.0,False
trial_001_ep1_task022,1,22,0.9,low,28,6,16,1.0004982104645688,5,6.0,6.0,6.0,False
trial_001_ep1_task022,1,22,0.9,low,28,6,17,1.0004982104645688,5,6.0,6.0,6.0,False
trial_001_ep1_task022,1,22,0.9,low,28,6,18,0.6989356024341431,4,5.0,6.0,6.0,False
trial_001_ep1_task022,1,22,0.9,low,28,6,19,1.0584314067972898,1,2.0,2.0,2.0,False
trial_001_ep1_task022,1,22,0.9,low,28,6,20,1.2624239480216208,1,5.0,5.0,6.0,False
trial_001_ep1_task022,1,22,0.9,low,28,6,21,1.4132213167198606,1,3.0,5.0,6.0,False
trial_001_ep1_task022,1,22,0.9,low,28,6,22,1.0728571418498456,1,4.0,6.0,6.0,False
trial_001_ep1_task022,1,22,0.9,low,28,6,23,1.427647051772417,3,5.0,5.0,6.0,False
trial_001_ep1_task022,1,22,0.9,low,28,6,24,1.427647051772417,3,5.0,5.0,6.0,False
trial_001_ep1_task022,1,22,0.9,low,28,6,25,1.772451951167691,1,3.0,6.0,6.0,False
trial_001_ep1_task022,1,22,0.9,low,28,6,26,1.9232493198659308,1,3.0,6.0,6.0,False
trial_001_ep1_task022,1,22,0.9,low,28,6,27,2.127241861090262,1,5.0,5.0,5.0,False
trial_001_ep1_task025,1,25,0.9999,high,3,23,25,0.22541348376242176,2,3.0,3.0,3.0,False
trial_001_ep1_task025,1,25,0.9999,high,3,23,27,0.5284198482730744,2,3.0,3.0,3.0,False
trial_001_ep1_task027,1,27,0.99,medium,28,2,0,0.0,1,,,,False
trial_001_ep1_task027,1,27,0.99,medium,28,2,1,0.5231733972016834,1,2.0,2.0,2.0,False
trial_001_ep1_task027,1,27,0.99,medium,28,2,3,0.0,1,,,,False
trial_001_ep1_task027,1,27,0.99,medium,28,2,4,0.0,1,,,,False
trial_001_ep1_task027,1,27,0.99,medium,28,2,5,0.0,1,,,,False
trial_001_ep1_task027,1,27,0.99,medium,28,2,6,0.0,1,,,,False
trial_001_ep1_task027,1,27,0.99,medium,28,2,7,0.04538384718474786,1,3.0,3.0,3.0,False
trial_001_ep1_task027,1,27,0.99,medium,28,2,8,0.5685572443864313,1,2.0,2.0,3.0,False
trial_001_ep1_task027,1,27,0.99,medium,28,2,9,0.5685572443864313,1,2.0,2.0,3.0,False
trial_001_ep1_task027,1,27,0.99,medium,28,2,10,0.5685572443864313,1,2.0,2.0,3.0,False
trial_001_ep1_task027,1,27,0.99,medium,28,2,11,0.5685572443864313,1,2.0,2.0,3.0,False
trial_001_ep1_task027,1,27,0.99,medium,28,2,12,0.5685572443864313,1,2.0,2.0,3.0,False
trial_001_ep1_task027,1,27,0.99,medium,28,2,13,0.04538384718474786,1,3.0,3.0,3.0,False
trial_001_ep1_task027,1,27,0.99,medium,28,2,14,0.04538384718474786,1,3.0,3.0,3.0,False
trial_001_ep1_task027,1,27,0.99,medium,28,2,15,0.04538384718474786,1,3.0,3.0,3.0,False
trial_001_ep1_task027,1,27,0.99,medium,28,2,16,0.04538384718474786,1,3.0,3.0,3.0,False
trial_001_ep1_task027,1,27,0.99,medium,28,2,17,0.04538384718474786,1,3.0,3.0,3.0,False
trial_001_ep1_task027,1,27,0.99,medium,28,2,18,0.5685572443864313,1,2.0,2.0,3.0,False
trial_001_ep1_task027,1,27,0.99,medium,28,2,19,0.5685572443864313,1,2.0,2.0,3.0,False
trial_001_ep1_task027,1,27,0.99,medium,28,2,20,0.5685572443864313,1,2.0,2.0,3.0,False
trial_001_ep1_task027,1,27,0.99,medium,28,2,21,0.5685572443864313,1,2.0,2.0,3.0,False
trial_001_ep1_task027,1,27,0.99,medium,28,2,22,0.5685572443864313,1,2.0,2.0,3.0,False
trial_001_ep1_task027,1,27,0.99,medium,28,2,23,0.5685572443864313,1,2.0,2.0,3.0,False
trial_001_ep1_task027,1,27,0.99,medium,28,2,24,0.5685572443864313,1,2.0,2.0,3.0,False
trial_001_ep1_task027,1,27,0.99,medium,28,2,25,0.5685572443864313,1,2.0,2.0,3.0,False
trial_001_ep1_task027,1,27,0.99,medium,28,2,26,0.5685572443864313,1,2.0,2.0,3.0,False
trial_001_ep1_task027,1,27,0.99,medium,28,2,27,0.5685572443864313,1,2.0,2.0,3.0,False
trial_001_ep1_task028,1,28,0.9,medium,28,5,0,0.7644491145347643,1,4.0,4.0,4.0,False
trial_001_ep1_task028,1,28,0.9,medium,28,5,1,0.6963934647855283,1,4.0,4.0,4.0,False
trial_001_ep1_task028,1,28,0.9,medium,28,5,2,0.33658645328167003,1,3.0,4.0,4.0,False
trial_001_ep1_task028,1,28,0.9,medium,28,5,3,0.4923473017316269,2,4.0,4.0,4.0,False
trial_001_ep1_task028,1,28,0.9,medium,28,5,4,0.4923473017316269,2,4.0,4.0,4.0,False
trial_001_ep1_task028,1,28,0.9,medium,28,5,6,0.4923473017316269,2,4.0,4.0,4.0,False
trial_001_ep1_task028,1,28,0.9,medium,28,5,7,0.99352545878466,2,3.0,4.0,4.0,False
trial_001_ep1_task028,1,28,0.9,medium,28,5,8,0.19648501684393693,2,3.0,4.0,4.0,False
trial_001_ep1_task028,1,28,0.9,medium,28,5,9,0.99352545878466,2,3.0,4.0,4.0,False
trial_001_ep1_task028,1,28,0.9,medium,28,5,10,0.99352545878466,2,3.0,4.0,4.0,False
trial_001_ep1_task028,1,28,0.9,medium,28,5,11,0.5011781570530331,2,3.0,3.0,3.0,False
trial_001_ep1_task028,1,28,0.9,medium,28,5,12,0.99352545878466,2,3.0,4.0,4.0,False
trial_001_ep1_task028,1,28,0.9,medium,28,5,13,0.19648501684393693,2,3.0,4.0,4.0,False
trial_001_ep1_task028,1,28,0.9,medium,28,5,14,0.99352545878466,2,3.0,4.0,4.0,False
trial_001_ep1_task028,1,28,0.9,medium,28,5,15,0.99352545878466,2,3.0,4.0,4.0,False
trial_001_ep1_task028,1,28,0.9,medium,28,5,16,0.5242194158297244,1,3.0,3.0,3.0,False
trial_001_ep1_task028,1,28,0.9,medium,28,5,17,0.99352545878466,2,3.0,4.0,4.0,False
trial_001_ep1_task028,1,28,0.9,medium,28,5,18,0.40360137152307507,1,2.0,3.0,4.0,False
trial_001_ep1_task028,1,28,0.9,medium,28,5,19,0.7448947120413241,1,2.0,3.0,4.0,False
trial_001_ep1_task028,1,28,0.9,medium,28,5,20,0.8840264273335825,1,4.0,4.0,4.0,False
trial_001_ep1_task028,1,28,0.9,medium,28,5,21,0.8803807235165653,1,2.0,2.0,4.0,False
trial_001_ep1_task028,1,28,0.9,medium,28,5,22,0.99352545878466,2,3.0,4.0,4.0,False
trial_001_ep1_task028,1,28,0.9,medium,28,5,23,0.7401878248047447,1,3.0,3.0,3.0,False
trial_001_ep1_task028,1,28,0.9,medium,28,5,24,0.99352545878466,2,3.0,4.0,4.0,False
trial_001_ep1_task028,1,28,0.9,medium,28,5,25,1.0814811653229939,1,2.0,3.0,3.0,False
trial_001_ep1_task028,1,28,0.9,medium,28,5,26,1.0778354615059766,1,3.0,4.0,4.0,False
trial_001_ep1_task028,1,28,0.9,medium,28,5,27,1.216967176798235,1,2.0,3.0,3.0,False
trial_001_ep1_task030,1,30,0.9999,medium,2,27,25,0.22517798194830707,1,2.0,2.0,2.0,False
trial_001_ep1_task032,1,32,0.999,low,18,6,4,1.5508852082958642,2,3.0,3.0,3.0,False
trial_001_ep1_task032,1,32,0.999,low,18,6,5,0.03367268535466739,1,3.0,3.0,3.0,False
trial_001_ep1_task032,1,32,0.999,low,18,6,10,3.8115935792862716,1,2.0,3.0,3.0,False
trial_001_ep1_task032,1,32,0.999,low,18,6,11,3.5596642084801893,1,2.0,2.0,3.0,False
trial_001_ep1_task032,1,32,0.999,low,18,6,12,3.5259915231255228,1,2.0,2.0,3.0,False
trial_001_ep1_task032,1,32,0.999,low,18,6,15,2.1418208079148995,2,3.0,3.0,3.0,False
trial_001_ep1_task032,1,32,0.999,low,18,6,16,0.7472664278983825,2,3.0,3.0,3.0,False
trial_001_ep1_task032,1,32,0.999,low,18,6,17,0.7809391132530499,2,3.0,3.0,3.0,False
trial_001_ep1_task032,1,32,0.999,low,18,6,19,2.9695229544429838,1,2.0,2.0,2.0,False
trial_001_ep1_task032,1,32,0.999,low,18,6,20,2.7175935836369014,1,2.0,2.0,2.0,False
trial_001_ep1_task032,1,32,0.999,low,18,6,21,2.683920898282235,1,2.0,2.0,2.0,False
trial_001_ep1_task032,1,32,0.999,low,18,6,22,0.2961141819906814,2,3.0,3.0,3.0,False
trial_001_ep1_task032,1,32,0.999,low,18,6,23,1.2210983409505156,2,3.0,3.0,3.0,False
trial_001_ep1_task032,1,32,0.999,low,18,6,24,1.254771026305183,2,3.0,3.0,3.0,False
trial_001_ep1_task032,1,32,0.999,low,18,6,25,2.30317739671108,1,2.0,2.0,3.0,False
trial_001_ep1_task032,1,32,0.999,low,18,6,26,2.2695047113564133,1,2.0,3.0,3.0,False
trial_001_ep1_task032,1,32,0.999,low,18,6,27,2.123451928701619,2,3.0,3.0,3.0,False
trial_001_ep1_task035,1,35,0.99,low,28,6,0,0.6419332861003539,1,2.0,2.0,2.0,False
trial_001_ep1_task035,1,35,0.99,low,28,6,1,0.5303890035113643,1,2.0,2.0,2.0,False
trial_001_ep1_task035,1,35,0.99,low,28,6,2,0.18809743149333458,1,2.0,2.0,2.0,False
trial_001_ep1_task035,1,35,0.99,low,28,6,3,0.24123818945393594,1,2.0,2.0,2.0,False
trial_001_ep1_task035,1,35,0.99,low,28,6,4,0.0,1,,,,False
trial_001_ep1_task035,1,35,0.99,low,28,6,5,0.0,1,,,,False
trial_001_ep1_task035,1,35,0.99,low,28,6,7,0.22933129936895846,1,2.0,2.0,2.0,False
trial_001_ep1_task035,1,35,0.99,low,28,6,8,0.11296027264907127,1,2.0,2.0,2.0,False
trial_001_ep1_task035,1,35,0.99,low,28,6,9,0.05981951468846991,1,2.0,2.0,2.0,False
trial_001_ep1_task035,1,35,0.99,low,28,6,10,0.30105770414240585,1,2.0,2.0,2.0,False
trial_001_ep1_task035,1,35,0.99,low,28,6,11,0.30105770414240585,1,2.0,2.0,2.0,False
trial_001_ep1_task035,1,35,0.99,low,28,6,12,0.30105770414240585,1,2.0,2.0,2.0,False
trial_001_ep1_task035,1,35,0.99,low,28,6,13,0.2245045552380609,1,2.0,2.0,2.0,False
trial_001_ep1_task035,1,35,0.99,low,28,6,14,0.17136379727745954,1,2.0,2.0,2.0,False
trial_001_ep1_task035,1,35,0.99,low,28,6,15,0.4126019867313955,1,2.0,2.0,2.0,False
trial_001_ep1_task035,1,35,0.99,low,28,6,16,0.4126019867313955,1,2.0,2.0,2.0,False
trial_001_ep1_task035,1,35,0.99,low,28,6,17,0.4126019867313955,1,2.0,2.0,2.0,False
trial_001_ep1_task035,1,35,0.99,low,28,6,18,0.5136553692954893,1,2.0,2.0,2.0,False
trial_001_ep1_task035,1,35,0.99,low,28,6,19,0.7548935587494252,1,2.0,2.0,2.0,False
trial_001_ep1_task035,1,35,0.99,low,28,6,20,0.7548935587494252,1,2.0,2.0,2.0,False
trial_001_ep1_task035,1,35,0.99,low,28,6,21,0.7548935587494252,1,2.0,2.0,2.0,False
trial_001_ep1_task035,1,35,0.99,low,28,6,22,0.7017528007888238,1,2.0,2.0,2.0,False
trial_001_ep1_task035,1,35,0.99,low,28,6,23,0.7017528007888238,1,2.0,2.0,2.0,False
trial_001_ep1_task035,1,35,0.99,low,28,6,24,0.7017528007888238,1,2.0,2.0,2.0,False
trial_001_ep1_task035,1,35,0.99,low,28,6,25,0.9429909902427598,1,2.0,2.0,2.0,False
trial_001_ep1_task035,1,35,0.99,low,28,6,26,0.9429909902427598,1,2.0,2.0,2.0,False
trial_001_ep1_task035,1,35,0.99,low,28,6,27,0.9429909902427598,1,2.0,2.0,2.0,False
trial_001_ep1_task037,1,37,0.999,low,28,5,0,0.0,1,,,,False
trial_001_ep1_task037,1,37,0.999,low,28,5,1,0.0,1,,,,False
trial_001_ep1_task037,1,37,0.999,low,28,5,2,0.0,1,,,,False
trial_001_ep1_task037,1,37,0.999,low,28,5,3,0.0,1,,,,False
trial_001_ep1_task037,1,37,0.999,low,28,5,4,0.0,1,,,,False
trial_001_ep1_task037,1,37,0.999,low,28,5,6,0.0,1,,,,False
trial_001_ep1_task037,1,37,0.999,low,28,5,7,0.0,1,,,,False
trial_001_ep1_task037,1,37,0.999,low,28,5,8,0.0,1,,,,False
trial_001_ep1_task037,1,37,0.999,low,28,5,9,0.0,1,,,,False
trial_001_ep1_task037,1,37,0.999,low,28,5,10,0.0,1,,,,False
trial_001_ep1_task037,1,37,0.999,low,28,5,11,0.0,1,,,,False
trial_001_ep1_task037,1,37,0.999,low,28,5,12,0.0,1,,,,False
trial_001_ep1_task037,1,37,0.999,low,28,5,13,0.0,1,,,,False
trial_001_ep1_task037,1,37,0.999,low,28,5,14,0.0,1,,,,False
trial_001_ep1_task037,1,37,0.999,low,28,5,15,0.0,1,,,,False
trial_001_ep1_task037,1,37,0.999,low,28,5,16,0.0,1,,,,False
trial_001_ep1_task037,1,37,0.999,low,28,5,17,0.0,1,,,,False
trial_001_ep1_task037,1,37,0.999,low,28,5,18,0.0,1,,,,False
trial_001_ep1_task037,1,37,0.999,low,28,5,19,0.0,1,,,,False
trial_001_ep1_task037,1,37,0.999,low,28,5,20,0.0,1,,,,False
trial_001_ep1_task037,1,37,0.999,low,28,5,21,0.0,1,,,,False
trial_001_ep1_task037,1,37,0.999,low,28,5,22,0.0,1,,,,False
trial_001_ep1_task037,1,37,0.999,low,28,5,23,0.0,1,,,,False
trial_001_ep1_task037,1,37,0.999,low,28,5,24,0.0,1,,,,False
trial_001_ep1_task037,1,37,0.999,low,28,5,25,0.0,1,,,,False
trial_001_ep1_task037,1,37,0.999,low,28,5,26,0.0,1,,,,False
trial_001_ep1_task037,1,37,0.999,low,28,5,27,0.0,1,,,,False
trial_001_ep1_task039,1,39,0.9999,medium,8,26,5,0.0,1,,,,False
trial_001_ep1_task039,1,39,0.9999,medium,8,26,11,0.0,1,,,,False
trial_001_ep1_task039,1,39,0.9999,medium,8,26,16,0.0,1,,,,False
trial_001_ep1_task039,1,39,0.9999,medium,8,26,20,0.0,1,,,,False
trial_001_ep1_task039,1,39,0.9999,medium,8,26,23,0.0,1,,,,False
trial_001_ep1_task039,1,39,0.9999,medium,8,26,25,0.0,1,,,,False
trial_001_ep1_task039,1,39,0.9999,medium,8,26,27,0.0,1,,,,False
trial_001_ep1_task040,1,40,0.9,low,28,6,0,1.7184205481819559,1,2.0,2.0,2.0,False
trial_001_ep1_task040,1,40,0.9,low,28,6,1,1.50374823567486,1,2.0,2.0,2.0,False
trial_001_ep1_task040,1,40,0.9,low,28,6,2,0.8068913898270789,1,2.0,2.0,2.0,False
trial_001_ep1_task040,1,40,0.9,low,28,6,3,0.937281962878429,1,2.0,2.0,2.0,False
trial_001_ep1_task040,1,40,0.9,low,28,6,4,0.3299642571047605,1,2.0,2.0,2.0,False
trial_001_ep1_task040,1,40,0.9,low,28,6,5,0.0812855408083566,1,2.0,2.0,2.0,False
trial_001_ep1_task040,1,40,0.9,low,28,6,7,0.8862030308267523,1,2.0,3.0,4.0,False
trial_001_ep1_task040,1,40,0.9,low,28,6,8,0.229243338648482,2,4.0,4.0,4.0,False
trial_001_ep1_task040,1,40,0.9,low,28,6,9,0.31973675803032053,1,4.0,4.0,4.0,False
trial_001_ep1_task040,1,40,0.9,low,28,6,10,0.2875809477433475,1,4.0,4.0,4.0,False
trial_001_ep1_task040,1,40,0.9,low,28,6,11,0.5362596640397514,1,2.0,4.0,4.0,False
trial_001_ep1_task040,1,40,0.9,low,28,6,12,0.617545204848108,1,2.0,4.0,4.0,False
trial_001_ep1_task040,1,40,0.9,low,28,6,13,0.229243338648482,2,4.0,4.0,4.0,False
trial_001_ep1_task040,1,40,0.9,low,28,6,14,0.229243338648482,2,4.0,4.0,4.0,False
trial_001_ep1_task040,1,40,0.9,low,28,6,15,0.502253260250443,1,2.0,4.0,4.0,False
trial_001_ep1_task040,1,40,0.9,low,28,6,16,0.750931976546847,1,2.0,4.0,4.0,False
trial_001_ep1_task040,1,40,0.9,low,28,6,17,0.8322175173552036,1,2.0,3.0,4.0,False
trial_001_ep1_task040,1,40,0.9,low,28,6,18,0.5917924003245565,1,2.0,4.0,4.0,False
trial_001_ep1_task040,1,40,0.9,low,28,6,19,1.1991101060982245,1,2.0,2.0,4.0,False
trial_001_ep1_task040,1,40,0.9,low,28,6,20,1.4477888223946285,1,2.0,2.0,4.0,False
trial_001_ep1_task040,1,40,0.9,low,28,6,21,1.529074363202985,1,2.0,2.0,4.0,False
trial_001_ep1_task040,1,40,0.9,low,28,6,22,1.0687195330468748,1,2.0,2.0,4.0,False
trial_001_ep1_task040,1,40,0.9,low,28,6,23,1.3173982493432788,1,2.0,2.0,4.0,False
trial_001_ep1_task040,1,40,0.9,low,28,6,24,1.3986837901516354,1,2.0,2.0,4.0,False
trial_001_ep1_task040,1,40,0.9,low,28,6,25,1.9247159551169468,1,2.0,2.0,3.0,False
trial_001_ep1_task040,1,40,0.9,low,28,6,26,2.0060014959253034,1,2.0,2.0,3.0,False
trial_001_ep1_task040,1,40,0.9,low,28,6,27,2.2546802122217073,1,2.0,2.0,3.0,False
trial_001_ep1_task041,1,41,0.999,high,28,6,0,0.0,1,,,,False
trial_001_ep1_task041,1,41,0.999,high,28,6,1,0.0,1,,,,False
trial_001_ep1_task041,1,41,0.999,high,28,6,2,0.0,1,,,,False
trial_001_ep1_task041,1,41,0.999,high,28,6,3,0.0,1,,,,False
trial_001_ep1_task041,1,41,0.999,high,28,6,4,0.0,1,,,,False
trial_001_ep1_task041,1,41,0.999,high,28,6,5,0.0,1,,,,False
trial_001_ep1_task041,1,41,0.999,high,28,6,7,0.6,1,3.0,3.0,3.0,False
trial_001_ep1_task041,1,41,0.999,high,28,6,8,0.6,1,3.0,3.0,3.0,False
trial_001_ep1_task041,1,41,0.999,high,28,6,9,0.6,1,3.0,3.0,3.0,False
trial_001_ep1_task041,1,41,0.999,high,28,6,10,0.6,1,3.0,3.0,3.0,False
trial_001_ep1_task041,1,41,0.999,high,28,6,11,0.6,1,3.0,3.0,3.0,False
trial_001_ep1_task041,1,41,0.999,high,28,6,12,0.6,1,3.0,3.0,3.0,False
trial_001_ep1_task041,1,41,0.999,high,28,6,13,0.6,1,3.0,3.0,3.0,False
trial_001_ep1_task041,1,41,0.999,high,28,6,14,0.6,1,3.0,3.0,3.0,False
trial_001_ep1_task041,1,41,0.999,high,28,6,15,0.6,1,3.0,3.0,3.0,False
trial_001_ep1_task041,1,41,0.999,high,28,6,16,0.6,1,3.0,3.0,3.0,False
trial_001_ep1_task041,1,41,0.999,high,28,6,17,0.6,1,3.0,3.0,3.0,False
trial_001_ep1_task041,1,41,0.999,high,28,6,18,0.6,1,3.0,3.0,3.0,False
trial_001_ep1_task041,1,41,0.999,high,28,6,19,0.6,1,3.0,3.0,3.0,False
trial_001_ep1_task041,1,41,0.999,high,28,6,20,0.6,1,3.0,3.0,3.0,False
trial_001_ep1_task041,1,41,0.999,high,28,6,21,0.6,1,3.0,3.0,3.0,False
trial_001_ep1_task041,1,41,0.999,high,28,6,22,0.6,1,3.0,3.0,3.0,False
trial_001_ep1_task041,1,41,0.999,high,28,6,23,0.6,1,3.0,3.0,3.0,False
trial_001_ep1_task041,1,41,0.999,high,28,6,24,0.6,1,3.0,3.0,3.0,False
trial_001_ep1_task041,1,41,0.999,high,28,6,25,0.6,1,3.0,3.0,3.0,False
trial_001_ep1_task041,1,41,0.999,high,28,6,26,0.6,1,3.0,3.0,3.0,False
trial_001_ep1_task041,1,41,0.999,high,28,6,27,0.6,1,3.0,3.0,3.0,False
trial_001_ep1_task044,1,44,0.99,low,28,6,0,1.5879147229897415,2,5.0,5.0,5.0,False
trial_001_ep1_task044,1,44,0.99,low,28,6,1,2.1054818984332684,5,7.0,8.0,9.0,False
trial_001_ep1_task044,1,44,0.99,low,28,6,2,2.91853925529851,1,2.0,4.0,5.0,False
trial_001_ep1_task044,1,44,0.99,low,28,6,3,0.9067283440407969,2,6.0,7.0,7.0,False
trial_001_ep1_task044,1,44,0.99,low,28,6,4,0.5920552070247567,3,4.0,5.0,5.0,False
trial_001_ep1_task044,1,44,0.99,low,28,6,5,2.2379596030771927,1,2.0,2.0,6.0,False
trial_001_ep1_task044,1,44,0.99,low,28,6,7,2.1054818984332684,5,7.0,8.0,9.0,False
trial_001_ep1_task044,1,44,0.99,low,28,6,8,2.91853925529851,1,2.0,2.0,2.0,False
trial_001_ep1_task044,1,44,0.99,low,28,6,9,0.8049263011333183,5,6.0,7.0,7.0,False
trial_001_ep1_task044,1,44,0.99,low,28,6,10,0.40530204789519253,4,5.0,5.0,5.0,False
trial_001_ep1_task044,1,44,0.99,low,28,6,11,2.2379596030771927,1,2.0,2.0,6.0,False
trial_001_ep1_task044,1,44,0.99,low,28,6,12,0.6110152841485643,4,5.0,5.0,5.0,False
trial_001_ep1_task044,1,44,0.99,low,28,6,13,2.91853925529851,1,2.0,2.0,9.0,False
trial_001_ep1_task044,1,44,0.99,low,28,6,14,2.9104081995665867,5,7.0,7.0,9.0,False
trial_001_ep1_task044,1,44,0.99,low,28,6,15,2.1054818984332684,5,7.0,8.0,9.0,False
trial_001_ep1_task044,1,44,0.99,low,28,6,16,2.630519402515355,5,7.0,8.0,9.0,False
trial_001_ep1_task044,1,44,0.99,low,28,6,17,2.1054818984332684,5,7.0,8.0,9.0,False
trial_001_ep1_task044,1,44,0.99,low,28,6,18,2.91853925529851,1,2.0,6.0,7.0,False
trial_001_ep1_task044,1,44,0.99,low,28,6,19,2.91853925529851,1,2.0,5.0,5.0,False
trial_001_ep1_task044,1,44,0.99,low,28,6,20,5.156498858375702,1,2.0,2.0,6.0,False
trial_001_ep1_task044,1,44,0.99,low,28,6,21,2.91853925529851,1,5.0,5.0,5.0,False
trial_001_ep1_task044,1,44,0.99,low,28,6,22,1.0399423346719008,4,6.0,7.0,7.0,False
trial_001_ep1_task044,1,44,0.99,low,28,6,23,2.2379596030771927,1,2.0,6.0,7.0,False
trial_001_ep1_task044,1,44,0.99,low,28,6,24,1.292201663097507,2,6.0,7.0,7.0,False
trial_001_ep1_task044,1,44,0.99,low,28,6,25,2.2379596030771927,1,4.0,5.0,6.0,False
trial_001_ep1_task044,1,44,0.99,low,28,6,26,1.6068748001135482,4,5.0,5.0,5.0,False
trial_001_ep1_task044,1,44,0.99,low,28,6,27,2.2379596030771927,1,5.0,5.0,6.0,False
trial_001_ep1_task047,1,47,0.9,high,28,4,0,1.5258876111755821,1,2.0,2.0,3.0,False
trial_001_ep1_task047,1,47,0.9,high,28,4,1,1.2346406183555594,1,2.0,2.0,2.0,False
trial_001_ep1_task047,1,47,0.9,high,28,4,2,0.5576442144865013,1,2.0,2.0,2.0,False
trial_001_ep1_task047,1,47,0.9,high,28,4,3,0.536438171066024,1,2.0,2.0,2.0,False
trial_001_ep1_task047,1,47,0.9,high,28,4,5,1.6549999050342192,2,6.0,6.0,6.0,False
trial_001_ep1_task047,1,47,0.9,high,28,4,6,1.1481979570925143,2,4.0,4.0,4.0,False
trial_001_ep1_task047,1,47,0.9,high,28,4,7,3.4984791406939726,2,6.0,6.0,6.0,False
trial_001_ep1_task047,1,47,0.9,high,28,4,8,3.4984791406939726,2,6.0,6.0,6.0,False
trial_001_ep1_task047,1,47,0.9,high,28,4,9,3.4984791406939726,2,6.0,6.0,6.0,False
trial_001_ep1_task047,1,47,0.9,high,28,4,10,3.4984791406939726,2,6.0,6.0,6.0,False
trial_001_ep1_task047,1,47,0.9,high,28,4,11,1.9159896283445415,3,5.0,6.0,6.0,False
trial_001_ep1_task047,1,47,0.9,high,28,4,12,2.5489300071383036,3,6.0,6.0,6.0,False
trial_001_ep1_task047,1,47,0.9,high,28,4,13,3.697127964230819,2,6.0,6.0,6.0,False
trial_001_ep1_task047,1,47,0.9,high,28,4,14,3.697127964230819,2,6.0,6.0,6.0,False
trial_001_ep1_task047,1,47,0.9,high,28,4,15,3.697127964230819,2,6.0,6.0,6.0,False
trial_001_ep1_task047,1,47,0.9,high,28,4,16,2.042128059196599,2,4.0,6.0,6.0,False
trial_001_ep1_task047,1,47,0.9,high,28,4,17,2.548930007138304,2,6.0,6.0,6.0,False
trial_001_ep1_task047,1,47,0.9,high,28,4,18,3.697127964230819,2,6.0,6.0,6.0,False
trial_001_ep1_task047,1,47,0.9,high,28,4,19,3.697127964230819,2,6.0,6.0,6.0,False
trial_001_ep1_task047,1,47,0.9,high,28,4,20,2.042128059196599,2,4.0,6.0,6.0,False
trial_001_ep1_task047,1,47,0.9,high,28,4,21,2.548930007138304,2,6.0,6.0,6.0,False
trial_001_ep1_task047,1,47,0.9,high,28,4,22,3.697127964230819,2,6.0,6.0,6.0,False
trial_001_ep1_task047,1,47,0.9,high,28,4,23,2.042128059196599,2,4.0,6.0,6.0,False
trial_001_ep1_task047,1,47,0.9,high,28,4,24,2.548930007138304,2,6.0,6.0,6.0,False
trial_001_ep1_task047,1,47,0.9,high,28,4,25,2.133333333333333,1,4.0,6.0,6.0,False
trial_001_ep1_task047,1,47,0.9,high,28,4,26,2.548930007138304,2,6.0,6.0,6.0,False
trial_001_ep1_task047,1,47,0.9,high,28,4,27,2.3503490700950724,1,4.0,6.0,6.0,False
trial_001_ep1_task052,1,52,0.99,medium,28,4,0,0.0,1,,,,False
trial_001_ep1_task052,1,52,0.99,medium,28,4,1,0.0,1,,,,False
trial_001_ep1_task052,1,52,0.99,medium,28,4,2,0.0,1,,,,False
trial_001_ep1_task052,1,52,0.99,medium,28,4,3,0.0,1,,,,False
trial_001_ep1_task052,1,52,0.99,medium,28,4,5,0.0,1,,,,False
trial_001_ep1_task052,1,52,0.99,medium,28,4,6,0.0,1,,,,False
trial_001_ep1_task052,1,52,0.99,medium,28,4,7,0.0,1,,,,False
trial_001_ep1_task052,1,52,0.99,medium,28,4,8,0.0,1,,,,False
trial_001_ep1_task052,1,52,0.99,medium,28,4,9,0.0,1,,,,False
trial_001_ep1_task052,1,52,0.99,medium,28,4,10,0.0,1,,,,False
trial_001_ep1_task052,1,52,0.99,medium,28,4,11,0.0,1,,,,False
trial_001_ep1_task052,1,52,0.99,medium,28,4,12,0.0,1,,,,False
trial_001_ep1_task052,1,52,0.99,medium,28,4,13,0.0,1,,,,False
trial_001_ep1_task052,1,52,0.99,medium,28,4,14,0.0,1,,,,False
trial_001_ep1_task052,1,52,0.99,medium,28,4,15,0.0,1,,,,False
trial_001_ep1_task052,1,52,0.99,medium,28,4,16,0.0,1,,,,False
trial_001_ep1_task052,1,52,0.99,medium,28,4,17,0.0,1,,,,False
trial_001_ep1_task052,1,52,0.99,medium,28,4,18,0.0,1,,,,False
trial_001_ep1_task052,1,52,0.99,medium,28,4,19,0.0,1,,,,False
trial_001_ep1_task052,1,52,0.99,medium,28,4,20,0.0,1,,,,False
trial_001_ep1_task052,1,52,0.99,medium,28,4,21,0.0,1,,,,False
trial_001_ep1_task052,1,52,0.99,medium,28,4,22,0.0,1,,,,False
trial_001_ep1_task052,1,52,0.99,medium,28,4,23,0.0,1,,,,False
trial_001_ep1_task052,1,52,0.99,medium,28,4,24,0.0,1,,,,False
trial_001_ep1_task052,1,52,0.99,medium,28,4,25,0.0,1,,,,False
trial_001_ep1_task052,1,52,0.99,medium,28,4,26,0.0,1,,,,False
trial_001_ep1_task052,1,52,0.99,medium,28,4,27,0.0,1,,,,False
trial_001_ep1_task053,1,53,0.9,low,28,5,0,0.0,1,,,,False
trial_001_ep1_task053,1,53,0.9,low,28,5,1,0.34812421437536045,2,4.0,4.0,4.0,False
trial_001_ep1_task053,1,53,0.9,low,28,5,2,0.0,1,,,,False
trial_001_ep1_task053,1,53,0.9,low,28,5,3,0.0,1,,,,False
trial_001_ep1_task053,1,53,0.9,low,28,5,4,0.04884628083901443,2,3.0,3.0,3.0,False
trial_001_ep1_task053,1,53,0.9,low,28,5,6,0.0,1,,,,False
trial_001_ep1_task053,1,53,0.9,low,28,5,7,0.34812421437536045,2,4.0,4.0,4.0,False
trial_001_ep1_task053,1,53,0.9,low,28,5,8,0.0,1,,,,False
trial_001_ep1_task053,1,53,0.9,low,28,5,9,0.0,1,,,,False
trial_001_ep1_task053,1,53,0.9,low,28,5,10,0.04884628083901443,2,3.0,3.0,3.0,False
trial_001_ep1_task053,1,53,0.9,low,28,5,11,0.0,1,,,,False
trial_001_ep1_task053,1,53,0.9,low,28,5,12,0.0,1,,,,False
trial_001_ep1_task053,1,53,0.9,low,28,5,13,0.34812421437536045,2,4.0,4.0,4.0,False
trial_001_ep1_task053,1,53,0.9,low,28,5,14,0.34812421437536045,2,4.0,4.0,4.0,False
trial_001_ep1_task053,1,53,0.9,low,28,5,15,0.3969704952143749,2,4.0,4.0,4.0,False
trial_001_ep1_task053,1,53,0.9,low,28,5,16,0.34812421437536045,2,4.0,4.0,4.0,False
trial_001_ep1_task053,1,53,0.9,low,28,5,17,0.34812421437536045,2,4.0,4.0,4.0,False
trial_001_ep1_task053,1,53,0.9,low,28,5,18,0.0,1,,,,False
trial_001_ep1_task053,1,53,0.9,low,28,5,19,0.04884628083901443,2,3.0,3.0,3.0,False
trial_001_ep1_task053,1,53,0.9,low,28,5,20,0.0,1,,,,False
trial_001_ep1_task053,1,53,0.9,low,28,5,21,0.0,1,,,,False
trial_001_ep1_task053,1,53,0.9,low,28,5,22,0.04884628083901443,2,3.0,3.0,3.0,False
trial_001_ep1_task053,1,53,0.9,low,28,5,23,0.0,1,,,,False
trial_001_ep1_task053,1,53,0.9,low,28,5,24,0.0,1,,,,False
trial_001_ep1_task053,1,53,0.9,low,28,5,25,0.04884628083901443,2,3.0,3.0,3.0,False
trial_001_ep1_task053,1,53,0.9,low,28,5,26,0.04884628083901443,2,3.0,3.0,3.0,False
trial_001_ep1_task053,1,53,0.9,low,28,5,27,0.0,1,,,,False
trial_001_ep1_task056,1,56,0.99,medium,28,6,0,1.4305066973405811,1,3.0,3.0,3.0,False
trial_001_ep1_task056,1,56,0.99,medium,28,6,1,1.2149133410314903,1,3.0,3.0,3.0,False
trial_001_ep1_task056,1,56,0.99,medium,28,6,2,0.565566060367388,1,2.0,3.0,3.0,False
trial_001_ep1_task056,1,56,0.99,medium,28,6,3,1.2519512120359524,2,4.0,4.0,4.0,False
trial_001_ep1_task056,1,56,0.99,medium,28,6,4,0.10295260822062069,1,2.0,2.0,2.0,False
trial_001_ep1_task056,1,56,0.99,medium,28,6,5,0.9246295800771147,1,3.0,3.0,3.0,False
trial_001_ep1_task056,1,56,0.99,medium,28,6,7,2.6183551969194645,3,4.0,4.0,4.0,False
trial_001_ep1_task056,1,56,0.99,medium,28,6,8,2.7784543515059625,2,4.0,4.0,4.0,False
trial_001_ep1_task056,1,56,0.99,medium,28,6,9,2.1116846248459247,1,4.0,4.0,4.0,False
trial_001_ep1_task056,1,56,0.99,medium,28,6,10,3.0049325809682785,2,4.0,4.0,4.0,False
trial_001_ep1_task056,1,56,0.99,medium,28,6,11,2.6183551969194645,3,4.0,4.0,4.0,False
trial_001_ep1_task056,1,56,0.99,medium,28,6,12,3.0049325809682785,2,4.0,4.0,4.0,False
trial_001_ep1_task056,1,56,0.99,medium,28,6,13,2.9940477078150534,2,4.0,4.0,4.0,False
trial_001_ep1_task056,1,56,0.99,medium,28,6,14,2.3272779811550155,1,4.0,4.0,4.0,False
trial_001_ep1_task056,1,56,0.99,medium,28,6,15,3.2205259372773694,2,4.0,4.0,4.0,False
trial_001_ep1_task056,1,56,0.99,medium,28,6,16,2.6183551969194645,3,4.0,4.0,4.0,False
trial_001_ep1_task056,1,56,0.99,medium,28,6,17,3.2205259372773694,2,4.0,4.0,4.0,False
trial_001_ep1_task056,1,56,0.99,medium,28,6,18,2.976625261819118,1,4.0,4.0,4.0,False
trial_001_ep1_task056,1,56,0.99,medium,28,6,19,3.8698732179414717,2,4.0,4.0,4.0,False
trial_001_ep1_task056,1,56,0.99,medium,28,6,20,3.1260443000079965,2,4.0,4.0,4.0,False
trial_001_ep1_task056,1,56,0.99,medium,28,6,21,3.8698732179414717,2,4.0,4.0,4.0,False
trial_001_ep1_task056,1,56,0.99,medium,28,6,22,3.439238713965885,1,4.0,4.0,4.0,False
trial_001_ep1_task056,1,56,0.99,medium,28,6,23,2.6175617421093915,1,4.0,4.0,4.0,False
trial_001_ep1_task056,1,56,0.99,medium,28,6,24,3.542191322186506,1,4.0,4.0,4.0,False
trial_001_ep1_task056,1,56,0.99,medium,28,6,25,3.3525225294703125,2,4.0,4.0,4.0,False
trial_001_ep1_task056,1,56,0.99,medium,28,6,26,4.0970473917793795,1,4.0,4.0,4.0,False
trial_001_ep1_task056,1,56,0.99,medium,28,6,27,3.3525225294703125,2,4.0,4.0,4.0,False
trial_001_ep1_task057,1,57,0.99,medium,28,5,0,0.5905699176842334,1,2.0,2.0,2.0,False
trial_001_ep1_task057,1,57,0.99,medium,28,5,1,0.6478292596420943,2,3.0,3.0,3.0,False
trial_001_ep1_task057,1,57,0.99,medium,28,5,2,0.7125875318330088,2,3.0,3.0,3.0,False
trial_001_ep1_task057,1,57,0.99,medium,28,5,3,0.6750461645719006,1,2.0,2.0,2.0,False
trial_001_ep1_task057,1,57,0.99,medium,28,5,4,0.5178681276693169,2,3.0,3.0,3.0,False
trial_001_ep1_task057,1,57,0.99,medium,28,5,6,0.03720044142907364,1,2.0,2.0,2.0,False
trial_001_ep1_task057,1,57,0.99,medium,28,5,7,1.8405699176842334,1,2.0,3.0,3.0,False
trial_001_ep1_task057,1,57,0.99,medium,28,5,8,1.5238002828117634,1,2.0,3.0,3.0,False
trial_001_ep1_task057,1,57,0.99,medium,28,5,9,0.5905699176842334,1,2.0,2.0,3.0,False
trial_001_ep1_task057,1,57,0.99,medium,28,5,10,1.3921216881608185,1,2.0,3.0,3.0,False
trial_001_ep1_task057,1,57,0.99,medium,28,5,11,1.265616082256134,1,2.0,2.0,2.0,False
trial_001_ep1_task057,1,57,0.99,medium,28,5,12,1.3028165236852076,1,2.0,2.0,2.0,False
trial_001_ep1_task057,1,57,0.99,medium,28,5,13,1.5081842005556294,1,3.0,3.0,3.0,False
trial_001_ep1_task057,1,57,0.99,medium,28,5,14,0.5749538354280994,1,3.0,3.0,3.0,False
trial_001_ep1_task057,1,57,0.99,medium,28,5,15,1.3765056059046845,1,3.0,3.0,3.0,False
trial_001_ep1_task057,1,57,0.99,medium,28,5,16,1.25,1,2.0,3.0,3.0,False
trial_001_ep1_task057,1,57,0.99,medium,28,5,17,1.2872004414290736,1,2.0,3.0,3.0,False
trial_001_ep1_task057,1,57,0.99,medium,28,5,18,0.6278923640143432,2,3.0,3.0,3.0,False
trial_001_ep1_task057,1,57,0.99,medium,28,5,19,1.1457604916836601,2,3.0,3.0,3.0,False
trial_001_ep1_task057,1,57,0.99,medium,28,5,20,0.93323036512753,1,3.0,3.0,3.0,False
trial_001_ep1_task057,1,57,0.99,medium,28,5,21,0.9704308065566036,1,3.0,3.0,3.0,False
trial_001_ep1_task057,1,57,0.99,medium,28,5,22,0.4331729598506513,2,3.0,3.0,3.0,False
trial_001_ep1_task057,1,57,0.99,medium,28,5,23,0.0846951678186656,2,3.0,3.0,3.0,False
trial_001_ep1_task057,1,57,0.99,medium,28,5,24,0.0846951678186656,2,3.0,3.0,3.0,False
trial_001_ep1_task057,1,57,0.99,medium,28,5,25,0.8015517704765851,1,3.0,3.0,3.0,False
trial_001_ep1_task057,1,57,0.99,medium,28,5,26,0.8387522119056587,1,3.0,3.0,3.0,False
trial_001_ep1_task057,1,57,0.99,medium,28,5,27,0.7122466060009742,1,2.0,2.0,3.0,False
trial_001_ep1_task058,1,58,0.99,medium,28,6,0,0.9156253318298415,1,5.0,5.0,5.0,False
trial_001_ep1_task058,1,58,0.99,medium,28,6,1,1.3448612601846321,1,2.0,2.0,2.0,False
trial_001_ep1_task058,1,58,0.99,medium,28,6,2,0.40396429763846164,1,2.0,2.0,2.0,False
trial_001_ep1_task058,1,58,0.99,medium,28,6,3,1.1819495745122255,1,2.0,2.0,2.0,False
trial_001_ep1_task058,1,58,0.99,medium,28,6,4,0.16448409874782843,1,2.0,2.0,2.0,False
trial_001_ep1_task058,1,58,0.99,medium,28,6,5,0.477415247963457,1,2.0,2.0,2.0,False
trial_001_ep1_task058,1,58,0.99,medium,28,6,7,0.9501651753671927,1,5.0,5.0,5.0,False
trial_001_ep1_task058,1,58,0.99,medium,28,6,8,0.5661724751835493,2,5.0,5.0,5.0,False
trial_001_ep1_task058,1,58,0.99,medium,28,6,9,0.787253489694786,1,5.0,5.0,5.0,False
trial_001_ep1_task058,1,58,0.99,medium,28,6,10,0.5661724751835493,2,5.0,5.0,5.0,False
trial_001_ep1_task058,1,58,0.99,medium,28,6,11,0.5661724751835493,2,5.0,5.0,5.0,False
trial_001_ep1_task058,1,58,0.99,medium,28,6,12,0.5661724751835493,2,5.0,5.0,5.0,False
trial_001_ep1_task058,1,58,0.99,medium,28,6,13,0.4385041411758128,1,2.0,2.0,2.0,False
trial_001_ep1_task058,1,58,0.99,medium,28,6,14,1.2164894180495767,1,2.0,2.0,2.0,False
trial_001_ep1_task058,1,58,0.99,medium,28,6,15,0.1990239422851796,1,2.0,2.0,2.0,False
trial_001_ep1_task058,1,58,0.99,medium,28,6,16,0.5119550915008082,1,2.0,2.0,2.0,False
trial_001_ep1_task058,1,58,0.99,medium,28,6,17,0.03453984353735118,1,2.0,2.0,2.0,False
trial_001_ep1_task058,1,58,0.99,medium,28,6,18,0.27559245550340616,1,2.0,2.0,2.0,False
trial_001_ep1_task058,1,58,0.99,medium,28,6,19,0.7418730202609909,1,2.0,2.0,2.0,False
trial_001_ep1_task058,1,58,0.99,medium,28,6,20,0.4289418710453623,1,2.0,2.0,2.0,False
trial_001_ep1_task058,1,58,0.99,medium,28,6,21,0.9063571190088193,1,2.0,2.0,2.0,False
trial_001_ep1_task058,1,58,0.99,medium,28,6,22,0.03611225661277295,1,2.0,2.0,2.0,False
trial_001_ep1_task058,1,58,0.99,medium,28,6,23,0.34904340582840154,1,2.0,2.0,2.0,False
trial_001_ep1_task058,1,58,0.99,medium,28,6,24,0.12837184213505548,1,2.0,2.0,2.0,False
trial_001_ep1_task058,1,58,0.99,medium,28,6,25,0.6684220699359955,1,2.0,2.0,2.0,False
trial_001_ep1_task058,1,58,0.99,medium,28,6,26,1.1458373178994525,1,2.0,2.0,2.0,False
trial_001_ep1_task058,1,58,0.99,medium,28,6,27,0.8329061686838239,1,2.0,2.0,2.0,False
trial_001_ep1_task060,1,60,0.999,medium,28,5,0,0.8498663675854319,1,2.0,2.0,3.0,False
trial_001_ep1_task060,1,60,0.999,medium,28,5,1,0.16252165986368072,1,2.0,2.0,2.0,False
trial_001_ep1_task060,1,60,0.999,medium,28,5,2,0.0,1,,,,False
trial_001_ep1_task060,1,60,0.999,medium,28,5,3,0.0,1,,,,False
trial_001_ep1_task060,1,60,0.999,medium,28,5,4,0.0,1,,,,False
trial_001_ep1_task060,1,60,0.999,medium,28,5,6,0.0,1,,,,False
trial_001_ep1_task060,1,60,0.999,medium,28,5,7,0.3868327001037428,1,2.0,3.0,3.0,False
trial_001_ep1_task060,1,60,0.999,medium,28,5,8,0.2243110402400621,1,3.0,3.0,3.0,False
trial_001_ep1_task060,1,60,0.999,medium,28,5,9,0.2243110402400621,1,3.0,3.0,3.0,False
trial_001_ep1_task060,1,60,0.999,medium,28,5,10,0.2243110402400621,1,3.0,3.0,3.0,False
trial_001_ep1_task060,1,60,0.999,medium,28,5,11,0.2243110402400621,1,3.0,3.0,3.0,False
trial_001_ep1_task060,1,60,0.999,medium,28,5,12,0.2243110402400621,1,3.0,3.0,3.0,False
trial_001_ep1_task060,1,60,0.999,medium,28,5,13,0.46303366748168906,1,2.0,2.0,2.0,False
trial_001_ep1_task060,1,60,0.999,medium,28,5,14,0.46303366748168906,1,2.0,2.0,2.0,False
trial_001_ep1_task060,1,60,0.999,medium,28,5,15,0.46303366748168906,1,2.0,2.0,2.0,False
trial_001_ep1_task060,1,60,0.999,medium,28,5,16,0.46303366748168906,1,2.0,2.0,2.0,False
trial_001_ep1_task060,1,60,0.999,medium,28,5,17,0.46303366748168906,1,2.0,2.0,2.0,False
trial_001_ep1_task060,1,60,0.999,medium,28,5,18,0.6255553273453698,1,2.0,2.0,2.0,False
trial_001_ep1_task060,1,60,0.999,medium,28,5,19,0.6255553273453698,1,2.0,2.0,2.0,False
trial_001_ep1_task060,1,60,0.999,medium,28,5,20,0.6255553273453698,1,2.0,2.0,2.0,False
trial_001_ep1_task060,1,60,0.999,medium,28,5,21,0.6255553273453698,1,2.0,2.0,2.0,False
trial_001_ep1_task060,1,60,0.999,medium,28,5,22,0.6255553273453698,1,2.0,2.0,2.0,False
trial_001_ep1_task060,1,60,0.999,medium,28,5,23,0.6255553273453698,1,2.0,2.0,2.0,False
trial_001_ep1_task060,1,60,0.999,medium,28,5,24,0.6255553273453698,1,2.0,2.0,2.0,False
trial_001_ep1_task060,1,60,0.999,medium,28,5,25,0.6255553273453698,1,2.0,2.0,2.0,False
trial_001_ep1_task060,1,60,0.999,medium,28,5,26,0.6255553273453698,1,2.0,2.0,2.0,False
trial_001_ep1_task060,1,60,0.999,medium,28,5,27,0.6255553273453698,1,2.0,2.0,2.0,False
trial_001_ep1_task063,1,63,0.999,medium,28,4,0,0.0,1,,,,False
trial_001_ep1_task063,1,63,0.999,medium,28,4,1,0.0,1,,,,False
trial_001_ep1_task063,1,63,0.999,medium,28,4,2,0.0,1,,,,False
trial_001_ep1_task063,1,63,0.999,medium,28,4,3,0.3767906198697366,1,2.0,2.0,2.0,False
trial_001_ep1_task063,1,63,0.999,medium,28,4,5,0.36219325822028425,1,2.0,2.0,2.0,False
trial_001_ep1_task063,1,63,0.999,medium,28,4,6,0.20326548240716424,1,2.0,2.0,2.0,False
trial_001_ep1_task063,1,63,0.999,medium,28,4,7,1.1,1,2.0,2.0,2.0,False
trial_001_ep1_task063,1,63,0.999,medium,28,4,8,1.1,1,2.0,2.0,2.0,False
trial_001_ep1_task063,1,63,0.999,medium,28,4,9,0.7232093801302636,1,2.0,2.0,2.0,False
trial_001_ep1_task063,1,63,0.999,medium,28,4,10,1.1,1,2.0,2.0,2.0,False
trial_001_ep1_task063,1,63,0.999,medium,28,4,11,0.7378067417797158,1,2.0,2.0,2.0,False
trial_001_ep1_task063,1,63,0.999,medium,28,4,12,0.8967345175928358,1,2.0,2.0,2.0,False
trial_001_ep1_task063,1,63,0.999,medium,28,4,13,1.1,1,2.0,2.0,2.0,False
trial_001_ep1_task063,1,63,0.999,medium,28,4,14,0.7232093801302636,1,2.0,2.0,2.0,False
trial_001_ep1_task063,1,63,0.999,medium,28,4,15,1.1,1,2.0,2.0,2.0,False
trial_001_ep1_task063,1,63,0.999,medium,28,4,16,0.7378067417797158,1,2.0,2.0,2.0,False
trial_001_ep1_task063,1,63,0.999,medium,28,4,17,0.8967345175928358,1,2.0,2.0,2.0,False
trial_001_ep1_task063,1,63,0.999,medium,28,4,18,0.7232093801302636,1,2.0,2.0,2.0,False
trial_001_ep1_task063,1,63,0.999,medium,28,4,19,1.1,1,2.0,2.0,2.0,False
trial_001_ep1_task063,1,63,0.999,medium,28,4,20,0.7378067417797158,1,2.0,2.0,2.0,False
trial_001_ep1_task063,1,63,0.999,medium,28,4,21,0.8967345175928358,1,2.0,2.0,2.0,False
trial_001_ep1_task063,1,63,0.999,medium,28,4,22,0.7232093801302636,1,2.0,2.0,2.0,False
trial_001_ep1_task063,1,63,0.999,medium,28,4,23,0.36101612190997934,1,2.0,2.0,2.0,False
trial_001_ep1_task063,1,63,0.999,medium,28,4,24,0.5199438977230993,1,2.0,2.0,2.0,False
trial_001_ep1_task063,1,63,0.999,medium,28,4,25,0.7378067417797158,1,2.0,2.0,2.0,False
trial_001_ep1_task063,1,63,0.999,medium,28,4,26,0.8967345175928358,1,2.0,2.0,2.0,False
trial_001_ep1_task063,1,63,0.999,medium,28,4,27,0.5345412593725516,1,2.0,2.0,2.0,False
trial_001_ep1_task064,1,64,0.99,low,28,5,0,0.0,1,,,,False
trial_001_ep1_task064,1,64,0.99,low,28,5,1,0.0,1,,,,False
trial_001_ep1_task064,1,64,0.99,low,28,5,2,0.0,1,,,,False
trial_001_ep1_task064,1,64,0.99,low,28,5,3,0.0,1,,,,False
trial_001_ep1_task064,1,64,0.99,low,28,5,4,0.0,1,,,,False
trial_001_ep1_task064,1,64,0.99,low,28,5,6,0.0,1,,,,False
trial_001_ep1_task064,1,64,0.99,low,28,5,7,0.0,1,,,,False
trial_001_ep1_task064,1,64,0.99,low,28,5,8,0.0,1,,,,False
trial_001_ep1_task064,1,64,0.99,low,28,5,9,0.0,1,,,,False
trial_001_ep1_task064,1,64,0.99,low,28,5,10,0.0,1,,,,False
trial_001_ep1_task064,1,64,0.99,low,28,5,11,0.0,1,,,,False
trial_001_ep1_task064,1,64,0.99,low,28,5,12,0.0,1,,,,False
trial_001_ep1_task064,1,64,0.99,low,28,5,13,0.0,1,,,,False
trial_001_ep1_task064,1,64,0.99,low,28,5,14,0.0,1,,,,False
trial_001_ep1_task064,1,64,0.99,low,28,5,15,0.0,1,,,,False
trial_001_ep1_task064,1,64,0.99,low,28,5,16,0.0,1,,,,False
trial_001_ep1_task064,1,64,0.99,low,28,5,17,0.0,1,,,,False
trial_001_ep1_task064,1,64,0.99,low,28,5,18,0.0,1,,,,False
trial_001_ep1_task064,1,64,0.99,low,28,5,19,0.0,1,,,,False
trial_001_ep1_task064,1,64,0.99,low,28,5,20,0.0,1,,,,False
trial_001_ep1_task064,1,64,0.99,low,28,5,21,0.0,1,,,,False
trial_001_ep1_task064,1,64,0.99,low,28,5,22,0.0,1,,,,False
trial_001_ep1_task064,1,64,0.99,low,28,5,23,0.0,1,,,,False
trial_001_ep1_task064,1,64,0.99,low,28,5,24,0.0,1,,,,False
trial_001_ep1_task064,1,64,0.99,low,28,5,25,0.0,1,,,,False
trial_001_ep1_task064,1,64,0.99,low,28,5,26,0.0,1,,,,False
trial_001_ep1_task064,1,64,0.99,low,28,5,27,0.0,1,,,,False
trial_001_ep1_task065,1,65,0.99,low,28,6,0,1.7134584342771175,1,3.0,3.0,3.0,False
trial_001_ep1_task065,1,65,0.99,low,28,6,1,1.5060037419952694,1,3.0,3.0,3.0,False
trial_001_ep1_task065,1,65,0.99,low,28,6,2,0.7986211999856532,2,3.0,3.0,3.0,False
trial_001_ep1_task065,1,65,0.99,low,28,6,3,0.9496872476405676,1,3.0,3.0,3.0,False
trial_001_ep1_task065,1,65,0.99,low,28,6,4,0.3264198900298658,2,3.0,3.0,3.0,False
trial_001_ep1_task065,1,65,0.99,low,28,6,5,0.5713613129986514,2,3.0,3.0,3.0,False
trial_001_ep1_task065,1,65,0.99,low,28,6,7,0.8752262334008978,2,3.0,3.0,3.0,False
trial_001_ep1_task065,1,65,0.99,low,28,6,8,0.16784369139128108,2,3.0,3.0,3.0,False
trial_001_ep1_task065,1,65,0.99,low,28,6,9,1.1370915572280134,2,3.0,3.0,3.0,False
trial_001_ep1_task065,1,65,0.99,low,28,6,10,0.3043576185645067,1,3.0,3.0,3.0,False
trial_001_ep1_task065,1,65,0.99,low,28,6,11,0.5594161955957206,1,2.0,2.0,3.0,False
trial_001_ep1_task065,1,65,0.99,low,28,6,12,0.6307775085943721,1,3.0,3.0,3.0,False
trial_001_ep1_task065,1,65,0.99,low,28,6,13,0.03961100089056657,1,3.0,3.0,3.0,False
trial_001_ep1_task065,1,65,0.99,low,28,6,14,0.11145504676434737,1,3.0,3.0,3.0,False
trial_001_ep1_task065,1,65,0.99,low,28,6,15,0.5118123108463539,1,3.0,3.0,3.0,False
trial_001_ep1_task065,1,65,0.99,low,28,6,16,0.7668708878775687,1,2.0,3.0,3.0,False
trial_001_ep1_task065,1,65,0.99,low,28,6,17,0.8382322008762197,2,3.0,3.0,3.0,False
trial_001_ep1_task065,1,65,0.99,low,28,6,18,0.5959274952452693,1,3.0,3.0,3.0,False
trial_001_ep1_task065,1,65,0.99,low,28,6,19,1.2191948528559706,1,3.0,3.0,3.0,False
trial_001_ep1_task065,1,65,0.99,low,28,6,20,1.4742534298871854,1,3.0,3.0,3.0,False
trial_001_ep1_task065,1,65,0.99,low,28,6,21,1.5456147428858364,2,3.0,3.0,3.0,False
trial_001_ep1_task065,1,65,0.99,low,28,6,22,1.0681288052010567,1,3.0,3.0,3.0,False
trial_001_ep1_task065,1,65,0.99,low,28,6,23,1.3231873822322706,1,3.0,3.0,3.0,False
trial_001_ep1_task065,1,65,0.99,low,28,6,24,1.394548695230923,1,3.0,3.0,3.0,False
trial_001_ep1_task065,1,65,0.99,low,28,6,25,1.9464547398429728,1,3.0,3.0,3.0,False
trial_001_ep1_task065,1,65,0.99,low,28,6,26,2.017816052841624,2,3.0,3.0,3.0,False
trial_001_ep1_task065,1,65,0.99,low,28,6,27,2.272874629872838,1,3.0,3.0,3.0,False
trial_001_ep1_task070,1,70,0.9999,medium,4,27,5,1.4005583842088134,2,3.0,3.0,3.0,False
trial_001_ep1_task070,1,70,0.9999,medium,4,27,23,1.4515968799114907,2,4.0,4.0,4.0,False
trial_001_ep1_task070,1,70,0.9999,medium,4,27,25,0.14293241747069851,1,2.0,3.0,3.0,False
trial_001_ep1_task071,1,71,0.9999,medium,4,25,5,1.2961539128522928,1,2.0,2.0,3.0,False
trial_001_ep1_task071,1,71,0.9999,medium,4,25,23,0.46069013529176406,1,2.0,2.0,2.0,False
trial_001_ep1_task071,1,71,0.9999,medium,4,25,27,0.7262759665467335,1,2.0,2.0,2.0,False
trial_001_ep1_task072,1,72,0.999,medium,28,6,0,0.0,1,,,,False
trial_001_ep1_task072,1,72,0.999,medium,28,6,1,0.0,1,,,,False
trial_001_ep1_task072,1,72,0.999,medium,28,6,2,0.0,1,,,,False
trial_001_ep1_task072,1,72,0.999,medium,28,6,3,0.31798980173578384,1,2.0,2.0,2.0,False
trial_001_ep1_task072,1,72,0.999,medium,28,6,4,0.0,1,,,,False
trial_001_ep1_task072,1,72,0.999,medium,28,6,5,0.7222222222222222,1,2.0,2.0,2.0,False
trial_001_ep1_task072,1,72,0.999,medium,28,6,7,0.028395835488498777,1,2.0,2.0,2.0,False
trial_001_ep1_task072,1,72,0.999,medium,28,6,8,0.028395835488498777,1,2.0,2.0,2.0,False
trial_001_ep1_task072,1,72,0.999,medium,28,6,9,0.28959396624728506,1,2.0,2.0,2.0,False
trial_001_ep1_task072,1,72,0.999,medium,28,6,10,0.028395835488498777,1,2.0,2.0,2.0,False
trial_001_ep1_task072,1,72,0.999,medium,28,6,11,0.6938263867337234,1,2.0,2.0,2.0,False
trial_001_ep1_task072,1,72,0.999,medium,28,6,12,0.028395835488498777,1,2.0,2.0,2.0,False
trial_001_ep1_task072,1,72,0.999,medium,28,6,13,0.028395835488498777,1,2.0,2.0,2.0,False
trial_001_ep1_task072,1,72,0.999,medium,28,6,14,0.28959396624728506,1,2.0,2.0,2.0,False
trial_001_ep1_task072,1,72,0.999,medium,28,6,15,0.028395835488498777,1,2.0,2.0,2.0,False
trial_001_ep1_task072,1,72,0.999,medium,28,6,16,0.6938263867337234,1,2.0,2.0,2.0,False
trial_001_ep1_task072,1,72,0.999,medium,28,6,17,0.028395835488498777,1,2.0,2.0,2.0,False
trial_001_ep1_task072,1,72,0.999,medium,28,6,18,0.28959396624728506,1,2.0,2.0,2.0,False
trial_001_ep1_task072,1,72,0.999,medium,28,6,19,0.028395835488498777,1,2.0,2.0,2.0,False
trial_001_ep1_task072,1,72,0.999,medium,28,6,20,0.6938263867337234,1,2.0,2.0,2.0,False
trial_001_ep1_task072,1,72,0.999,medium,28,6,21,0.028395835488498777,1,2.0,2.0,2.0,False
trial_001_ep1_task072,1,72,0.999,medium,28,6,22,0.28959396624728506,1,2.0,2.0,2.0,False
trial_001_ep1_task072,1,72,0.999,medium,28,6,23,1.0118161884695074,1,2.0,2.0,2.0,False
trial_001_ep1_task072,1,72,0.999,medium,28,6,24,0.28959396624728506,1,2.0,2.0,2.0,False
trial_001_ep1_task072,1,72,0.999,medium,28,6,25,0.6938263867337234,1,2.0,2.0,2.0,False
trial_001_ep1_task072,1,72,0.999,medium,28,6,26,0.028395835488498777,1,2.0,2.0,2.0,False
trial_001_ep1_task072,1,72,0.999,medium,28,6,27,0.6938263867337234,1,2.0,2.0,2.0,False
trial_001_ep1_task075,1,75,0.999,low,28,5,0,1.1702823222260665,4,6.0,7.0,7.0,False
trial_001_ep1_task075,1,75,0.999,low,28,5,1,1.0175409592190132,1,2.0,2.0,2.0,False
trial_001_ep1_task075,1,75,0.999,low,28,5,2,0.5538876122095582,1,2.0,2.0,7.0,False
trial_001_ep1_task075,1,75,0.999,low,28,5,3,1.0175409592190132,1,2.0,2.0,7.0,False
trial_001_ep1_task075,1,75,0.999,low,28,5,4,0.6056368545494379,2,7.0,7.0,7.0,False
trial_001_ep1_task075,1,75,0.999,low,28,5,6,1.0175409592190132,1,4.0,7.0,7.0,False
trial_001_ep1_task075,1,75,0.999,low,28,5,7,0.8989563752923351,1,7.0,8.0,8.0,False
trial_001_ep1_task075,1,75,0.999,low,28,5,8,2.4703849467209062,1,2.0,2.0,8.0,False
trial_001_ep1_task075,1,75,0.999,low,28,5,9,0.8989563752923351,1,7.0,8.0,8.0,False
trial_001_ep1_task075,1,75,0.999,low,28,5,10,2.14419381329525,1,2.0,2.0,8.0,False
trial_001_ep1_task075,1,75,0.999,low,28,5,11,1.916497334511348,1,2.0,6.0,8.0,False
trial_001_ep1_task075,1,75,0.999,low,28,5,12,0.8989563752923351,1,2.0,2.0,8.0,False
trial_001_ep1_task075,1,75,0.999,low,28,5,13,0.8895844388260175,5,7.0,8.0,8.0,False
trial_001_ep1_task075,1,75,0.999,low,28,5,14,1.0175409592190132,1,7.0,8.0,8.0,False
trial_001_ep1_task075,1,75,0.999,low,28,5,15,1.1191866697186297,2,7.0,8.0,8.0,False
trial_001_ep1_task075,1,75,0.999,low,28,5,16,0.513549815169192,4,8.0,8.0,8.0,False
trial_001_ep1_task075,1,75,0.999,low,28,5,17,1.024682294112813,2,7.0,8.0,8.0,False
trial_001_ep1_task075,1,75,0.999,low,28,5,18,0.8895844388260175,5,7.0,8.0,8.0,False
trial_001_ep1_task075,1,75,0.999,low,28,5,19,1.799125050212473,1,5.0,7.0,8.0,False
trial_001_ep1_task075,1,75,0.999,low,28,5,20,1.5714285714285712,1,2.0,6.0,8.0,False
trial_001_ep1_task075,1,75,0.999,low,28,5,21,1.0897004895260607,2,7.0,8.0,8.0,False
trial_001_ep1_task075,1,75,0.999,low,28,5,22,1.2379880232872928,2,7.0,8.0,8.0,False
trial_001_ep1_task075,1,75,0.999,low,28,5,23,0.6323511687378551,4,8.0,8.0,8.0,False
trial_001_ep1_task075,1,75,0.999,low,28,5,24,1.1434836476814763,2,7.0,8.0,8.0,False
trial_001_ep1_task075,1,75,0.999,low,28,5,25,1.2452374380029143,1,5.0,8.0,8.0,False
trial_001_ep1_task075,1,75,0.999,low,28,5,26,1.7055353021575983,2,6.0,7.0,8.0,False
trial_001_ep1_task075,1,75,0.999,low,28,5,27,1.0998984476081604,2,5.0,8.0,8.0,False
trial_001_ep1_task077,1,77,0.9999,high,2,27,25,1.439084287417054,4,5.0,5.0,6.0,False
trial_001_ep1_task078,1,78,0.99,medium,28,5,0,0.6111111111111143,3,5.0,5.0,5.0,False
trial_001_ep1_task078,1,78,0.99,medium,28,5,1,0.6111111111111143,3,5.0,5.0,5.0,False
trial_001_ep1_task078,1,78,0.99,medium,28,5,2,0.6111111111111143,3,5.0,5.0,5.0,False
trial_001_ep1_task078,1,78,0.99,medium,28,5,3,0.6111111111111143,3,5.0,5.0,5.0,False
trial_001_ep1_task078,1,78,0.99,medium,28,5,4,0.6111111111111143,3,5.0,5.0,5.0,False
trial_001_ep1_task078,1,78,0.99,medium,28,5,6,0.6111111111111107,1,2.0,5.0,5.0,False
trial_001_ep1_task078,1,78,0.99,medium,28,5,7,1.3403000563997693,3,4.0,4.0,5.0,False
trial_001_ep1_task078,1,78,0.99,medium,28,5,8,1.3403000563997693,3,4.0,4.0,5.0,False
trial_001_ep1_task078,1,78,0.99,medium,28,5,9,1.3403000563997693,3,4.0,4.0,5.0,False
trial_001_ep1_task078,1,78,0.99,medium,28,5,10,1.3403000563997693,3,4.0,4.0,5.0,False
trial_001_ep1_task078,1,78,0.99,medium,28,5,11,0.7291889452886551,3,5.0,5.0,5.0,False
trial_001_ep1_task078,1,78,0.99,medium,28,5,12,0.790300056399758,3,5.0,5.0,5.0,False
trial_001_ep1_task078,1,78,0.99,medium,28,5,13,1.3403000563997693,3,4.0,4.0,5.0,False
trial_001_ep1_task078,1,78,0.99,medium,28,5,14,1.3403000563997693,3,4.0,4.0,5.0,False
trial_001_ep1_task078,1,78,0.99,medium,28,5,15,1.3403000563997693,3,4.0,4.0,5.0,False
trial_001_ep1_task078,1,78,0.99,medium,28,5,16,0.7291889452886551,3,5.0,5.0,5.0,False
trial_001_ep1_task078,1,78,0.99,medium,28,5,17,0.790300056399758,3,5.0,5.0,5.0,False
trial_001_ep1_task078,1,78,0.99,medium,28,5,18,1.3403000563997693,3,4.0,4.0,5.0,False
trial_001_ep1_task078,1,78,0.99,medium,28,5,19,1.3403000563997693,3,4.0,4.0,5.0,False
trial_001_ep1_task078,1,78,0.99,medium,28,5,20,0.7291889452886551,3,5.0,5.0,5.0,False
trial_001_ep1_task078,1,78,0.99,medium,28,5,21,0.790300056399758,3,5.0,5.0,5.0,False
trial_001_ep1_task078,1,78,0.99,medium,28,5,22,1.3403000563997693,3,4.0,4.0,5.0,False
trial_001_ep1_task078,1,78,0.99,medium,28,5,23,0.7291889452886551,3,5.0,5.0,5.0,False
trial_001_ep1_task078,1,78,0.99,medium,28,5,24,0.790300056399758,3,5.0,5.0,5.0,False
trial_001_ep1_task078,1,78,0.99,medium,28,5,25,0.7291889452886551,3,5.0,5.0,5.0,False
trial_001_ep1_task078,1,78,0.99,medium,28,5,26,0.790300056399758,3,5.0,5.0,5.0,False
trial_001_ep1_task078,1,78,0.99,medium,28,5,27,0.5451865126748601,4,5.0,5.0,5.0,False
trial_001_ep1_task079,1,79,0.9,high,28,6,0,2.045454545454545,1,4.0,4.0,4.0,False
trial_001_ep1_task079,1,79,0.9,high,28,6,1,1.6047592928903587,1,2.0,2.0,4.0,False
trial_001_ep1_task079,1,79,0.9,high,28,6,2,0.8483139451069235,2,3.0,4.0,4.0,False
trial_001_ep1_task079,1,79,0.9,high,28,6,3,2.5,1,2.0,2.0,3.0,False
trial_001_ep1_task079,1,79,0.9,high,28,6,4,0.7936715386337561,2,3.0,4.0,4.0,False
trial_001_ep1_task079,1,79,0.9,high,28,6,5,1.6818881110563981,3,4.0,4.0,4.0,False
trial_001_ep1_task079,1,79,0.9,high,28,6,7,6.150213838344904,1,2.0,2.0,3.0,False
trial_001_ep1_task079,1,79,0.9,high,28,6,8,5.351099722937818,1,2.0,3.0,4.0,False
trial_001_ep1_task079,1,79,0.9,high,28,6,9,2.045454545454545,1,2.0,4.0,4.0,False
trial_001_ep1_task079,1,79,0.9,high,28,6,10,4.986631016042782,1,2.0,2.0,4.0,False
trial_001_ep1_task079,1,79,0.9,high,28,6,11,4.8232323232323235,1,4.0,4.0,4.0,False
trial_001_ep1_task079,1,79,0.9,high,28,6,12,4.545454545454545,1,2.0,2.0,4.0,False
trial_001_ep1_task079,1,79,0.9,high,28,6,13,4.910404470373631,1,2.0,2.0,4.0,False
trial_001_ep1_task079,1,79,0.9,high,28,6,14,1.6047592928903587,1,4.0,4.0,4.0,False
trial_001_ep1_task079,1,79,0.9,high,28,6,15,4.545935763478596,1,2.0,3.0,4.0,False
trial_001_ep1_task079,1,79,0.9,high,28,6,16,4.382537070668137,1,2.0,2.0,4.0,False
trial_001_ep1_task079,1,79,0.9,high,28,6,17,4.104759292890359,1,2.0,2.0,4.0,False
trial_001_ep1_task079,1,79,0.9,high,28,6,18,0.8056451774832727,1,4.0,4.0,4.0,False
trial_001_ep1_task079,1,79,0.9,high,28,6,19,3.74682164807151,1,2.0,3.0,4.0,False
trial_001_ep1_task079,1,79,0.9,high,28,6,20,3.5834229552610513,1,4.0,5.0,5.0,False
trial_001_ep1_task079,1,79,0.9,high,28,6,21,3.3056451774832727,1,2.0,2.0,4.0,False
trial_001_ep1_task079,1,79,0.9,high,28,6,22,2.3802440545197268,2,3.0,4.0,4.0,False
trial_001_ep1_task079,1,79,0.9,high,28,6,23,0.8791951302129948,3,4.0,4.0,4.0,False
trial_001_ep1_task079,1,79,0.9,high,28,6,24,1.5865725158859707,2,4.0,4.0,4.0,False
trial_001_ep1_task079,1,79,0.9,high,28,6,25,3.218954248366014,1,4.0,5.0,5.0,False
trial_001_ep1_task079,1,79,0.9,high,28,6,26,2.9411764705882355,1,3.0,3.0,3.0,False
trial_001_ep1_task079,1,79,0.9,high,28,6,27,2.777777777777777,1,2.0,4.0,4.0,False
trial_001_ep1_task080,1,80,0.9999,high,8,25,5,2.0,1,3.0,3.0,3.0,False
trial_001_ep1_task080,1,80,0.9999,high,8,25,11,0.8016417341696123,1,2.0,2.0,2.0,False
trial_001_ep1_task080,1,80,0.9999,high,8,25,16,0.0,1,,,,False
trial_001_ep1_task080,1,80,0.9999,high,8,25,20,0.0,1,,,,False
trial_001_ep1_task080,1,80,0.9999,high,8,25,23,0.0,1,,,,False
trial_001_ep1_task080,1,80,0.9999,high,8,25,26,0.6340024326137836,2,3.0,3.0,3.0,False
trial_001_ep1_task080,1,80,0.9999,high,8,25,27,1.0,1,3.0,3.0,3.0,False
trial_001_ep1_task083,1,83,0.999,low,28,5,0,0.2221853317337521,1,2.0,2.0,2.0,False
trial_001_ep1_task083,1,83,0.999,low,28,5,1,0.1814877594486386,1,2.0,2.0,2.0,False
trial_001_ep1_task083,1,83,0.999,low,28,5,2,0.0,1,,,,False
trial_001_ep1_task083,1,83,0.999,low,28,5,3,0.0,1,,,,False
trial_001_ep1_task083,1,83,0.999,low,28,5,4,0.0,1,,,,False
trial_001_ep1_task083,1,83,0.999,low,28,5,6,0.0,1,,,,False
trial_001_ep1_task083,1,83,0.999,low,28,5,7,0.40625826820111666,2,3.0,3.0,3.0,False
trial_001_ep1_task083,1,83,0.999,low,28,5,8,0.45392313767930226,1,3.0,3.0,3.0,False
trial_001_ep1_task083,1,83,0.999,low,28,5,9,0.45392313767930226,1,3.0,3.0,3.0,False
trial_001_ep1_task083,1,83,0.999,low,28,5,10,0.45392313767930226,1,3.0,3.0,3.0,False
trial_001_ep1_task083,1,83,0.999,low,28,5,11,0.45392313767930226,1,3.0,3.0,3.0,False
trial_001_ep1_task083,1,83,0.999,low,28,5,12,0.45392313767930226,1,3.0,3.0,3.0,False
trial_001_ep1_task083,1,83,0.999,low,28,5,13,0.49462070996441576,1,3.0,3.0,3.0,False
trial_001_ep1_task083,1,83,0.999,low,28,5,14,0.49462070996441576,1,3.0,3.0,3.0,False
trial_001_ep1_task083,1,83,0.999,low,28,5,15,0.49462070996441576,1,3.0,3.0,3.0,False
trial_001_ep1_task083,1,83,0.999,low,28,5,16,0.49462070996441576,1,3.0,3.0,3.0,False
trial_001_ep1_task083,1,83,0.999,low,28,5,17,0.49462070996441576,1,3.0,3.0,3.0,False
trial_001_ep1_task083,1,83,0.999,low,28,5,18,0.6761084694130544,1,3.0,3.0,3.0,False
trial_001_ep1_task083,1,83,0.999,low,28,5,19,0.6761084694130544,1,3.0,3.0,3.0,False
trial_001_ep1_task083,1,83,0.999,low,28,5,20,0.6761084694130544,1,3.0,3.0,3.0,False
trial_001_ep1_task083,1,83,0.999,low,28,5,21,0.6761084694130544,1,3.0,3.0,3.0,False
trial_001_ep1_task083,1,83,0.999,low,28,5,22,0.6761084694130544,1,3.0,3.0,3.0,False
trial_001_ep1_task083,1,83,0.999,low,28,5,23,0.6761084694130544,1,3.0,3.0,3.0,False
trial_001_ep1_task083,1,83,0.999,low,28,5,24,0.6761084694130544,1,3.0,3.0,3.0,False
trial_001_ep1_task083,1,83,0.999,low,28,5,25,0.6761084694130544,1,3.0,3.0,3.0,False
trial_001_ep1_task083,1,83,0.999,low,28,5,26,0.6761084694130544,1,3.0,3.0,3.0,False
trial_001_ep1_task083,1,83,0.999,low,28,5,27,0.6761084694130544,1,3.0,3.0,3.0,False
trial_001_ep1_task084,1,84,0.9,medium,28,5,0,0.9552586951159983,2,3.0,14.0,14.0,False
trial_001_ep1_task084,1,84,0.9,medium,28,5,1,0.8979695932964908,2,14.0,14.0,14.0,False
trial_001_ep1_task084,1,84,0.9,medium,28,5,2,1.0481368046901967,5,14.0,14.0,14.0,False
trial_001_ep1_task084,1,84,0.9,medium,28,5,3,1.6283003697391445,2,3.0,14.0,14.0,False
trial_001_ep1_task084,1,84,0.9,medium,28,5,4,0.3490758897829007,5,14.0,14.0,14.0,False
trial_001_ep1_task084,1,84,0.9,medium,28,5,6,0.07830036973915,5,14.0,14.0,14.0,False
trial_001_ep1_task084,1,84,0.9,medium,28,5,7,3.4815286581516345,2,3.0,14.0,14.0,False
trial_001_ep1_task084,1,84,0.9,medium,28,5,8,2.853540272186766,2,10.0,14.0,14.0,False
trial_001_ep1_task084,1,84,0.9,medium,28,5,9,1.3521063481531108,5,14.0,14.0,14.0,False
trial_001_ep1_task084,1,84,0.9,medium,28,5,10,2.5790430895061647,2,3.0,14.0,14.0,False
trial_001_ep1_task084,1,84,0.9,medium,28,5,11,2.5835590648551428,2,3.0,3.0,6.0,False
trial_001_ep1_task084,1,84,0.9,medium,28,5,12,2.505258695115998,2,3.0,14.0,14.0,False
trial_001_ep1_task084,1,84,0.9,medium,28,5,13,2.796251170367259,2,10.0,14.0,14.0,False
trial_001_ep1_task084,1,84,0.9,medium,28,5,14,1.4093954499726173,5,14.0,14.0,14.0,False
trial_001_ep1_task084,1,84,0.9,medium,28,5,15,2.521753987686658,2,3.0,14.0,14.0,False
trial_001_ep1_task084,1,84,0.9,medium,28,5,16,2.5262699630356353,2,3.0,6.0,6.0,False
trial_001_ep1_task084,1,84,0.9,medium,28,5,17,2.4479695932964907,2,3.0,14.0,14.0,False
trial_001_ep1_task084,1,84,0.9,medium,28,5,18,1.979743408163169,5,11.0,14.0,14.0,False
trial_001_ep1_task084,1,84,0.9,medium,28,5,19,1.8937656017217899,2,11.0,14.0,14.0,False
trial_001_ep1_task084,1,84,0.9,medium,28,5,20,1.898281577070768,2,6.0,6.0,6.0,False
trial_001_ep1_task084,1,84,0.9,medium,28,5,21,1.8199812073316233,2,11.0,14.0,14.0,False
trial_001_ep1_task084,1,84,0.9,medium,28,5,22,1.2806824932558722,5,14.0,14.0,14.0,False
trial_001_ep1_task084,1,84,0.9,medium,28,5,23,0.9316066034729733,3,6.0,6.0,6.0,False
trial_001_ep1_task084,1,84,0.9,medium,28,5,24,1.0099069732121233,5,14.0,14.0,14.0,False
trial_001_ep1_task084,1,84,0.9,medium,28,5,25,1.6237843943901664,2,5.0,7.0,9.0,False
trial_001_ep1_task084,1,84,0.9,medium,28,5,26,1.5454840246510217,2,14.0,14.0,14.0,False
trial_001_ep1_task084,1,84,0.9,medium,28,5,27,1.5499999999999998,2,4.0,5.0,6.0,False
trial_001_ep1_task085,1,85,0.9999,low,2,27,25,0.9342795226228691,5,8.0,8.0,8.0,False
trial_001_ep1_task086,1,86,0.999,high,16,4,5,2.1108975092198152,4,8.0,8.0,8.0,False
trial_001_ep1_task086,1,86,0.999,high,16,4,6,0.6606102900680959,3,4.0,5.0,5.0,False
trial_001_ep1_task086,1,86,0.999,high,16,4,11,0.542043744741239,1,8.0,8.0,8.0,False
trial_001_ep1_task086,1,86,0.999,high,16,4,12,1.8268171730567986,4,7.0,7.0,7.0,False
trial_001_ep1_task086,1,86,0.999,high,16,4,15,2.153462157011103,4,7.0,7.0,7.0,False
trial_001_ep1_task086,1,86,0.999,high,16,4,16,0.7432840162061005,1,8.0,8.0,8.0,False
trial_001_ep1_task086,1,86,0.999,high,16,4,17,1.8268171730567986,4,7.0,7.0,7.0,False
trial_001_ep1_task086,1,86,0.999,high,16,4,20,1.413823771835009,1,4.0,8.0,8.0,False
trial_001_ep1_task086,1,86,0.999,high,16,4,21,1.8268171730567986,4,7.0,7.0,7.0,False
trial_001_ep1_task086,1,86,0.999,high,16,4,22,2.172778589536815,3,7.0,7.0,7.0,False
trial_001_ep1_task086,1,86,0.999,high,16,4,23,1.2788349661353848,1,4.0,8.0,8.0,False
trial_001_ep1_task086,1,86,0.999,high,16,4,24,1.727944614679465,4,7.0,7.0,7.0,False
trial_001_ep1_task086,1,86,0.999,high,16,4,25,1.8666666666666671,1,4.0,4.0,8.0,False
trial_001_ep1_task086,1,86,0.999,high,16,4,26,2.1000000000000014,1,7.0,7.0,7.0,False
trial_001_ep1_task086,1,86,0.999,high,16,4,27,1.9087072551632964,1,4.0,4.0,8.0,False
trial_001_ep1_task089,1,89,0.9999,high,3,23,25,0.24801275581518611,1,2.0,2.0,2.0,False
trial_001_ep1_task089,1,89,0.9999,high,3,23,27,0.24801275581518611,1,2.0,2.0,2.0,False
trial_001_ep1_task090,1,90,0.9,high,28,6,0,0.6336559437860672,3,4.0,4.0,4.0,False
trial_001_ep1_task090,1,90,0.9,high,28,6,1,0.5798371097186834,1,3.0,3.0,3.0,False
trial_001_ep1_task090,1,90,0.9,high,28,6,2,0.33525839135255175,3,4.0,4.0,4.0,False
trial_001_ep1_task090,1,90,0.9,high,28,6,3,0.663222520919521,1,3.0,3.0,3.0,False
trial_001_ep1_task090,1,90,0.9,high,28,6,4,0.06809910769693861,1,3.0,3.0,3.0,False
trial_001_ep1_task090,1,90,0.9,high,28,6,5,0.8888888888888893,3,4.0,4.0,4.0,False
trial_001_ep1_task090,1,90,0.9,high,28,6,7,1.7952967771358495,1,2.0,2.0,4.0,False
trial_001_ep1_task090,1,90,0.9,high,28,6,8,1.3878029635279772,1,4.0,4.0,4.0,False
trial_001_ep1_task090,1,90,0.9,high,28,6,9,0.5522371464976445,1,4.0,4.0,4.0,False
trial_001_ep1_task090,1,90,0.9,high,28,6,10,1.2835587751141038,1,2.0,4.0,4.0,False
trial_001_ep1_task090,1,90,0.9,high,28,6,11,1.4411260353865334,1,4.0,4.0,4.0,False
trial_001_ep1_task090,1,90,0.9,high,28,6,12,1.215459667417166,1,2.0,4.0,4.0,False
trial_001_ep1_task090,1,90,0.9,high,28,6,13,1.4154029267490165,1,2.0,2.0,3.0,False
trial_001_ep1_task090,1,90,0.9,high,28,6,14,0.5798371097186834,1,2.0,4.0,4.0,False
trial_001_ep1_task090,1,90,0.9,high,28,6,15,1.311158738335143,1,2.0,2.0,4.0,False
trial_001_ep1_task090,1,90,0.9,high,28,6,16,1.4687259986075727,1,2.0,4.0,4.0,False
trial_001_ep1_task090,1,90,0.9,high,28,6,17,1.2430596306382045,1,2.0,3.0,4.0,False
trial_001_ep1_task090,1,90,0.9,high,28,6,18,0.2757331138493706,2,3.0,4.0,4.0,False
trial_001_ep1_task090,1,90,0.9,high,28,6,19,0.9036649247272708,1,3.0,3.0,4.0,False
trial_001_ep1_task090,1,90,0.9,high,28,6,20,1.0612321849997004,1,4.0,4.0,4.0,False
trial_001_ep1_task090,1,90,0.9,high,28,6,21,0.8355658170303331,1,3.0,3.0,4.0,False
trial_001_ep1_task090,1,90,0.9,high,28,6,22,0.379977302263244,2,4.0,4.0,4.0,False
trial_001_ep1_task090,1,90,0.9,high,28,6,23,0.6840313754722427,3,4.0,4.0,4.0,False
trial_001_ep1_task090,1,90,0.9,high,28,6,24,0.4480764099601826,2,3.0,4.0,4.0,False
trial_001_ep1_task090,1,90,0.9,high,28,6,25,0.956987996585827,1,4.0,4.0,4.0,False
trial_001_ep1_task090,1,90,0.9,high,28,6,26,0.9024147390493935,2,3.0,3.0,4.0,False
trial_001_ep1_task090,1,90,0.9,high,28,6,27,0.8888888888888893,1,4.0,4.0,4.0,False
trial_001_ep1_task094,1,94,0.999,low,12,6,5,0.24182004023952697,3,4.0,4.0,4.0,False
trial_001_ep1_task094,1,94,0.999,low,12,6,11,4.42765528299685,1,2.0,2.0,2.0,False
trial_001_ep1_task094,1,94,0.999,low,12,6,16,4.177183350059495,1,2.0,2.0,4.0,False
trial_001_ep1_task094,1,94,0.999,low,12,6,17,4.0709788867150865,1,2.0,2.0,4.0,False
trial_001_ep1_task094,1,94,0.999,low,12,6,20,3.417770575492124,1,2.0,3.0,4.0,False
trial_001_ep1_task094,1,94,0.999,low,12,6,22,3.0968295315771686,3,4.0,4.0,4.0,False
trial_001_ep1_task094,1,94,0.999,low,12,6,23,1.3223392268947656,2,4.0,4.0,4.0,False
trial_001_ep1_task094,1,94,0.999,low,12,6,24,1.5641592671342508,2,4.0,4.0,4.0,False
trial_001_ep1_task094,1,94,0.999,low,12,6,25,2.879179592324692,1,3.0,4.0,4.0,False
trial_001_ep1_task094,1,94,0.999,low,12,6,26,2.772975128980284,1,3.0,4.0,4.0,False
trial_001_ep1_task094,1,94,0.999,low,12,6,27,2.5061187078902885,1,4.0,4.0,4.0,False
trial_001_ep1_task096,1,96,0.9,high,28,4,0,1.569462400254518,1,2.0,2.0,2.0,False
trial_001_ep1_task096,1,96,0.9,high,28,4,1,1.3679179558539891,1,2.0,2.0,2.0,False
trial_001_ep1_task096,1,96,0.9,high,28,4,2,0.5141998521343236,1,2.0,2.0,2.0,False
trial_001_ep1_task096,1,96,0.9,high,28,4,3,2.4566932452504364,1,2.0,2.0,2.0,False
trial_001_ep1_task096,1,96,0.9,high,28,4,5,2.4293427275601145,1,2.0,2.0,2.0,False
trial_001_ep1_task096,1,96,0.9,high,28,4,6,0.8382957443450003,1,2.0,2.0,2.0,False
trial_001_ep1_task096,1,96,0.9,high,28,4,7,0.588426204931741,1,2.0,2.0,2.0,False
trial_001_ep1_task096,1,96,0.9,high,28,4,8,0.26529189878792403,1,2.0,2.0,2.0,False
trial_001_ep1_task096,1,96,0.9,high,28,4,9,1.6772014943281874,1,2.0,2.0,2.0,False
trial_001_ep1_task096,1,96,0.9,high,28,4,10,0.7794917509222481,1,2.0,2.0,2.0,False
trial_001_ep1_task096,1,96,0.9,high,28,4,11,1.6498509766378664,1,2.0,2.0,2.0,False
trial_001_ep1_task096,1,96,0.9,high,28,4,12,0.05880399342275222,1,2.0,2.0,2.0,False
trial_001_ep1_task096,1,96,0.9,high,28,4,13,0.466836343188453,1,2.0,2.0,2.0,False
trial_001_ep1_task096,1,96,0.9,high,28,4,14,1.4756570499276584,1,2.0,2.0,2.0,False
trial_001_ep1_task096,1,96,0.9,high,28,4,15,0.9810361953227771,1,2.0,2.0,2.0,False
trial_001_ep1_task096,1,96,0.9,high,28,4,16,1.4483065322373374,1,2.0,2.0,2.0,False
trial_001_ep1_task096,1,96,0.9,high,28,4,17,0.14274045097777677,1,2.0,2.0,2.0,False
trial_001_ep1_task096,1,96,0.9,high,28,4,18,0.6219389462079938,1,2.0,2.0,2.0,False
trial_001_ep1_task096,1,96,0.9,high,28,4,19,1.8347542990424421,1,2.0,2.0,2.0,False
trial_001_ep1_task096,1,96,0.9,high,28,4,20,0.5945884285176728,1,2.0,2.0,2.0,False
trial_001_ep1_task096,1,96,0.9,high,28,4,21,0.9964585546974418,1,2.0,2.0,2.0,False
trial_001_ep1_task096,1,96,0.9,high,28,4,22,0.10773909407367022,1,2.0,2.0,2.0,False
trial_001_ep1_task096,1,96,0.9,high,28,4,23,2.537081821633784,1,2.0,2.0,2.0,False
trial_001_ep1_task096,1,96,0.9,high,28,4,24,0.9460348384186705,1,2.0,2.0,2.0,False
trial_001_ep1_task096,1,96,0.9,high,28,4,25,0.08038857638334829,1,2.0,2.0,2.0,False
trial_001_ep1_task096,1,96,0.9,high,28,4,26,1.5106584068317659,1,2.0,2.0,2.0,False
trial_001_ep1_task096,1,96,0.9,high,28,4,27,0.9186843207283486,1,2.0,2.0,2.0,False
trial_001_ep1_task097,1,97,0.999,high,28,4,0,0.0,1,,,,False
trial_001_ep1_task097,1,97,0.999,high,28,4,1,0.0,1,,,,False
trial_001_ep1_task097,1,97,0.999,high,28,4,2,0.0,1,,,,False
trial_001_ep1_task097,1,97,0.999,high,28,4,3,0.0,1,,,,False
trial_001_ep1_task097,1,97,0.999,high,28,4,5,0.0,1,,,,False
trial_001_ep1_task097,1,97,0.999,high,28,4,6,0.0,1,,,,False
trial_001_ep1_task097,1,97,0.999,high,28,4,7,0.0,1,,,,False
trial_001_ep1_task097,1,97,0.999,high,28,4,8,0.0,1,,,,False
trial_001_ep1_task097,1,97,0.999,high,28,4,9,0.0,1,,,,False
trial_001_ep1_task097,1,97,0.999,high,28,4,10,0.0,1,,,,False
trial_001_ep1_task097,1,97,0.999,high,28,4,11,0.0,1,,,,False
trial_001_ep1_task097,1,97,0.999,high,28,4,12,0.0,1,,,,False
trial_001_ep1_task097,1,97,0.999,high,28,4,13,0.0,1,,,,False
trial_001_ep1_task097,1,97,0.999,high,28,4,14,0.0,1,,,,False
trial_001_ep1_task097,1,97,0.999,high,28,4,15,0.0,1,,,,False
trial_001_ep1_task097,1,97,0.999,high,28,4,16,0.0,1,,,,False
trial_001_ep1_task097,1,97,0.999,high,28,4,17,0.0,1,,,,False
trial_001_ep1_task097,1,97,0.999,high,28,4,18,0.0,1,,,,False
trial_001_ep1_task097,1,97,0.999,high,28,4,19,0.0,1,,,,False
trial_001_ep1_task097,1,97,0.999,high,28,4,20,0.0,1,,,,False
trial_001_ep1_task097,1,97,0.999,high,28,4,21,0.0,1,,,,False
trial_001_ep1_task097,1,97,0.999,high,28,4,22,0.0,1,,,,False
trial_001_ep1_task097,1,97,0.999,high,28,4,23,0.0,1,,,,False
trial_001_ep1_task097,1,97,0.999,high,28,4,24,0.0,1,,,,False
trial_001_ep1_task097,1,97,0.999,high,28,4,25,0.0,1,,,,False
trial_001_ep1_task097,1,97,0.999,high,28,4,26,0.0,1,,,,False
trial_001_ep1_task097,1,97,0.999,high,28,4,27,0.0,1,,,,False
trial_001_ep1_task098,1,98,0.9999,low,28,5,0,0.0,1,,,,False
trial_001_ep1_task098,1,98,0.9999,low,28,5,1,0.0,1,,,,False
trial_001_ep1_task098,1,98,0.9999,low,28,5,2,0.0,1,,,,False
trial_001_ep1_task098,1,98,0.9999,low,28,5,3,0.0,1,,,,False
trial_001_ep1_task098,1,98,0.9999,low,28,5,4,0.0,1,,,,False
trial_001_ep1_task098,1,98,0.9999,low,28,5,6,0.0,1,,,,False
trial_001_ep1_task098,1,98,0.9999,low,28,5,7,0.0,1,,,,False
trial_001_ep1_task098,1,98,0.9999,low,28,5,8,0.0,1,,,,False
trial_001_ep1_task098,1,98,0.9999,low,28,5,9,0.0,1,,,,False
trial_001_ep1_task098,1,98,0.9999,low,28,5,10,0.0,1,,,,False
trial_001_ep1_task098,1,98,0.9999,low,28,5,11,0.0,1,,,,False
trial_001_ep1_task098,1,98,0.9999,low,28,5,12,0.0,1,,,,False
trial_001_ep1_task098,1,98,0.9999,low,28,5,13,0.0,1,,,,False
trial_001_ep1_task098,1,98,0.9999,low,28,5,14,0.0,1,,,,False
trial_001_ep1_task098,1,98,0.9999,low,28,5,15,0.0,1,,,,False
trial_001_ep1_task098,1,98,0.9999,low,28,5,16,0.0,1,,,,False
trial_001_ep1_task098,1,98,0.9999,low,28,5,17,0.0,1,,,,False
trial_001_ep1_task098,1,98,0.9999,low,28,5,18,0.0,1,,,,False
trial_001_ep1_task098,1,98,0.9999,low,28,5,19,0.0,1,,,,False
trial_001_ep1_task098,1,98,0.9999,low,28,5,20,0.0,1,,,,False
trial_001_ep1_task098,1,98,0.9999,low,28,5,21,0.0,1,,,,False
trial_001_ep1_task098,1,98,0.9999,low,28,5,22,0.0,1,,,,False
trial_001_ep1_task098,1,98,0.9999,low,28,5,23,0.0,1,,,,False
trial_001_ep1_task098,1,98,0.9999,low,28,5,24,0.0,1,,,,False
trial_001_ep1_task098,1,98,0.9999,low,28,5,25,0.0,1,,,,False
trial_001_ep1_task098,1,98,0.9999,low,28,5,26,0.0,1,,,,False
trial_001_ep1_task098,1,98,0.9999,low,28,5,27,0.0,1,,,,False
trial_001_ep1_task102,1,102,0.9,high,28,4,0,1.9566475715020086,4,5.0,5.0,5.0,False
trial_001_ep1_task102,1,102,0.9,high,28,4,1,1.823529411764706,3,4.0,4.0,4.0,False
trial_001_ep1_task102,1,102,0.9,high,28,4,2,1.823529411764706,3,4.0,4.0,4.0,False
trial_001_ep1_task102,1,102,0.9,high,28,4,3,1.823529411764706,3,4.0,4.0,4.0,False
trial_001_ep1_task102,1,102,0.9,high,28,4,5,0.6080686339628403,3,4.0,5.0,5.0,False
trial_001_ep1_task102,1,102,0.9,high,28,4,6,1.823529411764706,3,4.0,4.0,4.0,False
trial_001_ep1_task102,1,102,0.9,high,28,4,7,1.9566475715020086,4,5.0,5.0,5.0,False
trial_001_ep1_task102,1,102,0.9,high,28,4,8,1.9566475715020086,4,5.0,5.0,5.0,False
trial_001_ep1_task102,1,102,0.9,high,28,4,9,1.9566475715020086,4,5.0,5.0,5.0,False
trial_001_ep1_task102,1,102,0.9,high,28,4,10,2.8181818181818183,3,5.0,5.0,5.0,False
trial_001_ep1_task102,1,102,0.9,high,28,4,11,2.2101131842189785,3,5.0,5.0,5.0,False
trial_001_ep1_task102,1,102,0.9,high,28,4,12,1.9566475715020086,4,5.0,5.0,5.0,False
trial_001_ep1_task102,1,102,0.9,high,28,4,13,1.823529411764706,3,4.0,4.0,4.0,False
trial_001_ep1_task102,1,102,0.9,high,28,4,14,1.823529411764706,3,4.0,4.0,4.0,False
trial_001_ep1_task102,1,102,0.9,high,28,4,15,0.5223546486829944,2,3.0,3.0,3.0,False
trial_001_ep1_task102,1,102,0.9,high,28,4,16,0.7331468343789469,2,4.0,4.0,5.0,False
trial_001_ep1_task102,1,102,0.9,high,28,4,17,1.823529411764706,3,4.0,4.0,4.0,False
trial_001_ep1_task102,1,102,0.9,high,28,4,18,1.8874999416953742,2,4.0,4.0,4.0,False
trial_001_ep1_task102,1,102,0.9,high,28,4,19,0.5978604662486058,2,3.0,3.0,3.0,False
trial_001_ep1_task102,1,102,0.9,high,28,4,20,0.8086526519445583,2,4.0,4.0,5.0,False
trial_001_ep1_task102,1,102,0.9,high,28,4,21,1.823529411764706,3,4.0,4.0,4.0,False
trial_001_ep1_task102,1,102,0.9,high,28,4,22,0.9457047555707758,2,3.0,3.0,3.0,False
trial_001_ep1_task102,1,102,0.9,high,28,4,23,1.1564969412667283,2,4.0,4.0,5.0,False
trial_001_ep1_task102,1,102,0.9,high,28,4,24,1.9695817447444552,2,4.0,4.0,4.0,False
trial_001_ep1_task102,1,102,0.9,high,28,4,25,1.2154607778018658,3,4.0,4.0,5.0,False
trial_001_ep1_task102,1,102,0.9,high,28,4,26,0.6799422692976878,2,3.0,3.0,3.0,False
trial_001_ep1_task102,1,102,0.9,high,28,4,27,0.8907344549936411,2,4.0,4.0,5.0,False
trial_001_ep1_task105,1,105,0.9999,medium,4,5,23,0.7934851936467966,1,2.0,2.0,2.0,False
trial_001_ep1_task105,1,105,0.9999,medium,4,5,25,0.8704890878118308,1,2.0,2.0,2.0,False
trial_001_ep1_task105,1,105,0.9999,medium,4,5,27,0.8704890878118308,1,2.0,2.0,2.0,False
trial_001_ep1_task107,1,107,0.9,low,28,6,0,4.352272756239859,1,3.0,3.0,12.0,False
trial_001_ep1_task107,1,107,0.9,low,28,6,1,1.1232354055191536,3,5.0,5.0,5.0,False
trial_001_ep1_task107,1,107,0.9,low,28,6,2,3.3779530826030117,1,4.0,5.0,5.0,False
trial_001_ep1_task107,1,107,0.9,low,28,6,3,1.7556617426722312,3,5.0,5.0,5.0,False
trial_001_ep1_task107,1,107,0.9,low,28,6,4,1.1920586484699056,3,5.0,5.0,5.0,False
trial_001_ep1_task107,1,107,0.9,low,28,6,5,2.596420951412322,1,3.0,12.0,12.0,False
trial_001_ep1_task107,1,107,0.9,low,28,6,7,4.352272756239859,1,3.0,5.0,12.0,False
trial_001_ep1_task107,1,107,0.9,low,28,6,8,7.7302258388428715,1,3.0,4.0,5.0,False
trial_001_ep1_task107,1,107,0.9,low,28,6,9,4.352272756239859,1,4.0,5.0,12.0,False
trial_001_ep1_task107,1,107,0.9,low,28,6,10,4.352272756239859,1,3.0,5.0,12.0,False
trial_001_ep1_task107,1,107,0.9,low,28,6,11,6.948693707652181,1,3.0,3.0,12.0,False
trial_001_ep1_task107,1,107,0.9,low,28,6,12,4.352272756239859,1,3.0,3.0,12.0,False
trial_001_ep1_task107,1,107,0.9,low,28,6,13,3.3779530826030117,1,4.0,5.0,5.0,False
trial_001_ep1_task107,1,107,0.9,low,28,6,14,2.627033994621132,3,5.0,5.0,5.0,False
trial_001_ep1_task107,1,107,0.9,low,28,6,15,2.0634309004188065,3,5.0,5.0,5.0,False
trial_001_ep1_task107,1,107,0.9,low,28,6,16,2.596420951412322,1,4.0,12.0,12.0,False
trial_001_ep1_task107,1,107,0.9,low,28,6,17,0.8713722519489009,3,5.0,5.0,5.0,False
trial_001_ep1_task107,1,107,0.9,low,28,6,18,3.3779530826030117,1,4.0,5.0,5.0,False
trial_001_ep1_task107,1,107,0.9,low,28,6,19,3.3779530826030117,1,4.0,5.0,5.0,False
trial_001_ep1_task107,1,107,0.9,low,28,6,20,5.974374034015334,1,3.0,4.0,12.0,False
trial_001_ep1_task107,1,107,0.9,low,28,6,21,3.3779530826030117,1,3.0,4.0,5.0,False
trial_001_ep1_task107,1,107,0.9,low,28,6,22,2.695857237571884,3,5.0,5.0,5.0,False
trial_001_ep1_task107,1,107,0.9,low,28,6,23,2.596420951412322,1,4.0,12.0,12.0,False
trial_001_ep1_task107,1,107,0.9,low,28,6,24,1.5037985891019785,3,4.0,5.0,5.0,False
trial_001_ep1_task107,1,107,0.9,low,28,6,25,2.596420951412322,1,4.0,12.0,12.0,False
trial_001_ep1_task107,1,107,0.9,low,28,6,26,0.9401954948996529,3,5.0,5.0,5.0,False
trial_001_ep1_task107,1,107,0.9,low,28,6,27,2.596420951412322,1,3.0,12.0,12.0,False
trial_001_ep1_task110,1,110,0.9999,medium,8,26,5,1.6010078076325955,2,9.0,9.0,9.0,False
trial_001_ep1_task110,1,110,0.9999,medium,8,26,11,2.1541565088149994,4,9.0,9.0,9.0,False
trial_001_ep1_task110,1,110,0.9999,medium,8,26,16,1.1109728784686483,2,9.0,9.0,9.0,False
trial_001_ep1_task110,1,110,0.9999,medium,8,26,20,1.1006670416487978,4,9.0,9.0,9.0,False
trial_001_ep1_task110,1,110,0.9999,medium,8,26,23,1.1006670416487978,4,9.0,9.0,9.0,False
trial_001_ep1_task110,1,110,0.9999,medium,8,26,25,1.1006670416487978,4,9.0,9.0,9.0,False
trial_001_ep1_task110,1,110,0.9999,medium,8,26,27,1.1006670416487978,4,9.0,9.0,9.0,False
trial_001_ep1_task111,1,111,0.999,medium,12,6,5,2.53217555361309,2,8.0,8.0,8.0,False
trial_001_ep1_task111,1,111,0.999,medium,12,6,11,2.7762876184107075,2,8.0,8.0,8.0,False
trial_001_ep1_task111,1,111,0.999,medium,12,6,16,1.537554971269243,2,8.0,8.0,8.0,False
trial_001_ep1_task111,1,111,0.999,medium,12,6,17,0.9946205823438465,2,8.0,8.0,8.0,False
trial_001_ep1_task111,1,111,0.999,medium,12,6,20,0.7597905047910896,1,3.0,8.0,8.0,False
trial_001_ep1_task111,1,111,0.999,medium,12,6,22,1.7977616167693236,2,6.0,7.0,7.0,False
trial_001_ep1_task111,1,111,0.999,medium,12,6,23,2.5128714873844373,2,8.0,8.0,8.0,False
trial_001_ep1_task111,1,111,0.999,medium,12,6,24,1.5557816829719489,1,2.0,2.0,7.0,False
trial_001_ep1_task111,1,111,0.999,medium,12,6,25,1.2633169099803085,1,2.0,2.0,3.0,False
trial_001_ep1_task111,1,111,0.999,medium,12,6,26,2.3756377685395442,1,6.0,7.0,7.0,False
trial_001_ep1_task111,1,111,0.999,medium,12,6,27,1.6094491088302272,1,2.0,2.0,2.0,False
trial_001_ep1_task112,1,112,0.9999,high,3,27,23,0.3968557165900357,1,2.0,2.0,2.0,False
trial_001_ep1_task112,1,112,0.9999,high,3,27,25,0.05656963573879992,1,2.0,2.0,2.0,False
trial_001_ep1_task117,1,117,0.99,high,28,4,0,2.760524042713514,1,2.0,2.0,2.0,False
trial_001_ep1_task117,1,117,0.99,high,28,4,1,2.357084584223588,1,2.0,2.0,2.0,False
trial_001_ep1_task117,1,117,0.99,high,28,4,2,0.9263611892227699,1,2.0,2.0,2.0,False
trial_001_ep1_task117,1,117,0.99,high,28,4,3,0.02466071375305834,1,2.0,2.0,2.0,False
trial_001_ep1_task117,1,117,0.99,high,28,4,5,1.381736163925635,1,2.0,2.0,2.0,False
trial_001_ep1_task117,1,117,0.99,high,28,4,6,1.165069497258969,1,2.0,2.0,2.0,False
trial_001_ep1_task117,1,117,0.99,high,28,4,7,3.9007877729995695,1,2.0,2.0,2.0,False
trial_001_ep1_task117,1,117,0.99,high,28,4,8,2.470064377998754,1,2.0,2.0,2.0,False
trial_001_ep1_task117,1,117,0.99,high,28,4,9,1.5683639025290423,1,2.0,2.0,2.0,False
trial_001_ep1_task117,1,117,0.99,high,28,4,10,1.5437031887759831,1,2.0,2.0,2.0,False
trial_001_ep1_task117,1,117,0.99,high,28,4,11,2.925439352701619,1,2.0,2.0,2.0,False
trial_001_ep1_task117,1,117,0.99,high,28,4,12,2.7087726860349512,1,2.0,2.0,2.0,False
trial_001_ep1_task117,1,117,0.99,high,28,4,13,2.066624919508828,1,2.0,2.0,2.0,False
trial_001_ep1_task117,1,117,0.99,high,28,4,14,1.1649244440391149,1,2.0,2.0,2.0,False
trial_001_ep1_task117,1,117,0.99,high,28,4,15,1.1402637302860574,1,2.0,2.0,2.0,False
trial_001_ep1_task117,1,117,0.99,high,28,4,16,2.5219998942116924,1,2.0,2.0,2.0,False
trial_001_ep1_task117,1,117,0.99,high,28,4,17,2.3053332275450256,1,2.0,2.0,2.0,False
trial_001_ep1_task117,1,117,0.99,high,28,4,18,0.2657989509617016,1,2.0,2.0,2.0,False
trial_001_ep1_task117,1,117,0.99,high,28,4,19,0.2904596647147608,1,2.0,2.0,2.0,False
trial_001_ep1_task117,1,117,0.99,high,28,4,20,1.091276499210875,1,2.0,2.0,2.0,False
trial_001_ep1_task117,1,117,0.99,high,28,4,21,0.8746098325442082,1,2.0,2.0,2.0,False
trial_001_ep1_task117,1,117,0.99,high,28,4,22,1.1921601401844724,1,2.0,2.0,2.0,False
trial_001_ep1_task117,1,117,0.99,high,28,4,23,0.18957602374116345,1,2.0,2.0,2.0,False
trial_001_ep1_task117,1,117,0.99,high,28,4,24,0.027090642925504227,1,2.0,2.0,2.0,False
trial_001_ep1_task117,1,117,0.99,high,28,4,25,0.16491530998810422,1,2.0,2.0,2.0,False
trial_001_ep1_task117,1,117,0.99,high,28,4,26,0.051751356678562566,1,2.0,2.0,2.0,False
trial_001_ep1_task117,1,117,0.99,high,28,4,27,1.3299848072470724,1,2.0,2.0,2.0,False
trial_001_ep1_task118,1,118,0.999,medium,28,6,0,0.0,1,,,,False
trial_001_ep1_task118,1,118,0.999,medium,28,6,1,0.0,1,,,,False
trial_001_ep1_task118,1,118,0.999,medium,28,6,2,0.0,1,,,,False
trial_001_ep1_task118,1,118,0.999,medium,28,6,3,0.0,1,,,,False
trial_001_ep1_task118,1,118,0.999,medium,28,6,4,0.0,1,,,,False
trial_001_ep1_task118,1,118,0.999,medium,28,6,5,0.0,1,,,,False
trial_001_ep1_task118,1,118,0.999,medium,28,6,7,0.0,1,,,,False
trial_001_ep1_task118,1,118,0.999,medium,28,6,8,0.0,1,,,,False
trial_001_ep1_task118,1,118,0.999,medium,28,6,9,0.0,1,,,,False
trial_001_ep1_task118,1,118,0.999,medium,28,6,10,0.0,1,,,,False
trial_001_ep1_task118,1,118,0.999,medium,28,6,11,0.0,1,,,,False
trial_001_ep1_task118,1,118,0.999,medium,28,6,12,0.0,1,,,,False
trial_001_ep1_task118,1,118,0.999,medium,28,6,13,0.0,1,,,,False
trial_001_ep1_task118,1,118,0.999,medium,28,6,14,0.0,1,,,,False
trial_001_ep1_task118,1,118,0.999,medium,28,6,15,0.0,1,,,,False
trial_001_ep1_task118,1,118,0.999,medium,28,6,16,0.0,1,,,,False
trial_001_ep1_task118,1,118,0.999,medium,28,6,17,0.0,1,,,,False
trial_001_ep1_task118,1,118,0.999,medium,28,6,18,0.0,1,,,,False
trial_001_ep1_task118,1,118,0.999,medium,28,6,19,0.0,1,,,,False
trial_001_ep1_task118,1,118,0.999,medium,28,6,20,0.0,1,,,,False
trial_001_ep1_task118,1,118,0.999,medium,28,6,21,0.0,1,,,,False
trial_001_ep1_task118,1,118,0.999,medium,28,6,22,0.0,1,,,,False
trial_001_ep1_task118,1,118,0.999,medium,28,6,23,0.0,1,,,,False
trial_001_ep1_task118,1,118,0.999,medium,28,6,24,0.0,1,,,,False
trial_001_ep1_task118,1,118,0.999,medium,28,6,25,0.0,1,,,,False
trial_001_ep1_task118,1,118,0.999,medium,28,6,26,0.0,1,,,,False
trial_001_ep1_task118,1,118,0.999,medium,28,6,27,0.0,1,,,,False
trial_001_ep1_task120,1,120,0.9999,low,2,25,27,1.7171642263104623,5,6.0,7.0,8.0,False
trial_001_ep1_task121,1,121,0.99,high,28,4,0,2.8029556249188143,1,5.0,5.0,7.0,False
trial_001_ep1_task121,1,121,0.99,high,28,4,1,0.8485566355293024,2,7.0,7.0,7.0,False
trial_001_ep1_task121,1,121,0.99,high,28,4,2,2.1484376026895884,1,2.0,2.0,7.0,False
trial_001_ep1_task121,1,121,0.99,high,28,4,3,0.5917778599237522,5,7.0,7.0,7.0,False
trial_001_ep1_task121,1,121,0.99,high,28,4,5,1.7222222222222232,1,8.0,10.0,10.0,False
trial_001_ep1_task121,1,121,0.99,high,28,4,6,0.9582221400762361,4,5.0,7.0,7.0,False
trial_001_ep1_task121,1,121,0.99,high,28,4,7,2.8029556249188143,1,2.0,5.0,7.0,False
trial_001_ep1_task121,1,121,0.99,high,28,4,8,4.9513932276084045,1,2.0,2.0,7.0,False
trial_001_ep1_task121,1,121,0.99,high,28,4,9,2.8029556249188143,1,2.0,5.0,7.0,False
trial_001_ep1_task121,1,121,0.99,high,28,4,10,2.8029556249188143,1,2.0,2.0,5.0,False
trial_001_ep1_task121,1,121,0.99,high,28,4,11,4.525177847141036,1,2.0,8.0,10.0,False
trial_001_ep1_task121,1,121,0.99,high,28,4,12,2.8029556249188143,1,5.0,5.0,5.0,False
trial_001_ep1_task121,1,121,0.99,high,28,4,13,2.1484376026895884,1,2.0,2.0,7.0,False
trial_001_ep1_task121,1,121,0.99,high,28,4,14,0.5917778599237522,5,7.0,7.0,7.0,False
trial_001_ep1_task121,1,121,0.99,high,28,4,15,0.6087065181814229,4,5.0,5.0,5.0,False
trial_001_ep1_task121,1,121,0.99,high,28,4,16,1.7222222222222232,1,2.0,10.0,10.0,False
trial_001_ep1_task121,1,121,0.99,high,28,4,17,0.349515621894815,4,7.0,7.0,7.0,False
trial_001_ep1_task121,1,121,0.99,high,28,4,18,2.1484376026895884,1,2.0,7.0,7.0,False
trial_001_ep1_task121,1,121,0.99,high,28,4,19,2.1484376026895884,1,5.0,5.0,5.0,False
trial_001_ep1_task121,1,121,0.99,high,28,4,20,3.8706598249118116,1,2.0,2.0,2.0,False
trial_001_ep1_task121,1,121,0.99,high,28,4,21,2.1484376026895884,1,2.0,2.0,7.0,False
trial_001_ep1_task121,1,121,0.99,high,28,4,22,0.9700559354169247,3,5.0,5.0,5.0,False
trial_001_ep1_task121,1,121,0.99,high,28,4,23,1.7222222222222232,1,2.0,2.0,10.0,False
trial_001_ep1_task121,1,121,0.99,high,28,4,24,0.36476994549729547,2,7.0,7.0,7.0,False
trial_001_ep1_task121,1,121,0.99,high,28,4,25,1.7222222222222352,5,8.0,10.0,10.0,False
trial_001_ep1_task121,1,121,0.99,high,28,4,26,0.8519771637910942,2,6.0,7.0,7.0,False
trial_001_ep1_task121,1,121,0.99,high,28,4,27,1.7339502557403708,5,8.0,10.0,10.0,False
trial_001_ep1_task122,1,122,0.99,high,28,4,0,0.7149169948445326,1,6.0,6.0,6.0,False
trial_001_ep1_task122,1,122,0.99,high,28,4,1,0.6580247067168745,1,6.0,6.0,6.0,False
trial_001_ep1_task122,1,122,0.99,high,28,4,2,0.46048450394511065,4,6.0,6.0,6.0,False
trial_001_ep1_task122,1,122,0.99,high,28,4,3,0.46048450394511065,4,6.0,6.0,6.0,False
trial_001_ep1_task122,1,122,0.99,high,28,4,5,0.817293273832667,4,9.0,9.0,9.0,False
trial_001_ep1_task122,1,122,0.99,high,28,4,6,0.6895154960548897,4,6.0,7.0,7.0,False
trial_001_ep1_task122,1,122,0.99,high,28,4,7,0.46048450394511065,4,6.0,6.0,6.0,False
trial_001_ep1_task122,1,122,0.99,high,28,4,8,0.46048450394511065,4,6.0,6.0,6.0,False
trial_001_ep1_task122,1,122,0.99,high,28,4,9,0.46048450394511065,4,6.0,6.0,6.0,False
trial_001_ep1_task122,1,122,0.99,high,28,4,10,0.4242328253012797,1,4.0,4.0,4.0,False
trial_001_ep1_task122,1,122,0.99,high,28,4,11,0.817293273832667,4,9.0,9.0,9.0,False
trial_001_ep1_task122,1,122,0.99,high,28,4,12,0.6895154960548897,4,6.0,7.0,7.0,False
trial_001_ep1_task122,1,122,0.99,high,28,4,13,0.46048450394511065,4,6.0,6.0,6.0,False
trial_001_ep1_task122,1,122,0.99,high,28,4,14,0.46048450394511065,4,6.0,6.0,6.0,False
trial_001_ep1_task122,1,122,0.99,high,28,4,15,0.4811251134289378,1,4.0,4.0,4.0,False
trial_001_ep1_task122,1,122,0.99,high,28,4,16,0.817293273832667,4,9.0,9.0,9.0,False
trial_001_ep1_task122,1,122,0.99,high,28,4,17,0.6895154960548897,4,6.0,7.0,7.0,False
trial_001_ep1_task122,1,122,0.99,high,28,4,18,0.6627318847617865,3,6.0,6.0,6.0,False
trial_001_ep1_task122,1,122,0.99,high,28,4,19,0.9260702524058075,3,4.0,4.0,4.0,False
trial_001_ep1_task122,1,122,0.99,high,28,4,20,0.817293273832667,4,9.0,9.0,9.0,False
trial_001_ep1_task122,1,122,0.99,high,28,4,21,0.6895154960548897,4,6.0,7.0,7.0,False
trial_001_ep1_task122,1,122,0.99,high,28,4,22,0.6994348178509284,1,4.0,4.0,4.0,False
trial_001_ep1_task122,1,122,0.99,high,28,4,23,0.817293273832667,4,9.0,9.0,9.0,False
trial_001_ep1_task122,1,122,0.99,high,28,4,24,0.6895154960548897,4,6.0,7.0,7.0,False
trial_001_ep1_task122,1,122,0.99,high,28,4,25,1.2777777777777786,4,8.0,9.0,9.0,False
trial_001_ep1_task122,1,122,0.99,high,28,4,26,1.1500000000000004,4,6.0,6.0,7.0,False
trial_001_ep1_task122,1,122,0.99,high,28,4,27,1.9672932738326674,4,7.0,9.0,9.0,False
trial_001_ep1_task125,1,125,0.999,high,22,18,3,0.0,1,,,,False
trial_001_ep1_task125,1,125,0.999,high,22,18,4,0.4907749003318136,1,3.0,3.0,3.0,False
trial_001_ep1_task125,1,125,0.999,high,22,18,5,1.7777777777777777,2,4.0,6.0,6.0,False
trial_001_ep1_task125,1,125,0.999,high,22,18,6,1.5999999999999996,2,3.0,4.0,4.0,False
trial_001_ep1_task125,1,125,0.999,high,22,18,9,0.0,1,,,,False
trial_001_ep1_task125,1,125,0.999,high,22,18,10,0.4907749003318136,1,3.0,3.0,3.0,False
trial_001_ep1_task125,1,125,0.999,high,22,18,11,1.7777777777777777,2,4.0,6.0,6.0,False
trial_001_ep1_task125,1,125,0.999,high,22,18,12,1.5999999999999996,2,3.0,4.0,4.0,False
trial_001_ep1_task125,1,125,0.999,high,22,18,14,0.0,1,,,,False
trial_001_ep1_task125,1,125,0.999,high,22,18,15,0.4907749003318136,1,3.0,3.0,3.0,False
trial_001_ep1_task125,1,125,0.999,high,22,18,16,1.7777777777777777,2,4.0,6.0,6.0,False
trial_001_ep1_task125,1,125,0.999,high,22,18,17,1.5999999999999996,2,3.0,4.0,4.0,False
trial_001_ep1_task125,1,125,0.999,high,22,18,19,0.4907749003318136,1,3.0,3.0,3.0,False
trial_001_ep1_task125,1,125,0.999,high,22,18,20,1.7777777777777777,2,4.0,6.0,6.0,False
trial_001_ep1_task125,1,125,0.999,high,22,18,21,1.5999999999999996,2,3.0,4.0,4.0,False
trial_001_ep1_task125,1,125,0.999,high,22,18,22,0.7176474151123742,1,3.0,3.0,3.0,False
trial_001_ep1_task125,1,125,0.999,high,22,18,23,1.7777777777777777,1,4.0,6.0,6.0,False
trial_001_ep1_task125,1,125,0.999,high,22,18,24,1.6,1,3.0,4.0,4.0,False
trial_001_ep1_task125,1,125,0.999,high,22,18,25,2.2685526781095913,1,4.0,6.0,6.0,False
trial_001_ep1_task125,1,125,0.999,high,22,18,26,2.090774900331814,1,3.0,4.0,4.0,False
trial_001_ep1_task125,1,125,0.999,high,22,18,27,3.3777777777777773,2,4.0,5.0,6.0,False
trial_001_ep1_task127,1,127,0.999,high,28,2,0,0.0,1,,,,False
trial_001_ep1_task127,1,127,0.999,high,28,2,1,0.0,1,,,,False
trial_001_ep1_task127,1,127,0.999,high,28,2,3,0.0,1,,,,False
trial_001_ep1_task127,1,127,0.999,high,28,2,4,0.0,1,,,,False
trial_001_ep1_task127,1,127,0.999,high,28,2,5,0.3333333333333335,1,4.0,4.0,4.0,False
trial_001_ep1_task127,1,127,0.999,high,28,2,6,0.0,1,,,,False
trial_001_ep1_task127,1,127,0.999,high,28,2,7,0.0,1,,,,False
trial_001_ep1_task127,1,127,0.999,high,28,2,8,0.0,1,,,,False
trial_001_ep1_task127,1,127,0.999,high,28,2,9,0.0,1,,,,False
trial_001_ep1_task127,1,127,0.999,high,28,2,10,0.0,1,,,,False
trial_001_ep1_task127,1,127,0.999,high,28,2,11,0.3333333333333335,1,4.0,4.0,4.0,False
trial_001_ep1_task127,1,127,0.999,high,28,2,12,0.0,1,,,,False
trial_001_ep1_task127,1,127,0.999,high,28,2,13,0.0,1,,,,False
trial_001_ep1_task127,1,127,0.999,high,28,2,14,0.0,1,,,,False
trial_001_ep1_task127,1,127,0.999,high,28,2,15,0.0,1,,,,False
trial_001_ep1_task127,1,127,0.999,high,28,2,16,0.3333333333333335,1,4.0,4.0,4.0,False
trial_001_ep1_task127,1,127,0.999,high,28,2,17,0.0,1,,,,False
trial_001_ep1_task127,1,127,0.999,high,28,2,18,0.0,1,,,,False
trial_001_ep1_task127,1,127,0.999,high,28,2,19,0.0,1,,,,False
trial_001_ep1_task127,1,127,0.999,high,28,2,20,0.3333333333333335,1,4.0,4.0,4.0,False
trial_001_ep1_task127,1,127,0.999,high,28,2,21,0.0,1,,,,False
trial_001_ep1_task127,1,127,0.999,high,28,2,22,0.0,1,,,,False
trial_001_ep1_task127,1,127,0.999,high,28,2,23,0.3333333333333335,1,4.0,4.0,4.0,False
trial_001_ep1_task127,1,127,0.999,high,28,2,24,0.0,1,,,,False
trial_001_ep1_task127,1,127,0.999,high,28,2,25,0.3333333333333335,1,4.0,4.0,4.0,False
trial_001_ep1_task127,1,127,0.999,high,28,2,26,0.0,1,,,,False
trial_001_ep1_task127,1,127,0.999,high,28,2,27,0.3333333333333335,1,4.0,4.0,4.0,False
trial_001_ep1_task130,1,130,0.9,medium,28,2,0,0.0,1,,,,False
trial_001_ep1_task130,1,130,0.9,medium,28,2,1,0.0,1,,,,False
trial_001_ep1_task130,1,130,0.9,medium,28,2,3,0.0,1,,,,False
trial_001_ep1_task130,1,130,0.9,medium,28,2,4,0.0,1,,,,False
trial_001_ep1_task130,1,130,0.9,medium,28,2,5,0.0,1,,,,False
trial_001_ep1_task130,1,130,0.9,medium,28,2,6,0.0,1,,,,False
trial_001_ep1_task130,1,130,0.9,medium,28,2,7,0.0,1,,,,False
trial_001_ep1_task130,1,130,0.9,medium,28,2,8,0.0,1,,,,False
trial_001_ep1_task130,1,130,0.9,medium,28,2,9,0.0,1,,,,False
trial_001_ep1_task130,1,130,0.9,medium,28,2,10,0.0,1,,,,False
trial_001_ep1_task130,1,130,0.9,medium,28,2,11,0.0,1,,,,False
trial_001_ep1_task130,1,130,0.9,medium,28,2,12,0.0,1,,,,False
trial_001_ep1_task130,1,130,0.9,medium,28,2,13,0.0,1,,,,False
trial_001_ep1_task130,1,130,0.9,medium,28,2,14,0.0,1,,,,False
trial_001_ep1_task130,1,130,0.9,medium,28,2,15,0.0,1,,,,False
trial_001_ep1_task130,1,130,0.9,medium,28,2,16,0.0,1,,,,False
trial_001_ep1_task130,1,130,0.9,medium,28,2,17,0.0,1,,,,False
trial_001_ep1_task130,1,130,0.9,medium,28,2,18,0.0,1,,,,False
trial_001_ep1_task130,1,130,0.9,medium,28,2,19,0.0,1,,,,False
trial_001_ep1_task130,1,130,0.9,medium,28,2,20,0.0,1,,,,False
trial_001_ep1_task130,1,130,0.9,medium,28,2,21,0.0,1,,,,False
trial_001_ep1_task130,1,130,0.9,medium,28,2,22,0.0,1,,,,False
trial_001_ep1_task130,1,130,0.9,medium,28,2,23,0.0,1,,,,False
trial_001_ep1_task130,1,130,0.9,medium,28,2,24,0.0,1,,,,False
trial_001_ep1_task130,1,130,0.9,medium,28,2,25,0.0,1,,,,False
trial_001_ep1_task130,1,130,0.9,medium,28,2,26,0.0,1,,,,False
trial_001_ep1_task130,1,130,0.9,medium,28,2,27,0.0,1,,,,False
trial_001_ep1_task132,1,132,0.99,medium,28,6,0,1.484874034704081,1,3.0,3.0,3.0,False
trial_001_ep1_task132,1,132,0.99,medium,28,6,1,1.2446737402012786,1,3.0,3.0,3.0,False
trial_001_ep1_task132,1,132,0.99,medium,28,6,2,0.4932342346196328,1,2.0,3.0,3.0,False
trial_001_ep1_task132,1,132,0.99,medium,28,6,3,0.6182557124203187,1,3.0,3.0,3.0,False
trial_001_ep1_task132,1,132,0.99,medium,28,6,4,0.0,1,,,,False
trial_001_ep1_task132,1,132,0.99,medium,28,6,5,0.0,1,,,,False
trial_001_ep1_task132,1,132,0.99,medium,28,6,7,0.5820106437594754,1,3.0,3.0,3.0,False
trial_001_ep1_task132,1,132,0.99,medium,28,6,8,0.4517939322575031,2,3.0,3.0,3.0,False
trial_001_ep1_task132,1,132,0.99,medium,28,6,9,0.32677245445681713,2,3.0,3.0,3.0,False
trial_001_ep1_task132,1,132,0.99,medium,28,6,10,0.6626630964418032,1,3.0,3.0,3.0,False
trial_001_ep1_task132,1,132,0.99,medium,28,6,11,0.6626630964418032,1,3.0,3.0,3.0,False
trial_001_ep1_task132,1,132,0.99,medium,28,6,12,0.6626630964418032,1,3.0,3.0,3.0,False
trial_001_ep1_task132,1,132,0.99,medium,28,6,13,0.6919942267603054,2,3.0,3.0,3.0,False
trial_001_ep1_task132,1,132,0.99,medium,28,6,14,0.5669727489596195,2,3.0,3.0,3.0,False
trial_001_ep1_task132,1,132,0.99,medium,28,6,15,0.9028633909446055,1,3.0,3.0,3.0,False
trial_001_ep1_task132,1,132,0.99,medium,28,6,16,0.9028633909446055,1,3.0,3.0,3.0,False
trial_001_ep1_task132,1,132,0.99,medium,28,6,17,0.9028633909446055,1,3.0,3.0,3.0,False
trial_001_ep1_task132,1,132,0.99,medium,28,6,18,1.3184122545412653,2,3.0,3.0,3.0,False
trial_001_ep1_task132,1,132,0.99,medium,28,6,19,1.6543028965262514,1,3.0,3.0,3.0,False
trial_001_ep1_task132,1,132,0.99,medium,28,6,20,1.6543028965262514,1,3.0,3.0,3.0,False
trial_001_ep1_task132,1,132,0.99,medium,28,6,21,1.6543028965262514,1,3.0,3.0,3.0,False
trial_001_ep1_task132,1,132,0.99,medium,28,6,22,1.5292814187255654,1,3.0,3.0,3.0,False
trial_001_ep1_task132,1,132,0.99,medium,28,6,23,1.5292814187255654,1,3.0,3.0,3.0,False
trial_001_ep1_task132,1,132,0.99,medium,28,6,24,1.5292814187255654,1,3.0,3.0,3.0,False
trial_001_ep1_task132,1,132,0.99,medium,28,6,25,2.147537131145884,1,3.0,3.0,3.0,False
trial_001_ep1_task132,1,132,0.99,medium,28,6,26,2.147537131145884,1,3.0,3.0,3.0,False
trial_001_ep1_task132,1,132,0.99,medium,28,6,27,2.147537131145884,1,3.0,3.0,3.0,False
trial_001_ep1_task136,1,136,0.999,medium,28,5,0,0.0,1,,,,False
trial_001_ep1_task136,1,136,0.999,medium,28,5,1,0.03836748660129763,1,2.0,2.0,2.0,False
trial_001_ep1_task136,1,136,0.999,medium,28,5,2,0.0,1,,,,False
trial_001_ep1_task136,1,136,0.999,medium,28,5,3,0.0927330607314919,1,2.0,2.0,2.0,False
trial_001_ep1_task136,1,136,0.999,medium,28,5,4,0.0,1,,,,False
trial_001_ep1_task136,1,136,0.999,medium,28,5,6,0.0,1,,,,False
trial_001_ep1_task136,1,136,0.999,medium,28,5,7,0.24456231553399077,1,2.0,2.0,2.0,False
trial_001_ep1_task136,1,136,0.999,medium,28,5,8,0.2829298021352884,1,2.0,2.0,2.0,False
trial_001_ep1_task136,1,136,0.999,medium,28,5,9,0.1901967414037965,1,2.0,2.0,2.0,False
trial_001_ep1_task136,1,136,0.999,medium,28,5,10,0.2829298021352884,1,2.0,2.0,2.0,False
trial_001_ep1_task136,1,136,0.999,medium,28,5,11,0.2829298021352884,1,2.0,2.0,2.0,False
trial_001_ep1_task136,1,136,0.999,medium,28,5,12,0.2829298021352884,1,2.0,2.0,2.0,False
trial_001_ep1_task136,1,136,0.999,medium,28,5,13,0.24456231553399077,1,2.0,2.0,2.0,False
trial_001_ep1_task136,1,136,0.999,medium,28,5,14,0.15182925480249887,1,2.0,2.0,2.0,False
trial_001_ep1_task136,1,136,0.999,medium,28,5,15,0.24456231553399077,1,2.0,2.0,2.0,False
trial_001_ep1_task136,1,136,0.999,medium,28,5,16,0.24456231553399077,1,2.0,2.0,2.0,False
trial_001_ep1_task136,1,136,0.999,medium,28,5,17,0.24456231553399077,1,2.0,2.0,2.0,False
trial_001_ep1_task136,1,136,0.999,medium,28,5,18,0.1901967414037965,1,2.0,2.0,2.0,False
trial_001_ep1_task136,1,136,0.999,medium,28,5,19,0.2829298021352884,1,2.0,2.0,2.0,False
trial_001_ep1_task136,1,136,0.999,medium,28,5,20,0.2829298021352884,1,2.0,2.0,2.0,False
trial_001_ep1_task136,1,136,0.999,medium,28,5,21,0.2829298021352884,1,2.0,2.0,2.0,False
trial_001_ep1_task136,1,136,0.999,medium,28,5,22,0.1901967414037965,1,2.0,2.0,2.0,False
trial_001_ep1_task136,1,136,0.999,medium,28,5,23,0.1901967414037965,1,2.0,2.0,2.0,False
trial_001_ep1_task136,1,136,0.999,medium,28,5,24,0.1901967414037965,1,2.0,2.0,2.0,False
trial_001_ep1_task136,1,136,0.999,medium,28,5,25,0.2829298021352884,1,2.0,2.0,2.0,False
trial_001_ep1_task136,1,136,0.999,medium,28,5,26,0.2829298021352884,1,2.0,2.0,2.0,False
trial_001_ep1_task136,1,136,0.999,medium,28,5,27,0.2829298021352884,1,2.0,2.0,2.0,False
trial_001_ep1_task139,1,139,0.999,high,25,5,0,1.063846944209601,1,3.0,3.0,3.0,False
trial_001_ep1_task139,1,139,0.999,high,25,5,1,1.5725166921540357,1,2.0,2.0,2.0,False
trial_001_ep1_task139,1,139,0.999,high,25,5,2,0.4989118792745355,1,2.0,2.0,2.0,False
trial_001_ep1_task139,1,139,0.999,high,25,5,3,1.5725166921540357,1,2.0,2.0,2.0,False
trial_001_ep1_task139,1,139,0.999,high,25,5,4,1.5725166921540357,1,2.0,2.0,2.0,False
trial_001_ep1_task139,1,139,0.999,high,25,5,6,1.5725166921540357,1,2.0,2.0,2.0,False
trial_001_ep1_task139,1,139,0.999,high,25,5,9,1.063846944209601,1,3.0,3.0,3.0,False
trial_001_ep1_task139,1,139,0.999,high,25,5,10,1.063846944209601,1,3.0,3.0,3.0,False
trial_001_ep1_task139,1,139,0.999,high,25,5,11,2.6363636363636367,1,2.0,3.0,3.0,False
trial_001_ep1_task139,1,139,0.999,high,25,5,12,1.063846944209601,1,3.0,3.0,3.0,False
trial_001_ep1_task139,1,139,0.999,high,25,5,14,1.5725166921540357,1,2.0,2.0,2.0,False
trial_001_ep1_task139,1,139,0.999,high,25,5,15,1.5725166921540357,1,2.0,2.0,2.0,False
trial_001_ep1_task139,1,139,0.999,high,25,5,16,0.0,1,,,,False
trial_001_ep1_task139,1,139,0.999,high,25,5,17,1.5725166921540357,1,2.0,2.0,2.0,False
trial_001_ep1_task139,1,139,0.999,high,25,5,18,0.4989118792745355,1,2.0,2.0,2.0,False
trial_001_ep1_task139,1,139,0.999,high,25,5,19,0.4989118792745355,1,2.0,2.0,2.0,False
trial_001_ep1_task139,1,139,0.999,high,25,5,20,2.071428571428571,1,2.0,2.0,2.0,False
trial_001_ep1_task139,1,139,0.999,high,25,5,21,0.4989118792745355,1,2.0,2.0,2.0,False
trial_001_ep1_task139,1,139,0.999,high,25,5,22,1.5725166921540357,1,2.0,2.0,2.0,False
trial_001_ep1_task139,1,139,0.999,high,25,5,23,0.0,1,,,,False
trial_001_ep1_task139,1,139,0.999,high,25,5,24,1.5725166921540357,1,2.0,2.0,2.0,False
trial_001_ep1_task139,1,139,0.999,high,25,5,25,0.0,1,,,,False
trial_001_ep1_task139,1,139,0.999,high,25,5,26,1.5725166921540357,1,2.0,2.0,2.0,False
trial_001_ep1_task139,1,139,0.999,high,25,5,27,0.0,1,,,,False
trial_001_ep1_task142,1,142,0.99,low,28,5,0,0.15581445777349423,1,2.0,2.0,2.0,False
trial_001_ep1_task142,1,142,0.99,low,28,5,1,0.15581445777349423,1,2.0,2.0,2.0,False
trial_001_ep1_task142,1,142,0.99,low,28,5,2,0.12112119632674406,1,2.0,2.0,2.0,False
trial_001_ep1_task142,1,142,0.99,low,28,5,3,0.15581445777349423,1,3.0,3.0,3.0,False
trial_001_ep1_task142,1,142,0.99,low,28,5,4,0.15581445777349423,1,2.0,2.0,2.0,False
trial_001_ep1_task142,1,142,0.99,low,28,5,6,0.15581445777349423,1,2.0,2.0,2.0,False
trial_001_ep1_task142,1,142,0.99,low,28,5,7,0.15671215429256335,2,3.0,3.0,3.0,False
trial_001_ep1_task142,1,142,0.99,low,28,5,8,0.15671215429256335,2,3.0,3.0,3.0,False
trial_001_ep1_task142,1,142,0.99,low,28,5,9,0.15581445777349423,1,2.0,3.0,3.0,False
trial_001_ep1_task142,1,142,0.99,low,28,5,10,0.15671215429256335,2,3.0,3.0,3.0,False
trial_001_ep1_task142,1,142,0.99,low,28,5,11,0.15671215429256335,2,3.0,3.0,3.0,False
trial_001_ep1_task142,1,142,0.99,low,28,5,12,0.15671215429256335,2,3.0,3.0,3.0,False
trial_001_ep1_task142,1,142,0.99,low,28,5,13,0.15671215429256335,2,3.0,3.0,3.0,False
trial_001_ep1_task142,1,142,0.99,low,28,5,14,0.15581445777349423,1,2.0,3.0,3.0,False
trial_001_ep1_task142,1,142,0.99,low,28,5,15,0.15671215429256335,2,3.0,3.0,3.0,False
trial_001_ep1_task142,1,142,0.99,low,28,5,16,0.15671215429256335,2,3.0,3.0,3.0,False
trial_001_ep1_task142,1,142,0.99,low,28,5,17,0.15671215429256335,2,3.0,3.0,3.0,False
trial_001_ep1_task142,1,142,0.99,low,28,5,18,0.12112119632674406,1,3.0,3.0,3.0,False
trial_001_ep1_task142,1,142,0.99,low,28,5,19,0.15671215429256335,2,3.0,3.0,3.0,False
trial_001_ep1_task142,1,142,0.99,low,28,5,20,0.2769356541002383,1,3.0,3.0,3.0,False
trial_001_ep1_task142,1,142,0.99,low,28,5,21,0.15671215429256335,2,3.0,3.0,3.0,False
trial_001_ep1_task142,1,142,0.99,low,28,5,22,0.15581445777349423,1,2.0,3.0,3.0,False
trial_001_ep1_task142,1,142,0.99,low,28,5,23,0.062276374262504985,2,3.0,3.0,3.0,False
trial_001_ep1_task142,1,142,0.99,low,28,5,24,0.15581445777349423,1,2.0,3.0,3.0,False
trial_001_ep1_task142,1,142,0.99,low,28,5,25,0.15671215429256335,2,3.0,3.0,3.0,False
trial_001_ep1_task142,1,142,0.99,low,28,5,26,0.15671215429256335,2,3.0,3.0,3.0,False
trial_001_ep1_task142,1,142,0.99,low,28,5,27,0.15671215429256335,2,3.0,3.0,3.0,False
trial_001_ep1_task145,1,145,0.9,high,28,6,0,3.2727272727272734,1,2.0,2.0,2.0,False
trial_001_ep1_task145,1,145,0.9,high,28,6,1,0.7559758079642052,1,2.0,2.0,2.0,False
trial_001_ep1_task145,1,145,0.9,high,28,6,2,2.065486681148075,1,2.0,2.0,2.0,False
trial_001_ep1_task145,1,145,0.9,high,28,6,3,0.2651748694539946,1,2.0,2.0,2.0,False
trial_001_ep1_task145,1,145,0.9,high,28,6,4,0.0,1,,,,False
trial_001_ep1_task145,1,145,0.9,high,28,6,5,0.0,1,,,,False
trial_001_ep1_task145,1,145,0.9,high,28,6,7,2.6080167177703837,1,2.0,2.0,2.0,False
trial_001_ep1_task145,1,145,0.9,high,28,6,8,3.917527590954254,1,2.0,2.0,2.0,False
trial_001_ep1_task145,1,145,0.9,high,28,6,9,2.117215779260173,1,2.0,2.0,2.0,False
trial_001_ep1_task145,1,145,0.9,high,28,6,10,1.8520409098061785,1,2.0,2.0,2.0,False
trial_001_ep1_task145,1,145,0.9,high,28,6,11,1.8520409098061785,1,2.0,2.0,2.0,False
trial_001_ep1_task145,1,145,0.9,high,28,6,12,1.8520409098061785,1,2.0,2.0,2.0,False
trial_001_ep1_task145,1,145,0.9,high,28,6,13,1.400776126191186,1,2.0,2.0,2.0,False
trial_001_ep1_task145,1,145,0.9,high,28,6,14,0.39953568550289464,1,2.0,2.0,2.0,False
trial_001_ep1_task145,1,145,0.9,high,28,6,15,0.6647105549568892,1,2.0,2.0,2.0,False
trial_001_ep1_task145,1,145,0.9,high,28,6,16,0.6647105549568892,1,2.0,2.0,2.0,False
trial_001_ep1_task145,1,145,0.9,high,28,6,17,0.6647105549568892,1,2.0,2.0,2.0,False
trial_001_ep1_task145,1,145,0.9,high,28,6,18,0.9099751876809754,1,2.0,2.0,2.0,False
trial_001_ep1_task145,1,145,0.9,high,28,6,19,0.6448003182269808,1,2.0,2.0,2.0,False
trial_001_ep1_task145,1,145,0.9,high,28,6,20,0.6448003182269808,1,2.0,2.0,2.0,False
trial_001_ep1_task145,1,145,0.9,high,28,6,21,0.6448003182269808,1,2.0,2.0,2.0,False
trial_001_ep1_task145,1,145,0.9,high,28,6,22,1.1555114934670998,1,2.0,2.0,2.0,False
trial_001_ep1_task145,1,145,0.9,high,28,6,23,1.1555114934670998,1,2.0,2.0,2.0,False
trial_001_ep1_task145,1,145,0.9,high,28,6,24,1.1555114934670998,1,2.0,2.0,2.0,False
trial_001_ep1_task145,1,145,0.9,high,28,6,25,1.4206863629210944,1,2.0,2.0,2.0,False
trial_001_ep1_task145,1,145,0.9,high,28,6,26,1.4206863629210944,1,2.0,2.0,2.0,False
trial_001_ep1_task145,1,145,0.9,high,28,6,27,1.4206863629210944,1,2.0,2.0,2.0,False
trial_001_ep1_task147,1,147,0.9,low,28,5,0,0.0,1,,,,False
trial_001_ep1_task147,1,147,0.9,low,28,5,1,0.0,1,,,,False
trial_001_ep1_task147,1,147,0.9,low,28,5,2,0.0,1,,,,False
trial_001_ep1_task147,1,147,0.9,low,28,5,3,0.0,1,,,,False
trial_001_ep1_task147,1,147,0.9,low,28,5,4,0.0,1,,,,False
trial_001_ep1_task147,1,147,0.9,low,28,5,6,0.0,1,,,,False
trial_001_ep1_task147,1,147,0.9,low,28,5,7,0.0,1,,,,False
trial_001_ep1_task147,1,147,0.9,low,28,5,8,0.0,1,,,,False
trial_001_ep1_task147,1,147,0.9,low,28,5,9,0.0,1,,,,False
trial_001_ep1_task147,1,147,0.9,low,28,5,10,0.0,1,,,,False
trial_001_ep1_task147,1,147,0.9,low,28,5,11,0.0,1,,,,False
trial_001_ep1_task147,1,147,0.9,low,28,5,12,0.0,1,,,,False
trial_001_ep1_task147,1,147,0.9,low,28,5,13,0.0,1,,,,False
trial_001_ep1_task147,1,147,0.9,low,28,5,14,0.0,1,,,,False
trial_001_ep1_task147,1,147,0.9,low,28,5,15,0.0,1,,,,False
trial_001_ep1_task147,1,147,0.9,low,28,5,16,0.0,1,,,,False
trial_001_ep1_task147,1,147,0.9,low,28,5,17,0.0,1,,,,False
trial_001_ep1_task147,1,147,0.9,low,28,5,18,0.0,1,,,,False
trial_001_ep1_task147,1,147,0.9,low,28,5,19,0.0,1,,,,False
trial_001_ep1_task147,1,147,0.9,low,28,5,20,0.0,1,,,,False
trial_001_ep1_task147,1,147,0.9,low,28,5,21,0.0,1,,,,False
trial_001_ep1_task147,1,147,0.9,low,28,5,22,0.0,1,,,,False
trial_001_ep1_task147,1,147,0.9,low,28,5,23,0.0,1,,,,False
trial_001_ep1_task147,1,147,0.9,low,28,5,24,0.0,1,,,,False
trial_001_ep1_task147,1,147,0.9,low,28,5,25,0.0,1,,,,False
trial_001_ep1_task147,1,147,0.9,low,28,5,26,0.0,1,,,,False
trial_001_ep1_task147,1,147,0.9,low,28,5,27,0.0,1,,,,False
trial_001_ep1_task149,1,149,0.999,low,20,5,3,1.7984547217837732,1,3.0,3.0,3.0,False
trial_001_ep1_task149,1,149,0.999,low,20,5,4,1.7984547217837732,1,2.0,2.0,2.0,False
trial_001_ep1_task149,1,149,0.999,low,20,5,6,1.7984547217837732,1,2.0,2.0,2.0,False
trial_001_ep1_task149,1,149,0.999,low,20,5,10,2.9617137937294675,2,3.0,3.0,3.0,False
trial_001_ep1_task149,1,149,0.999,low,20,5,11,2.8250487239480693,2,3.0,3.0,3.0,False
trial_001_ep1_task149,1,149,0.999,low,20,5,12,2.7496576436626645,2,3.0,3.0,3.0,False
trial_001_ep1_task149,1,149,0.999,low,20,5,14,1.7984547217837732,1,3.0,3.0,3.0,False
trial_001_ep1_task149,1,149,0.999,low,20,5,15,2.883223694199546,2,3.0,3.0,3.0,False
trial_001_ep1_task149,1,149,0.999,low,20,5,16,2.746558624418147,2,3.0,3.0,3.0,False
trial_001_ep1_task149,1,149,0.999,low,20,5,17,2.671167544132742,2,3.0,3.0,3.0,False
trial_001_ep1_task149,1,149,0.999,low,20,5,19,2.217295204787499,2,3.0,3.0,3.0,False
trial_001_ep1_task149,1,149,0.999,low,20,5,20,2.379177724768494,1,3.0,3.0,3.0,False
trial_001_ep1_task149,1,149,0.999,low,20,5,21,2.005239054720696,2,3.0,3.0,3.0,False
trial_001_ep1_task149,1,149,0.999,low,20,5,22,1.7984547217837732,1,2.0,2.0,2.0,False
trial_001_ep1_task149,1,149,0.999,low,20,5,23,0.0,1,,,,False
trial_001_ep1_task149,1,149,0.999,low,20,5,24,1.7984547217837732,1,2.0,2.0,2.0,False
trial_001_ep1_task149,1,149,0.999,low,20,5,25,1.7693171730122685,2,3.0,3.0,3.0,False
trial_001_ep1_task149,1,149,0.999,low,20,5,26,1.7984547217837732,1,3.0,3.0,3.0,False
trial_001_ep1_task149,1,149,0.999,low,20,5,27,1.5572610229454655,2,3.0,3.0,3.0,False
trial_001_ep1_task150,1,150,0.9,low,28,5,0,0.6562776405277733,1,2.0,2.0,2.0,False
trial_001_ep1_task150,1,150,0.9,low,28,5,1,0.8116994732349543,1,2.0,2.0,2.0,False
trial_001_ep1_task150,1,150,0.9,low,28,5,2,0.2882637830138082,1,2.0,2.0,2.0,False
trial_001_ep1_task150,1,150,0.9,low,28,5,3,0.8116994732349543,1,2.0,2.0,2.0,False
trial_001_ep1_task150,1,150,0.9,low,28,5,4,0.12661382064966453,1,2.0,2.0,2.0,False
trial_001_ep1_task150,1,150,0.9,low,28,5,6,0.03830052676504536,1,2.0,2.0,2.0,False
trial_001_ep1_task150,1,150,0.9,low,28,5,7,0.6562776405277733,1,2.0,2.0,2.0,False
trial_001_ep1_task150,1,150,0.9,low,28,5,8,1.7562408967765357,1,2.0,2.0,2.0,False
trial_001_ep1_task150,1,150,0.9,low,28,5,9,0.6562776405277733,1,2.0,2.0,2.0,False
trial_001_ep1_task150,1,150,0.9,low,28,5,10,1.594590934412392,1,2.0,2.0,2.0,False
trial_001_ep1_task150,1,150,0.9,low,28,5,11,1.4679771137627275,1,2.0,2.0,2.0,False
trial_001_ep1_task150,1,150,0.9,low,28,5,12,1.506277640527773,1,2.0,2.0,2.0,False
trial_001_ep1_task150,1,150,0.9,low,28,5,13,0.2882637830138082,1,2.0,2.0,2.0,False
trial_001_ep1_task150,1,150,0.9,low,28,5,14,0.8116994732349543,1,2.0,2.0,2.0,False
trial_001_ep1_task150,1,150,0.9,low,28,5,15,0.12661382064966453,1,2.0,2.0,2.0,False
trial_001_ep1_task150,1,150,0.9,low,28,5,16,0.0,1,,,,False
trial_001_ep1_task150,1,150,0.9,low,28,5,17,0.03830052676504536,1,2.0,2.0,2.0,False
trial_001_ep1_task150,1,150,0.9,low,28,5,18,0.2882637830138082,1,2.0,2.0,2.0,False
trial_001_ep1_task150,1,150,0.9,low,28,5,19,1.226577076898427,1,2.0,2.0,2.0,False
trial_001_ep1_task150,1,150,0.9,low,28,5,20,1.0999632562487625,1,2.0,2.0,2.0,False
trial_001_ep1_task150,1,150,0.9,low,28,5,21,1.1382637830138078,1,2.0,2.0,2.0,False
trial_001_ep1_task150,1,150,0.9,low,28,5,22,0.12661382064966453,1,2.0,2.0,2.0,False
trial_001_ep1_task150,1,150,0.9,low,28,5,23,0.0,1,,,,False
trial_001_ep1_task150,1,150,0.9,low,28,5,24,0.03830052676504536,1,2.0,2.0,2.0,False
trial_001_ep1_task150,1,150,0.9,low,28,5,25,0.9383132938846188,1,2.0,2.0,2.0,False
trial_001_ep1_task150,1,150,0.9,low,28,5,26,0.9766138206496642,1,2.0,2.0,2.0,False
trial_001_ep1_task150,1,150,0.9,low,28,5,27,0.8499999999999996,1,2.0,2.0,2.0,False
trial_001_ep1_task151,1,151,0.99,high,28,2,0,0.0,1,,,,False
trial_001_ep1_task151,1,151,0.99,high,28,2,1,0.0,1,,,,False
trial_001_ep1_task151,1,151,0.99,high,28,2,3,0.0,1,,,,False
trial_001_ep1_task151,1,151,0.99,high,28,2,4,0.0,1,,,,False
trial_001_ep1_task151,1,151,0.99,high,28,2,5,0.0,1,,,,False
trial_001_ep1_task151,1,151,0.99,high,28,2,6,0.0,1,,,,False
trial_001_ep1_task151,1,151,0.99,high,28,2,7,0.0,1,,,,False
trial_001_ep1_task151,1,151,0.99,high,28,2,8,0.0,1,,,,False
trial_001_ep1_task151,1,151,0.99,high,28,2,9,0.0,1,,,,False
trial_001_ep1_task151,1,151,0.99,high,28,2,10,0.0,1,,,,False
trial_001_ep1_task151,1,151,0.99,high,28,2,11,0.0,1,,,,False
trial_001_ep1_task151,1,151,0.99,high,28,2,12,0.0,1,,,,False
trial_001_ep1_task151,1,151,0.99,high,28,2,13,0.0,1,,,,False
trial_001_ep1_task151,1,151,0.99,high,28,2,14,0.0,1,,,,False
trial_001_ep1_task151,1,151,0.99,high,28,2,15,0.0,1,,,,False
trial_001_ep1_task151,1,151,0.99,high,28,2,16,0.0,1,,,,False
trial_001_ep1_task151,1,151,0.99,high,28,2,17,0.0,1,,,,False
trial_001_ep1_task151,1,151,0.99,high,28,2,18,0.0,1,,,,False
trial_001_ep1_task151,1,151,0.99,high,28,2,19,0.0,1,,,,False
trial_001_ep1_task151,1,151,0.99,high,28,2,20,0.0,1,,,,False
trial_001_ep1_task151,1,151,0.99,high,28,2,21,0.0,1,,,,False
trial_001_ep1_task151,1,151,0.99,high,28,2,22,0.0,1,,,,False
trial_001_ep1_task151,1,151,0.99,high,28,2,23,0.0,1,,,,False
trial_001_ep1_task151,1,151,0.99,high,28,2,24,0.0,1,,,,False
trial_001_ep1_task151,1,151,0.99,high,28,2,25,0.0,1,,,,False
trial_001_ep1_task151,1,151,0.99,high,28,2,26,0.0,1,,,,False
trial_001_ep1_task151,1,151,0.99,high,28,2,27,0.0,1,,,,False
trial_001_ep1_task154,1,154,0.9999,high,4,25,5,0.0,1,,,,False
trial_001_ep1_task154,1,154,0.9999,high,4,25,23,0.0,1,,,,False
trial_001_ep1_task154,1,154,0.9999,high,4,25,27,0.0,1,,,,False
trial_001_ep1_task157,1,157,0.999,low,28,5,0,0.7316135108667337,1,3.0,3.0,3.0,False
trial_001_ep1_task157,1,157,0.999,low,28,5,1,0.7927942282339524,1,3.0,3.0,3.0,False
trial_001_ep1_task157,1,157,0.999,low,28,5,2,0.3133757397935186,1,3.0,3.0,3.0,False
trial_001_ep1_task157,1,157,0.999,low,28,5,3,0.7766042332437082,2,3.0,3.0,3.0,False
trial_001_ep1_task157,1,157,0.999,low,28,5,4,0.22347422537121853,1,3.0,3.0,3.0,False
trial_001_ep1_task157,1,157,0.999,low,28,5,6,0.1667623752688212,1,3.0,3.0,3.0,False
trial_001_ep1_task157,1,157,0.999,low,28,5,7,0.2899730140708481,2,3.0,3.0,3.0,False
trial_001_ep1_task157,1,157,0.999,low,28,5,8,0.1894454743695857,1,3.0,3.0,3.0,False
trial_001_ep1_task157,1,157,0.999,low,28,5,9,0.883768756683665,1,2.0,3.0,3.0,False
trial_001_ep1_task157,1,157,0.999,low,28,5,10,0.279346988791886,1,3.0,3.0,3.0,False
trial_001_ep1_task157,1,157,0.999,low,28,5,11,0.5028212141631043,1,3.0,3.0,3.0,False
trial_001_ep1_task157,1,157,0.999,low,28,5,12,0.3360588388942829,1,3.0,3.0,3.0,False
trial_001_ep1_task157,1,157,0.999,low,28,5,13,0.12826475700236717,1,3.0,3.0,3.0,False
trial_001_ep1_task157,1,157,0.999,low,28,5,14,0.8225880393164464,1,2.0,3.0,3.0,False
trial_001_ep1_task157,1,157,0.999,low,28,5,15,0.2181662714246675,1,3.0,3.0,3.0,False
trial_001_ep1_task157,1,157,0.999,low,28,5,16,0.4416404967958858,1,3.0,3.0,3.0,False
trial_001_ep1_task157,1,157,0.999,low,28,5,17,0.2748781215270646,1,3.0,3.0,3.0,False
trial_001_ep1_task157,1,157,0.999,low,28,5,18,1.3020065277568802,1,2.0,2.0,3.0,False
trial_001_ep1_task157,1,157,0.999,low,28,5,19,0.6975847598651013,1,3.0,3.0,3.0,False
trial_001_ep1_task157,1,157,0.999,low,28,5,20,0.9210589852363196,1,3.0,3.0,3.0,False
trial_001_ep1_task157,1,157,0.999,low,28,5,21,0.7542966099674984,1,3.0,3.0,3.0,False
trial_001_ep1_task157,1,157,0.999,low,28,5,22,1.3919080421791805,1,2.0,2.0,3.0,False
trial_001_ep1_task157,1,157,0.999,low,28,5,23,1.6153822675503988,1,2.0,3.0,3.0,False
trial_001_ep1_task157,1,157,0.999,low,28,5,24,1.4486198922815774,1,2.0,2.0,3.0,False
trial_001_ep1_task157,1,157,0.999,low,28,5,25,1.01096049965862,1,3.0,3.0,3.0,False
trial_001_ep1_task157,1,157,0.999,low,28,5,26,0.8441981243897986,2,3.0,3.0,3.0,False
trial_001_ep1_task157,1,157,0.999,low,28,5,27,1.067672349761017,1,3.0,3.0,3.0,False
trial_001_ep1_task160,1,160,0.9,low,28,6,0,1.2350597615634875,1,4.0,5.0,6.0,False
trial_001_ep1_task160,1,160,0.9,low,28,6,1,1.1003171882700862,1,3.0,3.0,3.0,False
trial_001_ep1_task160,1,160,0.9,low,28,6,2,0.562329039835193,1,3.0,3.0,3.0,False
trial_001_ep1_task160,1,160,0.9,low,28,6,3,0.7184112021520566,1,3.0,3.0,3.0,False
trial_001_ep1_task160,1,160,0.9,low,28,6,4,0.22947355008543013,1,3.0,3.0,3.0,False
trial_001_ep1_task160,1,160,0.9,low,28,6,5,0.02971548272287805,1,3.0,3.0,3.0,False
trial_001_ep1_task160,1,160,0.9,low,28,6,7,0.6119917039544251,1,5.0,6.0,6.0,False
trial_001_ep1_task160,1,160,0.9,low,28,6,8,0.6025836065934556,3,5.0,6.0,6.0,False
trial_001_ep1_task160,1,160,0.9,low,28,6,9,0.6025836065934556,3,5.0,6.0,6.0,False
trial_001_ep1_task160,1,160,0.9,low,28,6,10,0.38145141787437087,3,4.0,4.0,4.0,False
trial_001_ep1_task160,1,160,0.9,low,28,6,11,0.6025836065934556,3,5.0,6.0,6.0,False
trial_001_ep1_task160,1,160,0.9,low,28,6,12,0.6025836065934556,3,5.0,6.0,6.0,False
trial_001_ep1_task160,1,160,0.9,low,28,6,13,0.38145141787437087,3,4.0,4.0,4.0,False
trial_001_ep1_task160,1,160,0.9,low,28,6,14,0.38145141787437087,3,4.0,4.0,4.0,False
trial_001_ep1_task160,1,160,0.9,low,28,6,15,0.39359450752363223,1,4.0,4.0,4.0,False
trial_001_ep1_task160,1,160,0.9,low,28,6,16,0.5933525748861848,1,4.0,4.0,4.0,False
trial_001_ep1_task160,1,160,0.9,low,28,6,17,0.6230680576090633,1,4.0,4.0,4.0,False
trial_001_ep1_task160,1,160,0.9,low,28,6,18,0.4426450038918994,2,4.0,4.0,4.0,False
trial_001_ep1_task160,1,160,0.9,low,28,6,19,0.931582655958525,1,3.0,4.0,4.0,False
trial_001_ep1_task160,1,160,0.9,low,28,6,20,1.1313407233210775,1,3.0,4.0,4.0,False
trial_001_ep1_task160,1,160,0.9,low,28,6,21,1.161056206043956,1,3.0,4.0,4.0,False
trial_001_ep1_task160,1,160,0.9,low,28,6,22,0.7755004936416618,1,3.0,4.0,4.0,False
trial_001_ep1_task160,1,160,0.9,low,28,6,23,0.9752585610042144,1,3.0,4.0,4.0,False
trial_001_ep1_task160,1,160,0.9,low,28,6,24,1.0049740437270929,1,3.0,4.0,4.0,False
trial_001_ep1_task160,1,160,0.9,low,28,6,25,1.46419621307084,1,3.0,4.0,4.0,False
trial_001_ep1_task160,1,160,0.9,low,28,6,26,1.4939116957937184,1,3.0,4.0,4.0,False
trial_001_ep1_task160,1,160,0.9,low,28,6,27,1.693669763156271,1,3.0,3.0,4.0,False
trial_001_ep1_task162,1,162,0.99,high,28,5,0,0.0,1,,,,False
trial_001_ep1_task162,1,162,0.99,high,28,5,1,0.7583833602653272,1,2.0,3.0,3.0,False
trial_001_ep1_task162,1,162,0.99,high,28,5,2,0.0,1,,,,False
trial_001_ep1_task162,1,162,0.99,high,28,5,3,0.5098107074806042,1,2.0,2.0,2.0,False
trial_001_ep1_task162,1,162,0.99,high,28,5,4,0.0,1,,,,False
trial_001_ep1_task162,1,162,0.99,high,28,5,6,0.0,1,,,,False
trial_001_ep1_task162,1,162,0.99,high,28,5,7,0.7583833602653272,1,2.0,3.0,3.0,False
trial_001_ep1_task162,1,162,0.99,high,28,5,8,0.0,1,,,,False
trial_001_ep1_task162,1,162,0.99,high,28,5,9,0.5098107074806042,1,2.0,2.0,2.0,False
trial_001_ep1_task162,1,162,0.99,high,28,5,10,0.0,1,,,,False
trial_001_ep1_task162,1,162,0.99,high,28,5,11,0.0,1,,,,False
trial_001_ep1_task162,1,162,0.99,high,28,5,12,0.0,1,,,,False
trial_001_ep1_task162,1,162,0.99,high,28,5,13,0.7583833602653272,1,2.0,3.0,3.0,False
trial_001_ep1_task162,1,162,0.99,high,28,5,14,1.2681940677459314,1,2.0,3.0,3.0,False
trial_001_ep1_task162,1,162,0.99,high,28,5,15,0.7583833602653272,1,2.0,3.0,3.0,False
trial_001_ep1_task162,1,162,0.99,high,28,5,16,0.7583833602653272,1,2.0,3.0,3.0,False
trial_001_ep1_task162,1,162,0.99,high,28,5,17,0.7583833602653272,1,2.0,3.0,3.0,False
trial_001_ep1_task162,1,162,0.99,high,28,5,18,0.5098107074806042,1,2.0,2.0,2.0,False
trial_001_ep1_task162,1,162,0.99,high,28,5,19,0.0,1,,,,False
trial_001_ep1_task162,1,162,0.99,high,28,5,20,0.0,1,,,,False
trial_001_ep1_task162,1,162,0.99,high,28,5,21,0.0,1,,,,False
trial_001_ep1_task162,1,162,0.99,high,28,5,22,0.5098107074806042,1,2.0,2.0,2.0,False
trial_001_ep1_task162,1,162,0.99,high,28,5,23,0.5098107074806042,1,2.0,2.0,2.0,False
trial_001_ep1_task162,1,162,0.99,high,28,5,24,0.5098107074806042,1,2.0,2.0,2.0,False
trial_001_ep1_task162,1,162,0.99,high,28,5,25,0.0,1,,,,False
trial_001_ep1_task162,1,162,0.99,high,28,5,26,0.0,1,,,,False
trial_001_ep1_task162,1,162,0.99,high,28,5,27,0.0,1,,,,False
trial_001_ep1_task165,1,165,0.99,medium,28,5,0,1.6869189692784659,1,5.0,6.0,6.0,False
trial_001_ep1_task165,1,165,0.99,medium,28,5,1,1.5446596922694127,1,5.0,6.0,6.0,False
trial_001_ep1_task165,1,165,0.99,medium,28,5,2,1.4432175453177258,1,6.0,6.0,6.0,False
trial_001_ep1_task165,1,165,0.99,medium,28,5,3,1.0800242506420652,1,6.0,6.0,6.0,False
trial_001_ep1_task165,1,165,0.99,medium,28,5,4,0.8887925775332834,3,6.0,6.0,6.0,False
trial_001_ep1_task165,1,165,0.99,medium,28,5,6,1.4511504081356428,5,6.0,6.0,6.0,False
trial_001_ep1_task165,1,165,0.99,medium,28,5,7,3.1102997246291557,3,6.0,6.0,6.0,False
trial_001_ep1_task165,1,165,0.99,medium,28,5,8,3.1102997246291557,3,6.0,6.0,6.0,False
trial_001_ep1_task165,1,165,0.99,medium,28,5,9,3.1102997246291557,3,6.0,6.0,6.0,False
trial_001_ep1_task165,1,165,0.99,medium,28,5,10,3.1102997246291557,3,6.0,6.0,6.0,False
trial_001_ep1_task165,1,165,0.99,medium,28,5,11,2.2215071470958723,3,6.0,6.0,6.0,False
trial_001_ep1_task165,1,165,0.99,medium,28,5,12,1.2092928792940256,2,5.0,6.0,6.0,False
trial_001_ep1_task165,1,165,0.99,medium,28,5,13,3.1102997246291557,3,6.0,6.0,6.0,False
trial_001_ep1_task165,1,165,0.99,medium,28,5,14,3.1102997246291557,3,6.0,6.0,6.0,False
trial_001_ep1_task165,1,165,0.99,medium,28,5,15,3.1102997246291557,3,6.0,6.0,6.0,False
trial_001_ep1_task165,1,165,0.99,medium,28,5,16,2.2215071470958723,3,6.0,6.0,6.0,False
trial_001_ep1_task165,1,165,0.99,medium,28,5,17,1.3515521563030752,2,5.0,6.0,6.0,False
trial_001_ep1_task165,1,165,0.99,medium,28,5,18,3.1102997246291557,3,6.0,6.0,6.0,False
trial_001_ep1_task165,1,165,0.99,medium,28,5,19,3.1102997246291557,3,6.0,6.0,6.0,False
trial_001_ep1_task165,1,165,0.99,medium,28,5,20,2.2856577499546127,2,6.0,6.0,6.0,False
trial_001_ep1_task165,1,165,0.99,medium,28,5,21,1.4529943032547656,2,5.0,6.0,6.0,False
trial_001_ep1_task165,1,165,0.99,medium,28,5,22,3.1102997246291557,3,6.0,6.0,6.0,False
trial_001_ep1_task165,1,165,0.99,medium,28,5,23,2.648851044630275,2,6.0,6.0,6.0,False
trial_001_ep1_task165,1,165,0.99,medium,28,5,24,1.8161875979304263,2,4.0,6.0,6.0,False
trial_001_ep1_task165,1,165,0.99,medium,28,5,25,3.416188627955364,2,6.0,6.0,6.0,False
trial_001_ep1_task165,1,165,0.99,medium,28,5,26,2.5835251812555136,2,3.0,5.0,6.0,False
trial_001_ep1_task165,1,165,0.99,medium,28,5,27,2.1999999999999993,1,3.0,3.0,6.0,False
trial_001_ep1_task166,1,166,0.999,high,12,22,5,3.7102997246291554,2,5.0,5.0,5.0,False
trial_001_ep1_task166,1,166,0.999,high,12,22,6,3.486877681977114,2,5.0,5.0,5.0,False
trial_001_ep1_task166,1,166,0.999,high,12,22,11,0.9048588192630653,1,5.0,5.0,5.0,False
trial_001_ep1_task166,1,166,0.999,high,12,22,16,0.8887925775332834,2,5.0,5.0,5.0,False
trial_001_ep1_task166,1,166,0.999,high,12,22,17,0.6653705348812422,2,4.0,5.0,5.0,False
trial_001_ep1_task166,1,166,0.999,high,12,22,20,0.8887925775332834,2,5.0,5.0,5.0,False
trial_001_ep1_task166,1,166,0.999,high,12,22,23,0.8887925775332834,2,5.0,5.0,5.0,False
trial_001_ep1_task166,1,166,0.999,high,12,22,24,0.6653705348812422,2,4.0,5.0,5.0,False
trial_001_ep1_task166,1,166,0.999,high,12,22,25,0.8887925775332834,2,5.0,5.0,5.0,False
trial_001_ep1_task166,1,166,0.999,high,12,22,26,0.6653705348812422,2,4.0,5.0,5.0,False
trial_001_ep1_task166,1,166,0.999,high,12,22,27,1.5541631124145256,2,5.0,5.0,5.0,False
trial_001_ep1_task168,1,168,0.999,medium,28,4,0,0.0,1,,,,False
trial_001_ep1_task168,1,168,0.999,medium,28,4,1,0.0,1,,,,False
trial_001_ep1_task168,1,168,0.999,medium,28,4,2,0.0,1,,,,False
trial_001_ep1_task168,1,168,0.999,medium,28,4,3,0.0,1,,,,False
trial_001_ep1_task168,1,168,0.999,medium,28,4,5,0.0,1,,,,False
trial_001_ep1_task168,1,168,0.999,medium,28,4,6,0.0,1,,,,False
trial_001_ep1_task168,1,168,0.999,medium,28,4,7,0.0,1,,,,False
trial_001_ep1_task168,1,168,0.999,medium,28,4,8,0.0,1,,,,False
trial_001_ep1_task168,1,168,0.999,medium,28,4,9,0.0,1,,,,False
trial_001_ep1_task168,1,168,0.999,medium,28,4,10,0.0,1,,,,False
trial_001_ep1_task168,1,168,0.999,medium,28,4,11,0.0,1,,,,False
trial_001_ep1_task168,1,168,0.999,medium,28,4,12,0.0,1,,,,False
trial_001_ep1_task168,1,168,0.999,medium,28,4,13,0.0,1,,,,False
trial_001_ep1_task168,1,168,0.999,medium,28,4,14,0.0,1,,,,False
trial_001_ep1_task168,1,168,0.999,medium,28,4,15,0.0,1,,,,False
trial_001_ep1_task168,1,168,0.999,medium,28,4,16,0.0,1,,,,False
trial_001_ep1_task168,1,168,0.999,medium,28,4,17,0.0,1,,,,False
trial_001_ep1_task168,1,168,0.999,medium,28,4,18,0.0,1,,,,False
trial_001_ep1_task168,1,168,0.999,medium,28,4,19,0.0,1,,,,False
trial_001_ep1_task168,1,168,0.999,medium,28,4,20,0.0,1,,,,False
trial_001_ep1_task168,1,168,0.999,medium,28,4,21,0.0,1,,,,False
trial_001_ep1_task168,1,168,0.999,medium,28,4,22,0.0,1,,,,False
trial_001_ep1_task168,1,168,0.999,medium,28,4,23,0.0,1,,,,False
trial_001_ep1_task168,1,168,0.999,medium,28,4,24,0.0,1,,,,False
trial_001_ep1_task168,1,168,0.999,medium,28,4,25,0.0,1,,,,False
trial_001_ep1_task168,1,168,0.999,medium,28,4,26,0.0,1,,,,False
trial_001_ep1_task168,1,168,0.999,medium,28,4,27,0.0,1,,,,False
trial_001_ep1_task171,1,171,0.999,low,28,5,0,0.5624921706119752,1,3.0,3.0,4.0,False
trial_001_ep1_task171,1,171,0.999,low,28,5,1,0.5546754564240108,1,3.0,3.0,3.0,False
trial_001_ep1_task171,1,171,0.999,low,28,5,2,0.244736447443068,1,3.0,3.0,3.0,False
trial_001_ep1_task171,1,171,0.999,low,28,5,3,0.4594975960366028,1,3.0,3.0,3.0,False
trial_001_ep1_task171,1,171,0.999,low,28,5,4,0.1325922169814968,1,3.0,3.0,3.0,False
trial_001_ep1_task171,1,171,0.999,low,28,5,6,0.05730757354712579,1,2.0,3.0,3.0,False
trial_001_ep1_task171,1,171,0.999,low,28,5,7,0.24728892738480246,1,4.0,4.0,4.0,False
trial_001_ep1_task171,1,171,0.999,low,28,5,8,0.1836031022479805,3,4.0,4.0,4.0,False
trial_001_ep1_task171,1,171,0.999,low,28,5,9,0.1836031022479805,3,4.0,4.0,4.0,False
trial_001_ep1_task171,1,171,0.999,low,28,5,10,0.20537885583427506,2,4.0,4.0,4.0,False
trial_001_ep1_task171,1,171,0.999,low,28,5,11,0.3073865290392084,2,4.0,4.0,4.0,False
trial_001_ep1_task171,1,171,0.999,low,28,5,12,0.2806634992686461,2,4.0,4.0,4.0,False
trial_001_ep1_task171,1,171,0.999,low,28,5,13,0.2586559944839113,3,4.0,4.0,4.0,False
trial_001_ep1_task171,1,171,0.999,low,28,5,14,0.2586559944839113,3,4.0,4.0,4.0,False
trial_001_ep1_task171,1,171,0.999,low,28,5,15,0.2586559944839113,3,4.0,4.0,4.0,False
trial_001_ep1_task171,1,171,0.999,low,28,5,16,0.31520324322717275,2,4.0,4.0,4.0,False
trial_001_ep1_task171,1,171,0.999,low,28,5,17,0.28848021345661046,2,4.0,4.0,4.0,False
trial_001_ep1_task171,1,171,0.999,low,28,5,18,0.2586559944839113,3,4.0,4.0,4.0,False
trial_001_ep1_task171,1,171,0.999,low,28,5,19,0.5231345790031823,2,3.0,4.0,4.0,False
trial_001_ep1_task171,1,171,0.999,low,28,5,20,0.6251422522081156,2,3.0,4.0,4.0,False
trial_001_ep1_task171,1,171,0.999,low,28,5,21,0.5984192224375533,2,3.0,4.0,4.0,False
trial_001_ep1_task171,1,171,0.999,low,28,5,22,0.3083734304096475,2,4.0,4.0,4.0,False
trial_001_ep1_task171,1,171,0.999,low,28,5,23,0.4103811036145808,2,4.0,4.0,4.0,False
trial_001_ep1_task171,1,171,0.999,low,28,5,24,0.3836580738440185,2,4.0,4.0,4.0,False
trial_001_ep1_task171,1,171,0.999,low,28,5,25,0.7372864826696868,2,3.0,4.0,4.0,False
trial_001_ep1_task171,1,171,0.999,low,28,5,26,0.7105634528991245,2,3.0,4.0,4.0,False
trial_001_ep1_task171,1,171,0.999,low,28,5,27,0.8125711261040578,2,3.0,4.0,4.0,False
trial_001_ep1_task173,1,173,0.9,low,28,5,0,0.6666666666666856,2,8.0,8.0,8.0,False
trial_001_ep1_task173,1,173,0.9,low,28,5,1,0.6666666666666856,2,8.0,8.0,8.0,False
trial_001_ep1_task173,1,173,0.9,low,28,5,2,0.6666666666666856,2,8.0,8.0,8.0,False
trial_001_ep1_task173,1,173,0.9,low,28,5,3,0.6666666666666856,2,8.0,8.0,8.0,False
trial_001_ep1_task173,1,173,0.9,low,28,5,4,0.6666666666666856,2,8.0,8.0,8.0,False
trial_001_ep1_task173,1,173,0.9,low,28,5,6,0.6666666666666856,2,8.0,8.0,8.0,False
trial_001_ep1_task173,1,173,0.9,low,28,5,7,0.6666666666666856,2,8.0,8.0,8.0,False
trial_001_ep1_task173,1,173,0.9,low,28,5,8,0.9576759720362258,1,8.0,8.0,8.0,False
trial_001_ep1_task173,1,173,0.9,low,28,5,9,0.6666666666666856,2,8.0,8.0,8.0,False
trial_001_ep1_task173,1,173,0.9,low,28,5,10,0.915190404643913,1,8.0,8.0,8.0,False
trial_001_ep1_task173,1,173,0.9,low,28,5,11,0.967125664117841,1,2.0,2.0,2.0,False
trial_001_ep1_task173,1,173,0.9,low,28,5,12,0.9004589974511745,1,8.0,8.0,8.0,False
trial_001_ep1_task173,1,173,0.9,low,28,5,13,0.6666666666666856,2,8.0,8.0,8.0,False
trial_001_ep1_task173,1,173,0.9,low,28,5,14,0.6666666666666856,2,8.0,8.0,8.0,False
trial_001_ep1_task173,1,173,0.9,low,28,5,15,0.6666666666666856,2,8.0,8.0,8.0,False
trial_001_ep1_task173,1,173,0.9,low,28,5,16,0.0,1,,,,False
trial_001_ep1_task173,1,173,0.9,low,28,5,17,0.6666666666666856,2,8.0,8.0,8.0,False
trial_001_ep1_task173,1,173,0.9,low,28,5,18,0.6666666666666856,2,8.0,8.0,8.0,False
trial_001_ep1_task173,1,173,0.9,low,28,5,19,0.6666666666666856,2,8.0,8.0,8.0,False
trial_001_ep1_task173,1,173,0.9,low,28,5,20,0.65721697458505,1,2.0,2.0,2.0,False
trial_001_ep1_task173,1,173,0.9,low,28,5,21,0.6666666666666856,2,8.0,8.0,8.0,False
trial_001_ep1_task173,1,173,0.9,low,28,5,22,0.6666666666666856,2,8.0,8.0,8.0,False
trial_001_ep1_task173,1,173,0.9,low,28,5,23,0.0,1,,,,False
trial_001_ep1_task173,1,173,0.9,low,28,5,24,0.6666666666666856,2,8.0,8.0,8.0,False
trial_001_ep1_task173,1,173,0.9,low,28,5,25,0.6147314071927372,1,2.0,2.0,2.0,False
trial_001_ep1_task173,1,173,0.9,low,28,5,26,0.6666666666666856,2,8.0,8.0,8.0,False
trial_001_ep1_task173,1,173,0.9,low,28,5,27,0.5999999999999996,1,2.0,2.0,2.0,False
trial_001_ep1_task177,1,177,0.9,high,28,2,0,0.45454545454545503,2,4.0,4.0,4.0,False
trial_001_ep1_task177,1,177,0.9,high,28,2,1,0.4166666666666661,2,4.0,4.0,4.0,False
trial_001_ep1_task177,1,177,0.9,high,28,2,3,0.3143520921986074,2,3.0,3.0,3.0,False
trial_001_ep1_task177,1,177,0.9,high,28,2,4,0.0,1,,,,False
trial_001_ep1_task177,1,177,0.9,high,28,2,5,0.2777777777777768,2,4.0,4.0,4.0,False
trial_001_ep1_task177,1,177,0.9,high,28,2,6,0.25,2,4.0,4.0,4.0,False
trial_001_ep1_task177,1,177,0.9,high,28,2,7,0.3712121212121211,2,4.0,4.0,4.0,False
trial_001_ep1_task177,1,177,0.9,high,28,2,8,0.045454545454546746,3,4.0,4.0,4.0,False
trial_001_ep1_task177,1,177,0.9,high,28,2,9,0.2688975467440624,2,3.0,3.0,4.0,False
trial_001_ep1_task177,1,177,0.9,high,28,2,10,0.045454545454546746,3,4.0,4.0,4.0,False
trial_001_ep1_task177,1,177,0.9,high,28,2,11,0.23232323232323182,2,4.0,4.0,4.0,False
trial_001_ep1_task177,1,177,0.9,high,28,2,12,0.20454545454545325,2,4.0,4.0,4.0,False
trial_001_ep1_task177,1,177,0.9,high,28,2,13,0.08333333333333393,2,4.0,4.0,4.0,False
trial_001_ep1_task177,1,177,0.9,high,28,2,14,0.23101875886527523,2,3.0,4.0,4.0,False
trial_001_ep1_task177,1,177,0.9,high,28,2,15,0.08333333333333393,2,4.0,4.0,4.0,False
trial_001_ep1_task177,1,177,0.9,high,28,2,16,0.19444444444444464,2,4.0,4.0,4.0,False
trial_001_ep1_task177,1,177,0.9,high,28,2,17,0.16666666666666607,3,4.0,4.0,4.0,False
trial_001_ep1_task177,1,177,0.9,high,28,2,18,0.5,3,4.0,4.0,4.0,False
trial_001_ep1_task177,1,177,0.9,high,28,2,19,0.5,2,4.0,4.0,4.0,False
trial_001_ep1_task177,1,177,0.9,high,28,2,20,0.2222222222222232,2,4.0,4.0,4.0,False
trial_001_ep1_task177,1,177,0.9,high,28,2,21,0.25,2,4.0,4.0,4.0,False
trial_001_ep1_task177,1,177,0.9,high,28,2,22,0.5,3,4.0,4.0,4.0,False
trial_001_ep1_task177,1,177,0.9,high,28,2,23,0.2222222222222232,3,4.0,4.0,4.0,False
trial_001_ep1_task177,1,177,0.9,high,28,2,24,0.25,3,4.0,4.0,4.0,False
trial_001_ep1_task177,1,177,0.9,high,28,2,25,0.2222222222222232,2,4.0,4.0,4.0,False
trial_001_ep1_task177,1,177,0.9,high,28,2,26,0.25,2,4.0,4.0,4.0,False
trial_001_ep1_task177,1,177,0.9,high,28,2,27,0.02777777777777679,3,4.0,4.0,4.0,False
trial_001_ep1_task180,1,180,0.99,high,28,4,0,0.0,1,,,,False
trial_001_ep1_task180,1,180,0.99,high,28,4,1,0.0,1,,,,False
trial_001_ep1_task180,1,180,0.99,high,28,4,2,0.0,1,,,,False
trial_001_ep1_task180,1,180,0.99,high,28,4,3,0.0,1,,,,False
trial_001_ep1_task180,1,180,0.99,high,28,4,5,0.0,1,,,,False
trial_001_ep1_task180,1,180,0.99,high,28,4,6,0.0,1,,,,False
trial_001_ep1_task180,1,180,0.99,high,28,4,7,0.0,1,,,,False
trial_001_ep1_task180,1,180,0.99,high,28,4,8,0.0,1,,,,False
trial_001_ep1_task180,1,180,0.99,high,28,4,9,0.0,1,,,,False
trial_001_ep1_task180,1,180,0.99,high,28,4,10,0.0,1,,,,False
trial_001_ep1_task180,1,180,0.99,high,28,4,11,0.0,1,,,,False
trial_001_ep1_task180,1,180,0.99,high,28,4,12,0.0,1,,,,False
trial_001_ep1_task180,1,180,0.99,high,28,4,13,0.0,1,,,,False
trial_001_ep1_task180,1,180,0.99,high,28,4,14,0.0,1,,,,False
trial_001_ep1_task180,1,180,0.99,high,28,4,15,0.0,1,,,,False
trial_001_ep1_task180,1,180,0.99,high,28,4,16,0.0,1,,,,False
trial_001_ep1_task180,1,180,0.99,high,28,4,17,0.0,1,,,,False
trial_001_ep1_task180,1,180,0.99,high,28,4,18,0.0,1,,,,False
trial_001_ep1_task180,1,180,0.99,high,28,4,19,0.0,1,,,,False
trial_001_ep1_task180,1,180,0.99,high,28,4,20,0.0,1,,,,False
trial_001_ep1_task180,1,180,0.99,high,28,4,21,0.0,1,,,,False
trial_001_ep1_task180,1,180,0.99,high,28,4,22,0.0,1,,,,False
trial_001_ep1_task180,1,180,0.99,high,28,4,23,0.0,1,,,,False
trial_001_ep1_task180,1,180,0.99,high,28,4,24,0.0,1,,,,False
trial_001_ep1_task180,1,180,0.99,high,28,4,25,0.0,1,,,,False
trial_001_ep1_task180,1,180,0.99,high,28,4,26,0.0,1,,,,False
trial_001_ep1_task180,1,180,0.99,high,28,4,27,0.0,1,,,,False
trial_001_ep1_task181,1,181,0.9,low,28,6,0,1.2822003844017105,2,5.0,5.0,5.0,False
trial_001_ep1_task181,1,181,0.9,low,28,6,1,2.1860029460789634,2,6.0,6.0,11.0,False
trial_001_ep1_task181,1,181,0.9,low,28,6,2,0.5941434978123556,2,3.0,5.0,5.0,False
trial_001_ep1_task181,1,181,0.9,low,28,6,3,0.7194990389956959,2,5.0,5.0,5.0,False
trial_001_ep1_task181,1,181,0.9,low,28,6,4,0.24274817373229007,2,3.0,3.0,3.0,False
trial_001_ep1_task181,1,181,0.9,low,28,6,5,1.2144007688034208,2,5.0,5.0,6.0,False
trial_001_ep1_task181,1,181,0.9,low,28,6,7,1.7052039711502291,2,5.0,6.0,11.0,False
trial_001_ep1_task181,1,181,0.9,low,28,6,8,0.9446000361468236,5,6.0,7.0,7.0,False
trial_001_ep1_task181,1,181,0.9,low,28,6,9,0.9896307370902377,5,6.0,7.0,7.0,False
trial_001_ep1_task181,1,181,0.9,low,28,6,10,0.9896307370902377,5,6.0,7.0,7.0,False
trial_001_ep1_task181,1,181,0.9,low,28,6,11,0.7336017938746866,2,7.0,7.0,7.0,False
trial_001_ep1_task181,1,181,0.9,low,28,6,12,0.9736894762675092,5,6.0,7.0,7.0,False
trial_001_ep1_task181,1,181,0.9,low,28,6,13,1.5468388467397176,5,11.0,11.0,11.0,False
trial_001_ep1_task181,1,181,0.9,low,28,6,14,1.1425026257442146,2,6.0,6.0,11.0,False
trial_001_ep1_task181,1,181,0.9,low,28,6,15,0.794042328784438,3,6.0,11.0,11.0,False
trial_001_ep1_task181,1,181,0.9,low,28,6,16,1.6374043555519395,2,6.0,6.0,11.0,False
trial_001_ep1_task181,1,181,0.9,low,28,6,17,0.5724395990759263,5,6.0,11.0,11.0,False
trial_001_ep1_task181,1,181,0.9,low,28,6,18,0.9446000361468236,5,6.0,7.0,7.0,False
trial_001_ep1_task181,1,181,0.9,low,28,6,19,1.1847971223408171,3,6.0,7.0,7.0,False
trial_001_ep1_task181,1,181,0.9,low,28,6,20,0.6464417428202296,5,7.0,7.0,7.0,False
trial_001_ep1_task181,1,181,0.9,low,28,6,21,1.168855861518089,2,6.0,7.0,7.0,False
trial_001_ep1_task181,1,181,0.9,low,28,6,22,1.0594415811574773,3,6.0,7.0,7.0,False
trial_001_ep1_task181,1,181,0.9,low,28,6,23,0.6914724437636437,5,7.0,7.0,7.0,False
trial_001_ep1_task181,1,181,0.9,low,28,6,24,1.0435003203347488,2,6.0,7.0,7.0,False
trial_001_ep1_task181,1,181,0.9,low,28,6,25,0.6914724437636437,5,7.0,7.0,7.0,False
trial_001_ep1_task181,1,181,0.9,low,28,6,26,1.5202511855981549,2,6.0,7.0,7.0,False
trial_001_ep1_task181,1,181,0.9,low,28,6,27,0.6755311829409152,5,7.0,7.0,7.0,False
trial_001_ep1_task183,1,183,0.999,medium,28,6,0,0.8011919738939781,1,3.0,3.0,3.0,False
trial_001_ep1_task183,1,183,0.999,medium,28,6,1,1.0248569714976394,2,3.0,3.0,4.0,False
trial_001_ep1_task183,1,183,0.999,medium,28,6,2,0.8206314532796228,3,4.0,4.0,4.0,False
trial_001_ep1_task183,1,183,0.999,medium,28,6,3,0.6748569714976389,2,3.0,4.0,4.0,False
trial_001_ep1_task183,1,183,0.999,medium,28,6,4,0.1439377353635205,1,3.0,3.0,4.0,False
trial_001_ep1_task183,1,183,0.999,medium,28,6,5,1.1488504029662336,3,4.0,4.0,4.0,False
trial_001_ep1_task183,1,183,0.999,medium,28,6,7,1.1859266964162316,3,5.0,5.0,5.0,False
trial_001_ep1_task183,1,183,0.999,medium,28,6,8,0.8434348380298848,4,5.0,5.0,5.0,False
trial_001_ep1_task183,1,183,0.999,medium,28,6,9,1.2058067816241533,3,5.0,5.0,5.0,False
trial_001_ep1_task183,1,183,0.999,medium,28,6,10,1.4090633451430108,3,5.0,5.0,5.0,False
trial_001_ep1_task183,1,183,0.999,medium,28,6,11,0.8434348380298848,4,5.0,5.0,5.0,False
trial_001_ep1_task183,1,183,0.999,medium,28,6,12,1.3912470814425775,3,5.0,5.0,5.0,False
trial_001_ep1_task183,1,183,0.999,medium,28,6,13,0.8434348380298848,4,5.0,5.0,5.0,False
trial_001_ep1_task183,1,183,0.999,medium,28,6,14,0.9826701328973741,3,5.0,5.0,5.0,False
trial_001_ep1_task183,1,183,0.999,medium,28,6,15,1.1859266964162316,3,5.0,5.0,5.0,False
trial_001_ep1_task183,1,183,0.999,medium,28,6,16,0.8434348380298848,4,5.0,5.0,5.0,False
trial_001_ep1_task183,1,183,0.999,medium,28,6,17,1.1681104327157983,3,5.0,5.0,5.0,False
trial_001_ep1_task183,1,183,0.999,medium,28,6,18,0.8434348380298848,4,5.0,5.0,5.0,False
trial_001_ep1_task183,1,183,0.999,medium,28,6,19,0.8434348380298848,4,5.0,5.0,5.0,False
trial_001_ep1_task183,1,183,0.999,medium,28,6,20,0.8434348380298848,4,5.0,5.0,5.0,False
trial_001_ep1_task183,1,183,0.999,medium,28,6,21,0.8434348380298848,4,5.0,5.0,5.0,False
trial_001_ep1_task183,1,183,0.999,medium,28,6,22,1.2058067816241533,3,5.0,5.0,5.0,False
trial_001_ep1_task183,1,183,0.999,medium,28,6,23,0.8434348380298848,4,5.0,5.0,5.0,False
trial_001_ep1_task183,1,183,0.999,medium,28,6,24,1.18799051792372,3,5.0,5.0,5.0,False
trial_001_ep1_task183,1,183,0.999,medium,28,6,25,0.8434348380298848,4,5.0,5.0,5.0,False
trial_001_ep1_task183,1,183,0.999,medium,28,6,26,1.3912470814425775,3,5.0,5.0,5.0,False
trial_001_ep1_task183,1,183,0.999,medium,28,6,27,0.8434348380298848,4,5.0,5.0,5.0,False
trial_001_ep1_task184,1,184,0.9999,medium,9,25,5,1.551569925891886,2,4.0,4.0,4.0,False
trial_001_ep1_task184,1,184,0.9999,medium,9,25,11,0.16796912738426406,2,3.0,3.0,3.0,False
trial_001_ep1_task184,1,184,0.9999,medium,9,25,16,1.5,2,8.0,8.0,8.0,False
trial_001_ep1_task184,1,184,0.9999,medium,9,25,20,1.1611914947284276,2,3.0,3.0,3.0,False
trial_001_ep1_task184,1,184,0.9999,medium,9,25,23,0.0032565635188575026,2,3.0,3.0,3.0,False
trial_001_ep1_task184,1,184,0.9999,medium,9,25,24,0.277085466107303,2,3.0,3.0,3.0,False
trial_001_ep1_task184,1,184,0.9999,medium,9,25,26,0.2803420296261607,2,3.0,3.0,3.0,False
trial_001_ep1_task184,1,184,0.9999,medium,9,25,27,0.01781626370043332,2,3.0,3.0,3.0,False
trial_001_ep1_task185,1,185,0.9,medium,28,4,0,0.5900006477217827,1,2.0,2.0,5.0,False
trial_001_ep1_task185,1,185,0.9,medium,28,4,1,1.75,1,7.0,7.0,7.0,False
trial_001_ep1_task185,1,185,0.9,medium,28,4,2,0.13287032139209032,1,2.0,2.0,2.0,False
trial_001_ep1_task185,1,185,0.9,medium,28,4,3,0.3331166791346276,1,2.0,2.0,2.0,False
trial_001_ep1_task185,1,185,0.9,medium,28,4,5,1.1666666666666665,1,2.0,2.0,2.0,False
trial_001_ep1_task185,1,185,0.9,medium,28,4,6,1.0500000000000003,1,2.0,2.0,2.0,False
trial_001_ep1_task185,1,185,0.9,medium,28,4,7,1.3669332401356624,1,7.0,7.0,7.0,False
trial_001_ep1_task185,1,185,0.9,medium,28,4,8,0.25019643847224726,1,2.0,5.0,5.0,False
trial_001_ep1_task185,1,185,0.9,medium,28,4,9,0.07373331598694222,2,5.0,5.0,5.0,False
trial_001_ep1_task185,1,185,0.9,medium,28,4,10,0.3830667598643376,1,2.0,2.0,5.0,False
trial_001_ep1_task185,1,185,0.9,medium,28,4,11,0.7835999068023294,1,2.0,2.0,2.0,False
trial_001_ep1_task185,1,185,0.9,medium,28,4,12,0.6669332401356627,1,2.0,2.0,5.0,False
trial_001_ep1_task185,1,185,0.9,medium,28,4,13,1.269135741815603,2,7.0,7.0,7.0,False
trial_001_ep1_task185,1,185,0.9,medium,28,4,14,1.269135741815603,2,7.0,7.0,7.0,False
trial_001_ep1_task185,1,185,0.9,medium,28,4,15,1.269135741815603,2,7.0,7.0,7.0,False
trial_001_ep1_task185,1,185,0.9,medium,28,4,16,1.9435992590805466,1,7.0,7.0,7.0,False
trial_001_ep1_task185,1,185,0.9,medium,28,4,17,1.82693259241388,1,7.0,7.0,7.0,False
trial_001_ep1_task185,1,185,0.9,medium,28,4,18,0.5070804070594024,1,2.0,2.0,2.0,False
trial_001_ep1_task185,1,185,0.9,medium,28,4,19,0.8401970861940299,1,2.0,2.0,2.0,False
trial_001_ep1_task185,1,185,0.9,medium,28,4,20,0.32646958047263697,1,2.0,2.0,2.0,False
trial_001_ep1_task185,1,185,0.9,medium,28,4,21,0.20980291380597027,1,2.0,2.0,2.0,False
trial_001_ep1_task185,1,185,0.9,medium,28,4,22,0.6399507284514926,1,2.0,2.0,2.0,False
trial_001_ep1_task185,1,185,0.9,medium,28,4,23,0.5267159382151738,1,2.0,2.0,2.0,False
trial_001_ep1_task185,1,185,0.9,medium,28,4,24,0.41004927154850757,1,2.0,2.0,2.0,False
trial_001_ep1_task185,1,185,0.9,medium,28,4,25,0.19359925908054665,1,2.0,2.0,2.0,False
trial_001_ep1_task185,1,185,0.9,medium,28,4,26,0.07693259241387995,1,2.0,2.0,2.0,False
trial_001_ep1_task185,1,185,0.9,medium,28,4,27,1.243599259080547,1,2.0,2.0,2.0,False
trial_001_ep1_task186,1,186,0.9,medium,28,5,0,1.366440570307482,1,4.0,4.0,4.0,False
trial_001_ep1_task186,1,186,0.9,medium,28,5,1,1.2890226303322763,1,6.0,6.0,6.0,False
trial_001_ep1_task186,1,186,0.9,medium,28,5,2,0.598577833200137,1,2.0,2.0,2.0,False
trial_001_ep1_task186,1,186,0.9,medium,28,5,3,0.969689637090628,1,2.0,4.0,4.0,False
trial_001_ep1_task186,1,186,0.9,medium,28,5,4,0.3130018944442061,2,4.0,4.0,4.0,False
trial_001_ep1_task186,1,186,0.9,medium,28,5,6,0.4006236829986971,2,4.0,4.0,4.0,False
trial_001_ep1_task186,1,186,0.9,medium,28,5,7,0.5140407362991812,1,2.0,6.0,6.0,False
trial_001_ep1_task186,1,186,0.9,medium,28,5,8,0.7319596163885258,2,6.0,6.0,6.0,False
trial_001_ep1_task186,1,186,0.9,medium,28,5,9,0.6703809998925865,4,6.0,6.0,6.0,False
trial_001_ep1_task186,1,186,0.9,medium,28,5,10,0.6706492440429204,4,6.0,6.0,6.0,False
trial_001_ep1_task186,1,186,0.9,medium,28,5,11,0.774981894033095,1,6.0,6.0,6.0,False
trial_001_ep1_task186,1,186,0.9,medium,28,5,12,1.1756055770317921,2,5.0,6.0,6.0,False
trial_001_ep1_task186,1,186,0.9,medium,28,5,13,0.8093775563637311,2,4.0,6.0,6.0,False
trial_001_ep1_task186,1,186,0.9,medium,28,5,14,0.4382657524732405,2,6.0,6.0,6.0,False
trial_001_ep1_task186,1,186,0.9,medium,28,5,15,0.5720776781261736,1,4.0,6.0,6.0,False
trial_001_ep1_task186,1,186,0.9,medium,28,5,16,0.8523998340083008,1,4.0,6.0,6.0,False
trial_001_ep1_task186,1,186,0.9,medium,28,5,17,1.2530235170069974,2,4.0,4.0,6.0,False
trial_001_ep1_task186,1,186,0.9,medium,28,5,18,1.1287105496053802,2,5.0,6.0,6.0,False
trial_001_ep1_task186,1,186,0.9,medium,28,5,19,1.2625224752583133,1,4.0,6.0,6.0,False
trial_001_ep1_task186,1,186,0.9,medium,28,5,20,1.54284463114044,1,4.0,6.0,6.0,False
trial_001_ep1_task186,1,186,0.9,medium,28,5,21,1.9434683141391371,2,4.0,6.0,6.0,False
trial_001_ep1_task186,1,186,0.9,medium,28,5,22,0.8914106713678227,1,6.0,6.0,6.0,False
trial_001_ep1_task186,1,186,0.9,medium,28,5,23,1.1717328272499499,1,5.0,6.0,6.0,False
trial_001_ep1_task186,1,186,0.9,medium,28,5,24,1.5723565102486465,2,4.0,6.0,6.0,False
trial_001_ep1_task186,1,186,0.9,medium,28,5,25,1.8611003084584505,1,4.0,6.0,6.0,False
trial_001_ep1_task186,1,186,0.9,medium,28,5,26,1.7974110870354618,1,4.0,6.0,6.0,False
trial_001_ep1_task186,1,186,0.9,medium,28,5,27,2.0777332429175885,1,4.0,5.0,6.0,False
trial_001_ep1_task188,1,188,0.99,medium,28,5,0,1.0774855318280125,2,4.0,4.0,4.0,False
trial_001_ep1_task188,1,188,0.99,medium,28,5,1,0.9015827433679724,2,4.0,4.0,4.0,False
trial_001_ep1_task188,1,188,0.99,medium,28,5,2,0.0,1,,,,False
trial_001_ep1_task188,1,188,0.99,medium,28,5,3,0.3466079028466993,2,4.0,4.0,4.0,False
trial_001_ep1_task188,1,188,0.99,medium,28,5,4,0.0,1,,,,False
trial_001_ep1_task188,1,188,0.99,medium,28,5,6,0.28079117832174916,2,4.0,4.0,4.0,False
trial_001_ep1_task188,1,188,0.99,medium,28,5,7,1.7331933948803706,2,4.0,4.0,4.0,False
trial_001_ep1_task188,1,188,0.99,medium,28,5,8,0.8316106515123982,2,4.0,4.0,4.0,False
trial_001_ep1_task188,1,188,0.99,medium,28,5,9,1.1782185543590975,2,4.0,4.0,4.0,False
trial_001_ep1_task188,1,188,0.99,medium,28,5,10,0.8316106515123982,2,4.0,4.0,4.0,False
trial_001_ep1_task188,1,188,0.99,medium,28,5,11,0.8316106515123982,2,4.0,4.0,4.0,False
trial_001_ep1_task188,1,188,0.99,medium,28,5,12,1.1124018298341474,2,4.0,4.0,4.0,False
trial_001_ep1_task188,1,188,0.99,medium,28,5,13,0.6557078630523581,2,4.0,4.0,4.0,False
trial_001_ep1_task188,1,188,0.99,medium,28,5,14,1.0023157658990574,2,4.0,4.0,4.0,False
trial_001_ep1_task188,1,188,0.99,medium,28,5,15,0.6557078630523581,2,4.0,4.0,4.0,False
trial_001_ep1_task188,1,188,0.99,medium,28,5,16,0.6557078630523581,2,4.0,4.0,4.0,False
trial_001_ep1_task188,1,188,0.99,medium,28,5,17,0.9364990413741072,2,4.0,4.0,4.0,False
trial_001_ep1_task188,1,188,0.99,medium,28,5,18,0.2827545240519498,3,4.0,4.0,4.0,False
trial_001_ep1_task188,1,188,0.99,medium,28,5,19,0.2458748803156141,2,3.0,4.0,4.0,False
trial_001_ep1_task188,1,188,0.99,medium,28,5,20,0.2458748803156141,2,3.0,4.0,4.0,False
trial_001_ep1_task188,1,188,0.99,medium,28,5,21,0.21693779952699965,3,4.0,4.0,4.0,False
trial_001_ep1_task188,1,188,0.99,medium,28,5,22,0.2827545240519498,3,4.0,4.0,4.0,False
trial_001_ep1_task188,1,188,0.99,medium,28,5,23,0.2827545240519498,3,4.0,4.0,4.0,False
trial_001_ep1_task188,1,188,0.99,medium,28,5,24,0.5635457023736989,3,4.0,4.0,4.0,False
trial_001_ep1_task188,1,188,0.99,medium,28,5,25,0.2458748803156141,2,3.0,4.0,4.0,False
trial_001_ep1_task188,1,188,0.99,medium,28,5,26,0.21693779952699965,3,4.0,4.0,4.0,False
trial_001_ep1_task188,1,188,0.99,medium,28,5,27,0.21693779952699965,3,4.0,4.0,4.0,False
trial_001_ep1_task189,1,189,0.9,medium,28,5,0,1.658338840291682,1,3.0,3.0,3.0,False
trial_001_ep1_task189,1,189,0.9,medium,28,5,1,1.7704505675602924,2,3.0,3.0,3.0,False
trial_001_ep1_task189,1,189,0.9,medium,28,5,2,1.058207737088734,2,3.0,3.0,3.0,False
trial_001_ep1_task189,1,189,0.9,medium,28,5,3,0.7037439053487118,1,3.0,3.0,3.0,False
trial_001_ep1_task189,1,189,0.9,medium,28,5,4,0.20321721291944295,1,3.0,3.0,3.0,False
trial_001_ep1_task189,1,189,0.9,medium,28,5,6,0.07141704435248863,1,3.0,3.0,3.0,False
trial_001_ep1_task189,1,189,0.9,medium,28,5,7,2.0413766783908738,2,3.0,3.0,3.0,False
trial_001_ep1_task189,1,189,0.9,medium,28,5,8,1.3291338479193153,2,3.0,3.0,3.0,False
trial_001_ep1_task189,1,189,0.9,medium,28,5,9,0.9746700161792932,1,3.0,3.0,3.0,False
trial_001_ep1_task189,1,189,0.9,medium,28,5,10,0.4741433237500243,1,3.0,3.0,3.0,False
trial_001_ep1_task189,1,189,0.9,medium,28,5,11,0.2709261108305814,1,3.0,3.0,3.0,False
trial_001_ep1_task189,1,189,0.9,medium,28,5,12,0.34234315518307,1,3.0,3.0,3.0,False
trial_001_ep1_task189,1,189,0.9,medium,28,5,13,1.4412455751879256,2,3.0,3.0,3.0,False
trial_001_ep1_task189,1,189,0.9,medium,28,5,14,1.0867817434479035,2,3.0,3.0,3.0,False
trial_001_ep1_task189,1,189,0.9,medium,28,5,15,0.5862550510186346,2,3.0,3.0,3.0,False
trial_001_ep1_task189,1,189,0.9,medium,28,5,16,0.3830378380991917,2,3.0,3.0,3.0,False
trial_001_ep1_task189,1,189,0.9,medium,28,5,17,0.4544548824516803,2,3.0,3.0,3.0,False
trial_001_ep1_task189,1,189,0.9,medium,28,5,18,0.37453891297634545,1,3.0,3.0,3.0,False
trial_001_ep1_task189,1,189,0.9,medium,28,5,19,0.12598777945292383,2,3.0,3.0,3.0,False
trial_001_ep1_task189,1,189,0.9,medium,28,5,20,0.32920499237236633,1,3.0,3.0,3.0,False
trial_001_ep1_task189,1,189,0.9,medium,28,5,21,0.25778794801987814,2,3.0,3.0,3.0,False
trial_001_ep1_task189,1,189,0.9,medium,28,5,22,0.48045161119294555,1,3.0,3.0,3.0,False
trial_001_ep1_task189,1,189,0.9,medium,28,5,23,0.6836688241123885,1,3.0,3.0,3.0,False
trial_001_ep1_task189,1,189,0.9,medium,28,5,24,0.6122517797598999,1,3.0,3.0,3.0,False
trial_001_ep1_task189,1,189,0.9,medium,28,5,25,1.1841955165416576,1,3.0,3.0,3.0,False
trial_001_ep1_task189,1,189,0.9,medium,28,5,26,1.112778472189169,1,3.0,3.0,3.0,False
trial_001_ep1_task189,1,189,0.9,medium,28,5,27,1.3159956851086119,1,3.0,3.0,3.0,False
trial_001_ep1_task190,1,190,0.9999,medium,9,5,11,0.0,1,,,,False
trial_001_ep1_task190,1,190,0.9999,medium,9,5,16,0.0,1,,,,False
trial_001_ep1_task190,1,190,0.9999,medium,9,5,20,0.0,1,,,,False
trial_001_ep1_task190,1,190,0.9999,medium,9,5,23,0.0,1,,,,False
trial_001_ep1_task190,1,190,0.9999,medium,9,5,24,0.0,1,,,,False
trial_001_ep1_task190,1,190,0.9999,medium,9,5,25,0.0,1,,,,False
trial_001_ep1_task190,1,190,0.9999,medium,9,5,26,0.0,1,,,,False
trial_001_ep1_task190,1,190,0.9999,medium,9,5,27,0.0,1,,,,False
trial_001_ep1_task191,1,191,0.9999,medium,5,27,5,0.20304129307874064,1,2.0,2.0,2.0,False
trial_001_ep1_task191,1,191,0.9999,medium,5,27,16,0.1468875710408688,1,2.0,2.0,2.0,False
trial_001_ep1_task191,1,191,0.9999,medium,5,27,23,0.0,1,,,,False
trial_001_ep1_task191,1,191,0.9999,medium,5,27,25,0.0,1,,,,False
trial_001_ep1_task192,1,192,0.99,low,28,5,0,0.0,1,,,,False
trial_001_ep1_task192,1,192,0.99,low,28,5,1,0.0,1,,,,False
trial_001_ep1_task192,1,192,0.99,low,28,5,2,0.0,1,,,,False
trial_001_ep1_task192,1,192,0.99,low,28,5,3,0.0,1,,,,False
trial_001_ep1_task192,1,192,0.99,low,28,5,4,0.0,1,,,,False
trial_001_ep1_task192,1,192,0.99,low,28,5,6,0.0,1,,,,False
trial_001_ep1_task192,1,192,0.99,low,28,5,7,0.0,1,,,,False
trial_001_ep1_task192,1,192,0.99,low,28,5,8,0.0,1,,,,False
trial_001_ep1_task192,1,192,0.99,low,28,5,9,0.0,1,,,,False
trial_001_ep1_task192,1,192,0.99,low,28,5,10,0.0,1,,,,False
trial_001_ep1_task192,1,192,0.99,low,28,5,11,0.0,1,,,,False
trial_001_ep1_task192,1,192,0.99,low,28,5,12,0.0,1,,,,False
trial_001_ep1_task192,1,192,0.99,low,28,5,13,0.0,1,,,,False
trial_001_ep1_task192,1,192,0.99,low,28,5,14,0.0,1,,,,False
trial_001_ep1_task192,1,192,0.99,low,28,5,15,0.0,1,,,,False
trial_001_ep1_task192,1,192,0.99,low,28,5,16,0.0,1,,,,False
trial_001_ep1_task192,1,192,0.99,low,28,5,17,0.0,1,,,,False
trial_001_ep1_task192,1,192,0.99,low,28,5,18,0.0,1,,,,False
trial_001_ep1_task192,1,192,0.99,low,28,5,19,0.0,1,,,,False
trial_001_ep1_task192,1,192,0.99,low,28,5,20,0.0,1,,,,False
trial_001_ep1_task192,1,192,0.99,low,28,5,21,0.0,1,,,,False
trial_001_ep1_task192,1,192,0.99,low,28,5,22,0.0,1,,,,False
trial_001_ep1_task192,1,192,0.99,low,28,5,23,0.0,1,,,,False
trial_001_ep1_task192,1,192,0.99,low,28,5,24,0.0,1,,,,False
trial_001_ep1_task192,1,192,0.99,low,28,5,25,0.0,1,,,,False
trial_001_ep1_task192,1,192,0.99,low,28,5,26,0.0,1,,,,False
trial_001_ep1_task192,1,192,0.99,low,28,5,27,0.0,1,,,,False
trial_001_ep1_task193,1,193,0.9,low,28,5,0,0.0,1,,,,False
trial_001_ep1_task193,1,193,0.9,low,28,5,1,0.0,1,,,,False
trial_001_ep1_task193,1,193,0.9,low,28,5,2,0.0,1,,,,False
trial_001_ep1_task193,1,193,0.9,low,28,5,3,0.0,1,,,,False
trial_001_ep1_task193,1,193,0.9,low,28,5,4,0.0,1,,,,False
trial_001_ep1_task193,1,193,0.9,low,28,5,6,0.0,1,,,,False
trial_001_ep1_task193,1,193,0.9,low,28,5,7,0.0,1,,,,False
trial_001_ep1_task193,1,193,0.9,low,28,5,8,0.0,1,,,,False
trial_001_ep1_task193,1,193,0.9,low,28,5,9,0.0,1,,,,False
trial_001_ep1_task193,1,193,0.9,low,28,5,10,0.0,1,,,,False
trial_001_ep1_task193,1,193,0.9,low,28,5,11,0.0,1,,,,False
trial_001_ep1_task193,1,193,0.9,low,28,5,12,0.0,1,,,,False
trial_001_ep1_task193,1,193,0.9,low,28,5,13,0.0,1,,,,False
trial_001_ep1_task193,1,193,0.9,low,28,5,14,0.0,1,,,,False
trial_001_ep1_task193,1,193,0.9,low,28,5,15,0.0,1,,,,False
trial_001_ep1_task193,1,193,0.9,low,28,5,16,0.0,1,,,,False
trial_001_ep1_task193,1,193,0.9,low,28,5,17,0.0,1,,,,False
trial_001_ep1_task193,1,193,0.9,low,28,5,18,0.0,1,,,,False
trial_001_ep1_task193,1,193,0.9,low,28,5,19,0.0,1,,,,False
trial_001_ep1_task193,1,193,0.9,low,28,5,20,0.0,1,,,,False
trial_001_ep1_task193,1,193,0.9,low,28,5,21,0.0,1,,,,False
trial_001_ep1_task193,1,193,0.9,low,28,5,22,0.0,1,,,,False
trial_001_ep1_task193,1,193,0.9,low,28,5,23,0.0,1,,,,False
trial_001_ep1_task193,1,193,0.9,low,28,5,24,0.0,1,,,,False
trial_001_ep1_task193,1,193,0.9,low,28,5,25,0.0,1,,,,False
trial_001_ep1_task193,1,193,0.9,low,28,5,26,0.0,1,,,,False
trial_001_ep1_task193,1,193,0.9,low,28,5,27,0.0,1,,,,False
trial_001_ep1_task195,1,195,0.99,high,28,6,0,2.454545454545454,2,4.0,4.0,,False
trial_001_ep1_task195,1,195,0.99,high,28,6,1,2.250000000000001,2,,,,True
trial_001_ep1_task195,1,195,0.99,high,28,6,2,0.4984224361359182,1,2.0,2.0,2.0,False
trial_001_ep1_task195,1,195,0.99,high,28,6,3,0.5702234886532676,1,2.0,2.0,2.0,False
trial_001_ep1_task195,1,195,0.99,high,28,6,4,0.2038857259309914,1,2.0,2.0,2.0,False
trial_001_ep1_task195,1,195,0.99,high,28,6,5,0.3407591405344297,2,3.0,3.0,3.0,False
trial_001_ep1_task195,1,195,0.99,high,28,6,7,4.934480311896536,3,,,,True
trial_001_ep1_task195,1,195,0.99,high,28,6,8,2.684480311896537,3,4.0,4.0,,False
trial_001_ep1_task195,1,195,0.99,high,28,6,9,2.684480311896537,3,4.0,4.0,,False
trial_001_ep1_task195,1,195,0.99,high,28,6,10,2.684480311896537,3,4.0,4.0,,False
trial_001_ep1_task195,1,195,0.99,high,28,6,11,2.684480311896537,3,4.0,4.0,,False
trial_001_ep1_task195,1,195,0.99,high,28,6,12,2.684480311896537,3,4.0,4.0,,False
trial_001_ep1_task195,1,195,0.99,high,28,6,13,3.343367819066457,3,,,,True
trial_001_ep1_task195,1,195,0.99,high,28,6,14,3.343367819066457,3,,,,True
trial_001_ep1_task195,1,195,0.99,high,28,6,15,3.343367819066457,3,,,,True
trial_001_ep1_task195,1,195,0.99,high,28,6,16,3.343367819066457,3,,,,True
trial_001_ep1_task195,1,195,0.99,high,28,6,17,3.343367819066457,3,,,,True
trial_001_ep1_task195,1,195,0.99,high,28,6,18,1.0933678190664575,3,4.0,4.0,,False
trial_001_ep1_task195,1,195,0.99,high,28,6,19,1.0933678190664575,3,4.0,4.0,,False
trial_001_ep1_task195,1,195,0.99,high,28,6,20,1.0933678190664575,3,4.0,4.0,,False
trial_001_ep1_task195,1,195,0.99,high,28,6,21,1.0933678190664575,3,4.0,4.0,,False
trial_001_ep1_task195,1,195,0.99,high,28,6,22,1.0933678190664575,3,4.0,4.0,,False
trial_001_ep1_task195,1,195,0.99,high,28,6,23,1.0933678190664575,3,4.0,4.0,,False
trial_001_ep1_task195,1,195,0.99,high,28,6,24,1.0933678190664575,3,4.0,4.0,,False
trial_001_ep1_task195,1,195,0.99,high,28,6,25,1.172442057427098,1,4.0,4.0,4.0,False
trial_001_ep1_task195,1,195,0.99,high,28,6,26,1.2262632665045192,1,4.0,4.0,4.0,False
trial_001_ep1_task195,1,195,0.99,high,28,6,27,1.3763277833580894,1,4.0,4.0,4.0,False
trial_001_ep1_task196,1,196,0.999,high,15,6,4,0.6410719870244295,1,3.0,3.0,,False
trial_001_ep1_task196,1,196,0.999,high,15,6,5,0.5556476789313705,2,3.0,3.0,,False
trial_001_ep1_task196,1,196,0.999,high,15,6,11,2.070317029087305,2,,,,True
trial_001_ep1_task196,1,196,0.999,high,15,6,12,2.6259647080186763,2,,,,True
trial_001_ep1_task196,1,196,0.999,high,15,6,16,1.5111063422146542,2,,,,True
trial_001_ep1_task196,1,196,0.999,high,15,6,17,2.066754021146025,2,,,,True
trial_001_ep1_task196,1,196,0.999,high,15,6,20,1.3065711774471689,1,3.0,,,False
trial_001_ep1_task196,1,196,0.999,high,15,6,21,1.6537877979448492,1,2.0,3.0,,False
trial_001_ep1_task196,1,196,0.999,high,15,6,22,0.8297852913310968,2,,,,True
trial_001_ep1_task196,1,196,0.999,high,15,6,23,1.0202888109685038,1,3.0,,,False
trial_001_ep1_task196,1,196,0.999,high,15,6,24,1.367505431466184,1,2.0,,,False
trial_001_ep1_task196,1,196,0.999,high,15,6,25,1.4100338628789144,1,3.0,,,False
trial_001_ep1_task196,1,196,0.999,high,15,6,26,1.7572504833765947,1,2.0,3.0,,False
trial_001_ep1_task196,1,196,0.999,high,15,6,27,2.051105849903344,1,2.0,2.0,,False
