state_id,R_req,action_index,pair,regret,exact_optimal,near_1e-3,near_1e-2,source
trial00_episode01_task004,0.9,27,"(7, 8)",5.014991460217395,False,False,False,supplemental_0.9_states
trial00_episode01_task020,0.9999,27,"(7, 8)",91.42706418027382,False,False,False,original_1000_states
trial00_episode01_task060,0.999,27,"(7, 8)",0.0,True,True,True,original_1000_states
trial00_episode01_task100,0.9999,27,"(7, 8)",92.98330083421234,False,False,False,original_1000_states
trial00_episode01_task140,0.9999,27,"(7, 8)",12.085801230130537,False,False,False,original_1000_states
trial00_episode01_task180,0.99,27,"(7, 8)",5.473339202552218,False,False,False,original_1000_states
trial00_episode02_task014,0.9,27,"(7, 8)",15.89215383847366,False,False,False,supplemental_0.9_states
trial00_episode02_task020,0.9999,27,"(7, 8)",35.19520942754896,False,False,False,original_1000_states
trial00_episode02_task060,0.999,27,"(7, 8)",22.041940142008997,False,False,False,original_1000_states
trial00_episode02_task100,0.9999,27,"(7, 8)",29.96618135182063,False,False,False,original_1000_states
trial00_episode02_task140,0.9999,27,"(7, 8)",34.59746149222893,False,False,False,original_1000_states
trial00_episode02_task180,0.99,27,"(7, 8)",15.738130305076417,False,False,False,original_1000_states
trial00_episode03_task019,0.9,27,"(7, 8)",17.18999703519245,False,False,False,supplemental_0.9_states
trial00_episode03_task020,0.9999,27,"(7, 8)",41.97098042716339,False,False,False,original_1000_states
trial00_episode03_task060,0.999,27,"(7, 8)",0.0,True,True,True,original_1000_states
trial00_episode03_task100,0.9999,27,"(7, 8)",9.702687575958777,False,False,False,original_1000_states
trial00_episode03_task140,0.9999,27,"(7, 8)",0.0,True,True,True,original_1000_states
trial00_episode03_task180,0.99,27,"(7, 8)",28.41982481894729,False,False,False,original_1000_states
trial00_episode04_task020,0.9999,27,"(7, 8)",41.86405491967147,False,False,False,original_1000_states
trial00_episode04_task024,0.9,27,"(7, 8)",38.53849476447091,False,False,False,supplemental_0.9_states
trial00_episode04_task060,0.999,27,"(7, 8)",0.0,True,True,True,original_1000_states
trial00_episode04_task100,0.9999,27,"(7, 8)",52.024707109237816,False,False,False,original_1000_states
trial00_episode04_task140,0.9999,27,"(7, 8)",26.5491696261643,False,False,False,original_1000_states
trial00_episode04_task180,0.99,27,"(7, 8)",21.42385413024486,False,False,False,original_1000_states
trial00_episode05_task020,0.9999,27,"(7, 8)",0.0,True,True,True,original_1000_states
trial00_episode05_task040,0.9,27,"(7, 8)",8.143981309537367,False,False,False,supplemental_0.9_states
trial00_episode05_task060,0.999,27,"(7, 8)",0.0,True,True,True,original_1000_states
trial00_episode05_task100,0.9999,27,"(7, 8)",40.08272871931526,False,False,False,original_1000_states
trial00_episode05_task140,0.9999,27,"(7, 8)",94.55093021069014,False,False,False,original_1000_states
trial00_episode05_task180,0.99,27,"(7, 8)",32.260906086448166,False,False,False,original_1000_states
trial00_episode06_task020,0.9999,27,"(7, 8)",37.202958885051075,False,False,False,original_1000_states
trial00_episode06_task049,0.9,27,"(7, 8)",8.095916634805747,False,False,False,supplemental_0.9_states
trial00_episode06_task060,0.999,27,"(7, 8)",0.0,True,True,True,original_1000_states
trial00_episode06_task100,0.9999,27,"(7, 8)",78.95362435320527,False,False,False,original_1000_states
trial00_episode06_task140,0.9999,27,"(7, 8)",0.0,True,True,True,original_1000_states
trial00_episode06_task180,0.99,27,"(7, 8)",0.0,True,True,True,original_1000_states
trial00_episode07_task020,0.9999,27,"(7, 8)",26.371375992703662,False,False,False,original_1000_states
trial00_episode07_task059,0.9,27,"(7, 8)",13.353489402606208,False,False,False,supplemental_0.9_states
trial00_episode07_task060,0.999,27,"(7, 8)",0.0,True,True,True,original_1000_states
trial00_episode07_task100,0.9999,27,"(7, 8)",74.71800517916404,False,False,False,original_1000_states
trial00_episode07_task140,0.9999,27,"(7, 8)",40.1764788808982,False,False,False,original_1000_states
trial00_episode07_task180,0.99,27,"(7, 8)",0.0,True,True,True,original_1000_states
trial00_episode08_task020,0.9999,27,"(7, 8)",37.182180830006665,False,False,False,original_1000_states
trial00_episode08_task060,0.999,27,"(7, 8)",46.68498178055429,False,False,False,original_1000_states
trial00_episode08_task084,0.9,27,"(7, 8)",4.304919488865494,False,False,False,supplemental_0.9_states
trial00_episode08_task100,0.9999,27,"(7, 8)",79.27447755939981,False,False,False,original_1000_states
trial00_episode08_task140,0.9999,27,"(7, 8)",19.88659247837898,False,False,False,original_1000_states
trial00_episode08_task180,0.99,27,"(7, 8)",20.13028704729105,False,False,False,original_1000_states
trial00_episode09_task020,0.9999,27,"(7, 8)",39.1158952067533,False,False,False,original_1000_states
trial00_episode09_task060,0.999,27,"(7, 8)",26.01824267444841,False,False,False,original_1000_states
trial00_episode09_task099,0.9,27,"(7, 8)",11.27979503519892,False,False,False,supplemental_0.9_states
trial00_episode09_task100,0.9999,27,"(7, 8)",54.855977023925824,False,False,False,original_1000_states
trial00_episode09_task140,0.9999,27,"(7, 8)",23.079594319935318,False,False,False,original_1000_states
trial00_episode09_task180,0.99,27,"(7, 8)",0.0,True,True,True,original_1000_states
trial00_episode10_task020,0.9999,27,"(7, 8)",35.07309103544719,False,False,False,original_1000_states
trial00_episode10_task060,0.999,27,"(7, 8)",5.845809329505059,False,False,False,original_1000_states
trial00_episode10_task100,0.9999,27,"(7, 8)",75.27507104796412,False,False,False,original_1000_states
trial00_episode10_task102,0.9,27,"(7, 8)",39.907229489035544,False,False,False,supplemental_0.9_states
trial00_episode10_task140,0.9999,27,"(7, 8)",17.882716723223545,False,False,False,original_1000_states
trial00_episode10_task180,0.99,27,"(7, 8)",19.745955528215582,False,False,False,original_1000_states
trial00_episode11_task020,0.9999,27,"(7, 8)",77.54510039241049,False,False,False,original_1000_states
trial00_episode11_task060,0.999,27,"(7, 8)",42.375049223223726,False,False,False,original_1000_states
trial00_episode11_task100,0.9999,27,"(7, 8)",0.0,True,True,True,original_1000_states
trial00_episode11_task109,0.9,27,"(7, 8)",42.380868336733464,False,False,False,supplemental_0.9_states
trial00_episode11_task140,0.9999,27,"(7, 8)",70.27350806893182,False,False,False,original_1000_states
trial00_episode11_task180,0.99,27,"(7, 8)",36.233355437399794,False,False,False,original_1000_states
trial00_episode12_task020,0.9999,27,"(7, 8)",80.82077112765181,False,False,False,original_1000_states
trial00_episode12_task060,0.999,27,"(7, 8)",23.805289893163625,False,False,False,original_1000_states
trial00_episode12_task100,0.9999,27,"(7, 8)",49.968322378153374,False,False,False,original_1000_states
trial00_episode12_task123,0.9,27,"(7, 8)",0.0,True,True,True,supplemental_0.9_states
trial00_episode12_task140,0.9999,27,"(7, 8)",1.1299323991594967,False,False,False,original_1000_states
trial00_episode12_task180,0.99,27,"(7, 8)",0.0,True,True,True,original_1000_states
trial00_episode13_task020,0.9999,27,"(7, 8)",40.606726672381136,False,False,False,original_1000_states
trial00_episode13_task060,0.999,27,"(7, 8)",17.496845362471262,False,False,False,original_1000_states
trial00_episode13_task100,0.9999,27,"(7, 8)",12.125988709358111,False,False,False,original_1000_states
trial00_episode13_task134,0.9,27,"(7, 8)",0.0,True,True,True,supplemental_0.9_states
trial00_episode13_task140,0.9999,27,"(7, 8)",0.9188060871768542,False,False,False,original_1000_states
trial00_episode13_task180,0.99,27,"(7, 8)",22.851429523443137,False,False,False,original_1000_states
trial00_episode14_task020,0.9999,27,"(7, 8)",2.2832114180390306,False,False,False,original_1000_states
trial00_episode14_task060,0.999,27,"(7, 8)",26.56568624733471,False,False,False,original_1000_states
trial00_episode14_task100,0.9999,27,"(7, 8)",76.61756666428055,False,False,False,original_1000_states
trial00_episode14_task140,0.9999,27,"(7, 8)",25.473295174580215,False,False,False,original_1000_states
trial00_episode14_task147,0.9,27,"(7, 8)",66.42126414077876,False,False,False,supplemental_0.9_states
trial00_episode14_task180,0.99,27,"(7, 8)",0.0,True,True,True,original_1000_states
trial00_episode15_task020,0.9999,27,"(7, 8)",41.91985041789347,False,False,False,original_1000_states
trial00_episode15_task060,0.999,27,"(7, 8)",28.14412808837195,False,False,False,original_1000_states
trial00_episode15_task100,0.9999,27,"(7, 8)",0.0,True,True,True,original_1000_states
trial00_episode15_task140,0.9999,27,"(7, 8)",43.2861898924717,False,False,False,original_1000_states
trial00_episode15_task160,0.9,27,"(7, 8)",11.824204908590495,False,False,False,supplemental_0.9_states
trial00_episode15_task180,0.99,27,"(7, 8)",8.646521906190728,False,False,False,original_1000_states
trial00_episode16_task020,0.9999,27,"(7, 8)",41.6710651664077,False,False,False,original_1000_states
trial00_episode16_task060,0.999,27,"(7, 8)",19.660814441465305,False,False,False,original_1000_states
trial00_episode16_task100,0.9999,27,"(7, 8)",40.93739033732121,False,False,False,original_1000_states
trial00_episode16_task140,0.9999,27,"(7, 8)",0.0,True,True,True,original_1000_states
trial00_episode16_task175,0.9,27,"(7, 8)",35.986615383063814,False,False,False,supplemental_0.9_states
trial00_episode16_task180,0.99,27,"(7, 8)",36.23726163497053,False,False,False,original_1000_states
trial00_episode17_task020,0.9999,27,"(7, 8)",20.125682728093302,False,False,False,original_1000_states
trial00_episode17_task060,0.999,27,"(7, 8)",37.40689737131561,False,False,False,original_1000_states
trial00_episode17_task100,0.9999,27,"(7, 8)",48.81892939112152,False,False,False,original_1000_states
trial00_episode17_task140,0.9999,27,"(7, 8)",71.53473599717785,False,False,False,original_1000_states
trial00_episode17_task178,0.9,27,"(7, 8)",0.0,True,True,True,supplemental_0.9_states
trial00_episode17_task180,0.99,27,"(7, 8)",2.5157162700785207,False,False,False,original_1000_states
trial00_episode18_task020,0.9999,27,"(7, 8)",48.69427822154975,False,False,False,original_1000_states
trial00_episode18_task060,0.999,27,"(7, 8)",3.3278771903304545,False,False,False,original_1000_states
trial00_episode18_task100,0.9999,27,"(7, 8)",51.9317833986101,False,False,False,original_1000_states
trial00_episode18_task140,0.9999,27,"(7, 8)",24.53479170518877,False,False,False,original_1000_states
trial00_episode18_task180,0.99,27,"(7, 8)",22.31200825273196,False,False,False,original_1000_states
trial00_episode18_task185,0.9,27,"(7, 8)",0.0,True,True,True,supplemental_0.9_states
trial00_episode19_task020,0.9999,27,"(7, 8)",50.89884167511134,False,False,False,original_1000_states
trial00_episode19_task060,0.999,27,"(7, 8)",46.84091914223386,False,False,False,original_1000_states
trial00_episode19_task100,0.9999,27,"(7, 8)",44.04661763122918,False,False,False,original_1000_states
trial00_episode19_task140,0.9999,27,"(7, 8)",70.72674396893231,False,False,False,original_1000_states
trial00_episode19_task180,0.99,27,"(7, 8)",6.508377852892394,False,False,False,original_1000_states
trial00_episode19_task189,0.9,27,"(7, 8)",0.0,True,True,True,supplemental_0.9_states
trial00_episode20_task020,0.9999,27,"(7, 8)",12.489161004617252,False,False,False,original_1000_states
trial00_episode20_task060,0.999,27,"(7, 8)",28.936206950548502,False,False,False,original_1000_states
trial00_episode20_task100,0.9999,27,"(7, 8)",30.121306669095148,False,False,False,original_1000_states
trial00_episode20_task140,0.9999,27,"(7, 8)",69.65611579149336,False,False,False,original_1000_states
trial00_episode20_task180,0.99,27,"(7, 8)",10.776455658496829,False,False,False,original_1000_states
trial00_episode20_task199,0.9,27,"(7, 8)",0.0,True,True,True,supplemental_0.9_states
trial01_episode01_task004,0.9,27,"(7, 8)",0.0,True,True,True,supplemental_0.9_states
trial01_episode01_task020,0.9999,27,"(7, 8)",0.0,True,True,True,original_1000_states
trial01_episode01_task060,0.999,27,"(7, 8)",0.0,True,True,True,original_1000_states
trial01_episode01_task100,0.9999,27,"(7, 8)",20.672465963030547,False,False,False,original_1000_states
trial01_episode01_task140,0.9999,27,"(7, 8)",43.21145875434789,False,False,False,original_1000_states
trial01_episode01_task180,0.99,27,"(7, 8)",39.63459001823826,False,False,False,original_1000_states
trial01_episode02_task014,0.9,27,"(7, 8)",0.0,True,True,True,supplemental_0.9_states
trial01_episode02_task020,0.9999,27,"(7, 8)",29.018963355304287,False,False,False,original_1000_states
trial01_episode02_task060,0.999,27,"(7, 8)",0.0,True,True,True,original_1000_states
trial01_episode02_task100,0.9999,27,"(7, 8)",63.716876789187666,False,False,False,original_1000_states
trial01_episode02_task140,0.9999,27,"(7, 8)",0.0,True,True,True,original_1000_states
trial01_episode02_task180,0.99,27,"(7, 8)",12.675970213323403,False,False,False,original_1000_states
trial01_episode03_task019,0.9,27,"(7, 8)",13.200717875540644,False,False,False,supplemental_0.9_states
trial01_episode03_task020,0.9999,27,"(7, 8)",48.512874980493585,False,False,False,original_1000_states
trial01_episode03_task060,0.999,27,"(7, 8)",49.336242400117506,False,False,False,original_1000_states
trial01_episode03_task100,0.9999,27,"(7, 8)",0.0,True,True,True,original_1000_states
trial01_episode03_task140,0.9999,27,"(7, 8)",0.0,True,True,True,original_1000_states
trial01_episode03_task180,0.99,27,"(7, 8)",0.0,True,True,True,original_1000_states
trial01_episode04_task020,0.9999,27,"(7, 8)",22.75601127864754,False,False,False,original_1000_states
trial01_episode04_task024,0.9,27,"(7, 8)",19.373226684159384,False,False,False,supplemental_0.9_states
trial01_episode04_task060,0.999,27,"(7, 8)",0.0,True,True,True,original_1000_states
trial01_episode04_task100,0.9999,27,"(7, 8)",37.76468474974458,False,False,False,original_1000_states
trial01_episode04_task140,0.9999,27,"(7, 8)",17.401044179446856,False,False,False,original_1000_states
trial01_episode04_task180,0.99,27,"(7, 8)",0.0,True,True,True,original_1000_states
trial01_episode05_task020,0.9999,27,"(7, 8)",46.4199952257121,False,False,False,original_1000_states
trial01_episode05_task040,0.9,27,"(7, 8)",0.0,True,True,True,supplemental_0.9_states
trial01_episode05_task060,0.999,27,"(7, 8)",0.0,True,True,True,original_1000_states
trial01_episode05_task100,0.9999,27,"(7, 8)",50.82554471549971,False,False,False,original_1000_states
trial01_episode05_task140,0.9999,27,"(7, 8)",0.0,True,True,True,original_1000_states
trial01_episode05_task180,0.99,27,"(7, 8)",12.698765633361646,False,False,False,original_1000_states
trial01_episode06_task020,0.9999,27,"(7, 8)",19.108077013288792,False,False,False,original_1000_states
trial01_episode06_task049,0.9,27,"(7, 8)",0.0,True,True,True,supplemental_0.9_states
trial01_episode06_task060,0.999,27,"(7, 8)",27.369028629451208,False,False,False,original_1000_states
trial01_episode06_task100,0.9999,27,"(7, 8)",49.51896777689948,False,False,False,original_1000_states
trial01_episode06_task140,0.9999,27,"(7, 8)",0.0,True,True,True,original_1000_states
trial01_episode06_task180,0.99,27,"(7, 8)",0.0,True,True,True,original_1000_states
trial01_episode07_task020,0.9999,27,"(7, 8)",47.21750674831831,False,False,False,original_1000_states
trial01_episode07_task059,0.9,27,"(7, 8)",19.15430504091369,False,False,False,supplemental_0.9_states
trial01_episode07_task060,0.999,27,"(7, 8)",36.961182385326964,False,False,False,original_1000_states
trial01_episode07_task100,0.9999,27,"(7, 8)",0.0,True,True,True,original_1000_states
trial01_episode07_task140,0.9999,27,"(7, 8)",0.0,True,True,True,original_1000_states
trial01_episode07_task180,0.99,27,"(7, 8)",0.06778460680724407,False,False,False,original_1000_states
trial01_episode08_task020,0.9999,27,"(7, 8)",77.46491831665064,False,False,False,original_1000_states
trial01_episode08_task060,0.999,27,"(7, 8)",28.4703775182658,False,False,False,original_1000_states
trial01_episode08_task084,0.9,27,"(7, 8)",0.0,True,True,True,supplemental_0.9_states
trial01_episode08_task100,0.9999,27,"(7, 8)",96.95986923202264,False,False,False,original_1000_states
trial01_episode08_task140,0.9999,27,"(7, 8)",5.98066955720846,False,False,False,original_1000_states
trial01_episode08_task180,0.99,27,"(7, 8)",20.49145705326074,False,False,False,original_1000_states
trial01_episode09_task020,0.9999,27,"(7, 8)",39.08879634327882,False,False,False,original_1000_states
trial01_episode09_task060,0.999,27,"(7, 8)",0.0,True,True,True,original_1000_states
trial01_episode09_task099,0.9,27,"(7, 8)",24.74038964734802,False,False,False,supplemental_0.9_states
trial01_episode09_task100,0.9999,27,"(7, 8)",76.63103587371046,False,False,False,original_1000_states
trial01_episode09_task140,0.9999,27,"(7, 8)",14.907771129803415,False,False,False,original_1000_states
trial01_episode09_task180,0.99,27,"(7, 8)",0.0,True,True,True,original_1000_states
trial01_episode10_task020,0.9999,27,"(7, 8)",80.0310055251856,False,False,False,original_1000_states
trial01_episode10_task060,0.999,27,"(7, 8)",0.0,True,True,True,original_1000_states
trial01_episode10_task100,0.9999,27,"(7, 8)",0.0,True,True,True,original_1000_states
trial01_episode10_task102,0.9,27,"(7, 8)",13.919535956256894,False,False,False,supplemental_0.9_states
trial01_episode10_task140,0.9999,27,"(7, 8)",74.24923781353522,False,False,False,original_1000_states
trial01_episode10_task180,0.99,27,"(7, 8)",10.8391071947132,False,False,False,original_1000_states
trial01_episode11_task020,0.9999,27,"(7, 8)",0.0,True,True,True,original_1000_states
trial01_episode11_task060,0.999,27,"(7, 8)",31.069661984933802,False,False,False,original_1000_states
trial01_episode11_task100,0.9999,27,"(7, 8)",57.09494068055183,False,False,False,original_1000_states
trial01_episode11_task109,0.9,27,"(7, 8)",60.89337971881817,False,False,False,supplemental_0.9_states
trial01_episode11_task140,0.9999,27,"(7, 8)",36.92340712127726,False,False,False,original_1000_states
trial01_episode11_task180,0.99,27,"(7, 8)",18.421510216031372,False,False,False,original_1000_states
trial01_episode12_task020,0.9999,27,"(7, 8)",0.0,True,True,True,original_1000_states
trial01_episode12_task060,0.999,27,"(7, 8)",34.86908690981325,False,False,False,original_1000_states
trial01_episode12_task100,0.9999,27,"(7, 8)",48.937510721115515,False,False,False,original_1000_states
trial01_episode12_task123,0.9,27,"(7, 8)",31.936297651543956,False,False,False,supplemental_0.9_states
trial01_episode12_task140,0.9999,27,"(7, 8)",17.280626413487326,False,False,False,original_1000_states
trial01_episode12_task180,0.99,27,"(7, 8)",24.207212211585077,False,False,False,original_1000_states
trial01_episode13_task020,0.9999,27,"(7, 8)",0.0,True,True,True,original_1000_states
trial01_episode13_task060,0.999,27,"(7, 8)",0.0,True,True,True,original_1000_states
trial01_episode13_task100,0.9999,27,"(7, 8)",48.72603879024571,False,False,False,original_1000_states
trial01_episode13_task134,0.9,27,"(7, 8)",9.934085871606392,False,False,False,supplemental_0.9_states
trial01_episode13_task140,0.9999,27,"(7, 8)",33.28944840500733,False,False,False,original_1000_states
trial01_episode13_task180,0.99,27,"(7, 8)",0.0,True,True,True,original_1000_states
trial01_episode14_task020,0.9999,27,"(7, 8)",16.652069890524054,False,False,False,original_1000_states
trial01_episode14_task060,0.999,27,"(7, 8)",51.27949704384584,False,False,False,original_1000_states
trial01_episode14_task100,0.9999,27,"(7, 8)",56.870268504445605,False,False,False,original_1000_states
trial01_episode14_task140,0.9999,27,"(7, 8)",37.267032914974905,False,False,False,original_1000_states
trial01_episode14_task147,0.9,27,"(7, 8)",0.0,True,True,True,supplemental_0.9_states
trial01_episode14_task180,0.99,27,"(7, 8)",0.0,True,True,True,original_1000_states
trial01_episode15_task020,0.9999,27,"(7, 8)",22.81901551802921,False,False,False,original_1000_states
trial01_episode15_task060,0.999,27,"(7, 8)",0.0,True,True,True,original_1000_states
trial01_episode15_task100,0.9999,27,"(7, 8)",15.159825571694427,False,False,False,original_1000_states
trial01_episode15_task140,0.9999,27,"(7, 8)",0.0,True,True,True,original_1000_states
trial01_episode15_task160,0.9,27,"(7, 8)",19.16500755734574,False,False,False,supplemental_0.9_states
trial01_episode15_task180,0.99,27,"(7, 8)",18.825071699144146,False,False,False,original_1000_states
trial01_episode16_task020,0.9999,27,"(7, 8)",50.40585448913274,False,False,False,original_1000_states
trial01_episode16_task060,0.999,27,"(7, 8)",0.0,True,True,True,original_1000_states
trial01_episode16_task100,0.9999,27,"(7, 8)",13.707602193684721,False,False,False,original_1000_states
trial01_episode16_task140,0.9999,27,"(7, 8)",11.155331579446134,False,False,False,original_1000_states
trial01_episode16_task175,0.9,27,"(7, 8)",6.182676894129955,False,False,False,supplemental_0.9_states
trial01_episode16_task180,0.99,27,"(7, 8)",0.0,True,True,True,original_1000_states
trial01_episode17_task020,0.9999,27,"(7, 8)",21.864555146620475,False,False,False,original_1000_states
trial01_episode17_task060,0.999,27,"(7, 8)",2.2927043184207463,False,False,False,original_1000_states
trial01_episode17_task100,0.9999,27,"(7, 8)",64.58984886496066,False,False,False,original_1000_states
trial01_episode17_task140,0.9999,27,"(7, 8)",15.594913567329428,False,False,False,original_1000_states
trial01_episode17_task178,0.9,27,"(7, 8)",22.559354494061914,False,False,False,supplemental_0.9_states
trial01_episode17_task180,0.99,27,"(7, 8)",21.47217167307366,False,False,False,original_1000_states
trial01_episode18_task020,0.9999,27,"(7, 8)",18.492138543048476,False,False,False,original_1000_states
trial01_episode18_task060,0.999,27,"(7, 8)",10.198078778300818,False,False,False,original_1000_states
trial01_episode18_task100,0.9999,27,"(7, 8)",0.0,True,True,True,original_1000_states
trial01_episode18_task140,0.9999,27,"(7, 8)",0.0,True,True,True,original_1000_states
trial01_episode18_task180,0.99,27,"(7, 8)",1.7664190243289895,False,False,False,original_1000_states
trial01_episode18_task185,0.9,27,"(7, 8)",0.0,True,True,True,supplemental_0.9_states
trial01_episode19_task020,0.9999,27,"(7, 8)",0.0,True,True,True,original_1000_states
trial01_episode19_task060,0.999,27,"(7, 8)",0.0,True,True,True,original_1000_states
trial01_episode19_task100,0.9999,27,"(7, 8)",58.195140888508206,False,False,False,original_1000_states
trial01_episode19_task140,0.9999,27,"(7, 8)",22.305941998866686,False,False,False,original_1000_states
trial01_episode19_task180,0.99,27,"(7, 8)",27.166884294133126,False,False,False,original_1000_states
trial01_episode19_task189,0.9,27,"(7, 8)",0.0,True,True,True,supplemental_0.9_states
trial01_episode20_task020,0.9999,27,"(7, 8)",0.0,True,True,True,original_1000_states
trial01_episode20_task060,0.999,27,"(7, 8)",0.0,True,True,True,original_1000_states
trial01_episode20_task100,0.9999,27,"(7, 8)",41.52622482224626,False,False,False,original_1000_states
trial01_episode20_task140,0.9999,27,"(7, 8)",6.471345083616491,False,False,False,original_1000_states
trial01_episode20_task180,0.99,27,"(7, 8)",0.0,True,True,True,original_1000_states
trial01_episode20_task199,0.9,27,"(7, 8)",32.35730644758243,False,False,False,supplemental_0.9_states
trial02_episode01_task004,0.9,27,"(7, 8)",2.7157804461721966,False,False,False,supplemental_0.9_states
trial02_episode01_task020,0.9999,27,"(7, 8)",82.54696355015793,False,False,False,original_1000_states
trial02_episode01_task060,0.999,27,"(7, 8)",8.179294726314048,False,False,False,original_1000_states
trial02_episode01_task100,0.9999,27,"(7, 8)",51.28859404729072,False,False,False,original_1000_states
trial02_episode01_task140,0.9999,27,"(7, 8)",75.46882705878686,False,False,False,original_1000_states
trial02_episode01_task180,0.99,27,"(7, 8)",0.0,True,True,True,original_1000_states
trial02_episode02_task014,0.9,27,"(7, 8)",0.0,True,True,True,supplemental_0.9_states
trial02_episode02_task020,0.9999,27,"(7, 8)",0.0,True,True,True,original_1000_states
trial02_episode02_task060,0.999,27,"(7, 8)",12.994776541646978,False,False,False,original_1000_states
trial02_episode02_task100,0.9999,27,"(7, 8)",51.06078309152555,False,False,False,original_1000_states
trial02_episode02_task140,0.9999,27,"(7, 8)",25.919198838246174,False,False,False,original_1000_states
trial02_episode02_task180,0.99,27,"(7, 8)",9.65447230339582,False,False,False,original_1000_states
trial02_episode03_task019,0.9,27,"(7, 8)",0.0,True,True,True,supplemental_0.9_states
trial02_episode03_task020,0.9999,27,"(7, 8)",23.705819581395374,False,False,False,original_1000_states
trial02_episode03_task060,0.999,27,"(7, 8)",39.62973348630446,False,False,False,original_1000_states
trial02_episode03_task100,0.9999,27,"(7, 8)",0.0,True,True,True,original_1000_states
trial02_episode03_task140,0.9999,27,"(7, 8)",9.649049409365496,False,False,False,original_1000_states
trial02_episode03_task180,0.99,26,"(6, 8)",0.0,True,True,True,original_1000_states
trial02_episode04_task020,0.9999,27,"(7, 8)",0.0,True,True,True,original_1000_states
trial02_episode04_task024,0.9,27,"(7, 8)",8.642685356393308,False,False,False,supplemental_0.9_states
trial02_episode04_task060,0.999,27,"(7, 8)",23.903468516629808,False,False,False,original_1000_states
trial02_episode04_task100,0.9999,27,"(7, 8)",0.0,True,True,True,original_1000_states
trial02_episode04_task140,0.9999,27,"(7, 8)",2.450964273544905,False,False,False,original_1000_states
trial02_episode04_task180,0.99,27,"(7, 8)",17.391682600800415,False,False,False,original_1000_states
trial02_episode05_task020,0.9999,27,"(7, 8)",6.5650439807871805,False,False,False,original_1000_states
trial02_episode05_task040,0.9,27,"(7, 8)",0.0,True,True,True,supplemental_0.9_states
trial02_episode05_task060,0.999,27,"(7, 8)",31.27536938760906,False,False,False,original_1000_states
trial02_episode05_task100,0.9999,27,"(7, 8)",44.33396113956983,False,False,False,original_1000_states
trial02_episode05_task140,0.9999,27,"(7, 8)",52.99339355342812,False,False,False,original_1000_states
trial02_episode05_task180,0.99,27,"(7, 8)",0.0,True,True,True,original_1000_states
trial02_episode06_task020,0.9999,27,"(7, 8)",24.947801669319063,False,False,False,original_1000_states
trial02_episode06_task049,0.9,27,"(7, 8)",17.445216727407445,False,False,False,supplemental_0.9_states
trial02_episode06_task060,0.999,27,"(7, 8)",28.984786664347823,False,False,False,original_1000_states
trial02_episode06_task100,0.9999,27,"(7, 8)",45.55299244798131,False,False,False,original_1000_states
trial02_episode06_task140,0.9999,27,"(7, 8)",0.0,True,True,True,original_1000_states
trial02_episode06_task180,0.99,27,"(7, 8)",18.440994507349927,False,False,False,original_1000_states
trial02_episode07_task020,0.9999,27,"(7, 8)",42.4082086827961,False,False,False,original_1000_states
trial02_episode07_task059,0.9,27,"(7, 8)",0.0,True,True,True,supplemental_0.9_states
trial02_episode07_task060,0.999,27,"(7, 8)",0.0,True,True,True,original_1000_states
trial02_episode07_task100,0.9999,27,"(7, 8)",50.81223470318334,False,False,False,original_1000_states
trial02_episode07_task140,0.9999,27,"(7, 8)",71.6619466454549,False,False,False,original_1000_states
trial02_episode07_task180,0.99,27,"(7, 8)",13.514255155700042,False,False,False,original_1000_states
trial02_episode08_task020,0.9999,27,"(7, 8)",52.600637748960125,False,False,False,original_1000_states
trial02_episode08_task060,0.999,27,"(7, 8)",28.767408824568484,False,False,False,original_1000_states
trial02_episode08_task084,0.9,27,"(7, 8)",0.6215261787109654,False,False,False,supplemental_0.9_states
trial02_episode08_task100,0.9999,27,"(7, 8)",0.0,True,True,True,original_1000_states
trial02_episode08_task140,0.9999,27,"(7, 8)",0.0,True,True,True,original_1000_states
trial02_episode08_task180,0.99,27,"(7, 8)",35.502308667919365,False,False,False,original_1000_states
trial02_episode09_task020,0.9999,27,"(7, 8)",58.62826345552466,False,False,False,original_1000_states
trial02_episode09_task060,0.999,27,"(7, 8)",37.871817159613144,False,False,False,original_1000_states
trial02_episode09_task099,0.9,27,"(7, 8)",16.077417081698126,False,False,False,supplemental_0.9_states
trial02_episode09_task100,0.9999,27,"(7, 8)",51.85165318781927,False,False,False,original_1000_states
trial02_episode09_task140,0.9999,27,"(7, 8)",46.807254527357564,False,False,False,original_1000_states
trial02_episode09_task180,0.99,27,"(7, 8)",42.13923429632242,False,False,False,original_1000_states
trial02_episode10_task020,0.9999,27,"(7, 8)",0.0,True,True,True,original_1000_states
trial02_episode10_task060,0.999,27,"(7, 8)",0.0,True,True,True,original_1000_states
trial02_episode10_task100,0.9999,27,"(7, 8)",67.18518384725166,False,False,False,original_1000_states
trial02_episode10_task102,0.9,27,"(7, 8)",33.28908150892373,False,False,False,supplemental_0.9_states
trial02_episode10_task140,0.9999,27,"(7, 8)",0.0,True,True,True,original_1000_states
trial02_episode10_task180,0.99,27,"(7, 8)",28.461672673452508,False,False,False,original_1000_states
trial02_episode11_task020,0.9999,27,"(7, 8)",9.255884390132003,False,False,False,original_1000_states
trial02_episode11_task060,0.999,27,"(7, 8)",0.0,True,True,True,original_1000_states
trial02_episode11_task100,0.9999,27,"(7, 8)",70.42599656240773,False,False,False,original_1000_states
trial02_episode11_task109,0.9,27,"(7, 8)",34.82381589151613,False,False,False,supplemental_0.9_states
trial02_episode11_task140,0.9999,27,"(7, 8)",56.565200827519625,False,False,False,original_1000_states
trial02_episode11_task180,0.99,27,"(7, 8)",12.692338787215796,False,False,False,original_1000_states
trial02_episode12_task020,0.9999,27,"(7, 8)",46.121558165957225,False,False,False,original_1000_states
trial02_episode12_task060,0.999,27,"(7, 8)",44.22762678363145,False,False,False,original_1000_states
trial02_episode12_task100,0.9999,27,"(7, 8)",77.98953008205729,False,False,False,original_1000_states
trial02_episode12_task123,0.9,27,"(7, 8)",13.811405648087089,False,False,False,supplemental_0.9_states
trial02_episode12_task140,0.9999,27,"(7, 8)",8.206636815424545,False,False,False,original_1000_states
trial02_episode12_task180,0.99,27,"(7, 8)",31.937892822901556,False,False,False,original_1000_states
trial02_episode13_task020,0.9999,27,"(7, 8)",22.991364550185168,False,False,False,original_1000_states
trial02_episode13_task060,0.999,27,"(7, 8)",0.0,True,True,True,original_1000_states
trial02_episode13_task100,0.9999,27,"(7, 8)",45.65320551322015,False,False,False,original_1000_states
trial02_episode13_task134,0.9,27,"(7, 8)",17.47164839606159,False,False,False,supplemental_0.9_states
trial02_episode13_task140,0.9999,27,"(7, 8)",27.302485666506115,False,False,False,original_1000_states
trial02_episode13_task180,0.99,27,"(7, 8)",0.0,True,True,True,original_1000_states
trial02_episode14_task020,0.9999,27,"(7, 8)",29.649236800796643,False,False,False,original_1000_states
trial02_episode14_task060,0.999,27,"(7, 8)",55.46439077499209,False,False,False,original_1000_states
trial02_episode14_task100,0.9999,27,"(7, 8)",52.56048700727433,False,False,False,original_1000_states
trial02_episode14_task140,0.9999,27,"(7, 8)",44.12070784432464,False,False,False,original_1000_states
trial02_episode14_task147,0.9,27,"(7, 8)",0.0,True,True,True,supplemental_0.9_states
trial02_episode14_task180,0.99,27,"(7, 8)",0.0,True,True,True,original_1000_states
trial02_episode15_task020,0.9999,27,"(7, 8)",0.0,True,True,True,original_1000_states
trial02_episode15_task060,0.999,27,"(7, 8)",25.318947265282574,False,False,False,original_1000_states
trial02_episode15_task100,0.9999,27,"(7, 8)",52.449157799940025,False,False,False,original_1000_states
trial02_episode15_task140,0.9999,27,"(7, 8)",18.420873305922505,False,False,False,original_1000_states
trial02_episode15_task160,0.9,27,"(7, 8)",0.0,True,True,True,supplemental_0.9_states
trial02_episode15_task180,0.99,27,"(7, 8)",2.57532402556906,False,False,False,original_1000_states
trial02_episode16_task020,0.9999,27,"(7, 8)",45.62133725388874,False,False,False,original_1000_states
trial02_episode16_task060,0.999,27,"(7, 8)",25.01401627917278,False,False,False,original_1000_states
trial02_episode16_task100,0.9999,27,"(7, 8)",34.47417937931522,False,False,False,original_1000_states
trial02_episode16_task140,0.9999,27,"(7, 8)",12.877913290988495,False,False,False,original_1000_states
trial02_episode16_task175,0.9,27,"(7, 8)",30.70198598656001,False,False,False,supplemental_0.9_states
trial02_episode16_task180,0.99,27,"(7, 8)",13.013391718795404,False,False,False,original_1000_states
trial02_episode17_task020,0.9999,26,"(6, 8)",0.0,True,True,True,original_1000_states
trial02_episode17_task060,0.999,27,"(7, 8)",18.423785290406435,False,False,False,original_1000_states
trial02_episode17_task100,0.9999,27,"(7, 8)",0.0,True,True,True,original_1000_states
trial02_episode17_task140,0.9999,27,"(7, 8)",10.603826593267673,False,False,False,original_1000_states
trial02_episode17_task178,0.9,27,"(7, 8)",47.769936294538155,False,False,False,supplemental_0.9_states
trial02_episode17_task180,0.99,27,"(7, 8)",42.609508714794735,False,False,False,original_1000_states
trial02_episode18_task020,0.9999,27,"(7, 8)",82.68731235496847,False,False,False,original_1000_states
trial02_episode18_task060,0.999,27,"(7, 8)",20.713616745277832,False,False,False,original_1000_states
trial02_episode18_task100,0.9999,27,"(7, 8)",76.15225931112222,False,False,False,original_1000_states
trial02_episode18_task140,0.9999,27,"(7, 8)",68.83150656584831,False,False,False,original_1000_states
trial02_episode18_task180,0.99,27,"(7, 8)",34.516728420030205,False,False,False,original_1000_states
trial02_episode18_task185,0.9,27,"(7, 8)",0.0,True,True,True,supplemental_0.9_states
trial02_episode19_task020,0.9999,27,"(7, 8)",39.27648841201452,False,False,False,original_1000_states
trial02_episode19_task060,0.999,27,"(7, 8)",27.648931986432622,False,False,False,original_1000_states
trial02_episode19_task100,0.9999,27,"(7, 8)",68.72193734917165,False,False,False,original_1000_states
trial02_episode19_task140,0.9999,27,"(7, 8)",14.271319837361652,False,False,False,original_1000_states
trial02_episode19_task180,0.99,27,"(7, 8)",28.03241908028329,False,False,False,original_1000_states
trial02_episode19_task189,0.9,27,"(7, 8)",0.0,True,True,True,supplemental_0.9_states
trial02_episode20_task020,0.9999,27,"(7, 8)",33.531946885884025,False,False,False,original_1000_states
trial02_episode20_task060,0.999,27,"(7, 8)",18.707311074902833,False,False,False,original_1000_states
trial02_episode20_task100,0.9999,27,"(7, 8)",0.0,True,True,True,original_1000_states
trial02_episode20_task140,0.9999,27,"(7, 8)",72.46677661065864,False,False,False,original_1000_states
trial02_episode20_task180,0.99,27,"(7, 8)",0.0,True,True,True,original_1000_states
trial02_episode20_task199,0.9,27,"(7, 8)",40.05345377307472,False,False,False,supplemental_0.9_states
trial03_episode01_task004,0.9,27,"(7, 8)",0.0,True,True,True,supplemental_0.9_states
trial03_episode01_task020,0.9999,27,"(7, 8)",15.425592789367272,False,False,False,original_1000_states
trial03_episode01_task060,0.999,27,"(7, 8)",44.84861435019208,False,False,False,original_1000_states
trial03_episode01_task100,0.9999,27,"(7, 8)",56.2407408478885,False,False,False,original_1000_states
trial03_episode01_task140,0.9999,27,"(7, 8)",68.79633561649445,False,False,False,original_1000_states
trial03_episode01_task180,0.99,27,"(7, 8)",22.52571388584883,False,False,False,original_1000_states
trial03_episode02_task014,0.9,27,"(7, 8)",0.0,True,True,True,supplemental_0.9_states
trial03_episode02_task020,0.9999,27,"(7, 8)",6.926599928130514,False,False,False,original_1000_states
trial03_episode02_task060,0.999,27,"(7, 8)",15.32350227232952,False,False,False,original_1000_states
trial03_episode02_task100,0.9999,27,"(7, 8)",16.85185700310275,False,False,False,original_1000_states
trial03_episode02_task140,0.9999,27,"(7, 8)",28.864955520161455,False,False,False,original_1000_states
trial03_episode02_task180,0.99,27,"(7, 8)",26.094326823585742,False,False,False,original_1000_states
trial03_episode03_task019,0.9,27,"(7, 8)",0.0,True,True,True,supplemental_0.9_states
trial03_episode03_task020,0.9999,27,"(7, 8)",0.0,True,True,True,original_1000_states
trial03_episode03_task060,0.999,27,"(7, 8)",0.0,True,True,True,original_1000_states
trial03_episode03_task100,0.9999,27,"(7, 8)",70.28595263996826,False,False,False,original_1000_states
trial03_episode03_task140,0.9999,27,"(7, 8)",50.56676815147331,False,False,False,original_1000_states
trial03_episode03_task180,0.99,27,"(7, 8)",31.076301610378927,False,False,False,original_1000_states
trial03_episode04_task020,0.9999,27,"(7, 8)",5.68898293092451,False,False,False,original_1000_states
trial03_episode04_task024,0.9,27,"(7, 8)",15.339257303902858,False,False,False,supplemental_0.9_states
trial03_episode04_task060,0.999,27,"(7, 8)",50.321185568519105,False,False,False,original_1000_states
trial03_episode04_task100,0.9999,27,"(7, 8)",0.0,True,True,True,original_1000_states
trial03_episode04_task140,0.9999,27,"(7, 8)",45.407807049197686,False,False,False,original_1000_states
trial03_episode04_task180,0.99,27,"(7, 8)",26.414875563278787,False,False,False,original_1000_states
trial03_episode05_task020,0.9999,27,"(7, 8)",0.0,True,True,True,original_1000_states
trial03_episode05_task040,0.9,27,"(7, 8)",0.0,True,True,True,supplemental_0.9_states
trial03_episode05_task060,0.999,27,"(7, 8)",0.0,True,True,True,original_1000_states
trial03_episode05_task100,0.9999,27,"(7, 8)",74.95233378816972,False,False,False,original_1000_states
trial03_episode05_task140,0.9999,27,"(7, 8)",40.39361993398197,False,False,False,original_1000_states
trial03_episode05_task180,0.99,27,"(7, 8)",32.3956113010663,False,False,False,original_1000_states
trial03_episode06_task020,0.9999,27,"(7, 8)",78.29095825780091,False,False,False,original_1000_states
trial03_episode06_task049,0.9,27,"(7, 8)",13.661142314268353,False,False,False,supplemental_0.9_states
trial03_episode06_task060,0.999,27,"(7, 8)",27.60129305636265,False,False,False,original_1000_states
trial03_episode06_task100,0.9999,27,"(7, 8)",17.81557395803395,False,False,False,original_1000_states
trial03_episode06_task140,0.9999,27,"(7, 8)",74.89223186486298,False,False,False,original_1000_states
trial03_episode06_task180,0.99,27,"(7, 8)",29.281750524922987,False,False,False,original_1000_states
trial03_episode07_task020,0.9999,27,"(7, 8)",33.69867995435931,False,False,False,original_1000_states
trial03_episode07_task059,0.9,27,"(7, 8)",26.09547139186098,False,False,False,supplemental_0.9_states
trial03_episode07_task060,0.999,27,"(7, 8)",33.598850984941734,False,False,False,original_1000_states
trial03_episode07_task100,0.9999,27,"(7, 8)",71.77562256312024,False,False,False,original_1000_states
trial03_episode07_task140,0.9999,27,"(7, 8)",17.04771027641292,False,False,False,original_1000_states
trial03_episode07_task180,0.99,27,"(7, 8)",0.0,True,True,True,original_1000_states
trial03_episode08_task020,0.9999,27,"(7, 8)",0.0,True,True,True,original_1000_states
trial03_episode08_task060,0.999,27,"(7, 8)",22.952653009737134,False,False,False,original_1000_states
trial03_episode08_task084,0.9,27,"(7, 8)",32.7352238285747,False,False,False,supplemental_0.9_states
trial03_episode08_task100,0.9999,27,"(7, 8)",72.87342133426922,False,False,False,original_1000_states
trial03_episode08_task140,0.9999,27,"(7, 8)",71.73571664193109,False,False,False,original_1000_states
trial03_episode08_task180,0.99,27,"(7, 8)",32.6140149538208,False,False,False,original_1000_states
trial03_episode09_task020,0.9999,27,"(7, 8)",0.0,True,True,True,original_1000_states
trial03_episode09_task060,0.999,27,"(7, 8)",25.81430758505418,False,False,False,original_1000_states
trial03_episode09_task099,0.9,27,"(7, 8)",0.0,True,True,True,supplemental_0.9_states
trial03_episode09_task100,0.9999,27,"(7, 8)",0.0,True,True,True,original_1000_states
trial03_episode09_task140,0.9999,27,"(7, 8)",55.05953879219203,False,False,False,original_1000_states
trial03_episode09_task180,0.99,27,"(7, 8)",36.188213612483516,False,False,False,original_1000_states
trial03_episode10_task020,0.9999,27,"(7, 8)",18.314538966790337,False,False,False,original_1000_states
trial03_episode10_task060,0.999,27,"(7, 8)",29.106818488367864,False,False,False,original_1000_states
trial03_episode10_task100,0.9999,27,"(7, 8)",35.979985853760645,False,False,False,original_1000_states
trial03_episode10_task102,0.9,27,"(7, 8)",33.17779480562065,False,False,False,supplemental_0.9_states
trial03_episode10_task140,0.9999,27,"(7, 8)",0.0,True,True,True,original_1000_states
trial03_episode10_task180,0.99,27,"(7, 8)",25.788010529782223,False,False,False,original_1000_states
trial03_episode11_task020,0.9999,27,"(7, 8)",72.51549454825032,False,False,False,original_1000_states
trial03_episode11_task060,0.999,27,"(7, 8)",0.0,True,True,True,original_1000_states
trial03_episode11_task100,0.9999,27,"(7, 8)",72.75997006792805,False,False,False,original_1000_states
trial03_episode11_task109,0.9,27,"(7, 8)",59.368950964677325,False,False,False,supplemental_0.9_states
trial03_episode11_task140,0.9999,27,"(7, 8)",2.9441829391643886,False,False,False,original_1000_states
trial03_episode11_task180,0.99,27,"(7, 8)",0.0,True,True,True,original_1000_states
trial03_episode12_task020,0.9999,27,"(7, 8)",6.742304768012801,False,False,False,original_1000_states
trial03_episode12_task060,0.999,27,"(7, 8)",0.0,True,True,True,original_1000_states
trial03_episode12_task100,0.9999,27,"(7, 8)",0.0,True,True,True,original_1000_states
trial03_episode12_task123,0.9,27,"(7, 8)",37.634926028989156,False,False,False,supplemental_0.9_states
trial03_episode12_task140,0.9999,27,"(7, 8)",102.27599250433838,False,False,False,original_1000_states
trial03_episode12_task180,0.99,27,"(7, 8)",0.0,True,True,True,original_1000_states
trial03_episode13_task020,0.9999,27,"(7, 8)",34.13626318711945,False,False,False,original_1000_states
trial03_episode13_task060,0.999,27,"(7, 8)",0.0,True,True,True,original_1000_states
trial03_episode13_task100,0.9999,27,"(7, 8)",57.90344914416048,False,False,False,original_1000_states
trial03_episode13_task134,0.9,27,"(7, 8)",0.0,True,True,True,supplemental_0.9_states
trial03_episode13_task140,0.9999,27,"(7, 8)",0.0,True,True,True,original_1000_states
trial03_episode13_task180,0.99,27,"(7, 8)",11.876595865335808,False,False,False,original_1000_states
trial03_episode14_task020,0.9999,27,"(7, 8)",44.05179543803102,False,False,False,original_1000_states
trial03_episode14_task060,0.999,27,"(7, 8)",0.0,True,True,True,original_1000_states
trial03_episode14_task100,0.9999,27,"(7, 8)",67.03676926353035,False,False,False,original_1000_states
trial03_episode14_task140,0.9999,27,"(7, 8)",54.62704385800056,False,False,False,original_1000_states
trial03_episode14_task147,0.9,27,"(7, 8)",122.47654304126273,False,False,False,supplemental_0.9_states
trial03_episode14_task180,0.99,27,"(7, 8)",28.325181125134762,False,False,False,original_1000_states
trial03_episode15_task020,0.9999,27,"(7, 8)",42.98106805946463,False,False,False,original_1000_states
trial03_episode15_task060,0.999,27,"(7, 8)",40.074569443647476,False,False,False,original_1000_states
trial03_episode15_task100,0.9999,27,"(7, 8)",0.0,True,True,True,original_1000_states
trial03_episode15_task140,0.9999,27,"(7, 8)",3.021708782561312,False,False,False,original_1000_states
trial03_episode15_task160,0.9,27,"(7, 8)",19.287760365203226,False,False,False,supplemental_0.9_states
trial03_episode15_task180,0.99,27,"(7, 8)",16.585262448582945,False,False,False,original_1000_states
trial03_episode16_task020,0.9999,27,"(7, 8)",41.033220877071415,False,False,False,original_1000_states
trial03_episode16_task060,0.999,27,"(7, 8)",14.986336243002675,False,False,False,original_1000_states
trial03_episode16_task100,0.9999,27,"(7, 8)",24.658786626790373,False,False,False,original_1000_states
trial03_episode16_task140,0.9999,27,"(7, 8)",73.132502513855,False,False,False,original_1000_states
trial03_episode16_task175,0.9,27,"(7, 8)",25.021251806933698,False,False,False,supplemental_0.9_states
trial03_episode16_task180,0.99,27,"(7, 8)",0.0,True,True,True,original_1000_states
trial03_episode17_task020,0.9999,27,"(7, 8)",26.916921426406525,False,False,False,original_1000_states
trial03_episode17_task060,0.999,27,"(7, 8)",39.418652243144656,False,False,False,original_1000_states
trial03_episode17_task100,0.9999,27,"(7, 8)",0.0,True,True,True,original_1000_states
trial03_episode17_task140,0.9999,27,"(7, 8)",0.0,True,True,True,original_1000_states
trial03_episode17_task178,0.9,27,"(7, 8)",2.356842947847049,False,False,False,supplemental_0.9_states
trial03_episode17_task180,0.99,27,"(7, 8)",0.0,True,True,True,original_1000_states
trial03_episode18_task020,0.9999,27,"(7, 8)",0.0,True,True,True,original_1000_states
trial03_episode18_task060,0.999,27,"(7, 8)",31.36009800884502,False,False,False,original_1000_states
trial03_episode18_task100,0.9999,27,"(7, 8)",0.0,True,True,True,original_1000_states
trial03_episode18_task140,0.9999,27,"(7, 8)",11.878838316782272,False,False,False,original_1000_states
trial03_episode18_task180,0.99,27,"(7, 8)",5.527659026768184,False,False,False,original_1000_states
trial03_episode18_task185,0.9,27,"(7, 8)",0.0,True,True,True,supplemental_0.9_states
trial03_episode19_task020,0.9999,27,"(7, 8)",7.036383397766798,False,False,False,original_1000_states
trial03_episode19_task060,0.999,27,"(7, 8)",1.1702225296459474,False,False,False,original_1000_states
trial03_episode19_task100,0.9999,27,"(7, 8)",53.02210584355474,False,False,False,original_1000_states
trial03_episode19_task140,0.9999,27,"(7, 8)",0.0,True,True,True,original_1000_states
trial03_episode19_task180,0.99,27,"(7, 8)",11.306231562382706,False,False,False,original_1000_states
trial03_episode19_task189,0.9,27,"(7, 8)",29.103300645766513,False,False,False,supplemental_0.9_states
trial03_episode20_task020,0.9999,27,"(7, 8)",20.10599772816704,False,False,False,original_1000_states
trial03_episode20_task060,0.999,27,"(7, 8)",19.49216347092637,False,False,False,original_1000_states
trial03_episode20_task100,0.9999,27,"(7, 8)",51.642121913775604,False,False,False,original_1000_states
trial03_episode20_task140,0.9999,27,"(7, 8)",21.852346722690953,False,False,False,original_1000_states
trial03_episode20_task180,0.99,27,"(7, 8)",28.615513875591787,False,False,False,original_1000_states
trial03_episode20_task199,0.9,27,"(7, 8)",45.076025271343156,False,False,False,supplemental_0.9_states
trial04_episode01_task004,0.9,27,"(7, 8)",0.0,True,True,True,supplemental_0.9_states
trial04_episode01_task020,0.9999,27,"(7, 8)",39.6258261977462,False,False,False,original_1000_states
trial04_episode01_task060,0.999,27,"(7, 8)",0.0,True,True,True,original_1000_states
trial04_episode01_task100,0.9999,27,"(7, 8)",1.3452182967164248,False,False,False,original_1000_states
trial04_episode01_task140,0.9999,27,"(7, 8)",5.3971543746351145,False,False,False,original_1000_states
trial04_episode01_task180,0.99,27,"(7, 8)",5.8473802153078225,False,False,False,original_1000_states
trial04_episode02_task014,0.9,27,"(7, 8)",0.0,True,True,True,supplemental_0.9_states
trial04_episode02_task020,0.9999,27,"(7, 8)",40.5361841715536,False,False,False,original_1000_states
trial04_episode02_task060,0.999,27,"(7, 8)",46.63311437271078,False,False,False,original_1000_states
trial04_episode02_task100,0.9999,27,"(7, 8)",77.39912643238212,False,False,False,original_1000_states
trial04_episode02_task140,0.9999,27,"(7, 8)",17.555907883951406,False,False,False,original_1000_states
trial04_episode02_task180,0.99,27,"(7, 8)",17.09068771863582,False,False,False,original_1000_states
trial04_episode03_task019,0.9,27,"(7, 8)",0.0,True,True,True,supplemental_0.9_states
trial04_episode03_task020,0.9999,27,"(7, 8)",0.0,True,True,True,original_1000_states
trial04_episode03_task060,0.999,27,"(7, 8)",25.818857655001892,False,False,False,original_1000_states
trial04_episode03_task100,0.9999,27,"(7, 8)",0.0,True,True,True,original_1000_states
trial04_episode03_task140,0.9999,27,"(7, 8)",12.208372536903077,False,False,False,original_1000_states
trial04_episode03_task180,0.99,27,"(7, 8)",24.68960324521104,False,False,False,original_1000_states
trial04_episode04_task020,0.9999,27,"(7, 8)",16.945848297985023,False,False,False,original_1000_states
trial04_episode04_task024,0.9,27,"(7, 8)",20.7671336975668,False,False,False,supplemental_0.9_states
trial04_episode04_task060,0.999,27,"(7, 8)",28.755423487261325,False,False,False,original_1000_states
trial04_episode04_task100,0.9999,27,"(7, 8)",52.885106457320504,False,False,False,original_1000_states
trial04_episode04_task140,0.9999,27,"(7, 8)",58.910550355163785,False,False,False,original_1000_states
trial04_episode04_task180,0.99,27,"(7, 8)",40.223233246622755,False,False,False,original_1000_states
trial04_episode05_task020,0.9999,27,"(7, 8)",29.20221789354244,False,False,False,original_1000_states
trial04_episode05_task040,0.9,27,"(7, 8)",6.585927088260824,False,False,False,supplemental_0.9_states
trial04_episode05_task060,0.999,27,"(7, 8)",0.0,True,True,True,original_1000_states
trial04_episode05_task100,0.9999,27,"(7, 8)",22.430211657857157,False,False,False,original_1000_states
trial04_episode05_task140,0.9999,27,"(7, 8)",0.0,True,True,True,original_1000_states
trial04_episode05_task180,0.99,27,"(7, 8)",6.299107234767135,False,False,False,original_1000_states
trial04_episode06_task020,0.9999,27,"(7, 8)",44.70374239171049,False,False,False,original_1000_states
trial04_episode06_task049,0.9,27,"(7, 8)",0.0,True,True,True,supplemental_0.9_states
trial04_episode06_task060,0.999,27,"(7, 8)",17.075838274816633,False,False,False,original_1000_states
trial04_episode06_task100,0.9999,27,"(7, 8)",33.690245466309,False,False,False,original_1000_states
trial04_episode06_task140,0.9999,26,"(6, 8)",71.8529051301722,False,False,False,original_1000_states
trial04_episode06_task180,0.99,27,"(7, 8)",0.0,True,True,True,original_1000_states
trial04_episode07_task020,0.9999,27,"(7, 8)",33.72063991162803,False,False,False,original_1000_states
trial04_episode07_task059,0.9,27,"(7, 8)",9.84774552688998,False,False,False,supplemental_0.9_states
trial04_episode07_task060,0.999,27,"(7, 8)",15.736872732080776,False,False,False,original_1000_states
trial04_episode07_task100,0.9999,27,"(7, 8)",74.14287907455957,False,False,False,original_1000_states
trial04_episode07_task140,0.9999,27,"(7, 8)",51.92594380293183,False,False,False,original_1000_states
trial04_episode07_task180,0.99,27,"(7, 8)",0.0,True,True,True,original_1000_states
trial04_episode08_task020,0.9999,27,"(7, 8)",0.0,True,True,True,original_1000_states
trial04_episode08_task060,0.999,27,"(7, 8)",30.866414424543436,False,False,False,original_1000_states
trial04_episode08_task084,0.9,27,"(7, 8)",0.0,True,True,True,supplemental_0.9_states
trial04_episode08_task100,0.9999,27,"(7, 8)",50.475767477419524,False,False,False,original_1000_states
trial04_episode08_task140,0.9999,27,"(7, 8)",18.331692149779037,False,False,False,original_1000_states
trial04_episode08_task180,0.99,27,"(7, 8)",6.801948027330042,False,False,False,original_1000_states
trial04_episode09_task020,0.9999,27,"(7, 8)",33.09549715200922,False,False,False,original_1000_states
trial04_episode09_task060,0.999,27,"(7, 8)",30.34147723379288,False,False,False,original_1000_states
trial04_episode09_task099,0.9,27,"(7, 8)",25.25648498432018,False,False,False,supplemental_0.9_states
trial04_episode09_task100,0.9999,27,"(7, 8)",77.30844252371799,False,False,False,original_1000_states
trial04_episode09_task140,0.9999,27,"(7, 8)",38.82535609342716,False,False,False,original_1000_states
trial04_episode09_task180,0.99,27,"(7, 8)",36.28949254241567,False,False,False,original_1000_states
trial04_episode10_task020,0.9999,27,"(7, 8)",13.035029705770548,False,False,False,original_1000_states
trial04_episode10_task060,0.999,27,"(7, 8)",30.865532843638135,False,False,False,original_1000_states
trial04_episode10_task100,0.9999,27,"(7, 8)",0.0,True,True,True,original_1000_states
trial04_episode10_task102,0.9,27,"(7, 8)",0.0,True,True,True,supplemental_0.9_states
trial04_episode10_task140,0.9999,27,"(7, 8)",18.35058239492465,False,False,False,original_1000_states
trial04_episode10_task180,0.99,27,"(7, 8)",23.502731563256475,False,False,False,original_1000_states
trial04_episode11_task020,0.9999,27,"(7, 8)",0.0,True,True,True,original_1000_states
trial04_episode11_task060,0.999,27,"(7, 8)",25.838970375152847,False,False,False,original_1000_states
trial04_episode11_task100,0.9999,27,"(7, 8)",36.834985290563516,False,False,False,original_1000_states
trial04_episode11_task109,0.9,27,"(7, 8)",35.64187562535823,False,False,False,supplemental_0.9_states
trial04_episode11_task140,0.9999,27,"(7, 8)",35.496825744671554,False,False,False,original_1000_states
trial04_episode11_task180,0.99,27,"(7, 8)",16.50226049328655,False,False,False,original_1000_states
trial04_episode12_task020,0.9999,27,"(7, 8)",60.67489203857425,False,False,False,original_1000_states
trial04_episode12_task060,0.999,27,"(7, 8)",0.0,True,True,True,original_1000_states
trial04_episode12_task100,0.9999,27,"(7, 8)",70.01303119735854,False,False,False,original_1000_states
trial04_episode12_task123,0.9,27,"(7, 8)",30.925449892167546,False,False,False,supplemental_0.9_states
trial04_episode12_task140,0.9999,27,"(7, 8)",19.86533996411982,False,False,False,original_1000_states
trial04_episode12_task180,0.99,27,"(7, 8)",0.0,True,True,True,original_1000_states
trial04_episode13_task020,0.9999,27,"(7, 8)",34.46404424194982,False,False,False,original_1000_states
trial04_episode13_task060,0.999,27,"(7, 8)",0.0,True,True,True,original_1000_states
trial04_episode13_task100,0.9999,27,"(7, 8)",64.56324842903972,False,False,False,original_1000_states
trial04_episode13_task134,0.9,27,"(7, 8)",2.8092606096461097,False,False,False,supplemental_0.9_states
trial04_episode13_task140,0.9999,27,"(7, 8)",0.0,True,True,True,original_1000_states
trial04_episode13_task180,0.99,27,"(7, 8)",37.94371033531416,False,False,False,original_1000_states
trial04_episode14_task020,0.9999,27,"(7, 8)",44.87525757233446,False,False,False,original_1000_states
trial04_episode14_task060,0.999,27,"(7, 8)",38.100879131230876,False,False,False,original_1000_states
trial04_episode14_task100,0.9999,27,"(7, 8)",54.24981977954337,False,False,False,original_1000_states
trial04_episode14_task140,0.9999,27,"(7, 8)",33.48510416640831,False,False,False,original_1000_states
trial04_episode14_task147,0.9,27,"(7, 8)",97.57585520180058,False,False,False,supplemental_0.9_states
trial04_episode14_task180,0.99,27,"(7, 8)",5.484236047840945,False,False,False,original_1000_states
trial04_episode15_task020,0.9999,27,"(7, 8)",12.508788957872646,False,False,False,original_1000_states
trial04_episode15_task060,0.999,27,"(7, 8)",0.0,True,True,True,original_1000_states
trial04_episode15_task100,0.9999,27,"(7, 8)",0.0,True,True,True,original_1000_states
trial04_episode15_task140,0.9999,27,"(7, 8)",9.839738394216305,False,False,False,original_1000_states
trial04_episode15_task160,0.9,27,"(7, 8)",3.7699444150877994,False,False,False,supplemental_0.9_states
trial04_episode15_task180,0.99,27,"(7, 8)",0.0,True,True,True,original_1000_states
trial04_episode16_task020,0.9999,27,"(7, 8)",39.949302487444534,False,False,False,original_1000_states
trial04_episode16_task060,0.999,27,"(7, 8)",12.257680591881098,False,False,False,original_1000_states
trial04_episode16_task100,0.9999,27,"(7, 8)",11.51894739192322,False,False,False,original_1000_states
trial04_episode16_task140,0.9999,27,"(7, 8)",0.0,True,True,True,original_1000_states
trial04_episode16_task175,0.9,27,"(7, 8)",0.0,True,True,True,supplemental_0.9_states
trial04_episode16_task180,0.99,27,"(7, 8)",19.44023401479261,False,False,False,original_1000_states
trial04_episode17_task020,0.9999,27,"(7, 8)",0.0,True,True,True,original_1000_states
trial04_episode17_task060,0.999,27,"(7, 8)",26.706503191829192,False,False,False,original_1000_states
trial04_episode17_task100,0.9999,27,"(7, 8)",51.27588495134096,False,False,False,original_1000_states
trial04_episode17_task140,0.9999,27,"(7, 8)",45.89220948482467,False,False,False,original_1000_states
trial04_episode17_task178,0.9,27,"(7, 8)",30.6744128210275,False,False,False,supplemental_0.9_states
trial04_episode17_task180,0.99,27,"(7, 8)",35.0734103219001,False,False,False,original_1000_states
trial04_episode18_task020,0.9999,27,"(7, 8)",45.27803485439814,False,False,False,original_1000_states
trial04_episode18_task060,0.999,27,"(7, 8)",0.0,True,True,True,original_1000_states
trial04_episode18_task100,0.9999,27,"(7, 8)",74.44889534380891,False,False,False,original_1000_states
trial04_episode18_task140,0.9999,27,"(7, 8)",17.544122732673095,False,False,False,original_1000_states
trial04_episode18_task180,0.99,27,"(7, 8)",16.976298082649983,False,False,False,original_1000_states
trial04_episode18_task185,0.9,27,"(7, 8)",1.3886749891310615,False,False,False,supplemental_0.9_states
trial04_episode19_task020,0.9999,27,"(7, 8)",41.79708572535189,False,False,False,original_1000_states
trial04_episode19_task060,0.999,27,"(7, 8)",0.0,True,True,True,original_1000_states
trial04_episode19_task100,0.9999,27,"(7, 8)",62.836625987510594,False,False,False,original_1000_states
trial04_episode19_task140,0.9999,27,"(7, 8)",32.79778407302665,False,False,False,original_1000_states
trial04_episode19_task180,0.99,27,"(7, 8)",8.053227043070933,False,False,False,original_1000_states
trial04_episode19_task189,0.9,27,"(7, 8)",0.0,True,True,True,supplemental_0.9_states
trial04_episode20_task020,0.9999,27,"(7, 8)",23.000127814706595,False,False,False,original_1000_states
trial04_episode20_task060,0.999,27,"(7, 8)",0.0,True,True,True,original_1000_states
trial04_episode20_task100,0.9999,27,"(7, 8)",0.0,True,True,True,original_1000_states
trial04_episode20_task140,0.9999,27,"(7, 8)",0.0,True,True,True,original_1000_states
trial04_episode20_task180,0.99,27,"(7, 8)",21.57538675292223,False,False,False,original_1000_states
trial04_episode20_task199,0.9,27,"(7, 8)",21.153134920244234,False,False,False,supplemental_0.9_states
trial05_episode01_task004,0.9,27,"(7, 8)",3.5010882381827813,False,False,False,supplemental_0.9_states
trial05_episode01_task020,0.9999,27,"(7, 8)",3.202686357428476,False,False,False,original_1000_states
trial05_episode01_task060,0.999,27,"(7, 8)",28.694551247844622,False,False,False,original_1000_states
trial05_episode01_task100,0.9999,26,"(6, 8)",0.0,True,True,True,original_1000_states
trial05_episode01_task140,0.9999,27,"(7, 8)",6.47980718611126,False,False,False,original_1000_states
trial05_episode01_task180,0.99,27,"(7, 8)",17.82503173500291,False,False,False,original_1000_states
trial05_episode02_task014,0.9,27,"(7, 8)",0.0,True,True,True,supplemental_0.9_states
trial05_episode02_task020,0.9999,27,"(7, 8)",12.591434913502226,False,False,False,original_1000_states
trial05_episode02_task060,0.999,27,"(7, 8)",0.0,True,True,True,original_1000_states
trial05_episode02_task100,0.9999,27,"(7, 8)",13.99872809777338,False,False,False,original_1000_states
trial05_episode02_task140,0.9999,27,"(7, 8)",19.426223118506172,False,False,False,original_1000_states
trial05_episode02_task180,0.99,27,"(7, 8)",0.0,True,True,True,original_1000_states
trial05_episode03_task019,0.9,27,"(7, 8)",18.211669938651998,False,False,False,supplemental_0.9_states
trial05_episode03_task020,0.9999,27,"(7, 8)",37.396803272441524,False,False,False,original_1000_states
trial05_episode03_task060,0.999,27,"(7, 8)",0.0,True,True,True,original_1000_states
trial05_episode03_task100,0.9999,27,"(7, 8)",0.0,True,True,True,original_1000_states
trial05_episode03_task140,0.9999,27,"(7, 8)",22.504484459486633,False,False,False,original_1000_states
trial05_episode03_task180,0.99,27,"(7, 8)",24.584836571532946,False,False,False,original_1000_states
trial05_episode04_task020,0.9999,27,"(7, 8)",34.60094311227574,False,False,False,original_1000_states
trial05_episode04_task024,0.9,27,"(7, 8)",9.47856082866749,False,False,False,supplemental_0.9_states
trial05_episode04_task060,0.999,27,"(7, 8)",0.0,True,True,True,original_1000_states
trial05_episode04_task100,0.9999,27,"(7, 8)",1.5199190158657956,False,False,False,original_1000_states
trial05_episode04_task140,0.9999,27,"(7, 8)",6.330704915642549,False,False,False,original_1000_states
trial05_episode04_task180,0.99,27,"(7, 8)",36.528438063831594,False,False,False,original_1000_states
trial05_episode05_task020,0.9999,27,"(7, 8)",9.903647880775019,False,False,False,original_1000_states
trial05_episode05_task040,0.9,27,"(7, 8)",0.0,True,True,True,supplemental_0.9_states
trial05_episode05_task060,0.999,27,"(7, 8)",5.141128778702743,False,False,False,original_1000_states
trial05_episode05_task100,0.9999,27,"(7, 8)",9.273995726866943,False,False,False,original_1000_states
trial05_episode05_task140,0.9999,27,"(7, 8)",0.0,True,True,True,original_1000_states
trial05_episode05_task180,0.99,27,"(7, 8)",13.745541498010148,False,False,False,original_1000_states
trial05_episode06_task020,0.9999,27,"(7, 8)",12.580452845319257,False,False,False,original_1000_states
trial05_episode06_task049,0.9,27,"(7, 8)",18.227992245336804,False,False,False,supplemental_0.9_states
trial05_episode06_task060,0.999,27,"(7, 8)",4.398338953644647,False,False,False,original_1000_states
trial05_episode06_task100,0.9999,27,"(7, 8)",56.246136830908775,False,False,False,original_1000_states
trial05_episode06_task140,0.9999,27,"(7, 8)",0.0,True,True,True,original_1000_states
trial05_episode06_task180,0.99,27,"(7, 8)",31.690466583729773,False,False,False,original_1000_states
trial05_episode07_task020,0.9999,27,"(7, 8)",0.0,True,True,True,original_1000_states
trial05_episode07_task059,0.9,27,"(7, 8)",0.0,True,True,True,supplemental_0.9_states
trial05_episode07_task060,0.999,27,"(7, 8)",16.605459462869362,False,False,False,original_1000_states
trial05_episode07_task100,0.9999,27,"(7, 8)",18.42694333696018,False,False,False,original_1000_states
trial05_episode07_task140,0.9999,27,"(7, 8)",71.98617548158367,False,False,False,original_1000_states
trial05_episode07_task180,0.99,27,"(7, 8)",29.62001953826461,False,False,False,original_1000_states
trial05_episode08_task020,0.9999,27,"(7, 8)",0.0,True,True,True,original_1000_states
trial05_episode08_task060,0.999,27,"(7, 8)",0.0,True,True,True,original_1000_states
trial05_episode08_task084,0.9,27,"(7, 8)",36.687466069909085,False,False,False,supplemental_0.9_states
trial05_episode08_task100,0.9999,27,"(7, 8)",45.91454169749216,False,False,False,original_1000_states
trial05_episode08_task140,0.9999,27,"(7, 8)",0.0,True,True,True,original_1000_states
trial05_episode08_task180,0.99,27,"(7, 8)",6.686734151314404,False,False,False,original_1000_states
trial05_episode09_task020,0.9999,27,"(7, 8)",27.89906138146828,False,False,False,original_1000_states
trial05_episode09_task060,0.999,27,"(7, 8)",30.088579141342088,False,False,False,original_1000_states
trial05_episode09_task099,0.9,26,"(6, 8)",0.0,True,True,True,supplemental_0.9_states
trial05_episode09_task100,0.9999,26,"(6, 8)",53.00254473743067,False,False,False,original_1000_states
trial05_episode09_task140,0.9999,27,"(7, 8)",42.36958519787119,False,False,False,original_1000_states
trial05_episode09_task180,0.99,27,"(7, 8)",0.0,True,True,True,original_1000_states
trial05_episode10_task020,0.9999,27,"(7, 8)",0.0,True,True,True,original_1000_states
trial05_episode10_task060,0.999,27,"(7, 8)",11.263249716654599,False,False,False,original_1000_states
trial05_episode10_task100,0.9999,27,"(7, 8)",66.99897242012536,False,False,False,original_1000_states
trial05_episode10_task102,0.9,27,"(7, 8)",23.17765517149705,False,False,False,supplemental_0.9_states
trial05_episode10_task140,0.9999,27,"(7, 8)",43.14755892624982,False,False,False,original_1000_states
trial05_episode10_task180,0.99,27,"(7, 8)",28.649138798117143,False,False,False,original_1000_states
trial05_episode11_task020,0.9999,27,"(7, 8)",81.80293258778492,False,False,False,original_1000_states
trial05_episode11_task060,0.999,27,"(7, 8)",38.572332770885325,False,False,False,original_1000_states
trial05_episode11_task100,0.9999,27,"(7, 8)",0.0,True,True,True,original_1000_states
trial05_episode11_task109,0.9,27,"(7, 8)",0.0,True,True,True,supplemental_0.9_states
trial05_episode11_task140,0.9999,27,"(7, 8)",3.3742440011477486,False,False,False,original_1000_states
trial05_episode11_task180,0.99,27,"(7, 8)",4.826380209638479,False,False,False,original_1000_states
trial05_episode12_task020,0.9999,27,"(7, 8)",39.007319847286674,False,False,False,original_1000_states
trial05_episode12_task060,0.999,27,"(7, 8)",0.0,True,True,True,original_1000_states
trial05_episode12_task100,0.9999,27,"(7, 8)",59.98194619455273,False,False,False,original_1000_states
trial05_episode12_task123,0.9,27,"(7, 8)",38.181168242698355,False,False,False,supplemental_0.9_states
trial05_episode12_task140,0.9999,27,"(7, 8)",17.944872278416234,False,False,False,original_1000_states
trial05_episode12_task180,0.99,27,"(7, 8)",21.641384910084344,False,False,False,original_1000_states
trial05_episode13_task020,0.9999,27,"(7, 8)",0.0,True,True,True,original_1000_states
trial05_episode13_task060,0.999,27,"(7, 8)",0.0,True,True,True,original_1000_states
trial05_episode13_task100,0.9999,27,"(7, 8)",0.0,True,True,True,original_1000_states
trial05_episode13_task134,0.9,27,"(7, 8)",0.0,True,True,True,supplemental_0.9_states
trial05_episode13_task140,0.9999,27,"(7, 8)",0.462465247767085,False,False,False,original_1000_states
trial05_episode13_task180,0.99,27,"(7, 8)",20.206553308973138,False,False,False,original_1000_states
trial05_episode14_task020,0.9999,27,"(7, 8)",26.26995601902287,False,False,False,original_1000_states
trial05_episode14_task060,0.999,27,"(7, 8)",0.0,True,True,True,original_1000_states
trial05_episode14_task100,0.9999,26,"(6, 8)",0.0,True,True,True,original_1000_states
trial05_episode14_task140,0.9999,27,"(7, 8)",21.733747783671284,False,False,False,original_1000_states
trial05_episode14_task147,0.9,27,"(7, 8)",0.0,True,True,True,supplemental_0.9_states
trial05_episode14_task180,0.99,27,"(7, 8)",22.08574163684395,False,False,False,original_1000_states
trial05_episode15_task020,0.9999,27,"(7, 8)",30.837282400933304,False,False,False,original_1000_states
trial05_episode15_task060,0.999,27,"(7, 8)",0.0,True,True,True,original_1000_states
trial05_episode15_task100,0.9999,27,"(7, 8)",59.589739241099885,False,False,False,original_1000_states
trial05_episode15_task140,0.9999,27,"(7, 8)",28.611168556362408,False,False,False,original_1000_states
trial05_episode15_task160,0.9,27,"(7, 8)",0.0,True,True,True,supplemental_0.9_states
trial05_episode15_task180,0.99,27,"(7, 8)",2.3587354734675046,False,False,False,original_1000_states
trial05_episode16_task020,0.9999,27,"(7, 8)",0.0,True,True,True,original_1000_states
trial05_episode16_task060,0.999,27,"(7, 8)",0.0,True,True,True,original_1000_states
trial05_episode16_task100,0.9999,27,"(7, 8)",46.439039936710216,False,False,False,original_1000_states
trial05_episode16_task140,0.9999,27,"(7, 8)",42.302522066301314,False,False,False,original_1000_states
trial05_episode16_task175,0.9,27,"(7, 8)",16.59240588820953,False,False,False,supplemental_0.9_states
trial05_episode16_task180,0.99,27,"(7, 8)",35.859735277412355,False,False,False,original_1000_states
trial05_episode17_task020,0.9999,27,"(7, 8)",13.084632734037925,False,False,False,original_1000_states
trial05_episode17_task060,0.999,27,"(7, 8)",18.90675536063926,False,False,False,original_1000_states
trial05_episode17_task100,0.9999,27,"(7, 8)",63.38025736279819,False,False,False,original_1000_states
trial05_episode17_task140,0.9999,27,"(7, 8)",43.37922324486895,False,False,False,original_1000_states
trial05_episode17_task178,0.9,27,"(7, 8)",0.0,True,True,True,supplemental_0.9_states
trial05_episode17_task180,0.99,27,"(7, 8)",4.720448440625084,False,False,False,original_1000_states
trial05_episode18_task020,0.9999,27,"(7, 8)",38.32488452861466,False,False,False,original_1000_states
trial05_episode18_task060,0.999,27,"(7, 8)",0.0,True,True,True,original_1000_states
trial05_episode18_task100,0.9999,27,"(7, 8)",69.23929255147827,False,False,False,original_1000_states
trial05_episode18_task140,0.9999,27,"(7, 8)",0.0,True,True,True,original_1000_states
trial05_episode18_task180,0.99,27,"(7, 8)",14.735673882712433,False,False,False,original_1000_states
trial05_episode18_task185,0.9,27,"(7, 8)",33.96373514376167,False,False,False,supplemental_0.9_states
trial05_episode19_task020,0.9999,27,"(7, 8)",31.372503867171496,False,False,False,original_1000_states
trial05_episode19_task060,0.999,27,"(7, 8)",15.843969333015757,False,False,False,original_1000_states
trial05_episode19_task100,0.9999,27,"(7, 8)",24.370956490641788,False,False,False,original_1000_states
trial05_episode19_task140,0.9999,27,"(7, 8)",0.0,True,True,True,original_1000_states
trial05_episode19_task180,0.99,27,"(7, 8)",22.66442736562362,False,False,False,original_1000_states
trial05_episode19_task189,0.9,27,"(7, 8)",0.0,True,True,True,supplemental_0.9_states
trial05_episode20_task020,0.9999,27,"(7, 8)",0.0,True,True,True,original_1000_states
trial05_episode20_task060,0.999,27,"(7, 8)",24.01186189906445,False,False,False,original_1000_states
trial05_episode20_task100,0.9999,27,"(7, 8)",0.0,True,True,True,original_1000_states
trial05_episode20_task140,0.9999,27,"(7, 8)",0.0,True,True,True,original_1000_states
trial05_episode20_task180,0.99,27,"(7, 8)",24.102349258725926,False,False,False,original_1000_states
trial05_episode20_task199,0.9,27,"(7, 8)",0.0,True,True,True,supplemental_0.9_states
trial06_episode01_task004,0.9,27,"(7, 8)",0.0,True,True,True,supplemental_0.9_states
trial06_episode01_task020,0.9999,27,"(7, 8)",9.235083092096588,False,False,False,original_1000_states
trial06_episode01_task060,0.999,27,"(7, 8)",43.91174768101094,False,False,False,original_1000_states
trial06_episode01_task100,0.9999,27,"(7, 8)",22.88414325933592,False,False,False,original_1000_states
trial06_episode01_task140,0.9999,27,"(7, 8)",18.300946516810754,False,False,False,original_1000_states
trial06_episode01_task180,0.99,27,"(7, 8)",14.391246401871093,False,False,False,original_1000_states
trial06_episode02_task014,0.9,27,"(7, 8)",5.283856318468494,False,False,False,supplemental_0.9_states
trial06_episode02_task020,0.9999,27,"(7, 8)",45.94471922325586,False,False,False,original_1000_states
trial06_episode02_task060,0.999,27,"(7, 8)",0.0,True,True,True,original_1000_states
trial06_episode02_task100,0.9999,27,"(7, 8)",75.2072660110981,False,False,False,original_1000_states
trial06_episode02_task140,0.9999,27,"(7, 8)",44.291969363781114,False,False,False,original_1000_states
trial06_episode02_task180,0.99,27,"(7, 8)",25.46314733659462,False,False,False,original_1000_states
trial06_episode03_task019,0.9,27,"(7, 8)",0.28283283347715127,False,False,False,supplemental_0.9_states
trial06_episode03_task020,0.9999,27,"(7, 8)",39.614411168241745,False,False,False,original_1000_states
trial06_episode03_task060,0.999,27,"(7, 8)",0.0,True,True,True,original_1000_states
trial06_episode03_task100,0.9999,27,"(7, 8)",52.83846117841167,False,False,False,original_1000_states
trial06_episode03_task140,0.9999,27,"(7, 8)",0.0,True,True,True,original_1000_states
trial06_episode03_task180,0.99,27,"(7, 8)",27.201151648724476,False,False,False,original_1000_states
trial06_episode04_task020,0.9999,27,"(7, 8)",41.751850972725336,False,False,False,original_1000_states
trial06_episode04_task024,0.9,27,"(7, 8)",0.0,True,True,True,supplemental_0.9_states
trial06_episode04_task060,0.999,27,"(7, 8)",47.786776037028574,False,False,False,original_1000_states
trial06_episode04_task100,0.9999,27,"(7, 8)",72.71279407238994,False,False,False,original_1000_states
trial06_episode04_task140,0.9999,27,"(7, 8)",40.84640837334297,False,False,False,original_1000_states
trial06_episode04_task180,0.99,27,"(7, 8)",28.856268884988097,False,False,False,original_1000_states
trial06_episode05_task020,0.9999,27,"(7, 8)",91.62217832729897,False,False,False,original_1000_states
trial06_episode05_task040,0.9,27,"(7, 8)",0.0,True,True,True,supplemental_0.9_states
trial06_episode05_task060,0.999,27,"(7, 8)",0.0,True,True,True,original_1000_states
trial06_episode05_task100,0.9999,27,"(7, 8)",0.0,True,True,True,original_1000_states
trial06_episode05_task140,0.9999,27,"(7, 8)",7.2518066058610655,False,False,False,original_1000_states
trial06_episode05_task180,0.99,27,"(7, 8)",28.792105120460203,False,False,False,original_1000_states
trial06_episode06_task020,0.9999,27,"(7, 8)",32.68500923008875,False,False,False,original_1000_states
trial06_episode06_task049,0.9,27,"(7, 8)",0.9420795270877207,False,False,False,supplemental_0.9_states
trial06_episode06_task060,0.999,27,"(7, 8)",9.756021762794866,False,False,False,original_1000_states
trial06_episode06_task100,0.9999,27,"(7, 8)",50.875130546618415,False,False,False,original_1000_states
trial06_episode06_task140,0.9999,27,"(7, 8)",37.404836485968445,False,False,False,original_1000_states
trial06_episode06_task180,0.99,27,"(7, 8)",39.644745185270914,False,False,False,original_1000_states
trial06_episode07_task020,0.9999,27,"(7, 8)",0.0,True,True,True,original_1000_states
trial06_episode07_task059,0.9,27,"(7, 8)",3.9965537642405806,False,False,False,supplemental_0.9_states
trial06_episode07_task060,0.999,27,"(7, 8)",0.0,True,True,True,original_1000_states
trial06_episode07_task100,0.9999,27,"(7, 8)",19.98569057473388,False,False,False,original_1000_states
trial06_episode07_task140,0.9999,27,"(7, 8)",2.4628667988132165,False,False,False,original_1000_states
trial06_episode07_task180,0.99,27,"(7, 8)",13.308044799615864,False,False,False,original_1000_states
trial06_episode08_task020,0.9999,27,"(7, 8)",36.57668182875908,False,False,False,original_1000_states
trial06_episode08_task060,0.999,27,"(7, 8)",16.333110041046567,False,False,False,original_1000_states
trial06_episode08_task084,0.9,27,"(7, 8)",5.49263160615746,False,False,False,supplemental_0.9_states
trial06_episode08_task100,0.9999,27,"(7, 8)",38.23945052342583,False,False,False,original_1000_states
trial06_episode08_task140,0.9999,27,"(7, 8)",0.0,True,True,True,original_1000_states
trial06_episode08_task180,0.99,27,"(7, 8)",6.92125601044831,False,False,False,original_1000_states
trial06_episode09_task020,0.9999,27,"(7, 8)",36.439797362259746,False,False,False,original_1000_states
trial06_episode09_task060,0.999,27,"(7, 8)",7.602942351983465,False,False,False,original_1000_states
trial06_episode09_task099,0.9,27,"(7, 8)",0.0,True,True,True,supplemental_0.9_states
trial06_episode09_task100,0.9999,27,"(7, 8)",48.003163084547495,False,False,False,original_1000_states
trial06_episode09_task140,0.9999,27,"(7, 8)",0.0,True,True,True,original_1000_states
trial06_episode09_task180,0.99,27,"(7, 8)",17.357681657518185,False,False,False,original_1000_states
trial06_episode10_task020,0.9999,27,"(7, 8)",8.211215094728594,False,False,False,original_1000_states
trial06_episode10_task060,0.999,27,"(7, 8)",44.4456591250656,False,False,False,original_1000_states
trial06_episode10_task100,0.9999,27,"(7, 8)",0.0,True,True,True,original_1000_states
trial06_episode10_task102,0.9,27,"(7, 8)",0.0,True,True,True,supplemental_0.9_states
trial06_episode10_task140,0.9999,27,"(7, 8)",14.408146345376068,False,False,False,original_1000_states
trial06_episode10_task180,0.99,27,"(7, 8)",22.93064993589334,False,False,False,original_1000_states
trial06_episode11_task020,0.9999,27,"(7, 8)",19.599848916643793,False,False,False,original_1000_states
trial06_episode11_task060,0.999,27,"(7, 8)",31.33783029343123,False,False,False,original_1000_states
trial06_episode11_task100,0.9999,27,"(7, 8)",22.170450281753944,False,False,False,original_1000_states
trial06_episode11_task109,0.9,27,"(7, 8)",0.0,True,True,True,supplemental_0.9_states
trial06_episode11_task140,0.9999,27,"(7, 8)",33.53454715046159,False,False,False,original_1000_states
trial06_episode11_task180,0.99,27,"(7, 8)",0.0,True,True,True,original_1000_states
trial06_episode12_task020,0.9999,27,"(7, 8)",36.81804469042944,False,False,False,original_1000_states
trial06_episode12_task060,0.999,27,"(7, 8)",0.0,True,True,True,original_1000_states
trial06_episode12_task100,0.9999,27,"(7, 8)",0.0,True,True,True,original_1000_states
trial06_episode12_task123,0.9,27,"(7, 8)",44.11766147675863,False,False,False,supplemental_0.9_states
trial06_episode12_task140,0.9999,27,"(7, 8)",17.383695154893566,False,False,False,original_1000_states
trial06_episode12_task180,0.99,27,"(7, 8)",21.311240467133658,False,False,False,original_1000_states
trial06_episode13_task020,0.9999,27,"(7, 8)",47.397776362334824,False,False,False,original_1000_states
trial06_episode13_task060,0.999,27,"(7, 8)",0.0,True,True,True,original_1000_states
trial06_episode13_task100,0.9999,27,"(7, 8)",0.0,True,True,True,original_1000_states
trial06_episode13_task134,0.9,27,"(7, 8)",0.0,True,True,True,supplemental_0.9_states
trial06_episode13_task140,0.9999,27,"(7, 8)",45.34109819829796,False,False,False,original_1000_states
trial06_episode13_task180,0.99,27,"(7, 8)",25.806343120295764,False,False,False,original_1000_states
trial06_episode14_task020,0.9999,27,"(7, 8)",40.08891304380154,False,False,False,original_1000_states
trial06_episode14_task060,0.999,27,"(7, 8)",17.604088727329568,False,False,False,original_1000_states
trial06_episode14_task100,0.9999,27,"(7, 8)",61.94466961240494,False,False,False,original_1000_states
trial06_episode14_task140,0.9999,27,"(7, 8)",0.0,True,True,True,original_1000_states
trial06_episode14_task147,0.9,27,"(7, 8)",107.78956511700757,False,False,False,supplemental_0.9_states
trial06_episode14_task180,0.99,27,"(7, 8)",0.0,True,True,True,original_1000_states
trial06_episode15_task020,0.9999,27,"(7, 8)",42.6882085560176,False,False,False,original_1000_states
trial06_episode15_task060,0.999,27,"(7, 8)",5.4945679838818435,False,False,False,original_1000_states
trial06_episode15_task100,0.9999,27,"(7, 8)",0.0,True,True,True,original_1000_states
trial06_episode15_task140,0.9999,27,"(7, 8)",18.99987838268453,False,False,False,original_1000_states
trial06_episode15_task160,0.9,27,"(7, 8)",0.4828293867767357,False,False,False,supplemental_0.9_states
trial06_episode15_task180,0.99,27,"(7, 8)",6.68793977152378,False,False,False,original_1000_states
trial06_episode16_task020,0.9999,27,"(7, 8)",28.284209144290735,False,False,False,original_1000_states
trial06_episode16_task060,0.999,27,"(7, 8)",45.13029188724094,False,False,False,original_1000_states
trial06_episode16_task100,0.9999,27,"(7, 8)",61.97834468357074,False,False,False,original_1000_states
trial06_episode16_task140,0.9999,27,"(7, 8)",8.928147453850094,False,False,False,original_1000_states
trial06_episode16_task175,0.9,27,"(7, 8)",1.7491691317415032,False,False,False,supplemental_0.9_states
trial06_episode16_task180,0.99,27,"(7, 8)",0.0,True,True,True,original_1000_states
trial06_episode17_task020,0.9999,27,"(7, 8)",33.969321050806876,False,False,False,original_1000_states
trial06_episode17_task060,0.999,27,"(7, 8)",21.250454649087665,False,False,False,original_1000_states
trial06_episode17_task100,0.9999,27,"(7, 8)",51.71704099256333,False,False,False,original_1000_states
trial06_episode17_task140,0.9999,27,"(7, 8)",0.0,True,True,True,original_1000_states
trial06_episode17_task178,0.9,27,"(7, 8)",18.35583991054223,False,False,False,supplemental_0.9_states
trial06_episode17_task180,0.99,27,"(7, 8)",5.586059643233881,False,False,False,original_1000_states
trial06_episode18_task020,0.9999,27,"(7, 8)",21.895468055883946,False,False,False,original_1000_states
trial06_episode18_task060,0.999,27,"(7, 8)",25.27988631027617,False,False,False,original_1000_states
trial06_episode18_task100,0.9999,27,"(7, 8)",0.0,True,True,True,original_1000_states
trial06_episode18_task140,0.9999,27,"(7, 8)",38.35666462954764,False,False,False,original_1000_states
trial06_episode18_task180,0.99,27,"(7, 8)",19.825981837812584,False,False,False,original_1000_states
trial06_episode18_task185,0.9,27,"(7, 8)",0.0,True,True,True,supplemental_0.9_states
trial06_episode19_task020,0.9999,27,"(7, 8)",28.416960130596813,False,False,False,original_1000_states
trial06_episode19_task060,0.999,27,"(7, 8)",0.0,True,True,True,original_1000_states
trial06_episode19_task100,0.9999,27,"(7, 8)",0.0,True,True,True,original_1000_states
trial06_episode19_task140,0.9999,27,"(7, 8)",0.0,True,True,True,original_1000_states
trial06_episode19_task180,0.99,27,"(7, 8)",0.0,True,True,True,original_1000_states
trial06_episode19_task189,0.9,27,"(7, 8)",0.0,True,True,True,supplemental_0.9_states
trial06_episode20_task020,0.9999,27,"(7, 8)",36.866652843452144,False,False,False,original_1000_states
trial06_episode20_task060,0.999,27,"(7, 8)",20.949326636531566,False,False,False,original_1000_states
trial06_episode20_task100,0.9999,27,"(7, 8)",14.961947768513596,False,False,False,original_1000_states
trial06_episode20_task140,0.9999,27,"(7, 8)",0.0,True,True,True,original_1000_states
trial06_episode20_task180,0.99,27,"(7, 8)",19.69473939994736,False,False,False,original_1000_states
trial06_episode20_task199,0.9,27,"(7, 8)",0.0,True,True,True,supplemental_0.9_states
trial07_episode01_task004,0.9,27,"(7, 8)",0.0,True,True,True,supplemental_0.9_states
trial07_episode01_task020,0.9999,26,"(6, 8)",0.0,True,True,True,original_1000_states
trial07_episode01_task060,0.999,27,"(7, 8)",0.0,True,True,True,original_1000_states
trial07_episode01_task100,0.9999,27,"(7, 8)",64.84196110933544,False,False,False,original_1000_states
trial07_episode01_task140,0.9999,27,"(7, 8)",0.0,True,True,True,original_1000_states
trial07_episode01_task180,0.99,27,"(7, 8)",16.27231127572783,False,False,False,original_1000_states
trial07_episode02_task014,0.9,27,"(7, 8)",0.0,True,True,True,supplemental_0.9_states
trial07_episode02_task020,0.9999,26,"(6, 8)",0.0,True,True,True,original_1000_states
trial07_episode02_task060,0.999,27,"(7, 8)",40.26859105244104,False,False,False,original_1000_states
trial07_episode02_task100,0.9999,27,"(7, 8)",0.0,True,True,True,original_1000_states
trial07_episode02_task140,0.9999,27,"(7, 8)",0.0,True,True,True,original_1000_states
trial07_episode02_task180,0.99,27,"(7, 8)",20.03507583886944,False,False,False,original_1000_states
trial07_episode03_task019,0.9,27,"(7, 8)",6.164829357527186,False,False,False,supplemental_0.9_states
trial07_episode03_task020,0.9999,27,"(7, 8)",0.0,True,True,True,original_1000_states
trial07_episode03_task060,0.999,27,"(7, 8)",4.848798156422397,False,False,False,original_1000_states
trial07_episode03_task100,0.9999,26,"(6, 8)",0.0,True,True,True,original_1000_states
trial07_episode03_task140,0.9999,27,"(7, 8)",72.35639875788452,False,False,False,original_1000_states
trial07_episode03_task180,0.99,27,"(7, 8)",26.5817697406784,False,False,False,original_1000_states
trial07_episode04_task020,0.9999,27,"(7, 8)",30.016671096224833,False,False,False,original_1000_states
trial07_episode04_task024,0.9,27,"(7, 8)",0.0,True,True,True,supplemental_0.9_states
trial07_episode04_task060,0.999,27,"(7, 8)",27.205746274209666,False,False,False,original_1000_states
trial07_episode04_task100,0.9999,27,"(7, 8)",50.772421503803365,False,False,False,original_1000_states
trial07_episode04_task140,0.9999,27,"(7, 8)",8.441040181813705,False,False,False,original_1000_states
trial07_episode04_task180,0.99,27,"(7, 8)",7.639999335937958,False,False,False,original_1000_states
trial07_episode05_task020,0.9999,27,"(7, 8)",24.950221086935095,False,False,False,original_1000_states
trial07_episode05_task040,0.9,27,"(7, 8)",0.0,True,True,True,supplemental_0.9_states
trial07_episode05_task060,0.999,27,"(7, 8)",19.241562316466364,False,False,False,original_1000_states
trial07_episode05_task100,0.9999,27,"(7, 8)",41.62628961922757,False,False,False,original_1000_states
trial07_episode05_task140,0.9999,27,"(7, 8)",0.0,True,True,True,original_1000_states
trial07_episode05_task180,0.99,27,"(7, 8)",15.022605029273556,False,False,False,original_1000_states
trial07_episode06_task020,0.9999,27,"(7, 8)",0.0,True,True,True,original_1000_states
trial07_episode06_task049,0.9,27,"(7, 8)",0.0,True,True,True,supplemental_0.9_states
trial07_episode06_task060,0.999,27,"(7, 8)",28.156898917803865,False,False,False,original_1000_states
trial07_episode06_task100,0.9999,27,"(7, 8)",34.85906769360912,False,False,False,original_1000_states
trial07_episode06_task140,0.9999,27,"(7, 8)",27.47496495272189,False,False,False,original_1000_states
trial07_episode06_task180,0.99,27,"(7, 8)",4.161651475634869,False,False,False,original_1000_states
trial07_episode07_task020,0.9999,27,"(7, 8)",50.246257309294364,False,False,False,original_1000_states
trial07_episode07_task059,0.9,27,"(7, 8)",1.4595505572072867,False,False,False,supplemental_0.9_states
trial07_episode07_task060,0.999,27,"(7, 8)",0.0,True,True,True,original_1000_states
trial07_episode07_task100,0.9999,27,"(7, 8)",0.0,True,True,True,original_1000_states
trial07_episode07_task140,0.9999,26,"(6, 8)",0.0,True,True,True,original_1000_states
trial07_episode07_task180,0.99,27,"(7, 8)",0.0,True,True,True,original_1000_states
trial07_episode08_task020,0.9999,27,"(7, 8)",48.84579959142198,False,False,False,original_1000_states
trial07_episode08_task060,0.999,27,"(7, 8)",0.0,True,True,True,original_1000_states
trial07_episode08_task084,0.9,27,"(7, 8)",19.42929792885301,False,False,False,supplemental_0.9_states
trial07_episode08_task100,0.9999,27,"(7, 8)",49.93485655000887,False,False,False,original_1000_states
trial07_episode08_task140,0.9999,27,"(7, 8)",12.76380694941573,False,False,False,original_1000_states
trial07_episode08_task180,0.99,27,"(7, 8)",0.0,True,True,True,original_1000_states
trial07_episode09_task020,0.9999,27,"(7, 8)",12.57979612346061,False,False,False,original_1000_states
trial07_episode09_task060,0.999,27,"(7, 8)",0.0,True,True,True,original_1000_states
trial07_episode09_task099,0.9,27,"(7, 8)",0.0,True,True,True,supplemental_0.9_states
trial07_episode09_task100,0.9999,27,"(7, 8)",0.0,True,True,True,original_1000_states
trial07_episode09_task140,0.9999,27,"(7, 8)",29.38380378282937,False,False,False,original_1000_states
trial07_episode09_task180,0.99,27,"(7, 8)",37.292602207567626,False,False,False,original_1000_states
trial07_episode10_task020,0.9999,26,"(6, 8)",0.0,True,True,True,original_1000_states
trial07_episode10_task060,0.999,27,"(7, 8)",45.53536744202279,False,False,False,original_1000_states
trial07_episode10_task100,0.9999,27,"(7, 8)",19.170733142159406,False,False,False,original_1000_states
trial07_episode10_task102,0.9,27,"(7, 8)",0.0,True,True,True,supplemental_0.9_states
trial07_episode10_task140,0.9999,26,"(6, 8)",59.97785029306127,False,False,False,original_1000_states
trial07_episode10_task180,0.99,26,"(6, 8)",0.0,True,True,True,original_1000_states
trial07_episode11_task020,0.9999,27,"(7, 8)",0.0,True,True,True,original_1000_states
trial07_episode11_task060,0.999,27,"(7, 8)",30.598848828491512,False,False,False,original_1000_states
trial07_episode11_task100,0.9999,27,"(7, 8)",54.88312420700713,False,False,False,original_1000_states
trial07_episode11_task109,0.9,27,"(7, 8)",32.67857711719692,False,False,False,supplemental_0.9_states
trial07_episode11_task140,0.9999,27,"(7, 8)",0.0,True,True,True,original_1000_states
trial07_episode11_task180,0.99,27,"(7, 8)",25.38511177083295,False,False,False,original_1000_states
trial07_episode12_task020,0.9999,27,"(7, 8)",24.298434061492088,False,False,False,original_1000_states
trial07_episode12_task060,0.999,27,"(7, 8)",0.0,True,True,True,original_1000_states
trial07_episode12_task100,0.9999,27,"(7, 8)",1.2837524426001323,False,False,False,original_1000_states
trial07_episode12_task123,0.9,27,"(7, 8)",0.0,True,True,True,supplemental_0.9_states
trial07_episode12_task140,0.9999,27,"(7, 8)",35.30139461645351,False,False,False,original_1000_states
trial07_episode12_task180,0.99,27,"(7, 8)",28.249065205794057,False,False,False,original_1000_states
trial07_episode13_task020,0.9999,27,"(7, 8)",30.09808668373241,False,False,False,original_1000_states
trial07_episode13_task060,0.999,27,"(7, 8)",36.44989189200081,False,False,False,original_1000_states
trial07_episode13_task100,0.9999,27,"(7, 8)",0.0,True,True,True,original_1000_states
trial07_episode13_task134,0.9,27,"(7, 8)",21.140197910866892,False,False,False,supplemental_0.9_states
trial07_episode13_task140,0.9999,26,"(6, 8)",0.0,True,True,True,original_1000_states
trial07_episode13_task180,0.99,27,"(7, 8)",18.49505423579049,False,False,False,original_1000_states
trial07_episode14_task020,0.9999,27,"(7, 8)",9.834169904616772,False,False,False,original_1000_states
trial07_episode14_task060,0.999,27,"(7, 8)",25.71540971066537,False,False,False,original_1000_states
trial07_episode14_task100,0.9999,26,"(6, 8)",0.0,True,True,True,original_1000_states
trial07_episode14_task140,0.9999,27,"(7, 8)",0.0,True,True,True,original_1000_states
trial07_episode14_task147,0.9,27,"(7, 8)",74.08535835530242,False,False,False,supplemental_0.9_states
trial07_episode14_task180,0.99,27,"(7, 8)",27.38421527032365,False,False,False,original_1000_states
trial07_episode15_task020,0.9999,27,"(7, 8)",50.1786972056918,False,False,False,original_1000_states
trial07_episode15_task060,0.999,27,"(7, 8)",21.000993001174997,False,False,False,original_1000_states
trial07_episode15_task100,0.9999,27,"(7, 8)",61.7576615258965,False,False,False,original_1000_states
trial07_episode15_task140,0.9999,27,"(7, 8)",0.0,True,True,True,original_1000_states
trial07_episode15_task160,0.9,27,"(7, 8)",6.877511119693011,False,False,False,supplemental_0.9_states
trial07_episode15_task180,0.99,27,"(7, 8)",0.0,True,True,True,original_1000_states
trial07_episode16_task020,0.9999,27,"(7, 8)",45.00830167961682,False,False,False,original_1000_states
trial07_episode16_task060,0.999,27,"(7, 8)",0.0,True,True,True,original_1000_states
trial07_episode16_task100,0.9999,27,"(7, 8)",68.52036148482887,False,False,False,original_1000_states
trial07_episode16_task140,0.9999,27,"(7, 8)",0.0,True,True,True,original_1000_states
trial07_episode16_task175,0.9,27,"(7, 8)",12.132749276744853,False,False,False,supplemental_0.9_states
trial07_episode16_task180,0.99,27,"(7, 8)",0.0,True,True,True,original_1000_states
trial07_episode17_task020,0.9999,26,"(6, 8)",0.0,True,True,True,original_1000_states
trial07_episode17_task060,0.999,27,"(7, 8)",25.38310263717969,False,False,False,original_1000_states
trial07_episode17_task100,0.9999,27,"(7, 8)",18.409533997504155,False,False,False,original_1000_states
trial07_episode17_task140,0.9999,27,"(7, 8)",24.68331545721317,False,False,False,original_1000_states
trial07_episode17_task178,0.9,27,"(7, 8)",2.36599288360496,False,False,False,supplemental_0.9_states
trial07_episode17_task180,0.99,27,"(7, 8)",27.32342194789485,False,False,False,original_1000_states
trial07_episode18_task020,0.9999,27,"(7, 8)",44.044308675253205,False,False,False,original_1000_states
trial07_episode18_task060,0.999,27,"(7, 8)",41.143776040246905,False,False,False,original_1000_states
trial07_episode18_task100,0.9999,27,"(7, 8)",47.50816271134468,False,False,False,original_1000_states
trial07_episode18_task140,0.9999,27,"(7, 8)",0.0,True,True,True,original_1000_states
trial07_episode18_task180,0.99,27,"(7, 8)",0.0,True,True,True,original_1000_states
trial07_episode18_task185,0.9,27,"(7, 8)",25.728103800080177,False,False,False,supplemental_0.9_states
trial07_episode19_task020,0.9999,27,"(7, 8)",39.04457754953634,False,False,False,original_1000_states
trial07_episode19_task060,0.999,27,"(7, 8)",27.863927693388874,False,False,False,original_1000_states
trial07_episode19_task100,0.9999,27,"(7, 8)",48.03282405487199,False,False,False,original_1000_states
trial07_episode19_task140,0.9999,27,"(7, 8)",17.682996549000578,False,False,False,original_1000_states
trial07_episode19_task180,0.99,27,"(7, 8)",21.513897395544706,False,False,False,original_1000_states
trial07_episode19_task189,0.9,27,"(7, 8)",34.984112192220906,False,False,False,supplemental_0.9_states
trial07_episode20_task020,0.9999,27,"(7, 8)",24.173113721164498,False,False,False,original_1000_states
trial07_episode20_task060,0.999,27,"(7, 8)",23.845976136166108,False,False,False,original_1000_states
trial07_episode20_task100,0.9999,26,"(6, 8)",0.0,True,True,True,original_1000_states
trial07_episode20_task140,0.9999,27,"(7, 8)",0.0,True,True,True,original_1000_states
trial07_episode20_task180,0.99,27,"(7, 8)",20.86540913335684,False,False,False,original_1000_states
trial07_episode20_task199,0.9,27,"(7, 8)",0.0,True,True,True,supplemental_0.9_states
trial08_episode01_task004,0.9,27,"(7, 8)",0.0,True,True,True,supplemental_0.9_states
trial08_episode01_task020,0.9999,27,"(7, 8)",25.685210026889585,False,False,False,original_1000_states
trial08_episode01_task060,0.999,26,"(6, 8)",0.0,True,True,True,original_1000_states
trial08_episode01_task100,0.9999,27,"(7, 8)",60.302700763872636,False,False,False,original_1000_states
trial08_episode01_task140,0.9999,27,"(7, 8)",53.50558090725499,False,False,False,original_1000_states
trial08_episode01_task180,0.99,27,"(7, 8)",0.0,True,True,True,original_1000_states
trial08_episode02_task014,0.9,27,"(7, 8)",64.01463978356895,False,False,False,supplemental_0.9_states
trial08_episode02_task020,0.9999,27,"(7, 8)",30.52161406413429,False,False,False,original_1000_states
trial08_episode02_task060,0.999,27,"(7, 8)",29.381737258537626,False,False,False,original_1000_states
trial08_episode02_task100,0.9999,27,"(7, 8)",70.35259018123921,False,False,False,original_1000_states
trial08_episode02_task140,0.9999,27,"(7, 8)",19.070754728386333,False,False,False,original_1000_states
trial08_episode02_task180,0.99,27,"(7, 8)",34.67692888831369,False,False,False,original_1000_states
trial08_episode03_task019,0.9,27,"(7, 8)",4.8687045148129116,False,False,False,supplemental_0.9_states
trial08_episode03_task020,0.9999,27,"(7, 8)",34.918472526651456,False,False,False,original_1000_states
trial08_episode03_task060,0.999,27,"(7, 8)",41.36765976667493,False,False,False,original_1000_states
trial08_episode03_task100,0.9999,27,"(7, 8)",46.2909831575219,False,False,False,original_1000_states
trial08_episode03_task140,0.9999,27,"(7, 8)",0.0,True,True,True,original_1000_states
trial08_episode03_task180,0.99,27,"(7, 8)",10.601120874844774,False,False,False,original_1000_states
trial08_episode04_task020,0.9999,27,"(7, 8)",3.7487304955262033,False,False,False,original_1000_states
trial08_episode04_task024,0.9,27,"(7, 8)",3.321787536307845,False,False,False,supplemental_0.9_states
trial08_episode04_task060,0.999,27,"(7, 8)",25.84587107999713,False,False,False,original_1000_states
trial08_episode04_task100,0.9999,27,"(7, 8)",64.64734681569387,False,False,False,original_1000_states
trial08_episode04_task140,0.9999,27,"(7, 8)",24.834102465043898,False,False,False,original_1000_states
trial08_episode04_task180,0.99,27,"(7, 8)",26.669227145684197,False,False,False,original_1000_states
trial08_episode05_task020,0.9999,27,"(7, 8)",29.570180460691347,False,False,False,original_1000_states
trial08_episode05_task040,0.9,27,"(7, 8)",0.0,True,True,True,supplemental_0.9_states
trial08_episode05_task060,0.999,27,"(7, 8)",42.81337192338657,False,False,False,original_1000_states
trial08_episode05_task100,0.9999,27,"(7, 8)",6.232992209205094,False,False,False,original_1000_states
trial08_episode05_task140,0.9999,27,"(7, 8)",67.86249944620613,False,False,False,original_1000_states
trial08_episode05_task180,0.99,27,"(7, 8)",0.0,True,True,True,original_1000_states
trial08_episode06_task020,0.9999,27,"(7, 8)",0.0,True,True,True,original_1000_states
trial08_episode06_task049,0.9,27,"(7, 8)",33.67716995898258,False,False,False,supplemental_0.9_states
trial08_episode06_task060,0.999,27,"(7, 8)",0.0,True,True,True,original_1000_states
trial08_episode06_task100,0.9999,27,"(7, 8)",68.37951849775592,False,False,False,original_1000_states
trial08_episode06_task140,0.9999,27,"(7, 8)",0.0,True,True,True,original_1000_states
trial08_episode06_task180,0.99,27,"(7, 8)",0.0,True,True,True,original_1000_states
trial08_episode07_task020,0.9999,27,"(7, 8)",43.76662165655098,False,False,False,original_1000_states
trial08_episode07_task059,0.9,27,"(7, 8)",19.261443313563454,False,False,False,supplemental_0.9_states
trial08_episode07_task060,0.999,27,"(7, 8)",36.88257738430373,False,False,False,original_1000_states
trial08_episode07_task100,0.9999,27,"(7, 8)",0.0,True,True,True,original_1000_states
trial08_episode07_task140,0.9999,27,"(7, 8)",55.73746362086255,False,False,False,original_1000_states
trial08_episode07_task180,0.99,27,"(7, 8)",0.5067296993781483,False,False,False,original_1000_states
trial08_episode08_task020,0.9999,27,"(7, 8)",44.61477762189394,False,False,False,original_1000_states
trial08_episode08_task060,0.999,27,"(7, 8)",31.396005060618336,False,False,False,original_1000_states
trial08_episode08_task084,0.9,27,"(7, 8)",11.640072853217333,False,False,False,supplemental_0.9_states
trial08_episode08_task100,0.9999,27,"(7, 8)",46.803946912056176,False,False,False,original_1000_states
trial08_episode08_task140,0.9999,27,"(7, 8)",32.505165579841275,False,False,False,original_1000_states
trial08_episode08_task180,0.99,27,"(7, 8)",25.322534605961312,False,False,False,original_1000_states
trial08_episode09_task020,0.9999,27,"(7, 8)",35.34695234429791,False,False,False,original_1000_states
trial08_episode09_task060,0.999,27,"(7, 8)",0.0,True,True,True,original_1000_states
trial08_episode09_task099,0.9,27,"(7, 8)",26.138899951010195,False,False,False,supplemental_0.9_states
trial08_episode09_task100,0.9999,27,"(7, 8)",57.47722956948731,False,False,False,original_1000_states
trial08_episode09_task140,0.9999,27,"(7, 8)",0.0,True,True,True,original_1000_states
trial08_episode09_task180,0.99,27,"(7, 8)",0.0,True,True,True,original_1000_states
trial08_episode10_task020,0.9999,27,"(7, 8)",0.0,True,True,True,original_1000_states
trial08_episode10_task060,0.999,27,"(7, 8)",0.0,True,True,True,original_1000_states
trial08_episode10_task100,0.9999,27,"(7, 8)",63.28992941204853,False,False,False,original_1000_states
trial08_episode10_task102,0.9,27,"(7, 8)",34.12169589570135,False,False,False,supplemental_0.9_states
trial08_episode10_task140,0.9999,27,"(7, 8)",0.0,True,True,True,original_1000_states
trial08_episode10_task180,0.99,27,"(7, 8)",47.614720631382006,False,False,False,original_1000_states
trial08_episode11_task020,0.9999,27,"(7, 8)",34.31429993740585,False,False,False,original_1000_states
trial08_episode11_task060,0.999,27,"(7, 8)",0.0,True,True,True,original_1000_states
trial08_episode11_task100,0.9999,27,"(7, 8)",0.0,True,True,True,original_1000_states
trial08_episode11_task109,0.9,27,"(7, 8)",40.797187938253735,False,False,False,supplemental_0.9_states
trial08_episode11_task140,0.9999,27,"(7, 8)",49.83787433202579,False,False,False,original_1000_states
trial08_episode11_task180,0.99,27,"(7, 8)",0.0,True,True,True,original_1000_states
trial08_episode12_task020,0.9999,27,"(7, 8)",29.640191743426655,False,False,False,original_1000_states
trial08_episode12_task060,0.999,27,"(7, 8)",0.0,True,True,True,original_1000_states
trial08_episode12_task100,0.9999,27,"(7, 8)",64.34561253999249,False,False,False,original_1000_states
trial08_episode12_task123,0.9,27,"(7, 8)",5.353083131039703,False,False,False,supplemental_0.9_states
trial08_episode12_task140,0.9999,27,"(7, 8)",0.0,True,True,True,original_1000_states
trial08_episode12_task180,0.99,27,"(7, 8)",0.0,True,True,True,original_1000_states
trial08_episode13_task020,0.9999,27,"(7, 8)",0.0,True,True,True,original_1000_states
trial08_episode13_task060,0.999,27,"(7, 8)",44.336267913646196,False,False,False,original_1000_states
trial08_episode13_task100,0.9999,27,"(7, 8)",0.0,True,True,True,original_1000_states
trial08_episode13_task134,0.9,26,"(6, 8)",0.0,True,True,True,supplemental_0.9_states
trial08_episode13_task140,0.9999,27,"(7, 8)",20.755684255314,False,False,False,original_1000_states
trial08_episode13_task180,0.99,27,"(7, 8)",32.08087579255249,False,False,False,original_1000_states
trial08_episode14_task020,0.9999,27,"(7, 8)",86.82112896436932,False,False,False,original_1000_states
trial08_episode14_task060,0.999,27,"(7, 8)",30.252808668337984,False,False,False,original_1000_states
trial08_episode14_task100,0.9999,27,"(7, 8)",95.74984452868509,False,False,False,original_1000_states
trial08_episode14_task140,0.9999,27,"(7, 8)",14.238173587066722,False,False,False,original_1000_states
trial08_episode14_task147,0.9,27,"(7, 8)",0.0,True,True,True,supplemental_0.9_states
trial08_episode14_task180,0.99,27,"(7, 8)",0.0,True,True,True,original_1000_states
trial08_episode15_task020,0.9999,27,"(7, 8)",0.0,True,True,True,original_1000_states
trial08_episode15_task060,0.999,27,"(7, 8)",35.34997791046219,False,False,False,original_1000_states
trial08_episode15_task100,0.9999,27,"(7, 8)",61.65585553828947,False,False,False,original_1000_states
trial08_episode15_task140,0.9999,27,"(7, 8)",7.331075366092996,False,False,False,original_1000_states
trial08_episode15_task160,0.9,27,"(7, 8)",19.369906724311484,False,False,False,supplemental_0.9_states
trial08_episode15_task180,0.99,27,"(7, 8)",14.977655905238862,False,False,False,original_1000_states
trial08_episode16_task020,0.9999,27,"(7, 8)",50.56504714746082,False,False,False,original_1000_states
trial08_episode16_task060,0.999,27,"(7, 8)",42.934362827672885,False,False,False,original_1000_states
trial08_episode16_task100,0.9999,27,"(7, 8)",6.380641945218599,False,False,False,original_1000_states
trial08_episode16_task140,0.9999,27,"(7, 8)",28.320024553393687,False,False,False,original_1000_states
trial08_episode16_task175,0.9,27,"(7, 8)",7.67347186804912,False,False,False,supplemental_0.9_states
trial08_episode16_task180,0.99,27,"(7, 8)",9.971775767332545,False,False,False,original_1000_states
trial08_episode17_task020,0.9999,27,"(7, 8)",47.098379096391895,False,False,False,original_1000_states
trial08_episode17_task060,0.999,27,"(7, 8)",0.0,True,True,True,original_1000_states
trial08_episode17_task100,0.9999,27,"(7, 8)",0.0,True,True,True,original_1000_states
trial08_episode17_task140,0.9999,27,"(7, 8)",0.0,True,True,True,original_1000_states
trial08_episode17_task178,0.9,27,"(7, 8)",29.466555469407147,False,False,False,supplemental_0.9_states
trial08_episode17_task180,0.99,27,"(7, 8)",24.36800965233267,False,False,False,original_1000_states
trial08_episode18_task020,0.9999,27,"(7, 8)",16.39991536772976,False,False,False,original_1000_states
trial08_episode18_task060,0.999,27,"(7, 8)",10.718538485512582,False,False,False,original_1000_states
trial08_episode18_task100,0.9999,27,"(7, 8)",68.36189152807864,False,False,False,original_1000_states
trial08_episode18_task140,0.9999,27,"(7, 8)",0.979938911924414,False,False,False,original_1000_states
trial08_episode18_task180,0.99,27,"(7, 8)",7.066114361443653,False,False,False,original_1000_states
trial08_episode18_task185,0.9,27,"(7, 8)",21.88017802397995,False,False,False,supplemental_0.9_states
trial08_episode19_task020,0.9999,27,"(7, 8)",0.0,True,True,True,original_1000_states
trial08_episode19_task060,0.999,27,"(7, 8)",22.298791448104815,False,False,False,original_1000_states
trial08_episode19_task100,0.9999,27,"(7, 8)",61.698357848774904,False,False,False,original_1000_states
trial08_episode19_task140,0.9999,26,"(6, 8)",14.35882324581977,False,False,False,original_1000_states
trial08_episode19_task180,0.99,27,"(7, 8)",36.9449849350912,False,False,False,original_1000_states
trial08_episode19_task189,0.9,27,"(7, 8)",34.50548705333331,False,False,False,supplemental_0.9_states
trial08_episode20_task020,0.9999,27,"(7, 8)",2.014774670544961,False,False,False,original_1000_states
trial08_episode20_task060,0.999,27,"(7, 8)",0.0,True,True,True,original_1000_states
trial08_episode20_task100,0.9999,27,"(7, 8)",0.7976483026231298,False,False,False,original_1000_states
trial08_episode20_task140,0.9999,27,"(7, 8)",3.110149439946472,False,False,False,original_1000_states
trial08_episode20_task180,0.99,27,"(7, 8)",0.0,True,True,True,original_1000_states
trial08_episode20_task199,0.9,27,"(7, 8)",39.31337187541912,False,False,False,supplemental_0.9_states
trial09_episode01_task004,0.9,27,"(7, 8)",0.0,True,True,True,supplemental_0.9_states
trial09_episode01_task020,0.9999,27,"(7, 8)",41.39995349748004,False,False,False,original_1000_states
trial09_episode01_task060,0.999,27,"(7, 8)",27.000939839912974,False,False,False,original_1000_states
trial09_episode01_task100,0.9999,27,"(7, 8)",0.0,True,True,True,original_1000_states
trial09_episode01_task140,0.9999,27,"(7, 8)",29.868579166864485,False,False,False,original_1000_states
trial09_episode01_task180,0.99,27,"(7, 8)",3.2026054033072455,False,False,False,original_1000_states
trial09_episode02_task014,0.9,27,"(7, 8)",0.0,True,True,True,supplemental_0.9_states
trial09_episode02_task020,0.9999,27,"(7, 8)",0.0,True,True,True,original_1000_states
trial09_episode02_task060,0.999,27,"(7, 8)",21.14552598282649,False,False,False,original_1000_states
trial09_episode02_task100,0.9999,27,"(7, 8)",0.0,True,True,True,original_1000_states
trial09_episode02_task140,0.9999,27,"(7, 8)",0.0,True,True,True,original_1000_states
trial09_episode02_task180,0.99,27,"(7, 8)",16.558363824154306,False,False,False,original_1000_states
trial09_episode03_task019,0.9,27,"(7, 8)",0.0,True,True,True,supplemental_0.9_states
trial09_episode03_task020,0.9999,27,"(7, 8)",19.630659278311043,False,False,False,original_1000_states
trial09_episode03_task060,0.999,27,"(7, 8)",33.764086118671315,False,False,False,original_1000_states
trial09_episode03_task100,0.9999,27,"(7, 8)",59.33154153441511,False,False,False,original_1000_states
trial09_episode03_task140,0.9999,27,"(7, 8)",0.0,True,True,True,original_1000_states
trial09_episode03_task180,0.99,27,"(7, 8)",0.0,True,True,True,original_1000_states
trial09_episode04_task020,0.9999,27,"(7, 8)",49.03838360322808,False,False,False,original_1000_states
trial09_episode04_task024,0.9,27,"(7, 8)",36.90322014857986,False,False,False,supplemental_0.9_states
trial09_episode04_task060,0.999,27,"(7, 8)",0.0,True,True,True,original_1000_states
trial09_episode04_task100,0.9999,27,"(7, 8)",70.44928085213799,False,False,False,original_1000_states
trial09_episode04_task140,0.9999,27,"(7, 8)",41.11423317326883,False,False,False,original_1000_states
trial09_episode04_task180,0.99,27,"(7, 8)",27.026129577479836,False,False,False,original_1000_states
trial09_episode05_task020,0.9999,27,"(7, 8)",0.0,True,True,True,original_1000_states
trial09_episode05_task040,0.9,27,"(7, 8)",4.302267920005384,False,False,False,supplemental_0.9_states
trial09_episode05_task060,0.999,27,"(7, 8)",35.488255212976966,False,False,False,original_1000_states
trial09_episode05_task100,0.9999,27,"(7, 8)",51.66751443322795,False,False,False,original_1000_states
trial09_episode05_task140,0.9999,27,"(7, 8)",73.43106603894523,False,False,False,original_1000_states
trial09_episode05_task180,0.99,27,"(7, 8)",27.558782847841684,False,False,False,original_1000_states
trial09_episode06_task020,0.9999,27,"(7, 8)",50.61882430043741,False,False,False,original_1000_states
trial09_episode06_task049,0.9,27,"(7, 8)",0.0,True,True,True,supplemental_0.9_states
trial09_episode06_task060,0.999,27,"(7, 8)",0.0,True,True,True,original_1000_states
trial09_episode06_task100,0.9999,27,"(7, 8)",45.12968555961109,False,False,False,original_1000_states
trial09_episode06_task140,0.9999,27,"(7, 8)",0.0,True,True,True,original_1000_states
trial09_episode06_task180,0.99,27,"(7, 8)",16.352604028758044,False,False,False,original_1000_states
trial09_episode07_task020,0.9999,27,"(7, 8)",28.788723074318504,False,False,False,original_1000_states
trial09_episode07_task059,0.9,27,"(7, 8)",13.644071507139124,False,False,False,supplemental_0.9_states
trial09_episode07_task060,0.999,27,"(7, 8)",0.0,True,True,True,original_1000_states
trial09_episode07_task100,0.9999,27,"(7, 8)",38.20402783930155,False,False,False,original_1000_states
trial09_episode07_task140,0.9999,27,"(7, 8)",55.30202587914624,False,False,False,original_1000_states
trial09_episode07_task180,0.99,27,"(7, 8)",40.16663774005198,False,False,False,original_1000_states
trial09_episode08_task020,0.9999,27,"(7, 8)",33.824152208070615,False,False,False,original_1000_states
trial09_episode08_task060,0.999,27,"(7, 8)",16.00481501267248,False,False,False,original_1000_states
trial09_episode08_task084,0.9,27,"(7, 8)",0.0,True,True,True,supplemental_0.9_states
trial09_episode08_task100,0.9999,27,"(7, 8)",0.0,True,True,True,original_1000_states
trial09_episode08_task140,0.9999,27,"(7, 8)",28.517401975188015,False,False,False,original_1000_states
trial09_episode08_task180,0.99,27,"(7, 8)",17.254151320908,False,False,False,original_1000_states
trial09_episode09_task020,0.9999,27,"(7, 8)",0.0,True,True,True,original_1000_states
trial09_episode09_task060,0.999,27,"(7, 8)",23.304089787412813,False,False,False,original_1000_states
trial09_episode09_task099,0.9,27,"(7, 8)",6.908997458168727,False,False,False,supplemental_0.9_states
trial09_episode09_task100,0.9999,27,"(7, 8)",0.0,True,True,True,original_1000_states
trial09_episode09_task140,0.9999,27,"(7, 8)",0.38257935094996043,False,False,False,original_1000_states
trial09_episode09_task180,0.99,27,"(7, 8)",27.095905110639773,False,False,False,original_1000_states
trial09_episode10_task020,0.9999,27,"(7, 8)",30.060076484269658,False,False,False,original_1000_states
trial09_episode10_task060,0.999,27,"(7, 8)",28.926566504849397,False,False,False,original_1000_states
trial09_episode10_task100,0.9999,27,"(7, 8)",0.0,True,True,True,original_1000_states
trial09_episode10_task102,0.9,27,"(7, 8)",0.0,True,True,True,supplemental_0.9_states
trial09_episode10_task140,0.9999,27,"(7, 8)",0.0,True,True,True,original_1000_states
trial09_episode10_task180,0.99,27,"(7, 8)",0.0,True,True,True,original_1000_states
trial09_episode11_task020,0.9999,27,"(7, 8)",28.29806815235193,False,False,False,original_1000_states
trial09_episode11_task060,0.999,27,"(7, 8)",31.653289661804237,False,False,False,original_1000_states
trial09_episode11_task100,0.9999,27,"(7, 8)",54.68181393968466,False,False,False,original_1000_states
trial09_episode11_task109,0.9,27,"(7, 8)",45.74378428722588,False,False,False,supplemental_0.9_states
trial09_episode11_task140,0.9999,27,"(7, 8)",29.58940541808109,False,False,False,original_1000_states
trial09_episode11_task180,0.99,27,"(7, 8)",0.0,True,True,True,original_1000_states
trial09_episode12_task020,0.9999,27,"(7, 8)",26.120039957394134,False,False,False,original_1000_states
trial09_episode12_task060,0.999,27,"(7, 8)",10.090700316994507,False,False,False,original_1000_states
trial09_episode12_task100,0.9999,27,"(7, 8)",53.91076658640213,False,False,False,original_1000_states
trial09_episode12_task123,0.9,27,"(7, 8)",9.68472316374676,False,False,False,supplemental_0.9_states
trial09_episode12_task140,0.9999,27,"(7, 8)",0.0,True,True,True,original_1000_states
trial09_episode12_task180,0.99,27,"(7, 8)",0.0,True,True,True,original_1000_states
trial09_episode13_task020,0.9999,27,"(7, 8)",28.135255845012708,False,False,False,original_1000_states
trial09_episode13_task060,0.999,27,"(7, 8)",0.0,True,True,True,original_1000_states
trial09_episode13_task100,0.9999,27,"(7, 8)",69.84262352756616,False,False,False,original_1000_states
trial09_episode13_task134,0.9,27,"(7, 8)",0.8405237769562603,False,False,False,supplemental_0.9_states
trial09_episode13_task140,0.9999,27,"(7, 8)",9.436032569780686,False,False,False,original_1000_states
trial09_episode13_task180,0.99,27,"(7, 8)",0.0,True,True,True,original_1000_states
trial09_episode14_task020,0.9999,27,"(7, 8)",48.1605044258538,False,False,False,original_1000_states
trial09_episode14_task060,0.999,27,"(7, 8)",28.712958284740736,False,False,False,original_1000_states
trial09_episode14_task100,0.9999,27,"(7, 8)",35.19784182945026,False,False,False,original_1000_states
trial09_episode14_task140,0.9999,27,"(7, 8)",0.0,True,True,True,original_1000_states
trial09_episode14_task147,0.9,27,"(7, 8)",71.99008891446951,False,False,False,supplemental_0.9_states
trial09_episode14_task180,0.99,27,"(7, 8)",34.04313279449886,False,False,False,original_1000_states
trial09_episode15_task020,0.9999,27,"(7, 8)",0.0,True,True,True,original_1000_states
trial09_episode15_task060,0.999,27,"(7, 8)",14.6695281278936,False,False,False,original_1000_states
trial09_episode15_task100,0.9999,27,"(7, 8)",81.14192606002673,False,False,False,original_1000_states
trial09_episode15_task140,0.9999,27,"(7, 8)",20.126976372477777,False,False,False,original_1000_states
trial09_episode15_task160,0.9,27,"(7, 8)",41.11513924311991,False,False,False,supplemental_0.9_states
trial09_episode15_task180,0.99,27,"(7, 8)",13.483120841946395,False,False,False,original_1000_states
trial09_episode16_task020,0.9999,27,"(7, 8)",0.0,True,True,True,original_1000_states
trial09_episode16_task060,0.999,27,"(7, 8)",27.09379806606647,False,False,False,original_1000_states
trial09_episode16_task100,0.9999,27,"(7, 8)",65.197181921404,False,False,False,original_1000_states
trial09_episode16_task140,0.9999,27,"(7, 8)",0.0,True,True,True,original_1000_states
trial09_episode16_task175,0.9,27,"(7, 8)",24.18313525534088,False,False,False,supplemental_0.9_states
trial09_episode16_task180,0.99,27,"(7, 8)",0.0,True,True,True,original_1000_states
trial09_episode17_task020,0.9999,27,"(7, 8)",29.47823922777357,False,False,False,original_1000_states
trial09_episode17_task060,0.999,27,"(7, 8)",46.40394564289934,False,False,False,original_1000_states
trial09_episode17_task100,0.9999,27,"(7, 8)",38.13692717496476,False,False,False,original_1000_states
trial09_episode17_task140,0.9999,27,"(7, 8)",32.33489805939427,False,False,False,original_1000_states
trial09_episode17_task178,0.9,27,"(7, 8)",0.0,True,True,True,supplemental_0.9_states
trial09_episode17_task180,0.99,27,"(7, 8)",20.878200979769005,False,False,False,original_1000_states
trial09_episode18_task020,0.9999,27,"(7, 8)",43.83300548394858,False,False,False,original_1000_states
trial09_episode18_task060,0.999,27,"(7, 8)",0.0,True,True,True,original_1000_states
trial09_episode18_task100,0.9999,27,"(7, 8)",8.892463414106672,False,False,False,original_1000_states
trial09_episode18_task140,0.9999,27,"(7, 8)",73.15991887482728,False,False,False,original_1000_states
trial09_episode18_task180,0.99,27,"(7, 8)",0.0,True,True,True,original_1000_states
trial09_episode18_task185,0.9,27,"(7, 8)",10.801942076969858,False,False,False,supplemental_0.9_states
trial09_episode19_task020,0.9999,27,"(7, 8)",4.133290478051563,False,False,False,original_1000_states
trial09_episode19_task060,0.999,27,"(7, 8)",0.0,True,True,True,original_1000_states
trial09_episode19_task100,0.9999,27,"(7, 8)",17.375674790573683,False,False,False,original_1000_states
trial09_episode19_task140,0.9999,27,"(7, 8)",37.670745534606,False,False,False,original_1000_states
trial09_episode19_task180,0.99,27,"(7, 8)",3.0923967359894178,False,False,False,original_1000_states
trial09_episode19_task189,0.9,27,"(7, 8)",0.0,True,True,True,supplemental_0.9_states
trial09_episode20_task020,0.9999,27,"(7, 8)",0.0,True,True,True,original_1000_states
trial09_episode20_task060,0.999,27,"(7, 8)",0.0,True,True,True,original_1000_states
trial09_episode20_task100,0.9999,27,"(7, 8)",69.25336776242786,False,False,False,original_1000_states
trial09_episode20_task140,0.9999,27,"(7, 8)",49.24702996960156,False,False,False,original_1000_states
trial09_episode20_task180,0.99,27,"(7, 8)",19.3820294470531,False,False,False,original_1000_states
trial09_episode20_task199,0.9,27,"(7, 8)",27.11013026899022,False,False,False,supplemental_0.9_states
