state_id,trial_id,requirement,load_tertile,safe_set_size,effective_set_size,coupling_group,q_spread,q_std_safe,q_predicted_action,actor_predicted_action,horizon,q_spearman,q_kendall,q_top1_hit,q_top3_hit,q_top5_hit,q_regret,q_optimal_set_size,actor_spearman,actor_kendall,actor_top1_hit,actor_top3_hit,actor_top5_hit,actor_regret,random_top1_hit,random_top3_hit,random_top5_hit,actor_probability_spearman
trial_000_ep1_task001,0,0.99,low,28,28,easy,0.00453948974609375,0.0012782918056473136,5,27,5,0.46532603890137536,0.3530258444025768,True,True,True,0.0,7,0.5898986415221179,0.4528801139893222,True,True,True,0.0,0.25,0.594017094017094,0.7929487179487179,0.9999999999999998
trial_000_ep1_task001,0,0.99,low,28,28,easy,0.00453948974609375,0.0012782918056473136,5,27,10,0.46532603890137536,0.3530258444025768,True,True,True,0.0,7,0.5898986415221179,0.4528801139893222,True,True,True,0.0,0.25,0.594017094017094,0.7929487179487179,0.9999999999999998
trial_000_ep1_task001,0,0.99,low,28,28,easy,0.00453948974609375,0.0012782918056473136,5,27,20,0.46532603890137536,0.3530258444025768,True,True,True,0.0,7,0.5898986415221179,0.4528801139893222,True,True,True,0.0,0.25,0.594017094017094,0.7929487179487179,0.9999999999999998
trial_000_ep1_task001,0,0.99,low,28,28,easy,0.00453948974609375,0.0012782918056473136,5,27,50,0.46532603890137536,0.3530258444025768,True,True,True,0.0,7,0.5898986415221179,0.4528801139893222,True,True,True,0.0,0.25,0.594017094017094,0.7929487179487179,0.9999999999999998
trial_000_ep1_task002,0,0.99,low,24,24,easy,0.01094818115234375,0.003019915195181966,5,27,5,-0.02807125545535065,0.007583595919888168,False,False,True,33.92468391064199,4,-0.2469393253337877,-0.1668391102375397,False,False,False,66.14021296612145,0.16666666666666663,0.43675889328063233,0.6352343308865047,0.9999999999999999
trial_000_ep1_task002,0,0.99,low,24,24,easy,0.01094818115234375,0.003019915195181966,5,27,10,-0.02807125545535065,0.007583595919888168,False,False,True,33.788592955503816,4,-0.2469393253337877,-0.1668391102375397,False,False,False,68.74394856574827,0.16666666666666663,0.43675889328063233,0.6352343308865047,0.9999999999999999
trial_000_ep1_task002,0,0.99,low,24,24,easy,0.01094818115234375,0.003019915195181966,5,27,20,-0.02807125545535065,0.007583595919888168,False,False,True,33.78859295550399,4,-0.2469393253337877,-0.1668391102375397,False,False,False,68.74394856574838,0.16666666666666663,0.43675889328063233,0.6352343308865047,0.9999999999999999
trial_000_ep1_task002,0,0.99,low,24,24,easy,0.01094818115234375,0.003019915195181966,5,27,50,-0.02807125545535065,0.007583595919888168,False,False,True,33.78859295550399,4,-0.2469393253337877,-0.1668391102375397,False,False,False,68.74394856574838,0.16666666666666663,0.43675889328063233,0.6352343308865047,0.9999999999999999
trial_000_ep1_task009,0,0.9,high,28,28,coupled,0.00731658935546875,0.0017622975865378976,5,27,5,-0.27760952313878556,-0.21650049434211036,False,False,True,32.929611267254444,5,-0.175069068646081,-0.10825024717105518,False,False,False,27.421156959821474,0.1785714285714286,0.45940170940170943,0.6576210826210827,0.9999999999999998
trial_000_ep1_task009,0,0.9,high,28,28,coupled,0.00731658935546875,0.0017622975865378976,5,27,10,-0.16701299675624107,-0.1228435723168182,False,False,True,16.865616789346632,4,-0.36401679523641994,-0.23749757314584852,False,False,False,17.836638167488672,0.1428571428571429,0.38217338217338226,0.5675213675213676,0.9999999999999998
trial_000_ep1_task009,0,0.9,high,28,28,coupled,0.00731658935546875,0.0017622975865378976,5,27,20,-0.16701299675624107,-0.1228435723168182,False,False,True,16.865616789346632,4,-0.36401679523641994,-0.23749757314584852,False,False,False,17.836638167488672,0.1428571428571429,0.38217338217338226,0.5675213675213676,0.9999999999999998
trial_000_ep1_task009,0,0.9,high,28,28,coupled,0.00731658935546875,0.0017622975865378976,5,27,50,-0.16701299675624107,-0.1228435723168182,False,False,True,16.865616789346632,4,-0.36401679523641994,-0.23749757314584852,False,False,False,17.836638167488672,0.1428571428571429,0.38217338217338226,0.5675213675213676,0.9999999999999998
trial_000_ep1_task010,0,0.999,high,16,16,coupled,0.00201416015625,0.0006169189582578838,5,27,5,0.1477119377281013,0.08549819600709618,False,True,True,34.475007482532135,2,-0.3559857699247241,-0.2051956704170308,False,False,False,26.561916578708548,0.125,0.3500000000000001,0.5416666666666667,1.0
trial_000_ep1_task010,0,0.999,high,16,16,coupled,0.00201416015625,0.0006169189582578838,5,27,10,0.16543737025547342,0.1025978352085154,False,True,True,34.47500748253219,2,-0.3648484861884101,-0.22229530961845007,False,False,False,33.74489684432132,0.125,0.3500000000000001,0.5416666666666667,1.0
trial_000_ep1_task010,0,0.999,high,16,16,coupled,0.00201416015625,0.0006169189582578838,5,27,20,0.16543737025547342,0.1025978352085154,False,True,True,34.475007482532305,2,-0.3648484861884101,-0.22229530961845007,False,False,False,33.74489684432149,0.125,0.3500000000000001,0.5416666666666667,1.0
trial_000_ep1_task010,0,0.999,high,16,16,coupled,0.00201416015625,0.0006169189582578838,5,27,50,0.16543737025547342,0.1025978352085154,False,True,True,34.475007482532305,2,-0.3648484861884101,-0.22229530961845007,False,False,False,33.74489684432149,0.125,0.3500000000000001,0.5416666666666667,1.0
trial_000_ep1_task011,0,0.9999,high,0,1,easy,0.0,0.0,25,25,5,,,True,True,True,0.0,1,,,True,True,True,0.0,1.0,1.0,1.0,
trial_000_ep1_task011,0,0.9999,high,0,1,easy,0.0,0.0,25,25,10,,,True,True,True,0.0,1,,,True,True,True,0.0,1.0,1.0,1.0,
trial_000_ep1_task011,0,0.9999,high,0,1,easy,0.0,0.0,25,25,20,,,True,True,True,0.0,1,,,True,True,True,0.0,1.0,1.0,1.0,
trial_000_ep1_task011,0,0.9999,high,0,1,easy,0.0,0.0,25,25,50,,,True,True,True,0.0,1,,,True,True,True,0.0,1.0,1.0,1.0,
trial_000_ep1_task014,0,0.9,high,28,28,easy,0.023792266845703125,0.006581045687198639,5,27,5,-0.42613074670861206,-0.30383096254979847,False,False,True,13.88209706789877,7,-0.22169939501964395,-0.14331649176877287,False,False,False,11.627669871278556,0.25,0.594017094017094,0.7929487179487179,0.9999999999999998
trial_000_ep1_task014,0,0.9,high,28,28,easy,0.023792266845703125,0.006581045687198639,5,27,10,-0.42613074670861206,-0.30383096254979847,False,False,True,13.882097067898712,7,-0.22169939501964395,-0.14331649176877287,False,False,False,11.6276698712785,0.25,0.594017094017094,0.7929487179487179,0.9999999999999998
trial_000_ep1_task014,0,0.9,high,28,28,easy,0.023792266845703125,0.006581045687198639,5,27,20,-0.42613074670861206,-0.30383096254979847,False,False,True,13.882097067898712,7,-0.22169939501964395,-0.14331649176877287,False,False,False,11.6276698712785,0.25,0.594017094017094,0.7929487179487179,0.9999999999999998
trial_000_ep1_task014,0,0.9,high,28,28,easy,0.023792266845703125,0.006581045687198639,5,27,50,-0.42613074670861206,-0.30383096254979847,False,False,True,13.882097067898712,7,-0.22169939501964395,-0.14331649176877287,False,False,False,11.627669871278613,0.25,0.594017094017094,0.7929487179487179,0.9999999999999998
trial_000_ep1_task015,0,0.999,high,24,24,easy,0.01181793212890625,0.003035415429621935,5,27,5,-0.3912199003214789,-0.2875223158740967,False,False,True,15.123948679647299,5,-0.11511656593450506,-0.03885436701001307,False,False,False,10.082155196636734,0.20833333333333337,0.5212450592885376,0.7264257481648786,0.9999999999999999
trial_000_ep1_task015,0,0.999,high,24,24,easy,0.01181793212890625,0.003035415429621935,5,27,10,-0.3912199003214789,-0.2875223158740967,False,False,True,15.123948679647299,5,-0.11511656593450506,-0.03885436701001307,False,False,False,10.082155196636734,0.20833333333333337,0.5212450592885376,0.7264257481648786,0.9999999999999999
trial_000_ep1_task015,0,0.999,high,24,24,easy,0.01181793212890625,0.003035415429621935,5,27,20,-0.3912199003214789,-0.2875223158740967,False,False,True,15.123948679647242,5,-0.11511656593450506,-0.03885436701001307,False,False,False,10.082155196636677,0.20833333333333337,0.5212450592885376,0.7264257481648786,0.9999999999999999
trial_000_ep1_task015,0,0.999,high,24,24,easy,0.01181793212890625,0.003035415429621935,5,27,50,-0.3912199003214789,-0.2875223158740967,False,False,True,15.123948679647242,5,-0.11511656593450506,-0.03885436701001307,False,False,False,10.082155196636677,0.20833333333333337,0.5212450592885376,0.7264257481648786,0.9999999999999999
trial_000_ep1_task016,0,0.99,low,28,28,easy,0.014904022216796875,0.004276086110621691,5,27,5,0.5581477231399076,0.4242168156355676,True,True,True,0.0,7,0.7486532334331694,0.6076619250995969,True,True,True,0.0,0.25,0.594017094017094,0.7929487179487179,0.9999999999999998
trial_000_ep1_task016,0,0.99,low,28,28,easy,0.014904022216796875,0.004276086110621691,5,27,10,0.5581477231399076,0.4242168156355676,True,True,True,0.0,7,0.7486532334331694,0.6076619250995969,True,True,True,0.0,0.25,0.594017094017094,0.7929487179487179,0.9999999999999998
trial_000_ep1_task016,0,0.99,low,28,28,easy,0.014904022216796875,0.004276086110621691,5,27,20,0.5581477231399076,0.4242168156355676,True,True,True,0.0,7,0.7486532334331694,0.6076619250995969,True,True,True,0.0,0.25,0.594017094017094,0.7929487179487179,0.9999999999999998
trial_000_ep1_task016,0,0.99,low,28,28,easy,0.014904022216796875,0.004276086110621691,5,27,50,0.5581477231399076,0.4242168156355676,True,True,True,0.0,7,0.7486532334331694,0.6076619250995969,True,True,True,0.0,0.25,0.594017094017094,0.7929487179487179,0.9999999999999998
trial_000_ep1_task019,0,0.9,medium,27,27,coupled,0.003009796142578125,0.0008291200501844287,5,27,5,0.3818136929307427,0.26851235873861085,False,False,False,2.233004557892002,5,-0.012346441161867184,0.027152935153342668,False,False,False,12.660282297288347,0.18518518518518523,0.4735042735042735,0.6738015607580825,0.9999999999999999
trial_000_ep1_task019,0,0.9,medium,27,27,coupled,0.003009796142578125,0.0008291200501844287,5,27,10,0.3818136929307427,0.26851235873861085,False,False,False,2.233004557892002,5,-0.012346441161867184,0.027152935153342668,False,False,False,12.66028229728829,0.18518518518518523,0.4735042735042735,0.6738015607580825,0.9999999999999999
trial_000_ep1_task019,0,0.9,medium,27,27,coupled,0.003009796142578125,0.0008291200501844287,5,27,20,0.3818136929307427,0.26851235873861085,False,False,False,2.2330045578919453,5,-0.012346441161867184,0.027152935153342668,False,False,False,12.66028229728829,0.18518518518518523,0.4735042735042735,0.6738015607580825,0.9999999999999999
trial_000_ep1_task019,0,0.9,medium,27,27,coupled,0.003009796142578125,0.0008291200501844287,5,27,50,0.3818136929307427,0.26851235873861085,False,False,False,2.2330045578919453,5,-0.012346441161867184,0.027152935153342668,False,False,False,12.66028229728829,0.18518518518518523,0.4735042735042735,0.6738015607580825,0.9999999999999999
trial_000_ep1_task020,0,0.9999,low,1,1,easy,0.0,0.0,25,25,5,,,True,True,True,0.0,1,,,True,True,True,0.0,1.0,1.0,1.0,
trial_000_ep1_task020,0,0.9999,low,1,1,easy,0.0,0.0,25,25,10,,,True,True,True,0.0,1,,,True,True,True,0.0,1.0,1.0,1.0,
trial_000_ep1_task020,0,0.9999,low,1,1,easy,0.0,0.0,25,25,20,,,True,True,True,0.0,1,,,True,True,True,0.0,1.0,1.0,1.0,
trial_000_ep1_task020,0,0.9999,low,1,1,easy,0.0,0.0,25,25,50,,,True,True,True,0.0,1,,,True,True,True,0.0,1.0,1.0,1.0,
trial_000_ep1_task021,0,0.9,medium,28,28,easy,0.010059356689453125,0.002529449062421918,5,27,5,0.42341889559652907,0.301589183162261,False,False,True,1.9065112091370509,6,0.49047869450645054,0.35232381210544517,True,True,True,0.0,0.2142857142857143,0.5299145299145298,0.732051282051282,0.9999999999999998
trial_000_ep1_task021,0,0.9,medium,28,28,easy,0.010059356689453125,0.002529449062421918,5,27,10,0.42341889559652907,0.301589183162261,False,False,True,1.9065112091370224,6,0.49047869450645054,0.35232381210544517,True,True,True,0.0,0.2142857142857143,0.5299145299145298,0.732051282051282,0.9999999999999998
trial_000_ep1_task021,0,0.9,medium,28,28,easy,0.010059356689453125,0.002529449062421918,5,27,20,0.42341889559652907,0.301589183162261,False,False,True,1.9065112091370224,6,0.49047869450645054,0.35232381210544517,True,True,True,0.0,0.2142857142857143,0.5299145299145298,0.732051282051282,0.9999999999999998
trial_000_ep1_task021,0,0.9,medium,28,28,easy,0.010059356689453125,0.002529449062421918,5,27,50,0.42341889559652907,0.301589183162261,False,False,True,1.9065112091369656,6,0.49047869450645054,0.35232381210544517,True,True,True,0.0,0.2142857142857143,0.5299145299145298,0.732051282051282,0.9999999999999998
trial_000_ep1_task022,0,0.9,medium,28,28,easy,0.00856781005859375,0.0022182476241141558,5,27,5,-0.04929747854080022,-0.09172255473201463,False,False,False,10.774117883937862,7,0.4573246314349941,0.3496922399158057,False,True,True,7.579435171701448,0.25,0.594017094017094,0.7929487179487179,0.9999999999999998
trial_000_ep1_task022,0,0.9,medium,28,28,easy,0.00856781005859375,0.0022182476241141558,5,27,10,-0.04929747854080022,-0.09172255473201463,False,False,False,10.774117883937947,7,0.4573246314349941,0.3496922399158057,False,True,True,7.579435171701448,0.25,0.594017094017094,0.7929487179487179,0.9999999999999998
trial_000_ep1_task022,0,0.9,medium,28,28,easy,0.00856781005859375,0.0022182476241141558,5,27,20,-0.04929747854080022,-0.09172255473201463,False,False,False,10.774117883937947,7,0.4573246314349941,0.3496922399158057,False,True,True,7.579435171701448,0.25,0.594017094017094,0.7929487179487179,0.9999999999999998
trial_000_ep1_task022,0,0.9,medium,28,28,easy,0.00856781005859375,0.0022182476241141558,5,27,50,-0.04929747854080022,-0.09172255473201463,False,False,False,10.774117883937777,7,0.4573246314349941,0.3496922399158057,False,True,True,7.579435171701334,0.25,0.594017094017094,0.7929487179487179,0.9999999999999998
trial_000_ep1_task024,0,0.9,low,28,28,easy,0.01229095458984375,0.0034712711349129677,5,27,5,0.4284007182034058,0.27102037507722776,False,False,True,2.4028215990573187,4,0.08804639038220287,0.07391464774833484,False,False,False,0.4913897605837576,0.1428571428571429,0.38217338217338226,0.5675213675213676,0.9999999999999998
trial_000_ep1_task024,0,0.9,low,28,28,easy,0.01229095458984375,0.0034712711349129677,5,27,10,0.4284007182034058,0.27102037507722776,False,False,True,2.4028215990573187,4,0.08804639038220287,0.07391464774833484,False,False,False,0.4913897605837292,0.1428571428571429,0.38217338217338226,0.5675213675213676,0.9999999999999998
trial_000_ep1_task024,0,0.9,low,28,28,easy,0.01229095458984375,0.0034712711349129677,5,27,20,0.4284007182034058,0.27102037507722776,False,False,True,2.402821599057347,4,0.08804639038220287,0.07391464774833484,False,False,False,0.4913897605837292,0.1428571428571429,0.38217338217338226,0.5675213675213676,0.9999999999999998
trial_000_ep1_task024,0,0.9,low,28,28,easy,0.01229095458984375,0.0034712711349129677,5,27,50,0.4284007182034058,0.27102037507722776,False,False,True,2.402821599057347,4,0.08804639038220287,0.07391464774833484,False,False,False,0.4913897605837292,0.1428571428571429,0.38217338217338226,0.5675213675213676,0.9999999999999998
trial_000_ep1_task028,0,0.9,high,28,28,easy,0.013584136962890625,0.0033986594062298536,5,27,5,-0.15485535632025382,-0.12038585308576918,False,False,True,16.142170993974617,7,0.16014717605062218,0.13758383209802194,True,True,True,0.0,0.25,0.594017094017094,0.7929487179487179,0.9999999999999998
trial_000_ep1_task028,0,0.9,high,28,28,easy,0.013584136962890625,0.0033986594062298536,5,27,10,-0.15485535632025382,-0.12038585308576918,False,False,True,16.142170993974673,7,0.16014717605062218,0.13758383209802194,True,True,True,0.0,0.25,0.594017094017094,0.7929487179487179,0.9999999999999998
trial_000_ep1_task028,0,0.9,high,28,28,easy,0.013584136962890625,0.0033986594062298536,5,27,20,-0.15485535632025382,-0.12038585308576918,False,False,True,16.142170993974673,7,0.16014717605062218,0.13758383209802194,True,True,True,0.0,0.25,0.594017094017094,0.7929487179487179,0.9999999999999998
trial_000_ep1_task028,0,0.9,high,28,28,easy,0.013584136962890625,0.0033986594062298536,5,27,50,-0.15485535632025382,-0.12038585308576918,False,False,True,16.142170993974673,7,0.16014717605062218,0.13758383209802194,True,True,True,0.0,0.25,0.594017094017094,0.7929487179487179,0.9999999999999998
trial_000_ep1_task029,0,0.99,low,16,16,coupled,0.0022125244140625,0.0006078594597056508,5,27,5,-0.2200573004851844,-0.1522773975253762,False,False,False,4.79012770767099,3,-0.06924880085198111,-0.03806934938134405,False,True,True,4.79012770767099,0.1875,0.4892857142857143,0.7053571428571428,1.0
trial_000_ep1_task029,0,0.99,low,16,16,coupled,0.0022125244140625,0.0006078594597056508,5,27,10,-0.2200573004851844,-0.1522773975253762,False,False,False,4.79012770767099,3,-0.06924880085198111,-0.03806934938134405,False,True,True,4.79012770767099,0.1875,0.4892857142857143,0.7053571428571428,1.0
trial_000_ep1_task029,0,0.99,low,16,16,coupled,0.0022125244140625,0.0006078594597056508,5,27,20,-0.2200573004851844,-0.1522773975253762,False,False,False,4.79012770767099,3,-0.06924880085198111,-0.03806934938134405,False,True,True,4.79012770767099,0.1875,0.4892857142857143,0.7053571428571428,1.0
trial_000_ep1_task029,0,0.99,low,16,16,coupled,0.0022125244140625,0.0006078594597056508,5,27,50,-0.2200573004851844,-0.1522773975253762,False,False,False,4.790127707671104,3,-0.06924880085198111,-0.03806934938134405,False,True,True,4.790127707671104,0.1875,0.4892857142857143,0.7053571428571428,1.0
trial_000_ep1_task030,0,0.9999,medium,0,1,easy,0.0,0.0,25,25,5,,,True,True,True,0.0,1,,,True,True,True,0.0,1.0,1.0,1.0,
trial_000_ep1_task030,0,0.9999,medium,0,1,easy,0.0,0.0,25,25,10,,,True,True,True,0.0,1,,,True,True,True,0.0,1.0,1.0,1.0,
trial_000_ep1_task030,0,0.9999,medium,0,1,easy,0.0,0.0,25,25,20,,,True,True,True,0.0,1,,,True,True,True,0.0,1.0,1.0,1.0,
trial_000_ep1_task030,0,0.9999,medium,0,1,easy,0.0,0.0,25,25,50,,,True,True,True,0.0,1,,,True,True,True,0.0,1.0,1.0,1.0,
trial_000_ep1_task031,0,0.999,medium,6,6,easy,0.00089263916015625,0.00026335689472034574,16,27,5,-0.5246313898711126,-0.3892494720807615,False,False,True,4.784296890098489,2,0.6480740698407861,0.5449492609130661,True,True,True,0.0,0.33333333333333337,0.8,1.0,1.0
trial_000_ep1_task031,0,0.999,medium,6,6,easy,0.00089263916015625,0.00026335689472034574,16,27,10,-0.5246313898711126,-0.3892494720807615,False,False,True,4.784296890098517,2,0.6480740698407861,0.5449492609130661,True,True,True,0.0,0.33333333333333337,0.8,1.0,1.0
trial_000_ep1_task031,0,0.999,medium,6,6,easy,0.00089263916015625,0.00026335689472034574,16,27,20,-0.5246313898711126,-0.3892494720807615,False,False,True,4.784296890098631,2,0.6480740698407861,0.5449492609130661,True,True,True,0.0,0.33333333333333337,0.8,1.0,1.0
trial_000_ep1_task031,0,0.999,medium,6,6,easy,0.00089263916015625,0.00026335689472034574,16,27,50,-0.5246313898711126,-0.3892494720807615,False,False,True,4.784296890098631,2,0.6480740698407861,0.5449492609130661,True,True,True,0.0,0.33333333333333337,0.8,1.0,1.0
trial_000_ep1_task032,0,0.999,low,1,1,easy,0.0,0.0,25,25,5,,,True,True,True,0.0,1,,,True,True,True,0.0,1.0,1.0,1.0,
trial_000_ep1_task032,0,0.999,low,1,1,easy,0.0,0.0,25,25,10,,,True,True,True,0.0,1,,,True,True,True,0.0,1.0,1.0,1.0,
trial_000_ep1_task032,0,0.999,low,1,1,easy,0.0,0.0,25,25,20,,,True,True,True,0.0,1,,,True,True,True,0.0,1.0,1.0,1.0,
trial_000_ep1_task032,0,0.999,low,1,1,easy,0.0,0.0,25,25,50,,,True,True,True,0.0,1,,,True,True,True,0.0,1.0,1.0,1.0,
trial_000_ep1_task033,0,0.99,low,24,24,easy,0.0033416748046875,0.0009075128473341465,5,27,5,0.5083346676409921,0.4021809075548668,True,True,True,0.0,7,0.6302813849221791,0.5147915616702295,True,True,True,0.0,0.29166666666666663,0.6640316205533596,0.8544137022397892,0.9999999999999999
trial_000_ep1_task033,0,0.99,low,24,24,easy,0.0033416748046875,0.0009075128473341465,5,27,10,0.5083346676409921,0.4021809075548668,True,True,True,0.0,7,0.6302813849221791,0.5147915616702295,True,True,True,0.0,0.29166666666666663,0.6640316205533596,0.8544137022397892,0.9999999999999999
trial_000_ep1_task033,0,0.99,low,24,24,easy,0.0033416748046875,0.0009075128473341465,5,27,20,0.5083346676409921,0.4021809075548668,True,True,True,0.0,7,0.6302813849221791,0.5147915616702295,True,True,True,0.0,0.29166666666666663,0.6640316205533596,0.8544137022397892,0.9999999999999999
trial_000_ep1_task033,0,0.99,low,24,24,easy,0.0033416748046875,0.0009075128473341465,5,27,50,0.5083346676409921,0.4021809075548668,True,True,True,0.0,7,0.6302813849221791,0.5147915616702295,True,True,True,0.0,0.29166666666666663,0.6640316205533596,0.8544137022397892,0.9999999999999999
trial_000_ep1_task034,0,0.9999,medium,1,1,easy,0.0,0.0,25,25,5,,,True,True,True,0.0,1,,,True,True,True,0.0,1.0,1.0,1.0,
trial_000_ep1_task034,0,0.9999,medium,1,1,easy,0.0,0.0,25,25,10,,,True,True,True,0.0,1,,,True,True,True,0.0,1.0,1.0,1.0,
trial_000_ep1_task034,0,0.9999,medium,1,1,easy,0.0,0.0,25,25,20,,,True,True,True,0.0,1,,,True,True,True,0.0,1.0,1.0,1.0,
trial_000_ep1_task034,0,0.9999,medium,1,1,easy,0.0,0.0,25,25,50,,,True,True,True,0.0,1,,,True,True,True,0.0,1.0,1.0,1.0,
trial_000_ep1_task035,0,0.99,medium,25,25,easy,0.011173248291015625,0.0031860671006143093,5,27,5,0.4187896495815471,0.32694966947493703,False,False,True,3.8172882056995263,7,0.6118347373472649,0.49593489190018536,True,True,True,0.0,0.28,0.6452173913043479,0.8387351778656127,1.0
trial_000_ep1_task035,0,0.99,medium,25,25,easy,0.011173248291015625,0.0031860671006143093,5,27,10,0.4187896495815471,0.32694966947493703,False,False,True,3.8172882056994695,7,0.6118347373472649,0.49593489190018536,True,True,True,0.0,0.28,0.6452173913043479,0.8387351778656127,1.0
trial_000_ep1_task035,0,0.99,medium,25,25,easy,0.011173248291015625,0.0031860671006143093,5,27,20,0.4187896495815471,0.32694966947493703,False,False,True,3.8172882056994695,7,0.6118347373472649,0.49593489190018536,True,True,True,0.0,0.28,0.6452173913043479,0.8387351778656127,1.0
trial_000_ep1_task035,0,0.99,medium,25,25,easy,0.011173248291015625,0.0031860671006143093,5,27,50,0.4187896495815471,0.32694966947493703,False,False,True,3.8172882056994695,7,0.6118347373472649,0.49593489190018536,True,True,True,0.0,0.28,0.6452173913043479,0.8387351778656127,1.0
trial_000_ep1_task036,0,0.99,low,26,26,easy,0.006229400634765625,0.001787072978913784,5,27,5,0.5250032355125375,0.4144563381130761,True,True,True,0.0,7,0.7010522246664421,0.5761953968889106,True,True,True,0.0,0.2692307692307693,0.6273076923076923,0.8232289449680754,0.9999999999999999
trial_000_ep1_task036,0,0.99,low,26,26,easy,0.006229400634765625,0.001787072978913784,5,27,10,0.5250032355125375,0.4144563381130761,True,True,True,0.0,7,0.7010522246664421,0.5761953968889106,True,True,True,0.0,0.2692307692307693,0.6273076923076923,0.8232289449680754,0.9999999999999999
trial_000_ep1_task036,0,0.99,low,26,26,easy,0.006229400634765625,0.001787072978913784,5,27,20,0.5250032355125375,0.4144563381130761,True,True,True,0.0,7,0.7010522246664421,0.5761953968889106,True,True,True,0.0,0.2692307692307693,0.6273076923076923,0.8232289449680754,0.9999999999999999
trial_000_ep1_task036,0,0.99,low,26,26,easy,0.006229400634765625,0.001787072978913784,5,27,50,0.5250032355125375,0.4144563381130761,True,True,True,0.0,7,0.7010522246664421,0.5761953968889106,True,True,True,0.0,0.2692307692307693,0.6273076923076923,0.8232289449680754,0.9999999999999999
trial_000_ep1_task038,0,0.99,low,26,26,easy,0.004421234130859375,0.0012612465070560575,5,27,5,0.5245603356846631,0.4103304043377506,True,True,True,0.0,7,0.7016256420708976,0.5784986028368287,True,True,True,0.0,0.2692307692307693,0.6273076923076923,0.8232289449680754,0.9999999999999999
trial_000_ep1_task038,0,0.99,low,26,26,easy,0.004421234130859375,0.0012612465070560575,5,27,10,0.5245603356846631,0.4103304043377506,True,True,True,0.0,7,0.7016256420708976,0.5784986028368287,True,True,True,0.0,0.2692307692307693,0.6273076923076923,0.8232289449680754,0.9999999999999999
trial_000_ep1_task038,0,0.99,low,26,26,easy,0.004421234130859375,0.0012612465070560575,5,27,20,0.5245603356846631,0.4103304043377506,True,True,True,0.0,7,0.7016256420708976,0.5784986028368287,True,True,True,0.0,0.2692307692307693,0.6273076923076923,0.8232289449680754,0.9999999999999999
trial_000_ep1_task038,0,0.99,low,26,26,easy,0.004421234130859375,0.0012612465070560575,5,27,50,0.5245603356846631,0.4103304043377506,True,True,True,0.0,7,0.7016256420708976,0.5784986028368287,True,True,True,0.0,0.2692307692307693,0.6273076923076923,0.8232289449680754,0.9999999999999999
trial_000_ep1_task044,0,0.99,medium,16,16,easy,0.00145721435546875,0.00040772449574433267,5,27,5,-0.437529907887864,-0.3222516933177448,False,False,False,25.601753117825382,3,-0.1977874926068427,-0.14322297480788657,False,True,True,30.71994861330748,0.1875,0.4892857142857143,0.7053571428571428,1.0
trial_000_ep1_task044,0,0.99,medium,16,16,easy,0.00145721435546875,0.00040772449574433267,5,27,10,-0.437529907887864,-0.3222516933177448,False,False,False,40.37057718142364,3,-0.1977874926068427,-0.14322297480788657,False,True,True,45.48877267690568,0.1875,0.4892857142857143,0.7053571428571428,1.0
trial_000_ep1_task044,0,0.99,medium,16,16,easy,0.00145721435546875,0.00040772449574433267,5,27,20,-0.437529907887864,-0.3222516933177448,False,False,False,40.37057718142364,3,-0.1977874926068427,-0.14322297480788657,False,True,True,45.48877267690574,0.1875,0.4892857142857143,0.7053571428571428,1.0
trial_000_ep1_task044,0,0.99,medium,16,16,easy,0.00145721435546875,0.00040772449574433267,5,27,50,-0.437529907887864,-0.3222516933177448,False,False,False,40.37057718142364,3,-0.1977874926068427,-0.14322297480788657,False,True,True,45.48877267690568,0.1875,0.4892857142857143,0.7053571428571428,1.0
trial_000_ep1_task046,0,0.9999,high,0,1,easy,0.0,0.0,25,25,5,,,True,True,True,0.0,1,,,True,True,True,0.0,1.0,1.0,1.0,
trial_000_ep1_task046,0,0.9999,high,0,1,easy,0.0,0.0,25,25,10,,,True,True,True,0.0,1,,,True,True,True,0.0,1.0,1.0,1.0,
trial_000_ep1_task046,0,0.9999,high,0,1,easy,0.0,0.0,25,25,20,,,True,True,True,0.0,1,,,True,True,True,0.0,1.0,1.0,1.0,
trial_000_ep1_task046,0,0.9999,high,0,1,easy,0.0,0.0,25,25,50,,,True,True,True,0.0,1,,,True,True,True,0.0,1.0,1.0,1.0,
trial_000_ep1_task051,0,0.999,medium,7,7,easy,0.000701904296875,0.00022650805476587266,16,25,5,0.5825752650035353,0.5163977794943223,True,True,True,0.0,4,0.43301270189221935,0.37796447300922725,True,True,True,0.0,0.5714285714285714,0.9714285714285714,1.0,1.0
trial_000_ep1_task051,0,0.999,medium,7,7,easy,0.000701904296875,0.00022650805476587266,16,25,10,0.5825752650035353,0.5163977794943223,True,True,True,0.0,4,0.43301270189221935,0.37796447300922725,True,True,True,0.0,0.5714285714285714,0.9714285714285714,1.0,1.0
trial_000_ep1_task051,0,0.999,medium,7,7,easy,0.000701904296875,0.00022650805476587266,16,25,20,0.5825752650035353,0.5163977794943223,True,True,True,0.0,4,0.43301270189221935,0.37796447300922725,True,True,True,0.0,0.5714285714285714,0.9714285714285714,1.0,1.0
trial_000_ep1_task051,0,0.999,medium,7,7,easy,0.000701904296875,0.00022650805476587266,16,25,50,0.5825752650035353,0.5163977794943223,True,True,True,0.0,4,0.43301270189221935,0.37796447300922725,True,True,True,0.0,0.5714285714285714,0.9714285714285714,1.0,1.0
trial_000_ep1_task053,0,0.9,low,28,28,easy,0.019500732421875,0.005532852839678526,5,27,5,0.5158837617751255,0.39033751901423125,True,True,True,0.0,7,0.6464375575886854,0.48727607201382767,True,True,True,0.0,0.25,0.594017094017094,0.7929487179487179,0.9999999999999998
trial_000_ep1_task053,0,0.9,low,28,28,easy,0.019500732421875,0.005532852839678526,5,27,10,0.5158837617751255,0.39033751901423125,True,True,True,0.0,7,0.6464375575886854,0.48727607201382767,True,True,True,0.0,0.25,0.594017094017094,0.7929487179487179,0.9999999999999998
trial_000_ep1_task053,0,0.9,low,28,28,easy,0.019500732421875,0.005532852839678526,5,27,20,0.5158837617751255,0.39033751901423125,True,True,True,0.0,7,0.6464375575886854,0.48727607201382767,True,True,True,0.0,0.25,0.594017094017094,0.7929487179487179,0.9999999999999998
trial_000_ep1_task053,0,0.9,low,28,28,easy,0.019500732421875,0.005532852839678526,5,27,50,0.5158837617751255,0.39033751901423125,True,True,True,0.0,7,0.6464375575886854,0.48727607201382767,True,True,True,0.0,0.25,0.594017094017094,0.7929487179487179,0.9999999999999998
trial_000_ep1_task054,0,0.999,low,7,7,coupled,0.0020294189453125,0.0005636189016513526,16,27,5,0.6000991981489792,0.3504383220252312,False,True,True,0.6299160951643614,1,0.5091750772173156,0.3504383220252312,True,True,True,0.0,0.1428571428571429,0.4285714285714285,0.7142857142857143,1.0
trial_000_ep1_task054,0,0.999,low,7,7,coupled,0.0020294189453125,0.0005636189016513526,16,27,10,0.6000991981489792,0.3504383220252312,False,True,True,0.6299160951643898,1,0.5091750772173156,0.3504383220252312,True,True,True,0.0,0.1428571428571429,0.4285714285714285,0.7142857142857143,1.0
trial_000_ep1_task054,0,0.999,low,7,7,coupled,0.0020294189453125,0.0005636189016513526,16,27,20,0.6000991981489792,0.3504383220252312,False,True,True,0.6299160951643898,1,0.5091750772173156,0.3504383220252312,True,True,True,0.0,0.1428571428571429,0.4285714285714285,0.7142857142857143,1.0
trial_000_ep1_task054,0,0.999,low,7,7,coupled,0.0020294189453125,0.0005636189016513526,16,27,50,0.6000991981489792,0.3504383220252312,False,True,True,0.6299160951643898,1,0.5091750772173156,0.3504383220252312,True,True,True,0.0,0.1428571428571429,0.4285714285714285,0.7142857142857143,1.0
trial_000_ep1_task055,0,0.99,medium,22,22,easy,0.0023345947265625,0.0006512608379125595,5,27,5,-0.2378487524209646,-0.16162704595880897,False,False,True,14.213440365088445,5,0.3215256629112317,0.21704203314468634,False,True,True,8.22058512640342,0.2272727272727273,0.5584415584415585,0.7650186071238704,1.0
trial_000_ep1_task055,0,0.99,medium,22,22,easy,0.0023345947265625,0.0006512608379125595,5,27,10,-0.2378487524209646,-0.16162704595880897,False,False,True,14.213440365088502,5,0.3215256629112317,0.21704203314468634,False,True,True,8.22058512640342,0.2272727272727273,0.5584415584415585,0.7650186071238704,1.0
trial_000_ep1_task055,0,0.99,medium,22,22,easy,0.0023345947265625,0.0006512608379125595,5,27,20,-0.2378487524209646,-0.16162704595880897,False,False,True,14.213440365088388,5,0.3215256629112317,0.21704203314468634,False,True,True,8.220585126403364,0.2272727272727273,0.5584415584415585,0.7650186071238704,1.0
trial_000_ep1_task055,0,0.99,medium,22,22,easy,0.0023345947265625,0.0006512608379125595,5,27,50,-0.2378487524209646,-0.16162704595880897,False,False,True,14.213440365088445,5,0.3215256629112317,0.21704203314468634,False,True,True,8.22058512640342,0.2272727272727273,0.5584415584415585,0.7650186071238704,1.0
trial_000_ep1_task056,0,0.99,medium,16,16,easy,0.00199127197265625,0.0005436796927824616,5,27,5,-0.02763285473188545,-0.019034674690672024,False,False,False,1.523551784923825,4,0.5864305837544578,0.4568321925761286,True,True,True,0.0,0.25,0.6071428571428572,0.8186813186813188,1.0
trial_000_ep1_task056,0,0.99,medium,16,16,easy,0.00199127197265625,0.0005436796927824616,5,27,10,-0.02763285473188545,-0.019034674690672024,False,False,False,1.523551784923825,4,0.5864305837544578,0.4568321925761286,True,True,True,0.0,0.25,0.6071428571428572,0.8186813186813188,1.0
trial_000_ep1_task056,0,0.99,medium,16,16,easy,0.00199127197265625,0.0005436796927824616,5,27,20,-0.02763285473188545,-0.019034674690672024,False,False,False,1.523551784923825,4,0.5864305837544578,0.4568321925761286,True,True,True,0.0,0.25,0.6071428571428572,0.8186813186813188,1.0
trial_000_ep1_task056,0,0.99,medium,16,16,easy,0.00199127197265625,0.0005436796927824616,5,27,50,-0.02763285473188545,-0.019034674690672024,False,False,False,1.523551784923825,4,0.5864305837544578,0.4568321925761286,True,True,True,0.0,0.25,0.6071428571428572,0.8186813186813188,1.0
trial_000_ep1_task058,0,0.99,medium,24,24,easy,0.00611114501953125,0.0014178308192640543,5,27,5,0.5294506607380396,0.39905083329950414,True,True,True,0.0,7,0.6585740708252071,0.536098594230647,True,True,True,0.0,0.29166666666666663,0.6640316205533596,0.8544137022397892,0.9999999999999999
trial_000_ep1_task058,0,0.99,medium,24,24,easy,0.00611114501953125,0.0014178308192640543,5,27,10,0.5294506607380396,0.39905083329950414,True,True,True,0.0,7,0.6585740708252071,0.536098594230647,True,True,True,0.0,0.29166666666666663,0.6640316205533596,0.8544137022397892,0.9999999999999999
trial_000_ep1_task058,0,0.99,medium,24,24,easy,0.00611114501953125,0.0014178308192640543,5,27,20,0.5294506607380396,0.39905083329950414,True,True,True,0.0,7,0.6585740708252071,0.536098594230647,True,True,True,0.0,0.29166666666666663,0.6640316205533596,0.8544137022397892,0.9999999999999999
trial_000_ep1_task058,0,0.99,medium,24,24,easy,0.00611114501953125,0.0014178308192640543,5,27,50,0.5294506607380396,0.39905083329950414,True,True,True,0.0,7,0.6585740708252071,0.536098594230647,True,True,True,0.0,0.29166666666666663,0.6640316205533596,0.8544137022397892,0.9999999999999999
trial_000_ep1_task059,0,0.9,low,28,28,easy,0.004299163818359375,0.0011943314457312226,5,27,5,0.5765298337822399,0.44141479464782035,True,True,True,0.0,7,0.7689849618709006,0.6420578831241024,True,True,True,0.0,0.25,0.594017094017094,0.7929487179487179,0.9999999999999998
trial_000_ep1_task059,0,0.9,low,28,28,easy,0.004299163818359375,0.0011943314457312226,5,27,10,0.5765298337822399,0.44141479464782035,True,True,True,0.0,7,0.7689849618709006,0.6420578831241024,True,True,True,0.0,0.25,0.594017094017094,0.7929487179487179,0.9999999999999998
trial_000_ep1_task059,0,0.9,low,28,28,easy,0.004299163818359375,0.0011943314457312226,5,27,20,0.5765298337822399,0.44141479464782035,True,True,True,0.0,7,0.7689849618709006,0.6420578831241024,True,True,True,0.0,0.25,0.594017094017094,0.7929487179487179,0.9999999999999998
trial_000_ep1_task059,0,0.9,low,28,28,easy,0.004299163818359375,0.0011943314457312226,5,27,50,0.5765298337822399,0.44141479464782035,True,True,True,0.0,7,0.7689849618709006,0.6420578831241024,True,True,True,0.0,0.25,0.594017094017094,0.7929487179487179,0.9999999999999998
trial_000_ep1_task060,0,0.999,low,7,7,easy,0.002628326416015625,0.0007298387354239821,16,27,5,0.6175347814894367,0.4665694748158435,True,True,True,0.0,4,0.5378528742004772,0.4665694748158435,True,True,True,0.0,0.5714285714285714,0.9714285714285714,1.0,1.0
trial_000_ep1_task060,0,0.999,low,7,7,easy,0.002628326416015625,0.0007298387354239821,16,27,10,0.6175347814894367,0.4665694748158435,True,True,True,0.0,4,0.5378528742004772,0.4665694748158435,True,True,True,0.0,0.5714285714285714,0.9714285714285714,1.0,1.0
trial_000_ep1_task060,0,0.999,low,7,7,easy,0.002628326416015625,0.0007298387354239821,16,27,20,0.6175347814894367,0.4665694748158435,True,True,True,0.0,4,0.5378528742004772,0.4665694748158435,True,True,True,0.0,0.5714285714285714,0.9714285714285714,1.0,1.0
trial_000_ep1_task060,0,0.999,low,7,7,easy,0.002628326416015625,0.0007298387354239821,16,27,50,0.6175347814894367,0.4665694748158435,True,True,True,0.0,4,0.5378528742004772,0.4665694748158435,True,True,True,0.0,0.5714285714285714,0.9714285714285714,1.0,1.0
trial_000_ep1_task062,0,0.999,low,15,15,easy,0.001514434814453125,0.0004225564480293542,5,27,5,0.5711024363965479,0.462568846884298,True,True,True,0.0,6,0.25709020777070024,0.19879219318187574,True,True,True,0.0,0.4,0.8153846153846154,0.958041958041958,1.0
trial_000_ep1_task062,0,0.999,low,15,15,easy,0.001514434814453125,0.0004225564480293542,5,27,10,0.5711024363965479,0.462568846884298,True,True,True,0.0,6,0.25709020777070024,0.19879219318187574,True,True,True,0.0,0.4,0.8153846153846154,0.958041958041958,1.0
trial_000_ep1_task062,0,0.999,low,15,15,easy,0.001514434814453125,0.0004225564480293542,5,27,20,0.5711024363965479,0.462568846884298,True,True,True,0.0,6,0.25709020777070024,0.19879219318187574,True,True,True,0.0,0.4,0.8153846153846154,0.958041958041958,1.0
trial_000_ep1_task062,0,0.999,low,15,15,easy,0.001514434814453125,0.0004225564480293542,5,27,50,0.5711024363965479,0.462568846884298,True,True,True,0.0,6,0.25709020777070024,0.19879219318187574,True,True,True,0.0,0.4,0.8153846153846154,0.958041958041958,1.0
trial_000_ep1_task064,0,0.99,medium,26,26,easy,0.01036834716796875,0.002892255550250411,5,27,5,-0.13149984927681863,-0.08042559449141888,False,False,False,13.040495465294384,7,0.25672119116111014,0.2010639862285472,False,False,True,2.1415221461512033,0.2692307692307693,0.6273076923076923,0.8232289449680754,0.9999999999999999
trial_000_ep1_task064,0,0.99,medium,26,26,easy,0.01036834716796875,0.002892255550250411,5,27,10,-0.13149984927681863,-0.08042559449141888,False,False,False,13.040495465294384,7,0.25672119116111014,0.2010639862285472,False,False,True,2.1415221461511464,0.2692307692307693,0.6273076923076923,0.8232289449680754,0.9999999999999999
trial_000_ep1_task064,0,0.99,medium,26,26,easy,0.01036834716796875,0.002892255550250411,5,27,20,-0.13149984927681863,-0.08042559449141888,False,False,False,13.040495465294384,7,0.25672119116111014,0.2010639862285472,False,False,True,2.1415221461511464,0.2692307692307693,0.6273076923076923,0.8232289449680754,0.9999999999999999
trial_000_ep1_task064,0,0.99,medium,26,26,easy,0.01036834716796875,0.002892255550250411,5,27,50,-0.13149984927681863,-0.08042559449141888,False,False,False,13.040495465294384,7,0.25672119116111014,0.2010639862285472,False,False,True,2.1415221461511464,0.2692307692307693,0.6273076923076923,0.8232289449680754,0.9999999999999999
trial_000_ep1_task065,0,0.99,low,16,16,easy,0.001972198486328125,0.000540577748324722,5,27,5,-0.2565673499212694,-0.18426333094092737,False,False,False,7.16299632041148,2,-0.024272532833091,-0.009174698042719672,False,False,True,6.306577875333687,0.125,0.3500000000000001,0.5416666666666667,1.0
trial_000_ep1_task065,0,0.99,low,16,16,easy,0.001972198486328125,0.000540577748324722,5,27,10,-0.2565673499212694,-0.18426333094092737,False,False,False,7.162996320411537,2,-0.024272532833091,-0.009174698042719672,False,False,True,6.306577875333744,0.125,0.3500000000000001,0.5416666666666667,1.0
trial_000_ep1_task065,0,0.99,low,16,16,easy,0.001972198486328125,0.000540577748324722,5,27,20,-0.2565673499212694,-0.18426333094092737,False,False,False,7.162996320411537,2,-0.024272532833091,-0.009174698042719672,False,False,True,6.306577875333744,0.125,0.3500000000000001,0.5416666666666667,1.0
trial_000_ep1_task065,0,0.99,low,16,16,easy,0.001972198486328125,0.000540577748324722,5,27,50,-0.2565673499212694,-0.18426333094092737,False,False,False,7.16299632041148,2,-0.024272532833091,-0.009174698042719672,False,False,True,6.306577875333687,0.125,0.3500000000000001,0.5416666666666667,1.0
trial_000_ep1_task067,0,0.99,medium,22,22,coupled,0.002040863037109375,0.00044297848944552243,5,27,5,0.19984199497785796,0.1288859078887584,False,False,False,1.281501617462368,5,0.3380319919268674,0.2606655830895513,True,True,True,0.0,0.2272727272727273,0.5584415584415585,0.7650186071238704,1.0
trial_000_ep1_task067,0,0.99,medium,22,22,coupled,0.002040863037109375,0.00044297848944552243,5,27,10,0.19984199497785796,0.1288859078887584,False,False,False,1.281501617462368,5,0.3380319919268674,0.2606655830895513,True,True,True,0.0,0.2272727272727273,0.5584415584415585,0.7650186071238704,1.0
trial_000_ep1_task067,0,0.99,medium,22,22,coupled,0.002040863037109375,0.00044297848944552243,5,27,20,0.19984199497785796,0.1288859078887584,False,False,False,1.281501617462368,5,0.3380319919268674,0.2606655830895513,True,True,True,0.0,0.2272727272727273,0.5584415584415585,0.7650186071238704,1.0
trial_000_ep1_task067,0,0.99,medium,22,22,coupled,0.002040863037109375,0.00044297848944552243,5,27,50,0.19984199497785796,0.1288859078887584,False,False,False,1.281501617462368,5,0.3380319919268674,0.2606655830895513,True,True,True,0.0,0.2272727272727273,0.5584415584415585,0.7650186071238704,1.0
trial_000_ep1_task068,0,0.99,high,25,25,easy,0.004390716552734375,0.00107514054980129,5,27,5,0.404881599291878,0.3017378431174236,True,True,True,0.0,7,0.5830749589658416,0.45185179039794665,True,True,True,0.0,0.28,0.6452173913043479,0.8387351778656127,1.0
trial_000_ep1_task068,0,0.99,high,25,25,easy,0.004390716552734375,0.00107514054980129,5,27,10,0.404881599291878,0.3017378431174236,True,True,True,0.0,7,0.5830749589658416,0.45185179039794665,True,True,True,0.0,0.28,0.6452173913043479,0.8387351778656127,1.0
trial_000_ep1_task068,0,0.99,high,25,25,easy,0.004390716552734375,0.00107514054980129,5,27,20,0.404881599291878,0.3017378431174236,True,True,True,0.0,7,0.5830749589658416,0.45185179039794665,True,True,True,0.0,0.28,0.6452173913043479,0.8387351778656127,1.0
trial_000_ep1_task068,0,0.99,high,25,25,easy,0.004390716552734375,0.00107514054980129,5,27,50,0.404881599291878,0.3017378431174236,True,True,True,0.0,7,0.5830749589658416,0.45185179039794665,True,True,True,0.0,0.28,0.6452173913043479,0.8387351778656127,1.0
trial_000_ep1_task069,0,0.999,low,15,15,easy,0.003265380859375,0.0009073870605789125,5,27,5,0.5631576168868941,0.43948021245882857,True,True,True,0.0,7,0.4161639338350608,0.3718678720805473,True,True,True,0.0,0.4666666666666667,0.8769230769230769,0.9813519813519813,1.0
trial_000_ep1_task069,0,0.999,low,15,15,easy,0.003265380859375,0.0009073870605789125,5,27,10,0.5631576168868941,0.43948021245882857,True,True,True,0.0,7,0.4161639338350608,0.3718678720805473,True,True,True,0.0,0.4666666666666667,0.8769230769230769,0.9813519813519813,1.0
trial_000_ep1_task069,0,0.999,low,15,15,easy,0.003265380859375,0.0009073870605789125,5,27,20,0.5631576168868941,0.43948021245882857,True,True,True,0.0,7,0.4161639338350608,0.3718678720805473,True,True,True,0.0,0.4666666666666667,0.8769230769230769,0.9813519813519813,1.0
trial_000_ep1_task069,0,0.999,low,15,15,easy,0.003265380859375,0.0009073870605789125,5,27,50,0.5631576168868941,0.43948021245882857,True,True,True,0.0,7,0.4161639338350608,0.3718678720805473,True,True,True,0.0,0.4666666666666667,0.8769230769230769,0.9813519813519813,1.0
trial_000_ep1_task070,0,0.9999,low,0,1,easy,0.0,0.0,25,25,5,,,True,True,True,0.0,1,,,True,True,True,0.0,1.0,1.0,1.0,
trial_000_ep1_task070,0,0.9999,low,0,1,easy,0.0,0.0,25,25,10,,,True,True,True,0.0,1,,,True,True,True,0.0,1.0,1.0,1.0,
trial_000_ep1_task070,0,0.9999,low,0,1,easy,0.0,0.0,25,25,20,,,True,True,True,0.0,1,,,True,True,True,0.0,1.0,1.0,1.0,
trial_000_ep1_task070,0,0.9999,low,0,1,easy,0.0,0.0,25,25,50,,,True,True,True,0.0,1,,,True,True,True,0.0,1.0,1.0,1.0,
trial_000_ep1_task071,0,0.9999,low,0,1,easy,0.0,0.0,25,25,5,,,True,True,True,0.0,1,,,True,True,True,0.0,1.0,1.0,1.0,
trial_000_ep1_task071,0,0.9999,low,0,1,easy,0.0,0.0,25,25,10,,,True,True,True,0.0,1,,,True,True,True,0.0,1.0,1.0,1.0,
trial_000_ep1_task071,0,0.9999,low,0,1,easy,0.0,0.0,25,25,20,,,True,True,True,0.0,1,,,True,True,True,0.0,1.0,1.0,1.0,
trial_000_ep1_task071,0,0.9999,low,0,1,easy,0.0,0.0,25,25,50,,,True,True,True,0.0,1,,,True,True,True,0.0,1.0,1.0,1.0,
trial_000_ep1_task073,0,0.9999,medium,1,1,easy,0.0,0.0,25,25,5,,,True,True,True,0.0,1,,,True,True,True,0.0,1.0,1.0,1.0,
trial_000_ep1_task073,0,0.9999,medium,1,1,easy,0.0,0.0,25,25,10,,,True,True,True,0.0,1,,,True,True,True,0.0,1.0,1.0,1.0,
trial_000_ep1_task073,0,0.9999,medium,1,1,easy,0.0,0.0,25,25,20,,,True,True,True,0.0,1,,,True,True,True,0.0,1.0,1.0,1.0,
trial_000_ep1_task073,0,0.9999,medium,1,1,easy,0.0,0.0,25,25,50,,,True,True,True,0.0,1,,,True,True,True,0.0,1.0,1.0,1.0,
trial_000_ep1_task075,0,0.999,medium,7,7,easy,0.00109100341796875,0.00030870779301039875,16,27,5,0.11227217828476797,0.15877683720748895,False,True,True,1.656442112909815,2,0.7110571291368638,0.5821817364274594,True,True,True,0.0,0.2857142857142857,0.7142857142857143,0.9523809523809523,1.0
trial_000_ep1_task075,0,0.999,medium,7,7,easy,0.00109100341796875,0.00030870779301039875,16,27,10,0.11227217828476797,0.15877683720748895,False,True,True,1.6564421129098719,2,0.7110571291368638,0.5821817364274594,True,True,True,0.0,0.2857142857142857,0.7142857142857143,0.9523809523809523,1.0
trial_000_ep1_task075,0,0.999,medium,7,7,easy,0.00109100341796875,0.00030870779301039875,16,27,20,0.11227217828476797,0.15877683720748895,False,True,True,1.6564421129098719,2,0.7110571291368638,0.5821817364274594,True,True,True,0.0,0.2857142857142857,0.7142857142857143,0.9523809523809523,1.0
trial_000_ep1_task075,0,0.999,medium,7,7,easy,0.00109100341796875,0.00030870779301039875,16,27,50,0.11227217828476797,0.15877683720748895,False,True,True,1.6564421129098719,2,0.7110571291368638,0.5821817364274594,True,True,True,0.0,0.2857142857142857,0.7142857142857143,0.9523809523809523,1.0
trial_000_ep1_task077,0,0.9999,low,0,1,easy,0.0,0.0,25,25,5,,,True,True,True,0.0,1,,,True,True,True,0.0,1.0,1.0,1.0,
trial_000_ep1_task077,0,0.9999,low,0,1,easy,0.0,0.0,25,25,10,,,True,True,True,0.0,1,,,True,True,True,0.0,1.0,1.0,1.0,
trial_000_ep1_task077,0,0.9999,low,0,1,easy,0.0,0.0,25,25,20,,,True,True,True,0.0,1,,,True,True,True,0.0,1.0,1.0,1.0,
trial_000_ep1_task077,0,0.9999,low,0,1,easy,0.0,0.0,25,25,50,,,True,True,True,0.0,1,,,True,True,True,0.0,1.0,1.0,1.0,
trial_000_ep1_task080,0,0.9999,high,1,1,easy,0.0,0.0,25,25,5,,,True,True,True,0.0,1,,,True,True,True,0.0,1.0,1.0,1.0,
trial_000_ep1_task080,0,0.9999,high,1,1,easy,0.0,0.0,25,25,10,,,True,True,True,0.0,1,,,True,True,True,0.0,1.0,1.0,1.0,
trial_000_ep1_task080,0,0.9999,high,1,1,easy,0.0,0.0,25,25,20,,,True,True,True,0.0,1,,,True,True,True,0.0,1.0,1.0,1.0,
trial_000_ep1_task080,0,0.9999,high,1,1,easy,0.0,0.0,25,25,50,,,True,True,True,0.0,1,,,True,True,True,0.0,1.0,1.0,1.0,
trial_000_ep1_task081,0,0.99,medium,16,16,easy,0.00275421142578125,0.0007546788547188044,5,27,5,-0.11014179367972976,-0.027250215731728485,False,False,False,0.9907544084505844,3,0.29421438037736036,0.2089183206099184,True,True,True,0.0,0.1875,0.4892857142857143,0.7053571428571428,1.0
trial_000_ep1_task081,0,0.99,medium,16,16,easy,0.00275421142578125,0.0007546788547188044,5,27,10,-0.11014179367972976,-0.027250215731728485,False,False,False,0.9907544084505844,3,0.29421438037736036,0.2089183206099184,True,True,True,0.0,0.1875,0.4892857142857143,0.7053571428571428,1.0
trial_000_ep1_task081,0,0.99,medium,16,16,easy,0.00275421142578125,0.0007546788547188044,5,27,20,-0.11014179367972976,-0.027250215731728485,False,False,False,0.9907544084505844,3,0.29421438037736036,0.2089183206099184,True,True,True,0.0,0.1875,0.4892857142857143,0.7053571428571428,1.0
trial_000_ep1_task081,0,0.99,medium,16,16,easy,0.00275421142578125,0.0007546788547188044,5,27,50,-0.11014179367972976,-0.027250215731728485,False,False,False,0.9907544084505844,3,0.29421438037736036,0.2089183206099184,True,True,True,0.0,0.1875,0.4892857142857143,0.7053571428571428,1.0
trial_000_ep1_task083,0,0.999,low,7,7,easy,0.001708984375,0.00047423166688531637,16,27,5,0.7041868508280462,0.5143444998736398,True,True,True,0.0,3,0.44474958999666075,0.4114755998989118,True,True,True,0.0,0.4285714285714286,0.8857142857142857,1.0,1.0
trial_000_ep1_task083,0,0.999,low,7,7,easy,0.001708984375,0.00047423166688531637,16,27,10,0.7041868508280462,0.5143444998736398,True,True,True,0.0,3,0.44474958999666075,0.4114755998989118,True,True,True,0.0,0.4285714285714286,0.8857142857142857,1.0,1.0
trial_000_ep1_task083,0,0.999,low,7,7,easy,0.001708984375,0.00047423166688531637,16,27,20,0.7041868508280462,0.5143444998736398,True,True,True,0.0,3,0.44474958999666075,0.4114755998989118,True,True,True,0.0,0.4285714285714286,0.8857142857142857,1.0,1.0
trial_000_ep1_task083,0,0.999,low,7,7,easy,0.001708984375,0.00047423166688531637,16,27,50,0.7041868508280462,0.5143444998736398,True,True,True,0.0,3,0.44474958999666075,0.4114755998989118,True,True,True,0.0,0.4285714285714286,0.8857142857142857,1.0,1.0
trial_000_ep1_task087,0,0.9999,medium,0,1,easy,0.0,0.0,25,25,5,,,True,True,True,0.0,1,,,True,True,True,0.0,1.0,1.0,1.0,
trial_000_ep1_task087,0,0.9999,medium,0,1,easy,0.0,0.0,25,25,10,,,True,True,True,0.0,1,,,True,True,True,0.0,1.0,1.0,1.0,
trial_000_ep1_task087,0,0.9999,medium,0,1,easy,0.0,0.0,25,25,20,,,True,True,True,0.0,1,,,True,True,True,0.0,1.0,1.0,1.0,
trial_000_ep1_task087,0,0.9999,medium,0,1,easy,0.0,0.0,25,25,50,,,True,True,True,0.0,1,,,True,True,True,0.0,1.0,1.0,1.0,
trial_000_ep1_task088,0,0.9999,medium,9,9,easy,0.00146484375,0.0004355182172730565,11,27,5,-0.033613445378151266,0.0,False,True,True,14.298301577923809,2,0.09205101496312953,-0.02817180849095055,False,False,True,2.511540121683595,0.2222222222222222,0.5833333333333333,0.8333333333333334,1.0
trial_000_ep1_task088,0,0.9999,medium,9,9,easy,0.00146484375,0.0004355182172730565,11,27,10,-0.033613445378151266,0.0,False,True,True,14.298301577923667,2,0.09205101496312953,-0.02817180849095055,False,False,True,2.511540121683538,0.2222222222222222,0.5833333333333333,0.8333333333333334,1.0
trial_000_ep1_task088,0,0.9999,medium,9,9,easy,0.00146484375,0.0004355182172730565,11,27,20,-0.033613445378151266,0.0,False,True,True,14.29830157792378,2,0.09205101496312953,-0.02817180849095055,False,False,True,2.5115401216836517,0.2222222222222222,0.5833333333333333,0.8333333333333334,1.0
trial_000_ep1_task088,0,0.9999,medium,9,9,easy,0.00146484375,0.0004355182172730565,11,27,50,-0.033613445378151266,0.0,False,True,True,14.29830157792378,2,0.09205101496312953,-0.02817180849095055,False,False,True,2.511540121683595,0.2222222222222222,0.5833333333333333,0.8333333333333334,1.0
trial_000_ep1_task090,0,0.9,low,28,28,easy,0.007198333740234375,0.002021622145548463,5,27,5,0.55898327362365,0.4356821349770695,True,True,True,0.0,7,0.7570087382705932,0.6248599041118497,True,True,True,0.0,0.25,0.594017094017094,0.7929487179487179,0.9999999999999998
trial_000_ep1_task090,0,0.9,low,28,28,easy,0.007198333740234375,0.002021622145548463,5,27,10,0.55898327362365,0.4356821349770695,True,True,True,0.0,7,0.7570087382705932,0.6248599041118497,True,True,True,0.0,0.25,0.594017094017094,0.7929487179487179,0.9999999999999998
trial_000_ep1_task090,0,0.9,low,28,28,easy,0.007198333740234375,0.002021622145548463,5,27,20,0.55898327362365,0.4356821349770695,True,True,True,0.0,7,0.7570087382705932,0.6248599041118497,True,True,True,0.0,0.25,0.594017094017094,0.7929487179487179,0.9999999999999998
trial_000_ep1_task090,0,0.9,low,28,28,easy,0.007198333740234375,0.002021622145548463,5,27,50,0.55898327362365,0.4356821349770695,True,True,True,0.0,7,0.7570087382705932,0.6248599041118497,True,True,True,0.0,0.25,0.594017094017094,0.7929487179487179,0.9999999999999998
trial_000_ep1_task092,0,0.999,medium,7,7,easy,0.001239776611328125,0.00034923607017844915,16,27,5,0.7768985960673559,0.5832118435198044,True,True,True,0.0,4,0.5378528742004772,0.4665694748158435,True,True,True,0.0,0.5714285714285714,0.9714285714285714,1.0,1.0
trial_000_ep1_task092,0,0.999,medium,7,7,easy,0.001239776611328125,0.00034923607017844915,16,27,10,0.7768985960673559,0.5832118435198044,True,True,True,0.0,4,0.5378528742004772,0.4665694748158435,True,True,True,0.0,0.5714285714285714,0.9714285714285714,1.0,1.0
trial_000_ep1_task092,0,0.999,medium,7,7,easy,0.001239776611328125,0.00034923607017844915,16,27,20,0.7768985960673559,0.5832118435198044,True,True,True,0.0,4,0.5378528742004772,0.4665694748158435,True,True,True,0.0,0.5714285714285714,0.9714285714285714,1.0,1.0
trial_000_ep1_task092,0,0.999,medium,7,7,easy,0.001239776611328125,0.00034923607017844915,16,27,50,0.7768985960673559,0.5832118435198044,True,True,True,0.0,4,0.5378528742004772,0.4665694748158435,True,True,True,0.0,0.5714285714285714,0.9714285714285714,1.0,1.0
trial_000_ep1_task093,0,0.999,medium,1,1,easy,0.0,0.0,25,25,5,,,True,True,True,0.0,1,,,True,True,True,0.0,1.0,1.0,1.0,
trial_000_ep1_task093,0,0.999,medium,1,1,easy,0.0,0.0,25,25,10,,,True,True,True,0.0,1,,,True,True,True,0.0,1.0,1.0,1.0,
trial_000_ep1_task093,0,0.999,medium,1,1,easy,0.0,0.0,25,25,20,,,True,True,True,0.0,1,,,True,True,True,0.0,1.0,1.0,1.0,
trial_000_ep1_task093,0,0.999,medium,1,1,easy,0.0,0.0,25,25,50,,,True,True,True,0.0,1,,,True,True,True,0.0,1.0,1.0,1.0,
trial_000_ep1_task094,0,0.999,high,1,1,easy,0.0,0.0,25,25,5,,,True,True,True,0.0,1,,,True,True,True,0.0,1.0,1.0,1.0,
trial_000_ep1_task094,0,0.999,high,1,1,easy,0.0,0.0,25,25,10,,,True,True,True,0.0,1,,,True,True,True,0.0,1.0,1.0,1.0,
trial_000_ep1_task094,0,0.999,high,1,1,easy,0.0,0.0,25,25,20,,,True,True,True,0.0,1,,,True,True,True,0.0,1.0,1.0,1.0,
trial_000_ep1_task094,0,0.999,high,1,1,easy,0.0,0.0,25,25,50,,,True,True,True,0.0,1,,,True,True,True,0.0,1.0,1.0,1.0,
trial_000_ep1_task098,0,0.9999,high,14,14,coupled,0.00128936767578125,0.0003860982833430171,16,27,5,-0.008960190388148074,0.011794125865200428,False,False,True,13.243410940950298,4,-0.03360071395555527,-0.10614713278680386,True,True,True,0.0,0.2857142857142857,0.6703296703296704,0.8741258741258742,1.0
trial_000_ep1_task098,0,0.9999,high,14,14,coupled,0.00128936767578125,0.0003860982833430171,16,27,10,-0.008960190388148074,0.011794125865200428,False,False,True,13.243410940950298,4,-0.03360071395555527,-0.10614713278680386,True,True,True,0.0,0.2857142857142857,0.6703296703296704,0.8741258741258742,1.0
trial_000_ep1_task098,0,0.9999,high,14,14,coupled,0.00128936767578125,0.0003860982833430171,16,27,20,-0.008960190388148074,0.011794125865200428,False,False,True,13.243410940950355,4,-0.03360071395555527,-0.10614713278680386,True,True,True,0.0,0.2857142857142857,0.6703296703296704,0.8741258741258742,1.0
trial_000_ep1_task098,0,0.9999,high,14,14,coupled,0.00128936767578125,0.0003860982833430171,16,27,50,-0.008960190388148074,0.011794125865200428,False,False,True,13.243410940950298,4,-0.03360071395555527,-0.10614713278680386,True,True,True,0.0,0.2857142857142857,0.6703296703296704,0.8741258741258742,1.0
trial_000_ep1_task099,0,0.9,low,26,26,easy,0.003337860107421875,0.0009295225027017295,5,27,5,0.2401800681329023,0.17837234635546376,False,False,True,7.260357054545636,6,0.37172377596869705,0.31050001032247393,False,True,True,6.31689195607774,0.23076923076923073,0.5615384615384615,0.7643052599574338,0.9999999999999999
trial_000_ep1_task099,0,0.9,low,26,26,easy,0.003337860107421875,0.0009295225027017295,5,27,10,0.2401800681329023,0.17837234635546376,False,False,True,7.26035705454558,6,0.37172377596869705,0.31050001032247393,False,True,True,6.31689195607774,0.23076923076923073,0.5615384615384615,0.7643052599574338,0.9999999999999999
trial_000_ep1_task099,0,0.9,low,26,26,easy,0.003337860107421875,0.0009295225027017295,5,27,20,0.2401800681329023,0.17837234635546376,False,False,True,7.260357054545636,6,0.37172377596869705,0.31050001032247393,False,True,True,6.316891956077768,0.23076923076923073,0.5615384615384615,0.7643052599574338,0.9999999999999999
trial_000_ep1_task099,0,0.9,low,26,26,easy,0.003337860107421875,0.0009295225027017295,5,27,50,0.2401800681329023,0.17837234635546376,False,False,True,7.260357054545636,6,0.37172377596869705,0.31050001032247393,False,True,True,6.316891956077768,0.23076923076923073,0.5615384615384615,0.7643052599574338,0.9999999999999999
trial_000_ep1_task100,0,0.9999,high,1,1,easy,0.0,0.0,25,25,5,,,True,True,True,0.0,1,,,True,True,True,0.0,1.0,1.0,1.0,
trial_000_ep1_task100,0,0.9999,high,1,1,easy,0.0,0.0,25,25,10,,,True,True,True,0.0,1,,,True,True,True,0.0,1.0,1.0,1.0,
trial_000_ep1_task100,0,0.9999,high,1,1,easy,0.0,0.0,25,25,20,,,True,True,True,0.0,1,,,True,True,True,0.0,1.0,1.0,1.0,
trial_000_ep1_task100,0,0.9999,high,1,1,easy,0.0,0.0,25,25,50,,,True,True,True,0.0,1,,,True,True,True,0.0,1.0,1.0,1.0,
trial_000_ep1_task101,0,0.9,low,28,28,easy,0.007598876953125,0.0021005719900131226,5,27,5,0.485733347882235,0.3668902189280585,False,False,True,1.5401558135011584,7,0.7327777742420644,0.596196605758095,True,True,True,0.0,0.25,0.594017094017094,0.7929487179487179,0.9999999999999998
trial_000_ep1_task101,0,0.9,low,28,28,easy,0.007598876953125,0.0021005719900131226,5,27,10,0.485733347882235,0.3668902189280585,False,False,True,1.5401558135011726,7,0.7327777742420644,0.596196605758095,True,True,True,0.0,0.25,0.594017094017094,0.7929487179487179,0.9999999999999998
trial_000_ep1_task101,0,0.9,low,28,28,easy,0.007598876953125,0.0021005719900131226,5,27,20,0.485733347882235,0.3668902189280585,False,False,True,1.5401558135011442,7,0.7327777742420644,0.596196605758095,True,True,True,0.0,0.25,0.594017094017094,0.7929487179487179,0.9999999999999998
trial_000_ep1_task101,0,0.9,low,28,28,easy,0.007598876953125,0.0021005719900131226,5,27,50,0.485733347882235,0.3668902189280585,False,False,True,1.5401558135011442,7,0.7327777742420644,0.596196605758095,True,True,True,0.0,0.25,0.594017094017094,0.7929487179487179,0.9999999999999998
trial_000_ep1_task102,0,0.9,low,28,28,easy,0.00445556640625,0.0012380705447867513,5,27,5,0.5765298337822399,0.44141479464782035,True,True,True,0.0,7,0.7634146253126182,0.6363252234533514,True,True,True,0.0,0.25,0.594017094017094,0.7929487179487179,0.9999999999999998
trial_000_ep1_task102,0,0.9,low,28,28,easy,0.00445556640625,0.0012380705447867513,5,27,10,0.5765298337822399,0.44141479464782035,True,True,True,0.0,7,0.7634146253126182,0.6363252234533514,True,True,True,0.0,0.25,0.594017094017094,0.7929487179487179,0.9999999999999998
trial_000_ep1_task102,0,0.9,low,28,28,easy,0.00445556640625,0.0012380705447867513,5,27,20,0.5765298337822399,0.44141479464782035,True,True,True,0.0,7,0.7634146253126182,0.6363252234533514,True,True,True,0.0,0.25,0.594017094017094,0.7929487179487179,0.9999999999999998
trial_000_ep1_task102,0,0.9,low,28,28,easy,0.00445556640625,0.0012380705447867513,5,27,50,0.5765298337822399,0.44141479464782035,True,True,True,0.0,7,0.7634146253126182,0.6363252234533514,True,True,True,0.0,0.25,0.594017094017094,0.7929487179487179,0.9999999999999998
trial_000_ep1_task108,0,0.9999,high,0,1,easy,0.0,0.0,25,25,5,,,True,True,True,0.0,1,,,True,True,True,0.0,1.0,1.0,1.0,
trial_000_ep1_task108,0,0.9999,high,0,1,easy,0.0,0.0,25,25,10,,,True,True,True,0.0,1,,,True,True,True,0.0,1.0,1.0,1.0,
trial_000_ep1_task108,0,0.9999,high,0,1,easy,0.0,0.0,25,25,20,,,True,True,True,0.0,1,,,True,True,True,0.0,1.0,1.0,1.0,
trial_000_ep1_task108,0,0.9999,high,0,1,easy,0.0,0.0,25,25,50,,,True,True,True,0.0,1,,,True,True,True,0.0,1.0,1.0,1.0,
trial_000_ep1_task109,0,0.9,high,28,28,coupled,0.008876800537109375,0.0026148478500545025,5,27,5,-0.15702092997210518,-0.10329901571815812,False,False,False,22.760188280608133,5,-0.1471211865763157,-0.07611506421337967,False,False,False,32.62238994750679,0.1785714285714286,0.45940170940170943,0.6576210826210827,0.9999999999999998
trial_000_ep1_task109,0,0.9,high,28,28,coupled,0.008876800537109375,0.0026148478500545025,5,27,10,-0.15702092997210518,-0.10329901571815812,False,False,False,22.760188280608133,5,-0.1471211865763157,-0.07611506421337967,False,False,False,32.62238994750679,0.1785714285714286,0.45940170940170943,0.6576210826210827,0.9999999999999998
trial_000_ep1_task109,0,0.9,high,28,28,coupled,0.008876800537109375,0.0026148478500545025,5,27,20,-0.15702092997210518,-0.10329901571815812,False,False,False,22.760188280608133,5,-0.1471211865763157,-0.07611506421337967,False,False,False,32.622389947506804,0.1785714285714286,0.45940170940170943,0.6576210826210827,0.9999999999999998
trial_000_ep1_task109,0,0.9,high,28,28,coupled,0.008876800537109375,0.0026148478500545025,5,27,50,-0.15702092997210518,-0.10329901571815812,False,False,False,22.760188280608133,5,-0.1471211865763157,-0.07611506421337967,False,False,False,32.62238994750669,0.1785714285714286,0.45940170940170943,0.6576210826210827,0.9999999999999998
trial_000_ep1_task112,0,0.9999,medium,0,1,easy,0.0,0.0,25,25,5,,,True,True,True,0.0,1,,,True,True,True,0.0,1.0,1.0,1.0,
trial_000_ep1_task112,0,0.9999,medium,0,1,easy,0.0,0.0,25,25,10,,,True,True,True,0.0,1,,,True,True,True,0.0,1.0,1.0,1.0,
trial_000_ep1_task112,0,0.9999,medium,0,1,easy,0.0,0.0,25,25,20,,,True,True,True,0.0,1,,,True,True,True,0.0,1.0,1.0,1.0,
trial_000_ep1_task112,0,0.9999,medium,0,1,easy,0.0,0.0,25,25,50,,,True,True,True,0.0,1,,,True,True,True,0.0,1.0,1.0,1.0,
trial_000_ep1_task117,0,0.99,low,16,16,easy,0.001209259033203125,0.0003337928210385144,5,27,5,0.5985403938585505,0.4795122238161564,True,True,True,0.0,6,0.29546268806249065,0.20287055622991232,True,True,True,0.0,0.375,0.7857142857142857,0.9423076923076923,1.0
trial_000_ep1_task117,0,0.99,low,16,16,easy,0.001209259033203125,0.0003337928210385144,5,27,10,0.5985403938585505,0.4795122238161564,True,True,True,0.0,6,0.29546268806249065,0.20287055622991232,True,True,True,0.0,0.375,0.7857142857142857,0.9423076923076923,1.0
trial_000_ep1_task117,0,0.99,low,16,16,easy,0.001209259033203125,0.0003337928210385144,5,27,20,0.5985403938585505,0.4795122238161564,True,True,True,0.0,6,0.29546268806249065,0.20287055622991232,True,True,True,0.0,0.375,0.7857142857142857,0.9423076923076923,1.0
trial_000_ep1_task117,0,0.99,low,16,16,easy,0.001209259033203125,0.0003337928210385144,5,27,50,0.5985403938585505,0.4795122238161564,True,True,True,0.0,6,0.29546268806249065,0.20287055622991232,True,True,True,0.0,0.375,0.7857142857142857,0.9423076923076923,1.0
trial_000_ep1_task125,0,0.999,medium,6,6,easy,0.000652313232421875,0.00019225467985961586,16,27,5,0.5161002296110789,0.447213595499958,True,True,True,0.0,3,0.09107651110783746,0.14907119849998599,True,True,True,0.0,0.5,0.95,1.0,1.0
trial_000_ep1_task125,0,0.999,medium,6,6,easy,0.000652313232421875,0.00019225467985961586,16,27,10,0.5161002296110789,0.447213595499958,True,True,True,0.0,3,0.09107651110783746,0.14907119849998599,True,True,True,0.0,0.5,0.95,1.0,1.0
trial_000_ep1_task125,0,0.999,medium,6,6,easy,0.000652313232421875,0.00019225467985961586,16,27,20,0.5161002296110789,0.447213595499958,True,True,True,0.0,3,0.09107651110783746,0.14907119849998599,True,True,True,0.0,0.5,0.95,1.0,1.0
trial_000_ep1_task125,0,0.999,medium,6,6,easy,0.000652313232421875,0.00019225467985961586,16,27,50,0.5161002296110789,0.447213595499958,True,True,True,0.0,3,0.09107651110783746,0.14907119849998599,True,True,True,0.0,0.5,0.95,1.0,1.0
trial_000_ep1_task129,0,0.9999,high,0,1,easy,0.0,0.0,25,25,5,,,True,True,True,0.0,1,,,True,True,True,0.0,1.0,1.0,1.0,
trial_000_ep1_task129,0,0.9999,high,0,1,easy,0.0,0.0,25,25,10,,,True,True,True,0.0,1,,,True,True,True,0.0,1.0,1.0,1.0,
trial_000_ep1_task129,0,0.9999,high,0,1,easy,0.0,0.0,25,25,20,,,True,True,True,0.0,1,,,True,True,True,0.0,1.0,1.0,1.0,
trial_000_ep1_task129,0,0.9999,high,0,1,easy,0.0,0.0,25,25,50,,,True,True,True,0.0,1,,,True,True,True,0.0,1.0,1.0,1.0,
trial_000_ep1_task130,0,0.9,high,28,28,easy,0.012454986572265625,0.00346780801191926,5,27,5,-0.14164519053058927,-0.11193502383496336,False,False,False,31.29585712733072,7,0.2801879288816103,0.20064308847628198,False,False,True,4.419981257464315,0.25,0.594017094017094,0.7929487179487179,0.9999999999999998
trial_000_ep1_task130,0,0.9,high,28,28,easy,0.012454986572265625,0.00346780801191926,5,27,10,-0.14164519053058927,-0.11193502383496336,False,False,False,31.29585712733069,7,0.2801879288816103,0.20064308847628198,False,False,True,4.419981257464315,0.25,0.594017094017094,0.7929487179487179,0.9999999999999998
trial_000_ep1_task130,0,0.9,high,28,28,easy,0.012454986572265625,0.00346780801191926,5,27,20,-0.14164519053058927,-0.11193502383496336,False,False,False,31.29585712733069,7,0.2801879288816103,0.20064308847628198,False,False,True,4.419981257464315,0.25,0.594017094017094,0.7929487179487179,0.9999999999999998
trial_000_ep1_task130,0,0.9,high,28,28,easy,0.012454986572265625,0.00346780801191926,5,27,50,-0.14164519053058927,-0.11193502383496336,False,False,False,31.29585712733069,7,0.2801879288816103,0.20064308847628198,False,False,True,4.419981257464315,0.25,0.594017094017094,0.7929487179487179,0.9999999999999998
trial_000_ep1_task133,0,0.99,high,26,26,easy,0.00612640380859375,0.0016202630940824747,5,27,5,0.30954870243532195,0.22722961560641844,True,True,True,0.0,6,0.6229019140625864,0.4934128796025087,True,True,True,0.0,0.23076923076923073,0.5615384615384615,0.7643052599574338,0.9999999999999999
trial_000_ep1_task133,0,0.99,high,26,26,easy,0.00612640380859375,0.0016202630940824747,5,27,10,0.30954870243532195,0.22722961560641844,True,True,True,0.0,6,0.6229019140625864,0.4934128796025087,True,True,True,0.0,0.23076923076923073,0.5615384615384615,0.7643052599574338,0.9999999999999999
trial_000_ep1_task133,0,0.99,high,26,26,easy,0.00612640380859375,0.0016202630940824747,5,27,20,0.30954870243532195,0.22722961560641844,True,True,True,0.0,6,0.6229019140625864,0.4934128796025087,True,True,True,0.0,0.23076923076923073,0.5615384615384615,0.7643052599574338,0.9999999999999999
trial_000_ep1_task133,0,0.99,high,26,26,easy,0.00612640380859375,0.0016202630940824747,5,27,50,0.30954870243532195,0.22722961560641844,True,True,True,0.0,6,0.6229019140625864,0.4934128796025087,True,True,True,0.0,0.23076923076923073,0.5615384615384615,0.7643052599574338,0.9999999999999999
trial_000_ep1_task135,0,0.999,medium,5,5,coupled,0.00146484375,0.000468186306534335,16,27,5,0.7826237921249264,0.5976143046671968,True,True,True,0.0,3,-0.6708203932499368,-0.5976143046671968,False,True,True,36.583023212526825,0.6,1.0,1.0,0.9999999999999999
trial_000_ep1_task135,0,0.999,medium,5,5,coupled,0.00146484375,0.000468186306534335,16,27,10,0.7826237921249264,0.5976143046671968,True,True,True,0.0,3,-0.6708203932499368,-0.5976143046671968,False,True,True,38.8407211664412,0.6,1.0,1.0,0.9999999999999999
trial_000_ep1_task135,0,0.999,medium,5,5,coupled,0.00146484375,0.000468186306534335,16,27,20,0.7826237921249264,0.5976143046671968,True,True,True,0.0,3,-0.6708203932499368,-0.5976143046671968,False,True,True,38.8407211664412,0.6,1.0,1.0,0.9999999999999999
trial_000_ep1_task135,0,0.999,medium,5,5,coupled,0.00146484375,0.000468186306534335,16,27,50,0.7826237921249264,0.5976143046671968,True,True,True,0.0,3,-0.6708203932499368,-0.5976143046671968,False,True,True,38.8407211664412,0.6,1.0,1.0,0.9999999999999999
trial_000_ep1_task138,0,0.9,medium,28,28,easy,0.008281707763671875,0.0023064955603331327,5,27,5,-0.12168141563348774,-0.1315903389919538,False,False,False,18.17528422675477,5,0.1830727180911071,0.1315903389919538,False,False,False,19.14095087230254,0.1785714285714286,0.45940170940170943,0.6576210826210827,0.9999999999999998
trial_000_ep1_task138,0,0.9,medium,28,28,easy,0.008281707763671875,0.0023064955603331327,5,27,10,-0.12168141563348774,-0.1315903389919538,False,False,False,18.175284226754798,5,0.1830727180911071,0.1315903389919538,False,False,False,19.140950872302597,0.1785714285714286,0.45940170940170943,0.6576210826210827,0.9999999999999998
trial_000_ep1_task138,0,0.9,medium,28,28,easy,0.008281707763671875,0.0023064955603331327,5,27,20,-0.12168141563348774,-0.1315903389919538,False,False,False,18.175284226754798,5,0.1830727180911071,0.1315903389919538,False,False,False,19.140950872302597,0.1785714285714286,0.45940170940170943,0.6576210826210827,0.9999999999999998
trial_000_ep1_task138,0,0.9,medium,28,28,easy,0.008281707763671875,0.0023064955603331327,5,27,50,-0.12168141563348774,-0.1315903389919538,False,False,False,18.17528422675491,5,0.1830727180911071,0.1315903389919538,False,False,False,19.140950872302767,0.1785714285714286,0.45940170940170943,0.6576210826210827,0.9999999999999998
trial_000_ep1_task139,0,0.999,medium,7,7,easy,0.002422332763671875,0.0006928796647116542,16,27,5,-0.21428571428571433,-0.14285714285714288,False,False,False,2.1796079691742136,1,0.5714285714285715,0.4285714285714286,False,True,True,1.7965288332310934,0.1428571428571429,0.4285714285714285,0.7142857142857143,1.0
trial_000_ep1_task139,0,0.999,medium,7,7,easy,0.002422332763671875,0.0006928796647116542,16,27,10,-0.21428571428571433,-0.14285714285714288,False,False,False,2.179607969174242,1,0.5714285714285715,0.4285714285714286,False,True,True,1.7965288332310365,0.1428571428571429,0.4285714285714285,0.7142857142857143,1.0
trial_000_ep1_task139,0,0.999,medium,7,7,easy,0.002422332763671875,0.0006928796647116542,16,27,20,-0.21428571428571433,-0.14285714285714288,False,False,False,2.179607969174185,1,0.5714285714285715,0.4285714285714286,False,True,True,1.7965288332310365,0.1428571428571429,0.4285714285714285,0.7142857142857143,1.0
trial_000_ep1_task139,0,0.999,medium,7,7,easy,0.002422332763671875,0.0006928796647116542,16,27,50,-0.21428571428571433,-0.14285714285714288,False,False,False,2.179607969174185,1,0.5714285714285715,0.4285714285714286,False,True,True,1.7965288332310365,0.1428571428571429,0.4285714285714285,0.7142857142857143,1.0
trial_000_ep1_task141,0,0.99,high,16,16,easy,0.00147247314453125,0.0004674531810451299,5,27,5,-0.43152472149123866,-0.32205820684379116,False,False,False,5.573845679244727,4,0.4671412494260718,0.34743961448615174,True,True,True,0.0,0.25,0.6071428571428572,0.8186813186813188,1.0
trial_000_ep1_task141,0,0.99,high,16,16,easy,0.00147247314453125,0.0004674531810451299,5,27,10,-0.43152472149123866,-0.32205820684379116,False,False,False,5.573845679244755,4,0.4671412494260718,0.34743961448615174,True,True,True,0.0,0.25,0.6071428571428572,0.8186813186813188,1.0
trial_000_ep1_task141,0,0.99,high,16,16,easy,0.00147247314453125,0.0004674531810451299,5,27,20,-0.43152472149123866,-0.32205820684379116,False,False,False,5.573845679244755,4,0.4671412494260718,0.34743961448615174,True,True,True,0.0,0.25,0.6071428571428572,0.8186813186813188,1.0
trial_000_ep1_task141,0,0.99,high,16,16,easy,0.00147247314453125,0.0004674531810451299,5,27,50,-0.43152472149123866,-0.32205820684379116,False,False,False,5.573845679244755,4,0.4671412494260718,0.34743961448615174,True,True,True,0.0,0.25,0.6071428571428572,0.8186813186813188,1.0
trial_000_ep1_task143,0,0.999,low,7,7,easy,0.0017242431640625,0.000478104135254398,16,27,5,0.6175347814894367,0.4665694748158435,True,True,True,0.0,4,0.5378528742004772,0.4665694748158435,True,True,True,0.0,0.5714285714285714,0.9714285714285714,1.0,1.0
trial_000_ep1_task143,0,0.999,low,7,7,easy,0.0017242431640625,0.000478104135254398,16,27,10,0.6175347814894367,0.4665694748158435,True,True,True,0.0,4,0.5378528742004772,0.4665694748158435,True,True,True,0.0,0.5714285714285714,0.9714285714285714,1.0,1.0
trial_000_ep1_task143,0,0.999,low,7,7,easy,0.0017242431640625,0.000478104135254398,16,27,20,0.6175347814894367,0.4665694748158435,True,True,True,0.0,4,0.5378528742004772,0.4665694748158435,True,True,True,0.0,0.5714285714285714,0.9714285714285714,1.0,1.0
trial_000_ep1_task143,0,0.999,low,7,7,easy,0.0017242431640625,0.000478104135254398,16,27,50,0.6175347814894367,0.4665694748158435,True,True,True,0.0,4,0.5378528742004772,0.4665694748158435,True,True,True,0.0,0.5714285714285714,0.9714285714285714,1.0,1.0
trial_000_ep1_task145,0,0.9,high,28,28,easy,0.00942230224609375,0.002585963811725378,5,27,5,0.15538970960970566,0.145031580287139,True,True,True,0.0,6,0.43569810636457856,0.34079908829549843,False,True,True,6.802974665807085,0.2142857142857143,0.5299145299145298,0.732051282051282,0.9999999999999998
trial_000_ep1_task145,0,0.9,high,28,28,easy,0.00942230224609375,0.002585963811725378,5,27,10,0.15538970960970566,0.145031580287139,True,True,True,0.0,6,0.43569810636457856,0.34079908829549843,False,True,True,6.802974665807142,0.2142857142857143,0.5299145299145298,0.732051282051282,0.9999999999999998
trial_000_ep1_task145,0,0.9,high,28,28,easy,0.00942230224609375,0.002585963811725378,5,27,20,0.15538970960970566,0.145031580287139,True,True,True,0.0,6,0.43569810636457856,0.34079908829549843,False,True,True,6.802974665807028,0.2142857142857143,0.5299145299145298,0.732051282051282,0.9999999999999998
trial_000_ep1_task145,0,0.9,high,28,28,easy,0.00942230224609375,0.002585963811725378,5,27,50,0.15538970960970566,0.145031580287139,True,True,True,0.0,6,0.43569810636457856,0.34079908829549843,False,True,True,6.802974665807028,0.2142857142857143,0.5299145299145298,0.732051282051282,0.9999999999999998
trial_000_ep1_task147,0,0.9,medium,28,28,easy,0.029041290283203125,0.008193294517695904,5,27,5,0.4559320472954235,0.32676160123280207,True,True,True,0.0,7,0.680973644250037,0.533137349379835,True,True,True,0.0,0.25,0.594017094017094,0.7929487179487179,0.9999999999999998
trial_000_ep1_task147,0,0.9,medium,28,28,easy,0.029041290283203125,0.008193294517695904,5,27,10,0.4559320472954235,0.32676160123280207,True,True,True,0.0,7,0.680973644250037,0.533137349379835,True,True,True,0.0,0.25,0.594017094017094,0.7929487179487179,0.9999999999999998
trial_000_ep1_task147,0,0.9,medium,28,28,easy,0.029041290283203125,0.008193294517695904,5,27,20,0.4559320472954235,0.32676160123280207,True,True,True,0.0,7,0.680973644250037,0.533137349379835,True,True,True,0.0,0.25,0.594017094017094,0.7929487179487179,0.9999999999999998
trial_000_ep1_task147,0,0.9,medium,28,28,easy,0.029041290283203125,0.008193294517695904,5,27,50,0.4559320472954235,0.32676160123280207,True,True,True,0.0,7,0.680973644250037,0.533137349379835,True,True,True,0.0,0.25,0.594017094017094,0.7929487179487179,0.9999999999999998
trial_000_ep1_task149,0,0.999,medium,5,5,easy,0.000598907470703125,0.00019802652241196483,16,27,5,-0.5773502691896257,-0.5163977794943223,False,True,True,6.119245516774811,2,0.5773502691896257,0.5163977794943223,True,True,True,0.0,0.4,0.9,1.0,0.9999999999999999
trial_000_ep1_task149,0,0.999,medium,5,5,easy,0.000598907470703125,0.00019802652241196483,16,27,10,-0.5773502691896257,-0.5163977794943223,False,True,True,6.119245516774868,2,0.5773502691896257,0.5163977794943223,True,True,True,0.0,0.4,0.9,1.0,0.9999999999999999
trial_000_ep1_task149,0,0.999,medium,5,5,easy,0.000598907470703125,0.00019802652241196483,16,27,20,-0.5773502691896257,-0.5163977794943223,False,True,True,6.119245516774868,2,0.5773502691896257,0.5163977794943223,True,True,True,0.0,0.4,0.9,1.0,0.9999999999999999
trial_000_ep1_task149,0,0.999,medium,5,5,easy,0.000598907470703125,0.00019802652241196483,16,27,50,-0.5773502691896257,-0.5163977794943223,False,True,True,6.119245516774868,2,0.5773502691896257,0.5163977794943223,True,True,True,0.0,0.4,0.9,1.0,0.9999999999999999
trial_000_ep1_task151,0,0.99,medium,28,28,easy,0.00493621826171875,0.0012449496425688267,5,27,5,0.445905441490515,0.35542489958655665,True,True,True,0.0,7,0.6428168388258018,0.48154341234307674,True,True,True,0.0,0.25,0.594017094017094,0.7929487179487179,0.9999999999999998
trial_000_ep1_task151,0,0.99,medium,28,28,easy,0.00493621826171875,0.0012449496425688267,5,27,10,0.445905441490515,0.35542489958655665,True,True,True,0.0,7,0.6428168388258018,0.48154341234307674,True,True,True,0.0,0.25,0.594017094017094,0.7929487179487179,0.9999999999999998
trial_000_ep1_task151,0,0.99,medium,28,28,easy,0.00493621826171875,0.0012449496425688267,5,27,20,0.445905441490515,0.35542489958655665,True,True,True,0.0,7,0.6428168388258018,0.48154341234307674,True,True,True,0.0,0.25,0.594017094017094,0.7929487179487179,0.9999999999999998
trial_000_ep1_task151,0,0.99,medium,28,28,easy,0.00493621826171875,0.0012449496425688267,5,27,50,0.445905441490515,0.35542489958655665,True,True,True,0.0,7,0.6428168388258018,0.48154341234307674,True,True,True,0.0,0.25,0.594017094017094,0.7929487179487179,0.9999999999999998
trial_000_ep1_task154,0,0.9999,low,0,1,easy,0.0,0.0,25,25,5,,,True,True,True,0.0,1,,,True,True,True,0.0,1.0,1.0,1.0,
trial_000_ep1_task154,0,0.9999,low,0,1,easy,0.0,0.0,25,25,10,,,True,True,True,0.0,1,,,True,True,True,0.0,1.0,1.0,1.0,
trial_000_ep1_task154,0,0.9999,low,0,1,easy,0.0,0.0,25,25,20,,,True,True,True,0.0,1,,,True,True,True,0.0,1.0,1.0,1.0,
trial_000_ep1_task154,0,0.9999,low,0,1,easy,0.0,0.0,25,25,50,,,True,True,True,0.0,1,,,True,True,True,0.0,1.0,1.0,1.0,
trial_000_ep1_task155,0,0.999,high,7,7,coupled,0.002941131591796875,0.0008477705996483564,16,27,5,0.7857142857142859,0.6190476190476191,False,True,True,8.012448485674156,1,0.42857142857142866,0.33333333333333337,False,False,True,3.228882783268034,0.1428571428571429,0.4285714285714285,0.7142857142857143,1.0
trial_000_ep1_task155,0,0.999,high,7,7,coupled,0.002941131591796875,0.0008477705996483564,16,27,10,0.7857142857142859,0.6190476190476191,False,True,True,8.012448485674156,1,0.42857142857142866,0.33333333333333337,False,False,True,3.228882783268091,0.1428571428571429,0.4285714285714285,0.7142857142857143,1.0
trial_000_ep1_task155,0,0.999,high,7,7,coupled,0.002941131591796875,0.0008477705996483564,16,27,20,0.7857142857142859,0.6190476190476191,False,True,True,8.012448485674213,1,0.42857142857142866,0.33333333333333337,False,False,True,3.228882783268091,0.1428571428571429,0.4285714285714285,0.7142857142857143,1.0
trial_000_ep1_task155,0,0.999,high,7,7,coupled,0.002941131591796875,0.0008477705996483564,16,27,50,0.7857142857142859,0.6190476190476191,False,True,True,8.012448485674213,1,0.42857142857142866,0.33333333333333337,False,False,True,3.228882783268091,0.1428571428571429,0.4285714285714285,0.7142857142857143,1.0
trial_000_ep1_task157,0,0.999,high,14,14,easy,0.0007476806640625,0.00021858676336705685,11,27,5,0.23038172470850782,0.18633899812498247,True,True,True,0.0,6,0.6696736984821533,0.568291142773511,True,True,True,0.0,0.4285714285714286,0.8461538461538461,0.9720279720279721,1.0
trial_000_ep1_task157,0,0.999,high,14,14,easy,0.0007476806640625,0.00021858676336705685,11,27,10,0.23038172470850782,0.18633899812498247,True,True,True,0.0,6,0.6696736984821533,0.568291142773511,True,True,True,0.0,0.4285714285714286,0.8461538461538461,0.9720279720279721,1.0
trial_000_ep1_task157,0,0.999,high,14,14,easy,0.0007476806640625,0.00021858676336705685,11,27,20,0.23038172470850782,0.18633899812498247,True,True,True,0.0,6,0.6696736984821533,0.568291142773511,True,True,True,0.0,0.4285714285714286,0.8461538461538461,0.9720279720279721,1.0
trial_000_ep1_task157,0,0.999,high,14,14,easy,0.0007476806640625,0.00021858676336705685,11,27,50,0.23038172470850782,0.18633899812498247,True,True,True,0.0,6,0.6696736984821533,0.568291142773511,True,True,True,0.0,0.4285714285714286,0.8461538461538461,0.9720279720279721,1.0
trial_000_ep1_task159,0,0.9999,medium,1,1,easy,0.0,0.0,25,25,5,,,True,True,True,0.0,1,,,True,True,True,0.0,1.0,1.0,1.0,
trial_000_ep1_task159,0,0.9999,medium,1,1,easy,0.0,0.0,25,25,10,,,True,True,True,0.0,1,,,True,True,True,0.0,1.0,1.0,1.0,
trial_000_ep1_task159,0,0.9999,medium,1,1,easy,0.0,0.0,25,25,20,,,True,True,True,0.0,1,,,True,True,True,0.0,1.0,1.0,1.0,
trial_000_ep1_task159,0,0.9999,medium,1,1,easy,0.0,0.0,25,25,50,,,True,True,True,0.0,1,,,True,True,True,0.0,1.0,1.0,1.0,
trial_000_ep1_task162,0,0.99,medium,28,28,easy,0.0140533447265625,0.004022796172648668,5,27,5,0.4372714198251771,0.3382269205743039,True,True,True,0.0,7,0.7419688295632304,0.596196605758095,True,True,True,0.0,0.25,0.594017094017094,0.7929487179487179,0.9999999999999998
trial_000_ep1_task162,0,0.99,medium,28,28,easy,0.0140533447265625,0.004022796172648668,5,27,10,0.4372714198251771,0.3382269205743039,True,True,True,0.0,7,0.7419688295632304,0.596196605758095,True,True,True,0.0,0.25,0.594017094017094,0.7929487179487179,0.9999999999999998
trial_000_ep1_task162,0,0.99,medium,28,28,easy,0.0140533447265625,0.004022796172648668,5,27,20,0.4372714198251771,0.3382269205743039,True,True,True,0.0,7,0.7419688295632304,0.596196605758095,True,True,True,0.0,0.25,0.594017094017094,0.7929487179487179,0.9999999999999998
trial_000_ep1_task162,0,0.99,medium,28,28,easy,0.0140533447265625,0.004022796172648668,5,27,50,0.4372714198251771,0.3382269205743039,True,True,True,0.0,7,0.7419688295632304,0.596196605758095,True,True,True,0.0,0.25,0.594017094017094,0.7929487179487179,0.9999999999999998
trial_000_ep1_task163,0,0.9,low,28,28,easy,0.006389617919921875,0.0017899031518027186,5,27,5,0.5667817448052455,0.4356821349770695,True,True,True,0.0,7,0.7578442887543356,0.6305925637826005,True,True,True,0.0,0.25,0.594017094017094,0.7929487179487179,0.9999999999999998
trial_000_ep1_task163,0,0.9,low,28,28,easy,0.006389617919921875,0.0017899031518027186,5,27,10,0.5667817448052455,0.4356821349770695,True,True,True,0.0,7,0.7578442887543356,0.6305925637826005,True,True,True,0.0,0.25,0.594017094017094,0.7929487179487179,0.9999999999999998
trial_000_ep1_task163,0,0.9,low,28,28,easy,0.006389617919921875,0.0017899031518027186,5,27,20,0.5667817448052455,0.4356821349770695,True,True,True,0.0,7,0.7578442887543356,0.6305925637826005,True,True,True,0.0,0.25,0.594017094017094,0.7929487179487179,0.9999999999999998
trial_000_ep1_task163,0,0.9,low,28,28,easy,0.006389617919921875,0.0017899031518027186,5,27,50,0.5667817448052455,0.4356821349770695,True,True,True,0.0,7,0.7578442887543356,0.6305925637826005,True,True,True,0.0,0.25,0.594017094017094,0.7929487179487179,0.9999999999999998
trial_000_ep1_task169,0,0.9999,high,0,1,easy,0.0,0.0,25,25,5,,,True,True,True,0.0,1,,,True,True,True,0.0,1.0,1.0,1.0,
trial_000_ep1_task169,0,0.9999,high,0,1,easy,0.0,0.0,25,25,10,,,True,True,True,0.0,1,,,True,True,True,0.0,1.0,1.0,1.0,
trial_000_ep1_task169,0,0.9999,high,0,1,easy,0.0,0.0,25,25,20,,,True,True,True,0.0,1,,,True,True,True,0.0,1.0,1.0,1.0,
trial_000_ep1_task169,0,0.9999,high,0,1,easy,0.0,0.0,25,25,50,,,True,True,True,0.0,1,,,True,True,True,0.0,1.0,1.0,1.0,
trial_000_ep1_task171,0,0.999,high,15,15,easy,0.002582550048828125,0.0007516993209719658,5,27,5,-0.364454773139948,-0.29271427209411177,False,False,False,21.42001166676644,3,0.19731140091689817,0.12623739264661615,False,False,True,11.510238692661943,0.19999999999999996,0.5164835164835164,0.7362637362637363,1.0
trial_000_ep1_task171,0,0.999,high,15,15,easy,0.002582550048828125,0.0007516993209719658,5,27,10,-0.364454773139948,-0.29271427209411177,False,False,False,21.420011666766413,3,0.19731140091689817,0.12623739264661615,False,False,True,11.510238692661915,0.19999999999999996,0.5164835164835164,0.7362637362637363,1.0
trial_000_ep1_task171,0,0.999,high,15,15,easy,0.002582550048828125,0.0007516993209719658,5,27,20,-0.364454773139948,-0.29271427209411177,False,False,False,21.420011666766413,3,0.19731140091689817,0.12623739264661615,False,False,True,11.510238692661915,0.19999999999999996,0.5164835164835164,0.7362637362637363,1.0
trial_000_ep1_task171,0,0.999,high,15,15,easy,0.002582550048828125,0.0007516993209719658,5,27,50,-0.364454773139948,-0.29271427209411177,False,False,False,21.42001166676647,3,0.19731140091689817,0.12623739264661615,False,False,True,11.510238692661915,0.19999999999999996,0.5164835164835164,0.7362637362637363,1.0
trial_000_ep1_task172,0,0.9999,low,0,1,easy,0.0,0.0,25,25,5,,,True,True,True,0.0,1,,,True,True,True,0.0,1.0,1.0,1.0,
trial_000_ep1_task172,0,0.9999,low,0,1,easy,0.0,0.0,25,25,10,,,True,True,True,0.0,1,,,True,True,True,0.0,1.0,1.0,1.0,
trial_000_ep1_task172,0,0.9999,low,0,1,easy,0.0,0.0,25,25,20,,,True,True,True,0.0,1,,,True,True,True,0.0,1.0,1.0,1.0,
trial_000_ep1_task172,0,0.9999,low,0,1,easy,0.0,0.0,25,25,50,,,True,True,True,0.0,1,,,True,True,True,0.0,1.0,1.0,1.0,
trial_000_ep1_task175,0,0.9,high,28,28,easy,0.012889862060546875,0.0028883768245577812,5,27,5,-0.1426006158920323,-0.09172255473201463,False,False,False,30.458184204427255,7,0.4241811289132132,0.3382269205743039,True,True,True,0.0,0.25,0.594017094017094,0.7929487179487179,0.9999999999999998
trial_000_ep1_task175,0,0.9,high,28,28,easy,0.012889862060546875,0.0028883768245577812,5,27,10,-0.1426006158920323,-0.09172255473201463,False,False,False,30.45818420442714,7,0.4241811289132132,0.3382269205743039,True,True,True,0.0,0.25,0.594017094017094,0.7929487179487179,0.9999999999999998
trial_000_ep1_task175,0,0.9,high,28,28,easy,0.012889862060546875,0.0028883768245577812,5,27,20,-0.1426006158920323,-0.09172255473201463,False,False,False,30.458184204427255,7,0.4241811289132132,0.3382269205743039,True,True,True,0.0,0.25,0.594017094017094,0.7929487179487179,0.9999999999999998
trial_000_ep1_task175,0,0.9,high,28,28,easy,0.012889862060546875,0.0028883768245577812,5,27,50,-0.1426006158920323,-0.09172255473201463,False,False,False,30.458184204427198,7,0.4241811289132132,0.3382269205743039,True,True,True,0.0,0.25,0.594017094017094,0.7929487179487179,0.9999999999999998
trial_000_ep1_task177,0,0.9,medium,28,28,easy,0.006500244140625,0.0017546915914863348,5,27,5,0.36262890994419145,0.2522370255130402,False,False,False,1.5923771240885571,7,0.4865688983659773,0.3726228785988094,False,False,True,1.5923771240885571,0.25,0.594017094017094,0.7929487179487179,0.9999999999999998
trial_000_ep1_task177,0,0.9,medium,28,28,easy,0.006500244140625,0.0017546915914863348,5,27,10,0.36262890994419145,0.2522370255130402,False,False,False,1.5923771240885003,7,0.4865688983659773,0.3726228785988094,False,False,True,1.5923771240885003,0.25,0.594017094017094,0.7929487179487179,0.9999999999999998
trial_000_ep1_task177,0,0.9,medium,28,28,easy,0.006500244140625,0.0017546915914863348,5,27,20,0.36262890994419145,0.2522370255130402,False,False,False,1.5923771240884435,7,0.4865688983659773,0.3726228785988094,False,False,True,1.5923771240884435,0.25,0.594017094017094,0.7929487179487179,0.9999999999999998
trial_000_ep1_task177,0,0.9,medium,28,28,easy,0.006500244140625,0.0017546915914863348,5,27,50,0.36262890994419145,0.2522370255130402,False,False,False,1.5923771240884435,7,0.4865688983659773,0.3726228785988094,False,False,True,1.5923771240884435,0.25,0.594017094017094,0.7929487179487179,0.9999999999999998
trial_000_ep1_task179,0,0.99,low,16,16,easy,0.001922607421875,0.0005282951169647276,5,27,5,-0.32440857904453935,-0.2305312431928703,False,False,False,4.137644110764796,2,0.20780088703774635,0.14186538042638172,False,True,True,3.653980569657776,0.125,0.3500000000000001,0.5416666666666667,1.0
trial_000_ep1_task179,0,0.99,low,16,16,easy,0.001922607421875,0.0005282951169647276,5,27,10,-0.32440857904453935,-0.2305312431928703,False,False,False,4.137644110764938,2,0.20780088703774635,0.14186538042638172,False,True,True,3.6539805696579037,0.125,0.3500000000000001,0.5416666666666667,1.0
trial_000_ep1_task179,0,0.99,low,16,16,easy,0.001922607421875,0.0005282951169647276,5,27,20,-0.32440857904453935,-0.2305312431928703,False,False,False,4.137644110764768,2,0.20780088703774635,0.14186538042638172,False,True,True,3.65398056965779,0.125,0.3500000000000001,0.5416666666666667,1.0
trial_000_ep1_task179,0,0.99,low,16,16,easy,0.001922607421875,0.0005282951169647276,5,27,50,-0.32440857904453935,-0.2305312431928703,False,False,False,4.137644110764882,2,0.20780088703774635,0.14186538042638172,False,True,True,3.653980569657847,0.125,0.3500000000000001,0.5416666666666667,1.0
trial_000_ep1_task181,0,0.9,low,28,28,easy,0.007659912109375,0.002171433297917247,5,27,5,-0.22808133700072608,-0.15228389102412718,False,False,True,29.990622612934743,5,-0.2594862970628804,-0.15484745706789607,False,True,True,29.20939774473149,0.1785714285714286,0.45940170940170943,0.6576210826210827,0.9999999999999998
trial_000_ep1_task181,0,0.9,low,28,28,easy,0.007659912109375,0.002171433297917247,5,27,10,-0.2520013207423153,-0.18444636699139497,False,False,True,29.990622612934715,4,-0.39874095925904224,-0.2749286996141075,False,False,False,29.20939774473146,0.1428571428571429,0.38217338217338226,0.5675213675213676,0.9999999999999998
trial_000_ep1_task181,0,0.9,low,28,28,easy,0.007659912109375,0.002171433297917247,5,27,20,-0.2520013207423153,-0.18444636699139497,False,False,True,29.990622612934658,4,-0.39874095925904224,-0.2749286996141075,False,False,False,29.20939774473146,0.1428571428571429,0.38217338217338226,0.5675213675213676,0.9999999999999998
trial_000_ep1_task181,0,0.9,low,28,28,easy,0.007659912109375,0.002171433297917247,5,27,50,-0.2520013207423153,-0.18444636699139497,False,False,True,29.990622612934658,4,-0.39874095925904224,-0.2749286996141075,False,False,False,29.20939774473146,0.1428571428571429,0.38217338217338226,0.5675213675213676,0.9999999999999998
trial_000_ep1_task182,0,0.9,high,28,28,coupled,0.0081939697265625,0.0019958943594247103,5,27,5,0.12066585071131143,0.08136026835241843,False,False,False,8.544838683363878,5,0.2222050883037631,0.14849609024034086,False,False,True,8.544838683363878,0.1785714285714286,0.45940170940170943,0.6576210826210827,0.9999999999999998
trial_000_ep1_task182,0,0.9,high,28,28,coupled,0.0081939697265625,0.0019958943594247103,5,27,10,0.10024970573792652,0.06039217543781152,False,False,False,8.544838683363992,4,0.13851291609620042,0.08772689266130253,False,False,False,8.544838683363992,0.1428571428571429,0.38217338217338226,0.5675213675213676,0.9999999999999998
trial_000_ep1_task182,0,0.9,high,28,28,coupled,0.0081939697265625,0.0019958943594247103,5,27,20,0.10024970573792652,0.06039217543781152,False,False,False,8.544838683363992,4,0.13851291609620042,0.08772689266130253,False,False,False,8.544838683363992,0.1428571428571429,0.38217338217338226,0.5675213675213676,0.9999999999999998
trial_000_ep1_task182,0,0.9,high,28,28,coupled,0.0081939697265625,0.0019958943594247103,5,27,50,0.10024970573792652,0.06039217543781152,False,False,False,8.544838683363992,4,0.13851291609620042,0.08772689266130253,False,False,False,8.544838683363992,0.1428571428571429,0.38217338217338226,0.5675213675213676,0.9999999999999998
trial_000_ep1_task183,0,0.999,high,7,7,easy,0.001522064208984375,0.00041975785279646516,16,27,5,-0.3571428571428572,-0.33333333333333337,False,False,False,47.86033032425854,1,-0.14285714285714288,-0.04761904761904762,False,True,True,28.81193763595411,0.1428571428571429,0.4285714285714285,0.7142857142857143,1.0
trial_000_ep1_task183,0,0.999,high,7,7,easy,0.001522064208984375,0.00041975785279646516,16,27,10,-0.42857142857142866,-0.4285714285714286,False,False,False,36.87694440819138,1,0.07142857142857144,0.04761904761904762,False,True,True,17.828551719886946,0.1428571428571429,0.4285714285714285,0.7142857142857143,1.0
trial_000_ep1_task183,0,0.999,high,7,7,easy,0.001522064208984375,0.00041975785279646516,16,27,20,-0.42857142857142866,-0.4285714285714286,False,False,False,36.876944408191434,1,0.07142857142857144,0.04761904761904762,False,True,True,17.828551719886946,0.1428571428571429,0.4285714285714285,0.7142857142857143,1.0
trial_000_ep1_task183,0,0.999,high,7,7,easy,0.001522064208984375,0.00041975785279646516,16,27,50,-0.42857142857142866,-0.4285714285714286,False,False,False,36.876944408191434,1,0.07142857142857144,0.04761904761904762,False,True,True,17.828551719886946,0.1428571428571429,0.4285714285714285,0.7142857142857143,1.0
trial_000_ep1_task184,0,0.9999,high,1,1,easy,0.0,0.0,25,25,5,,,True,True,True,0.0,1,,,True,True,True,0.0,1.0,1.0,1.0,
trial_000_ep1_task184,0,0.9999,high,1,1,easy,0.0,0.0,25,25,10,,,True,True,True,0.0,1,,,True,True,True,0.0,1.0,1.0,1.0,
trial_000_ep1_task184,0,0.9999,high,1,1,easy,0.0,0.0,25,25,20,,,True,True,True,0.0,1,,,True,True,True,0.0,1.0,1.0,1.0,
trial_000_ep1_task184,0,0.9999,high,1,1,easy,0.0,0.0,25,25,50,,,True,True,True,0.0,1,,,True,True,True,0.0,1.0,1.0,1.0,
trial_000_ep1_task186,0,0.9,high,28,28,coupled,0.002178192138671875,0.0006190782878547907,5,27,5,-0.2580944134782238,-0.1527459590170916,False,False,True,26.66965028944685,5,-0.14756147408712153,-0.06942998137140527,False,False,True,26.66965028944685,0.1785714285714286,0.45940170940170943,0.6576210826210827,0.9999999999999998
trial_000_ep1_task186,0,0.9,high,28,28,coupled,0.002178192138671875,0.0006190782878547907,5,27,10,-0.2580944134782238,-0.1527459590170916,False,False,True,26.669650289446906,5,-0.14756147408712153,-0.06942998137140527,False,False,True,26.669650289446906,0.1785714285714286,0.45940170940170943,0.6576210826210827,0.9999999999999998
trial_000_ep1_task186,0,0.9,high,28,28,coupled,0.002178192138671875,0.0006190782878547907,5,27,20,-0.2580944134782238,-0.1527459590170916,False,False,True,26.669650289446793,5,-0.14756147408712153,-0.06942998137140527,False,False,True,26.669650289446793,0.1785714285714286,0.45940170940170943,0.6576210826210827,0.9999999999999998
trial_000_ep1_task186,0,0.9,high,28,28,coupled,0.002178192138671875,0.0006190782878547907,5,27,50,-0.2580944134782238,-0.1527459590170916,False,False,True,26.669650289446793,5,-0.14756147408712153,-0.06942998137140527,False,False,True,26.669650289446793,0.1785714285714286,0.45940170940170943,0.6576210826210827,0.9999999999999998
trial_000_ep1_task187,0,0.9999,high,6,6,easy,0.001434326171875,0.00047560723032802343,16,27,5,0.30425553170226594,0.25819888974716115,True,True,True,0.0,4,0.4394802124588286,0.4303314829119352,True,True,True,0.0,0.6666666666666667,1.0,1.0,1.0
trial_000_ep1_task187,0,0.9999,high,6,6,easy,0.001434326171875,0.00047560723032802343,16,27,10,0.30425553170226594,0.25819888974716115,True,True,True,0.0,4,0.4394802124588286,0.4303314829119352,True,True,True,0.0,0.6666666666666667,1.0,1.0,1.0
trial_000_ep1_task187,0,0.9999,high,6,6,easy,0.001434326171875,0.00047560723032802343,16,27,20,0.30425553170226594,0.25819888974716115,True,True,True,0.0,4,0.4394802124588286,0.4303314829119352,True,True,True,0.0,0.6666666666666667,1.0,1.0,1.0
trial_000_ep1_task187,0,0.9999,high,6,6,easy,0.001434326171875,0.00047560723032802343,16,27,50,0.30425553170226594,0.25819888974716115,True,True,True,0.0,4,0.4394802124588286,0.4303314829119352,True,True,True,0.0,0.6666666666666667,1.0,1.0,1.0
trial_000_ep1_task188,0,0.99,medium,26,26,easy,0.014678955078125,0.004040790721774101,5,27,5,0.37593168797799986,0.2987906497077435,True,True,True,0.0,7,0.6649488074262673,0.5136513416324129,True,True,True,0.0,0.2692307692307693,0.6273076923076923,0.8232289449680754,0.9999999999999999
trial_000_ep1_task188,0,0.99,medium,26,26,easy,0.014678955078125,0.004040790721774101,5,27,10,0.37593168797799986,0.2987906497077435,True,True,True,0.0,7,0.6649488074262673,0.5136513416324129,True,True,True,0.0,0.2692307692307693,0.6273076923076923,0.8232289449680754,0.9999999999999999
trial_000_ep1_task188,0,0.99,medium,26,26,easy,0.014678955078125,0.004040790721774101,5,27,20,0.37593168797799986,0.2987906497077435,True,True,True,0.0,7,0.6649488074262673,0.5136513416324129,True,True,True,0.0,0.2692307692307693,0.6273076923076923,0.8232289449680754,0.9999999999999999
trial_000_ep1_task188,0,0.99,medium,26,26,easy,0.014678955078125,0.004040790721774101,5,27,50,0.37593168797799986,0.2987906497077435,True,True,True,0.0,7,0.6649488074262673,0.5136513416324129,True,True,True,0.0,0.2692307692307693,0.6273076923076923,0.8232289449680754,0.9999999999999999
trial_000_ep1_task192,0,0.99,low,26,26,coupled,0.004451751708984375,0.0012709659058600664,5,27,5,0.26199903685869425,0.18630475892652834,False,False,True,2.466624738616815,6,0.33123915416929195,0.27280339699955936,False,True,True,2.466624738616815,0.23076923076923073,0.5615384615384615,0.7643052599574338,0.9999999999999999
trial_000_ep1_task192,0,0.99,low,26,26,coupled,0.004451751708984375,0.0012709659058600664,5,27,10,0.2961808361847331,0.21282896242613872,False,False,True,2.466624738616815,5,0.2698536507460902,0.2193775458854045,False,True,True,2.466624738616815,0.1923076923076923,0.4884615384615385,0.6906506536941319,0.9999999999999999
trial_000_ep1_task192,0,0.99,low,26,26,coupled,0.004451751708984375,0.0012709659058600664,5,27,20,0.2961808361847331,0.21282896242613872,False,False,True,2.466624738616815,5,0.2698536507460902,0.2193775458854045,False,True,True,2.466624738616815,0.1923076923076923,0.4884615384615385,0.6906506536941319,0.9999999999999999
trial_000_ep1_task192,0,0.99,low,26,26,coupled,0.004451751708984375,0.0012709659058600664,5,27,50,0.2961808361847331,0.21282896242613872,False,False,True,2.466624738616815,5,0.2698536507460902,0.2193775458854045,False,True,True,2.466624738616815,0.1923076923076923,0.4884615384615385,0.6906506536941319,0.9999999999999999
trial_000_ep1_task194,0,0.9,medium,27,27,easy,0.003627777099609375,0.0010800461750477552,5,27,5,0.09934237068205107,0.06667034006483825,False,False,True,14.40327097006164,6,0.22364515781247712,0.19944037418082108,False,True,True,13.414398979920165,0.2222222222222222,0.5452991452991452,0.7479375696767001,0.9999999999999999
trial_000_ep1_task194,0,0.9,medium,27,27,easy,0.003627777099609375,0.0010800461750477552,5,27,10,0.23276258526340832,0.13473234999650172,False,False,True,14.40327097006164,3,0.19822437886377703,0.15187159427889563,False,False,False,13.41439897992015,0.11111111111111116,0.30803418803418814,0.4735042735042736,0.9999999999999999
trial_000_ep1_task194,0,0.9,medium,27,27,easy,0.003627777099609375,0.0010800461750477552,5,27,20,0.23276258526340832,0.13473234999650172,False,False,True,14.40327097006164,3,0.19822437886377703,0.15187159427889563,False,False,False,13.41439897992015,0.11111111111111116,0.30803418803418814,0.4735042735042736,0.9999999999999999
trial_000_ep1_task194,0,0.9,medium,27,27,easy,0.003627777099609375,0.0010800461750477552,5,27,50,0.23276258526340832,0.13473234999650172,False,False,True,14.40327097006164,3,0.19822437886377703,0.15187159427889563,False,False,False,13.41439897992015,0.11111111111111116,0.30803418803418814,0.4735042735042736,0.9999999999999999
trial_000_ep1_task195,0,0.99,high,22,22,easy,0.0079345703125,0.0023103347048163414,5,27,5,-0.29204133291079853,-0.19347649748797371,False,False,True,31.684262087332826,5,0.25482037871628505,0.2026896640350201,True,True,True,0.0,0.2272727272727273,0.5584415584415585,0.7650186071238704,1.0
trial_000_ep1_task195,0,0.99,high,22,22,easy,0.0079345703125,0.0023103347048163414,5,27,10,-0.36591623778040444,-0.25458862693143697,False,False,False,31.684262087332826,4,0.29375573747277806,0.21885688981825285,True,True,True,0.0,0.18181818181818177,0.47012987012987006,0.6746411483253588,1.0
trial_000_ep1_task195,0,0.99,high,22,22,easy,0.0079345703125,0.0023103347048163414,5,27,20,-0.36591623778040444,-0.25458862693143697,False,False,False,31.684262087332826,4,0.29375573747277806,0.21885688981825285,True,True,True,0.0,0.18181818181818177,0.47012987012987006,0.6746411483253588,1.0
trial_000_ep1_task195,0,0.99,high,22,22,easy,0.0079345703125,0.0023103347048163414,5,27,50,-0.36591623778040444,-0.25458862693143697,False,False,False,31.684262087332826,4,0.29375573747277806,0.21885688981825285,True,True,True,0.0,0.18181818181818177,0.47012987012987006,0.6746411483253588,1.0
trial_000_ep1_task197,0,0.999,high,7,7,coupled,0.000873565673828125,0.00025610881857573986,16,27,5,0.14285714285714288,0.04761904761904762,False,True,True,17.81966512574155,1,0.42857142857142866,0.4285714285714286,True,True,True,0.0,0.1428571428571429,0.4285714285714285,0.7142857142857143,1.0
trial_000_ep1_task197,0,0.999,high,7,7,coupled,0.000873565673828125,0.00025610881857573986,16,27,10,0.14285714285714288,0.04761904761904762,False,True,True,17.81966512574155,1,0.42857142857142866,0.4285714285714286,True,True,True,0.0,0.1428571428571429,0.4285714285714285,0.7142857142857143,1.0
trial_000_ep1_task197,0,0.999,high,7,7,coupled,0.000873565673828125,0.00025610881857573986,16,27,20,0.14285714285714288,0.04761904761904762,False,True,True,17.81966512574155,1,0.42857142857142866,0.4285714285714286,True,True,True,0.0,0.1428571428571429,0.4285714285714285,0.7142857142857143,1.0
trial_000_ep1_task197,0,0.999,high,7,7,coupled,0.000873565673828125,0.00025610881857573986,16,27,50,0.14285714285714288,0.04761904761904762,False,True,True,17.81966512574155,1,0.42857142857142866,0.4285714285714286,True,True,True,0.0,0.1428571428571429,0.4285714285714285,0.7142857142857143,1.0
trial_000_ep1_task199,0,0.9,high,28,28,easy,0.004291534423828125,0.001179661718197167,5,27,5,-0.16110175916253158,-0.12497396646852948,False,False,False,21.62915721993039,6,0.2743980220384114,0.20273554560450338,True,True,True,0.0,0.2142857142857143,0.5299145299145298,0.732051282051282,0.9999999999999998
trial_000_ep1_task199,0,0.9,high,28,28,easy,0.004291534423828125,0.001179661718197167,5,27,10,-0.16110175916253158,-0.12497396646852948,False,False,False,21.62915721993039,6,0.2743980220384114,0.20273554560450338,True,True,True,0.0,0.2142857142857143,0.5299145299145298,0.732051282051282,0.9999999999999998
trial_000_ep1_task199,0,0.9,high,28,28,easy,0.004291534423828125,0.001179661718197167,5,27,20,-0.16110175916253158,-0.12497396646852948,False,False,False,21.62915721993039,6,0.2743980220384114,0.20273554560450338,True,True,True,0.0,0.2142857142857143,0.5299145299145298,0.732051282051282,0.9999999999999998
trial_000_ep1_task199,0,0.9,high,28,28,easy,0.004291534423828125,0.001179661718197167,5,27,50,-0.16110175916253158,-0.12497396646852948,False,False,False,21.62915721993039,6,0.2743980220384114,0.20273554560450338,True,True,True,0.0,0.2142857142857143,0.5299145299145298,0.732051282051282,0.9999999999999998
trial_000_ep1_task200,0,0.9999,high,0,1,easy,0.0,0.0,25,25,5,,,True,True,True,0.0,1,,,True,True,True,0.0,1.0,1.0,1.0,
trial_000_ep1_task200,0,0.9999,high,0,1,easy,0.0,0.0,25,25,10,,,True,True,True,0.0,1,,,True,True,True,0.0,1.0,1.0,1.0,
trial_000_ep1_task200,0,0.9999,high,0,1,easy,0.0,0.0,25,25,20,,,True,True,True,0.0,1,,,True,True,True,0.0,1.0,1.0,1.0,
trial_000_ep1_task200,0,0.9999,high,0,1,easy,0.0,0.0,25,25,50,,,True,True,True,0.0,1,,,True,True,True,0.0,1.0,1.0,1.0,
