state_id,trial_id,task_id,requirement,load_tertile,safe_set_size,reference_action,alternative_action,initial_peak_queue_difference_seconds,peak_step,half_life_50_steps,half_life_25_steps,half_life_10_steps,right_censored
trial_000_ep1_task001,0,1,0.99,low,28,5,0,0.3319266231829765,2,4.0,4.0,4.0,False
trial_000_ep1_task001,0,1,0.99,low,28,5,1,0.443616467039476,2,4.0,4.0,4.0,False
trial_000_ep1_task001,0,1,0.99,low,28,5,2,0.12006625282955596,2,3.0,3.0,4.0,False
trial_000_ep1_task001,0,1,0.99,low,28,5,3,0.46188517600439294,3,4.0,4.0,4.0,False
trial_000_ep1_task001,0,1,0.99,low,28,5,4,0.41176470588235325,3,5.0,5.0,5.0,False
trial_000_ep1_task001,0,1,0.99,low,28,5,6,0.158808087804017,2,3.0,4.0,4.0,False
trial_000_ep1_task001,0,1,0.99,low,28,5,7,0.7000000000000002,4,8.0,8.0,8.0,False
trial_000_ep1_task001,0,1,0.99,low,28,5,8,0.7000000000000002,4,8.0,8.0,8.0,False
trial_000_ep1_task001,0,1,0.99,low,28,5,9,0.67371854703385,5,8.0,8.0,8.0,False
trial_000_ep1_task001,0,1,0.99,low,28,5,10,0.67371854703385,5,8.0,8.0,8.0,False
trial_000_ep1_task001,0,1,0.99,low,28,5,11,0.7000000000000002,4,8.0,8.0,8.0,False
trial_000_ep1_task001,0,1,0.99,low,28,5,12,0.7000000000000002,4,8.0,8.0,8.0,False
trial_000_ep1_task001,0,1,0.99,low,28,5,13,0.7000000000000002,4,8.0,8.0,8.0,False
trial_000_ep1_task001,0,1,0.99,low,28,5,14,0.67371854703385,5,8.0,8.0,8.0,False
trial_000_ep1_task001,0,1,0.99,low,28,5,15,0.67371854703385,5,8.0,8.0,8.0,False
trial_000_ep1_task001,0,1,0.99,low,28,5,16,0.7000000000000002,4,8.0,8.0,8.0,False
trial_000_ep1_task001,0,1,0.99,low,28,5,17,0.7000000000000002,4,8.0,8.0,8.0,False
trial_000_ep1_task001,0,1,0.99,low,28,5,18,0.67371854703385,5,8.0,8.0,8.0,False
trial_000_ep1_task001,0,1,0.99,low,28,5,19,0.67371854703385,5,8.0,8.0,8.0,False
trial_000_ep1_task001,0,1,0.99,low,28,5,20,0.7000000000000002,4,8.0,8.0,8.0,False
trial_000_ep1_task001,0,1,0.99,low,28,5,21,0.7000000000000002,4,8.0,8.0,8.0,False
trial_000_ep1_task001,0,1,0.99,low,28,5,22,0.67371854703385,5,8.0,8.0,8.0,False
trial_000_ep1_task001,0,1,0.99,low,28,5,23,0.7000000000000002,2,8.0,8.0,8.0,False
trial_000_ep1_task001,0,1,0.99,low,28,5,24,0.67371854703385,5,8.0,8.0,8.0,False
trial_000_ep1_task001,0,1,0.99,low,28,5,25,0.67371854703385,5,8.0,8.0,8.0,False
trial_000_ep1_task001,0,1,0.99,low,28,5,26,0.67371854703385,5,8.0,8.0,8.0,False
trial_000_ep1_task001,0,1,0.99,low,28,5,27,0.7000000000000002,4,8.0,8.0,8.0,False
trial_000_ep1_task002,0,2,0.99,low,24,6,2,0.37969501663191885,5,7.0,7.0,7.0,False
trial_000_ep1_task002,0,2,0.99,low,24,6,4,0.37969501663191885,5,7.0,7.0,7.0,False
trial_000_ep1_task002,0,2,0.99,low,24,6,5,0.3085539861203648,4,14.0,14.0,14.0,False
trial_000_ep1_task002,0,2,0.99,low,24,6,7,0.37969501663191885,5,7.0,7.0,7.0,False
trial_000_ep1_task002,0,2,0.99,low,24,6,8,0.37969501663191885,5,7.0,7.0,7.0,False
trial_000_ep1_task002,0,2,0.99,low,24,6,10,0.4197292755312847,2,7.0,7.0,7.0,False
trial_000_ep1_task002,0,2,0.99,low,24,6,11,0.3085539861203648,4,14.0,14.0,14.0,False
trial_000_ep1_task002,0,2,0.99,low,24,6,12,0.30822297652854225,3,4.0,4.0,4.0,False
trial_000_ep1_task002,0,2,0.99,low,24,6,13,0.37969501663191885,5,7.0,7.0,7.0,False
trial_000_ep1_task002,0,2,0.99,low,24,6,14,0.37969501663191885,5,7.0,7.0,7.0,False
trial_000_ep1_task002,0,2,0.99,low,24,6,15,0.5398996629895452,2,7.0,7.0,7.0,False
trial_000_ep1_task002,0,2,0.99,low,24,6,16,0.3085539861203648,4,14.0,14.0,14.0,False
trial_000_ep1_task002,0,2,0.99,low,24,6,17,0.4283933639868027,2,4.0,4.0,4.0,False
trial_000_ep1_task002,0,2,0.99,low,24,6,18,0.592682538007749,2,7.0,7.0,7.0,False
trial_000_ep1_task002,0,2,0.99,low,24,6,19,0.8925642404426406,2,4.0,7.0,7.0,False
trial_000_ep1_task002,0,2,0.99,low,24,6,20,0.6266345684754211,2,14.0,14.0,14.0,False
trial_000_ep1_task002,0,2,0.99,low,24,6,21,0.7810579414398982,1,4.0,4.0,5.0,False
trial_000_ep1_task002,0,2,0.99,low,24,6,22,0.8471941945951489,2,4.0,7.0,7.0,False
trial_000_ep1_task002,0,2,0.99,low,24,6,23,0.5812645226279289,2,14.0,14.0,14.0,False
trial_000_ep1_task002,0,2,0.99,low,24,6,24,0.735687895592406,1,4.0,4.0,4.0,False
trial_000_ep1_task002,0,2,0.99,low,24,6,25,0.881146225062821,2,4.0,14.0,14.0,False
trial_000_ep1_task002,0,2,0.99,low,24,6,26,1.035569598027298,2,4.0,4.0,4.0,False
trial_000_ep1_task002,0,2,0.99,low,24,6,27,0.7696399260600786,2,14.0,14.0,14.0,False
trial_000_ep1_task009,0,9,0.9,high,28,6,0,0.8938895652425636,3,7.0,7.0,7.0,False
trial_000_ep1_task009,0,9,0.9,high,28,6,1,0.8399675529889183,3,7.0,7.0,7.0,False
trial_000_ep1_task009,0,9,0.9,high,28,6,2,1.7142857142857135,2,3.0,6.0,6.0,False
trial_000_ep1_task009,0,9,0.9,high,28,6,3,1.1110328188277485,3,4.0,7.0,7.0,False
trial_000_ep1_task009,0,9,0.9,high,28,6,4,0.8668506270040357,5,7.0,7.0,7.0,False
trial_000_ep1_task009,0,9,0.9,high,28,6,5,1.3333333333333321,2,7.0,7.0,7.0,False
trial_000_ep1_task009,0,9,0.9,high,28,6,7,2.8448899370592287,3,6.0,7.0,7.0,False
trial_000_ep1_task009,0,9,0.9,high,28,6,8,2.608175279528277,3,4.0,6.0,7.0,False
trial_000_ep1_task009,0,9,0.9,high,28,6,9,2.312885987715754,5,6.0,7.0,7.0,False
trial_000_ep1_task009,0,9,0.9,high,28,6,10,2.305654271124915,3,4.0,6.0,7.0,False
trial_000_ep1_task009,0,9,0.9,high,28,6,11,2.2272228985758975,3,4.0,6.0,7.0,False
trial_000_ep1_task009,0,9,0.9,high,28,6,12,2.004922384070312,3,6.0,7.0,7.0,False
trial_000_ep1_task009,0,9,0.9,high,28,6,13,2.554253267274632,3,4.0,6.0,7.0,False
trial_000_ep1_task009,0,9,0.9,high,28,6,14,2.3295464083306845,5,6.0,7.0,7.0,False
trial_000_ep1_task009,0,9,0.9,high,28,6,15,2.2517322588712716,3,4.0,6.0,7.0,False
trial_000_ep1_task009,0,9,0.9,high,28,6,16,2.1733008863222523,3,4.0,6.0,7.0,False
trial_000_ep1_task009,0,9,0.9,high,28,6,17,1.9510003718166669,3,6.0,7.0,7.0,False
trial_000_ep1_task009,0,9,0.9,high,28,6,18,1.7142857142857135,2,6.0,7.0,7.0,False
trial_000_ep1_task009,0,9,0.9,high,28,6,19,2.0150176013403183,3,4.0,7.0,7.0,False
trial_000_ep1_task009,0,9,0.9,high,28,6,20,3.0476190476190474,2,4.0,7.0,7.0,False
trial_000_ep1_task009,0,9,0.9,high,28,6,21,1.7142857142857153,3,5.0,6.0,6.0,False
trial_000_ep1_task009,0,9,0.9,high,28,6,22,1.2069962375186751,4,6.0,7.0,7.0,False
trial_000_ep1_task009,0,9,0.9,high,28,6,23,1.3333333333333321,2,6.0,6.0,7.0,False
trial_000_ep1_task009,0,9,0.9,high,28,6,24,2.037341321093164,4,6.0,7.0,7.0,False
trial_000_ep1_task009,0,9,0.9,high,28,6,25,1.6340652203879387,3,7.0,7.0,7.0,False
trial_000_ep1_task009,0,9,0.9,high,28,6,26,1.4117647058823533,3,7.0,7.0,7.0,False
trial_000_ep1_task009,0,9,0.9,high,28,6,27,1.333333333333334,3,7.0,7.0,7.0,False
trial_000_ep1_task010,0,10,0.999,high,16,17,4,1.197058823529412,3,4.0,5.0,5.0,False
trial_000_ep1_task010,0,10,0.999,high,16,17,5,1.1611111111111114,3,4.0,5.0,5.0,False
trial_000_ep1_task010,0,10,0.999,high,16,17,10,0.09705882352941053,3,6.0,6.0,6.0,False
trial_000_ep1_task010,0,10,0.999,high,16,17,11,0.6111111111111107,2,3.0,3.0,3.0,False
trial_000_ep1_task010,0,10,0.999,high,16,17,13,0.7857142857142865,2,3.0,5.0,5.0,False
trial_000_ep1_task010,0,10,0.999,high,16,17,15,0.09705882352941053,3,6.0,6.0,6.0,False
trial_000_ep1_task010,0,10,0.999,high,16,17,16,0.6111111111111107,2,3.0,3.0,3.0,False
trial_000_ep1_task010,0,10,0.999,high,16,17,19,0.8827731092436988,3,6.0,6.0,6.0,False
trial_000_ep1_task010,0,10,0.999,high,16,17,20,1.3968253968253972,2,5.0,6.0,6.0,False
trial_000_ep1_task010,0,10,0.999,high,16,17,21,0.7857142857142865,2,6.0,6.0,6.0,False
trial_000_ep1_task010,0,10,0.999,high,16,17,22,0.09705882352941053,3,6.0,6.0,6.0,False
trial_000_ep1_task010,0,10,0.999,high,16,17,23,0.6111111111111107,2,3.0,3.0,3.0,False
trial_000_ep1_task010,0,10,0.999,high,16,17,25,0.7081699346405212,3,6.0,6.0,6.0,False
trial_000_ep1_task010,0,10,0.999,high,16,17,26,0.6470588235294121,5,6.0,6.0,6.0,False
trial_000_ep1_task010,0,10,0.999,high,16,17,27,0.6111111111111116,5,6.0,6.0,6.0,False
trial_000_ep1_task014,0,14,0.9,high,28,3,0,0.24638976339163943,1,2.0,2.0,2.0,False
trial_000_ep1_task014,0,14,0.9,high,28,3,1,0.1839782757326196,1,2.0,2.0,2.0,False
trial_000_ep1_task014,0,14,0.9,high,28,3,2,1.038192123088244,1,2.0,2.0,2.0,False
trial_000_ep1_task014,0,14,0.9,high,28,3,4,0.8365114508193363,1,2.0,2.0,2.0,False
trial_000_ep1_task014,0,14,0.9,high,28,3,5,0.7842238691199901,1,2.0,2.0,2.0,False
trial_000_ep1_task014,0,14,0.9,high,28,3,6,0.40291342194752566,1,2.0,2.0,2.0,False
trial_000_ep1_task014,0,14,0.9,high,28,3,7,0.06927743123594432,1,2.0,2.0,2.0,False
trial_000_ep1_task014,0,14,0.9,high,28,3,8,0.7849364161196801,1,2.0,2.0,2.0,False
trial_000_ep1_task014,0,14,0.9,high,28,3,9,0.2532557069685639,1,2.0,2.0,2.0,False
trial_000_ep1_task014,0,14,0.9,high,28,3,10,0.5832557438507733,1,2.0,2.0,2.0,False
trial_000_ep1_task014,0,14,0.9,high,28,3,11,0.5309681621514262,1,2.0,2.0,2.0,False
trial_000_ep1_task014,0,14,0.9,high,28,3,12,0.14965771497896263,1,2.0,2.0,2.0,False
trial_000_ep1_task014,0,14,0.9,high,28,3,13,0.7225249284606603,1,2.0,2.0,2.0,False
trial_000_ep1_task014,0,14,0.9,high,28,3,14,0.31566719462758375,1,2.0,2.0,2.0,False
trial_000_ep1_task014,0,14,0.9,high,28,3,15,0.5208442561917526,1,2.0,2.0,2.0,False
trial_000_ep1_task014,0,14,0.9,high,28,3,16,0.46855667449240546,1,2.0,2.0,2.0,False
trial_000_ep1_task014,0,14,0.9,high,28,3,17,0.08724622731994192,1,2.0,2.0,2.0,False
trial_000_ep1_task014,0,14,0.9,high,28,3,18,0.5385466527280407,1,2.0,2.0,2.0,False
trial_000_ep1_task014,0,14,0.9,high,28,3,19,1.375058103547377,1,2.0,2.0,2.0,False
trial_000_ep1_task014,0,14,0.9,high,28,3,20,1.3227705218480308,1,2.0,2.0,2.0,False
trial_000_ep1_task014,0,14,0.9,high,28,3,21,0.9414600746755664,1,2.0,2.0,2.0,False
trial_000_ep1_task014,0,14,0.9,high,28,3,22,0.33686598045913296,1,2.0,2.0,2.0,False
trial_000_ep1_task014,0,14,0.9,high,28,3,23,0.28457839875978674,1,2.0,2.0,2.0,False
trial_000_ep1_task014,0,14,0.9,high,28,3,24,0.09673204841267768,1,2.0,2.0,2.0,False
trial_000_ep1_task014,0,14,0.9,high,28,3,25,1.121089849579124,1,2.0,2.0,2.0,False
trial_000_ep1_task014,0,14,0.9,high,28,3,26,0.7397794024066595,1,2.0,2.0,2.0,False
trial_000_ep1_task014,0,14,0.9,high,28,3,27,0.6874918207073133,1,2.0,2.0,2.0,False
trial_000_ep1_task015,0,15,0.999,high,24,14,2,0.0,1,,,,False
trial_000_ep1_task015,0,15,0.999,high,24,14,4,0.0,1,,,,False
trial_000_ep1_task015,0,15,0.999,high,24,14,5,0.0,1,,,,False
trial_000_ep1_task015,0,15,0.999,high,24,14,6,0.0,1,,,,False
trial_000_ep1_task015,0,15,0.999,high,24,14,7,0.0,1,,,,False
trial_000_ep1_task015,0,15,0.999,high,24,14,8,0.0,1,,,,False
trial_000_ep1_task015,0,15,0.999,high,24,14,10,0.0,1,,,,False
trial_000_ep1_task015,0,15,0.999,high,24,14,11,0.0,1,,,,False
trial_000_ep1_task015,0,15,0.999,high,24,14,12,0.0,1,,,,False
trial_000_ep1_task015,0,15,0.999,high,24,14,13,0.0,1,,,,False
trial_000_ep1_task015,0,15,0.999,high,24,14,15,0.0,1,,,,False
trial_000_ep1_task015,0,15,0.999,high,24,14,16,0.0,1,,,,False
trial_000_ep1_task015,0,15,0.999,high,24,14,17,0.0,1,,,,False
trial_000_ep1_task015,0,15,0.999,high,24,14,18,0.0,1,,,,False
trial_000_ep1_task015,0,15,0.999,high,24,14,19,0.0,1,,,,False
trial_000_ep1_task015,0,15,0.999,high,24,14,20,0.0,1,,,,False
trial_000_ep1_task015,0,15,0.999,high,24,14,21,0.0,1,,,,False
trial_000_ep1_task015,0,15,0.999,high,24,14,22,0.0,1,,,,False
trial_000_ep1_task015,0,15,0.999,high,24,14,23,0.0,1,,,,False
trial_000_ep1_task015,0,15,0.999,high,24,14,24,0.0,1,,,,False
trial_000_ep1_task015,0,15,0.999,high,24,14,25,0.0,1,,,,False
trial_000_ep1_task015,0,15,0.999,high,24,14,26,0.0,1,,,,False
trial_000_ep1_task015,0,15,0.999,high,24,14,27,0.0,1,,,,False
trial_000_ep1_task016,0,16,0.99,low,28,5,0,0.0,1,,,,False
trial_000_ep1_task016,0,16,0.99,low,28,5,1,0.0,1,,,,False
trial_000_ep1_task016,0,16,0.99,low,28,5,2,0.0,1,,,,False
trial_000_ep1_task016,0,16,0.99,low,28,5,3,0.0,1,,,,False
trial_000_ep1_task016,0,16,0.99,low,28,5,4,0.0,1,,,,False
trial_000_ep1_task016,0,16,0.99,low,28,5,6,0.0,1,,,,False
trial_000_ep1_task016,0,16,0.99,low,28,5,7,0.0,1,,,,False
trial_000_ep1_task016,0,16,0.99,low,28,5,8,0.0,1,,,,False
trial_000_ep1_task016,0,16,0.99,low,28,5,9,0.0,1,,,,False
trial_000_ep1_task016,0,16,0.99,low,28,5,10,0.0,1,,,,False
trial_000_ep1_task016,0,16,0.99,low,28,5,11,0.0,1,,,,False
trial_000_ep1_task016,0,16,0.99,low,28,5,12,0.0,1,,,,False
trial_000_ep1_task016,0,16,0.99,low,28,5,13,0.0,1,,,,False
trial_000_ep1_task016,0,16,0.99,low,28,5,14,0.0,1,,,,False
trial_000_ep1_task016,0,16,0.99,low,28,5,15,0.0,1,,,,False
trial_000_ep1_task016,0,16,0.99,low,28,5,16,0.0,1,,,,False
trial_000_ep1_task016,0,16,0.99,low,28,5,17,0.0,1,,,,False
trial_000_ep1_task016,0,16,0.99,low,28,5,18,0.0,1,,,,False
trial_000_ep1_task016,0,16,0.99,low,28,5,19,0.0,1,,,,False
trial_000_ep1_task016,0,16,0.99,low,28,5,20,0.0,1,,,,False
trial_000_ep1_task016,0,16,0.99,low,28,5,21,0.0,1,,,,False
trial_000_ep1_task016,0,16,0.99,low,28,5,22,0.0,1,,,,False
trial_000_ep1_task016,0,16,0.99,low,28,5,23,0.0,1,,,,False
trial_000_ep1_task016,0,16,0.99,low,28,5,24,0.0,1,,,,False
trial_000_ep1_task016,0,16,0.99,low,28,5,25,0.0,1,,,,False
trial_000_ep1_task016,0,16,0.99,low,28,5,26,0.0,1,,,,False
trial_000_ep1_task016,0,16,0.99,low,28,5,27,0.0,1,,,,False
trial_000_ep1_task019,0,19,0.9,medium,27,6,0,0.0,1,,,,False
trial_000_ep1_task019,0,19,0.9,medium,27,6,1,0.0,1,,,,False
trial_000_ep1_task019,0,19,0.9,medium,27,6,2,3.1739637084617547,1,2.0,2.0,2.0,False
trial_000_ep1_task019,0,19,0.9,medium,27,6,4,0.0,1,,,,False
trial_000_ep1_task019,0,19,0.9,medium,27,6,5,2.423723587474086,1,2.0,2.0,2.0,False
trial_000_ep1_task019,0,19,0.9,medium,27,6,7,0.3769779266290634,2,3.0,3.0,3.0,False
trial_000_ep1_task019,0,19,0.9,medium,27,6,8,3.1739637084617547,1,2.0,2.0,3.0,False
trial_000_ep1_task019,0,19,0.9,medium,27,6,9,1.0565526834215522,2,4.0,4.0,4.0,False
trial_000_ep1_task019,0,19,0.9,medium,27,6,10,0.3769779266290634,2,3.0,3.0,3.0,False
trial_000_ep1_task019,0,19,0.9,medium,27,6,11,2.423723587474086,1,2.0,2.0,3.0,False
trial_000_ep1_task019,0,19,0.9,medium,27,6,12,0.3769779266290634,2,3.0,3.0,3.0,False
trial_000_ep1_task019,0,19,0.9,medium,27,6,13,3.1739637084617547,1,2.0,2.0,3.0,False
trial_000_ep1_task019,0,19,0.9,medium,27,6,14,1.0565526834215522,2,4.0,4.0,4.0,False
trial_000_ep1_task019,0,19,0.9,medium,27,6,15,0.3769779266290634,2,3.0,3.0,3.0,False
trial_000_ep1_task019,0,19,0.9,medium,27,6,16,2.423723587474086,1,2.0,2.0,3.0,False
trial_000_ep1_task019,0,19,0.9,medium,27,6,17,0.3769779266290634,2,3.0,3.0,3.0,False
trial_000_ep1_task019,0,19,0.9,medium,27,6,18,3.1739637084617547,1,2.0,3.0,4.0,False
trial_000_ep1_task019,0,19,0.9,medium,27,6,19,3.1739637084617547,1,2.0,2.0,3.0,False
trial_000_ep1_task019,0,19,0.9,medium,27,6,20,5.597687295935841,1,2.0,2.0,2.0,False
trial_000_ep1_task019,0,19,0.9,medium,27,6,21,3.1739637084617547,1,2.0,2.0,3.0,False
trial_000_ep1_task019,0,19,0.9,medium,27,6,22,1.0565526834215522,2,4.0,4.0,4.0,False
trial_000_ep1_task019,0,19,0.9,medium,27,6,23,2.423723587474086,1,2.0,4.0,4.0,False
trial_000_ep1_task019,0,19,0.9,medium,27,6,24,1.0565526834215522,2,4.0,4.0,4.0,False
trial_000_ep1_task019,0,19,0.9,medium,27,6,25,2.423723587474086,1,2.0,2.0,3.0,False
trial_000_ep1_task019,0,19,0.9,medium,27,6,26,0.3769779266290634,2,3.0,3.0,3.0,False
trial_000_ep1_task019,0,19,0.9,medium,27,6,27,2.423723587474086,1,2.0,2.0,3.0,False
trial_000_ep1_task021,0,21,0.9,medium,28,6,0,1.422849053951289,1,2.0,2.0,2.0,False
trial_000_ep1_task021,0,21,0.9,medium,28,6,1,1.2226719176254477,1,2.0,2.0,2.0,False
trial_000_ep1_task021,0,21,0.9,medium,28,6,2,0.6882982068019308,1,2.0,2.0,2.0,False
trial_000_ep1_task021,0,21,0.9,medium,28,6,3,1.1674974388857624,1,2.0,2.0,2.0,False
trial_000_ep1_task021,0,21,0.9,medium,28,6,4,0.28201975969782556,1,2.0,2.0,2.0,False
trial_000_ep1_task021,0,21,0.9,medium,28,6,5,0.10024356244803201,1,2.0,2.0,2.0,False
trial_000_ep1_task021,0,21,0.9,medium,28,6,7,2.803476006586866,2,3.0,3.0,3.0,False
trial_000_ep1_task021,0,21,0.9,medium,28,6,8,2.803476006586866,2,3.0,3.0,3.0,False
trial_000_ep1_task021,0,21,0.9,medium,28,6,9,2.803476006586866,2,3.0,3.0,3.0,False
trial_000_ep1_task021,0,21,0.9,medium,28,6,10,2.803476006586866,2,3.0,3.0,3.0,False
trial_000_ep1_task021,0,21,0.9,medium,28,6,11,2.803476006586866,2,3.0,3.0,3.0,False
trial_000_ep1_task021,0,21,0.9,medium,28,6,12,2.803476006586866,2,3.0,3.0,3.0,False
trial_000_ep1_task021,0,21,0.9,medium,28,6,13,2.803476006586866,2,3.0,3.0,3.0,False
trial_000_ep1_task021,0,21,0.9,medium,28,6,14,2.803476006586866,2,3.0,3.0,3.0,False
trial_000_ep1_task021,0,21,0.9,medium,28,6,15,2.803476006586866,2,3.0,3.0,3.0,False
trial_000_ep1_task021,0,21,0.9,medium,28,6,16,2.803476006586866,2,3.0,3.0,3.0,False
trial_000_ep1_task021,0,21,0.9,medium,28,6,17,2.803476006586866,2,3.0,3.0,3.0,False
trial_000_ep1_task021,0,21,0.9,medium,28,6,18,2.803476006586866,2,3.0,3.0,3.0,False
trial_000_ep1_task021,0,21,0.9,medium,28,6,19,2.803476006586866,2,3.0,3.0,3.0,False
trial_000_ep1_task021,0,21,0.9,medium,28,6,20,2.803476006586866,2,3.0,3.0,3.0,False
trial_000_ep1_task021,0,21,0.9,medium,28,6,21,2.803476006586866,2,3.0,3.0,3.0,False
trial_000_ep1_task021,0,21,0.9,medium,28,6,22,2.803476006586866,2,3.0,3.0,3.0,False
trial_000_ep1_task021,0,21,0.9,medium,28,6,23,2.803476006586866,2,3.0,3.0,3.0,False
trial_000_ep1_task021,0,21,0.9,medium,28,6,24,2.803476006586866,2,3.0,3.0,3.0,False
trial_000_ep1_task021,0,21,0.9,medium,28,6,25,2.803476006586866,2,3.0,3.0,3.0,False
trial_000_ep1_task021,0,21,0.9,medium,28,6,26,2.803476006586866,2,3.0,3.0,3.0,False
trial_000_ep1_task021,0,21,0.9,medium,28,6,27,2.803476006586866,2,3.0,3.0,3.0,False
trial_000_ep1_task022,0,22,0.9,medium,28,4,0,0.0,1,,,,False
trial_000_ep1_task022,0,22,0.9,medium,28,4,1,0.0,1,,,,False
trial_000_ep1_task022,0,22,0.9,medium,28,4,2,0.0,1,,,,False
trial_000_ep1_task022,0,22,0.9,medium,28,4,3,0.0,1,,,,False
trial_000_ep1_task022,0,22,0.9,medium,28,4,5,0.0,1,,,,False
trial_000_ep1_task022,0,22,0.9,medium,28,4,6,0.0,1,,,,False
trial_000_ep1_task022,0,22,0.9,medium,28,4,7,0.3722803371016372,1,2.0,2.0,2.0,False
trial_000_ep1_task022,0,22,0.9,medium,28,4,8,0.3722803371016372,1,2.0,2.0,2.0,False
trial_000_ep1_task022,0,22,0.9,medium,28,4,9,0.3722803371016372,1,2.0,2.0,2.0,False
trial_000_ep1_task022,0,22,0.9,medium,28,4,10,0.3722803371016372,1,2.0,2.0,2.0,False
trial_000_ep1_task022,0,22,0.9,medium,28,4,11,0.3722803371016372,1,2.0,2.0,2.0,False
trial_000_ep1_task022,0,22,0.9,medium,28,4,12,0.3722803371016372,1,2.0,2.0,2.0,False
trial_000_ep1_task022,0,22,0.9,medium,28,4,13,0.3722803371016372,1,2.0,2.0,2.0,False
trial_000_ep1_task022,0,22,0.9,medium,28,4,14,0.3722803371016372,1,2.0,2.0,2.0,False
trial_000_ep1_task022,0,22,0.9,medium,28,4,15,0.3722803371016372,1,2.0,2.0,2.0,False
trial_000_ep1_task022,0,22,0.9,medium,28,4,16,0.3722803371016372,1,2.0,2.0,2.0,False
trial_000_ep1_task022,0,22,0.9,medium,28,4,17,0.3722803371016372,1,2.0,2.0,2.0,False
trial_000_ep1_task022,0,22,0.9,medium,28,4,18,0.3722803371016372,1,2.0,2.0,2.0,False
trial_000_ep1_task022,0,22,0.9,medium,28,4,19,0.3722803371016372,1,2.0,2.0,2.0,False
trial_000_ep1_task022,0,22,0.9,medium,28,4,20,0.3722803371016372,1,2.0,2.0,2.0,False
trial_000_ep1_task022,0,22,0.9,medium,28,4,21,0.3722803371016372,1,2.0,2.0,2.0,False
trial_000_ep1_task022,0,22,0.9,medium,28,4,22,0.3722803371016372,1,2.0,2.0,2.0,False
trial_000_ep1_task022,0,22,0.9,medium,28,4,23,0.3722803371016372,1,2.0,2.0,2.0,False
trial_000_ep1_task022,0,22,0.9,medium,28,4,24,0.3722803371016372,1,2.0,2.0,2.0,False
trial_000_ep1_task022,0,22,0.9,medium,28,4,25,0.3722803371016372,1,2.0,2.0,2.0,False
trial_000_ep1_task022,0,22,0.9,medium,28,4,26,0.3722803371016372,1,2.0,2.0,2.0,False
trial_000_ep1_task022,0,22,0.9,medium,28,4,27,0.3722803371016372,1,2.0,2.0,2.0,False
trial_000_ep1_task024,0,24,0.9,low,28,6,0,1.56073830890376,2,5.0,5.0,5.0,False
trial_000_ep1_task024,0,24,0.9,low,28,6,1,1.9419713130415743,1,5.0,5.0,5.0,False
trial_000_ep1_task024,0,24,0.9,low,28,6,2,0.9648634754431509,4,5.0,5.0,5.0,False
trial_000_ep1_task024,0,24,0.9,low,28,6,3,1.9419713130415743,1,2.0,5.0,5.0,False
trial_000_ep1_task024,0,24,0.9,low,28,6,4,1.0868823502809253,4,5.0,5.0,5.0,False
trial_000_ep1_task024,0,24,0.9,low,28,6,5,1.06640885523238,4,5.0,5.0,5.0,False
trial_000_ep1_task024,0,24,0.9,low,28,6,7,1.5607383089037599,1,5.0,5.0,5.0,False
trial_000_ep1_task024,0,24,0.9,low,28,6,8,4.280563513408313,1,2.0,2.0,5.0,False
trial_000_ep1_task024,0,24,0.9,low,28,6,9,1.5607383089037599,1,2.0,2.0,5.0,False
trial_000_ep1_task024,0,24,0.9,low,28,6,10,3.822029957182166,1,2.0,2.0,5.0,False
trial_000_ep1_task024,0,24,0.9,low,28,6,11,3.6499438155104293,1,2.0,2.0,5.0,False
trial_000_ep1_task024,0,24,0.9,low,28,6,12,3.5027096219453338,1,2.0,2.0,5.0,False
trial_000_ep1_task024,0,24,0.9,low,28,6,13,0.7778538914629787,1,2.0,5.0,5.0,False
trial_000_ep1_task024,0,24,0.9,low,28,6,14,1.9419713130415743,1,2.0,2.0,2.0,False
trial_000_ep1_task024,0,24,0.9,low,28,6,15,0.394802063552703,4,5.0,5.0,5.0,False
trial_000_ep1_task024,0,24,0.9,low,28,6,16,0.3743285685041595,4,5.0,5.0,5.0,False
trial_000_ep1_task024,0,24,0.9,low,28,6,17,0.6920802867282223,4,5.0,5.0,5.0,False
trial_000_ep1_task024,0,24,0.9,low,28,6,18,0.7778538914629787,1,4.0,5.0,5.0,False
trial_000_ep1_task024,0,24,0.9,low,28,6,19,3.0391455397413845,1,2.0,2.0,4.0,False
trial_000_ep1_task024,0,24,0.9,low,28,6,20,2.8670593980696486,1,2.0,4.0,4.0,False
trial_000_ep1_task024,0,24,0.9,low,28,6,21,2.719825204504553,1,2.0,5.0,5.0,False
trial_000_ep1_task024,0,24,0.9,low,28,6,22,0.782600198894424,2,4.0,4.0,5.0,False
trial_000_ep1_task024,0,24,0.9,low,28,6,23,0.8030736939429683,2,4.0,5.0,5.0,False
trial_000_ep1_task024,0,24,0.9,low,28,6,24,1.2710698028743463,2,5.0,5.0,5.0,False
trial_000_ep1_task024,0,24,0.9,low,28,6,25,2.4085258418435016,1,2.0,4.0,4.0,False
trial_000_ep1_task024,0,24,0.9,low,28,6,26,2.261291648278406,1,4.0,5.0,5.0,False
trial_000_ep1_task024,0,24,0.9,low,28,6,27,2.0892055066066693,1,4.0,5.0,5.0,False
trial_000_ep1_task028,0,28,0.9,high,28,6,0,0.0,1,,,,False
trial_000_ep1_task028,0,28,0.9,high,28,6,1,0.0,1,,,,False
trial_000_ep1_task028,0,28,0.9,high,28,6,2,0.0,1,,,,False
trial_000_ep1_task028,0,28,0.9,high,28,6,3,0.0,1,,,,False
trial_000_ep1_task028,0,28,0.9,high,28,6,4,0.0,1,,,,False
trial_000_ep1_task028,0,28,0.9,high,28,6,5,0.0,1,,,,False
trial_000_ep1_task028,0,28,0.9,high,28,6,7,0.0,1,,,,False
trial_000_ep1_task028,0,28,0.9,high,28,6,8,0.0,1,,,,False
trial_000_ep1_task028,0,28,0.9,high,28,6,9,0.0,1,,,,False
trial_000_ep1_task028,0,28,0.9,high,28,6,10,0.0,1,,,,False
trial_000_ep1_task028,0,28,0.9,high,28,6,11,0.0,1,,,,False
trial_000_ep1_task028,0,28,0.9,high,28,6,12,0.0,1,,,,False
trial_000_ep1_task028,0,28,0.9,high,28,6,13,0.0,1,,,,False
trial_000_ep1_task028,0,28,0.9,high,28,6,14,0.0,1,,,,False
trial_000_ep1_task028,0,28,0.9,high,28,6,15,0.0,1,,,,False
trial_000_ep1_task028,0,28,0.9,high,28,6,16,0.0,1,,,,False
trial_000_ep1_task028,0,28,0.9,high,28,6,17,0.0,1,,,,False
trial_000_ep1_task028,0,28,0.9,high,28,6,18,0.0,1,,,,False
trial_000_ep1_task028,0,28,0.9,high,28,6,19,0.0,1,,,,False
trial_000_ep1_task028,0,28,0.9,high,28,6,20,0.0,1,,,,False
trial_000_ep1_task028,0,28,0.9,high,28,6,21,0.0,1,,,,False
trial_000_ep1_task028,0,28,0.9,high,28,6,22,0.0,1,,,,False
trial_000_ep1_task028,0,28,0.9,high,28,6,23,0.0,1,,,,False
trial_000_ep1_task028,0,28,0.9,high,28,6,24,0.0,1,,,,False
trial_000_ep1_task028,0,28,0.9,high,28,6,25,0.0,1,,,,False
trial_000_ep1_task028,0,28,0.9,high,28,6,26,0.0,1,,,,False
trial_000_ep1_task028,0,28,0.9,high,28,6,27,0.0,1,,,,False
trial_000_ep1_task029,0,29,0.99,low,16,5,4,0.23412817581959589,1,3.0,3.0,3.0,False
trial_000_ep1_task029,0,29,0.99,low,16,5,10,0.43302416446256986,2,3.0,3.0,3.0,False
trial_000_ep1_task029,0,29,0.99,low,16,5,11,0.5642374136714676,1,3.0,3.0,3.0,False
trial_000_ep1_task029,0,29,0.99,low,16,5,13,1.2557958245052667,2,3.0,3.0,3.0,False
trial_000_ep1_task029,0,29,0.99,low,16,5,15,0.5514291013580213,2,3.0,3.0,3.0,False
trial_000_ep1_task029,0,29,0.99,low,16,5,16,0.682642350566919,1,3.0,3.0,3.0,False
trial_000_ep1_task029,0,29,0.99,low,16,5,17,1.2557958245052667,2,3.0,3.0,3.0,False
trial_000_ep1_task029,0,29,0.99,low,16,5,19,1.056233526334672,1,3.0,3.0,3.0,False
trial_000_ep1_task029,0,29,0.99,low,16,5,20,1.290361702154268,1,3.0,3.0,3.0,False
trial_000_ep1_task029,0,29,0.99,low,16,5,21,1.7225469650590681,2,3.0,3.0,3.0,False
trial_000_ep1_task029,0,29,0.99,low,16,5,22,0.9223868014430114,2,3.0,3.0,3.0,False
trial_000_ep1_task029,0,29,0.99,low,16,5,23,1.0536000506519092,1,3.0,3.0,3.0,False
trial_000_ep1_task029,0,29,0.99,low,16,5,25,1.627809379089784,1,2.0,3.0,3.0,False
trial_000_ep1_task029,0,29,0.99,low,16,5,26,1.6253383895432523,1,3.0,3.0,3.0,False
trial_000_ep1_task029,0,29,0.99,low,16,5,27,1.8594665653628482,1,3.0,3.0,3.0,False
trial_000_ep1_task031,0,31,0.999,medium,6,26,16,0.0,1,,,,False
trial_000_ep1_task031,0,31,0.999,medium,6,26,19,0.0,1,,,,False
trial_000_ep1_task031,0,31,0.999,medium,6,26,20,0.0,1,,,,False
trial_000_ep1_task031,0,31,0.999,medium,6,26,25,0.0,1,,,,False
trial_000_ep1_task031,0,31,0.999,medium,6,26,27,0.0,1,,,,False
trial_000_ep1_task033,0,33,0.99,low,24,5,2,0.0,1,,,,False
trial_000_ep1_task033,0,33,0.99,low,24,5,4,0.0,1,,,,False
trial_000_ep1_task033,0,33,0.99,low,24,5,6,0.0,1,,,,False
trial_000_ep1_task033,0,33,0.99,low,24,5,7,0.1920694521477344,1,2.0,2.0,2.0,False
trial_000_ep1_task033,0,33,0.99,low,24,5,8,0.1920694521477344,1,2.0,2.0,2.0,False
trial_000_ep1_task033,0,33,0.99,low,24,5,10,0.1920694521477344,1,2.0,2.0,2.0,False
trial_000_ep1_task033,0,33,0.99,low,24,5,11,0.1920694521477344,1,2.0,2.0,2.0,False
trial_000_ep1_task033,0,33,0.99,low,24,5,12,0.1920694521477344,1,2.0,2.0,2.0,False
trial_000_ep1_task033,0,33,0.99,low,24,5,13,0.1920694521477344,1,2.0,2.0,2.0,False
trial_000_ep1_task033,0,33,0.99,low,24,5,14,0.1920694521477344,1,2.0,2.0,2.0,False
trial_000_ep1_task033,0,33,0.99,low,24,5,15,0.1920694521477344,1,2.0,2.0,2.0,False
trial_000_ep1_task033,0,33,0.99,low,24,5,16,0.1920694521477344,1,2.0,2.0,2.0,False
trial_000_ep1_task033,0,33,0.99,low,24,5,17,0.1920694521477344,1,2.0,2.0,2.0,False
trial_000_ep1_task033,0,33,0.99,low,24,5,18,0.1920694521477344,1,2.0,2.0,2.0,False
trial_000_ep1_task033,0,33,0.99,low,24,5,19,0.1920694521477344,1,2.0,2.0,2.0,False
trial_000_ep1_task033,0,33,0.99,low,24,5,20,0.1920694521477344,1,2.0,2.0,2.0,False
trial_000_ep1_task033,0,33,0.99,low,24,5,21,0.1920694521477344,1,2.0,2.0,2.0,False
trial_000_ep1_task033,0,33,0.99,low,24,5,22,0.1920694521477344,1,2.0,2.0,2.0,False
trial_000_ep1_task033,0,33,0.99,low,24,5,23,0.1920694521477344,1,2.0,2.0,2.0,False
trial_000_ep1_task033,0,33,0.99,low,24,5,24,0.1920694521477344,1,2.0,2.0,2.0,False
trial_000_ep1_task033,0,33,0.99,low,24,5,25,0.1920694521477344,1,2.0,2.0,2.0,False
trial_000_ep1_task033,0,33,0.99,low,24,5,26,0.1920694521477344,1,2.0,2.0,2.0,False
trial_000_ep1_task033,0,33,0.99,low,24,5,27,0.1920694521477344,1,2.0,2.0,2.0,False
trial_000_ep1_task035,0,35,0.99,medium,25,6,1,0.0,1,,,,False
trial_000_ep1_task035,0,35,0.99,medium,25,6,2,0.0,1,,,,False
trial_000_ep1_task035,0,35,0.99,medium,25,6,4,0.0,1,,,,False
trial_000_ep1_task035,0,35,0.99,medium,25,6,5,0.0,1,,,,False
trial_000_ep1_task035,0,35,0.99,medium,25,6,7,0.0,1,,,,False
trial_000_ep1_task035,0,35,0.99,medium,25,6,8,0.0,1,,,,False
trial_000_ep1_task035,0,35,0.99,medium,25,6,10,0.0,1,,,,False
trial_000_ep1_task035,0,35,0.99,medium,25,6,11,0.0,1,,,,False
trial_000_ep1_task035,0,35,0.99,medium,25,6,12,0.0,1,,,,False
trial_000_ep1_task035,0,35,0.99,medium,25,6,13,0.0,1,,,,False
trial_000_ep1_task035,0,35,0.99,medium,25,6,14,0.0,1,,,,False
trial_000_ep1_task035,0,35,0.99,medium,25,6,15,0.0,1,,,,False
trial_000_ep1_task035,0,35,0.99,medium,25,6,16,0.0,1,,,,False
trial_000_ep1_task035,0,35,0.99,medium,25,6,17,0.0,1,,,,False
trial_000_ep1_task035,0,35,0.99,medium,25,6,18,0.0,1,,,,False
trial_000_ep1_task035,0,35,0.99,medium,25,6,19,0.0,1,,,,False
trial_000_ep1_task035,0,35,0.99,medium,25,6,20,0.0,1,,,,False
trial_000_ep1_task035,0,35,0.99,medium,25,6,21,0.0,1,,,,False
trial_000_ep1_task035,0,35,0.99,medium,25,6,22,0.0,1,,,,False
trial_000_ep1_task035,0,35,0.99,medium,25,6,23,0.0,1,,,,False
trial_000_ep1_task035,0,35,0.99,medium,25,6,24,0.0,1,,,,False
trial_000_ep1_task035,0,35,0.99,medium,25,6,25,0.0,1,,,,False
trial_000_ep1_task035,0,35,0.99,medium,25,6,26,0.0,1,,,,False
trial_000_ep1_task035,0,35,0.99,medium,25,6,27,0.0,1,,,,False
trial_000_ep1_task036,0,36,0.99,low,26,5,1,0.19474492432002433,1,2.0,2.0,2.0,False
trial_000_ep1_task036,0,36,0.99,low,26,5,2,0.0,1,,,,False
trial_000_ep1_task036,0,36,0.99,low,26,5,4,0.0,1,,,,False
trial_000_ep1_task036,0,36,0.99,low,26,5,6,0.0,1,,,,False
trial_000_ep1_task036,0,36,0.99,low,26,5,7,0.1604471705516486,1,2.0,2.0,2.0,False
trial_000_ep1_task036,0,36,0.99,low,26,5,8,0.3551920948716729,1,2.0,2.0,2.0,False
trial_000_ep1_task036,0,36,0.99,low,26,5,9,0.26623560329039786,1,2.0,2.0,2.0,False
trial_000_ep1_task036,0,36,0.99,low,26,5,10,0.3551920948716729,1,2.0,2.0,2.0,False
trial_000_ep1_task036,0,36,0.99,low,26,5,11,0.3551920948716729,1,2.0,2.0,2.0,False
trial_000_ep1_task036,0,36,0.99,low,26,5,12,0.3551920948716729,1,2.0,2.0,2.0,False
trial_000_ep1_task036,0,36,0.99,low,26,5,13,0.36200191640172474,1,2.0,2.0,2.0,False
trial_000_ep1_task036,0,36,0.99,low,26,5,14,0.2730454248204497,1,2.0,2.0,2.0,False
trial_000_ep1_task036,0,36,0.99,low,26,5,15,0.36200191640172474,1,2.0,2.0,2.0,False
trial_000_ep1_task036,0,36,0.99,low,26,5,16,0.36200191640172474,1,2.0,2.0,2.0,False
trial_000_ep1_task036,0,36,0.99,low,26,5,17,0.36200191640172474,1,2.0,2.0,2.0,False
trial_000_ep1_task036,0,36,0.99,low,26,5,18,0.467790349140474,1,2.0,2.0,2.0,False
trial_000_ep1_task036,0,36,0.99,low,26,5,19,0.5567468407217491,1,2.0,2.0,2.0,False
trial_000_ep1_task036,0,36,0.99,low,26,5,20,0.5567468407217491,1,2.0,2.0,2.0,False
trial_000_ep1_task036,0,36,0.99,low,26,5,21,0.5567468407217491,1,2.0,2.0,2.0,False
trial_000_ep1_task036,0,36,0.99,low,26,5,22,0.467790349140474,1,2.0,2.0,2.0,False
trial_000_ep1_task036,0,36,0.99,low,26,5,23,0.467790349140474,1,2.0,2.0,2.0,False
trial_000_ep1_task036,0,36,0.99,low,26,5,24,0.467790349140474,1,2.0,2.0,2.0,False
trial_000_ep1_task036,0,36,0.99,low,26,5,25,0.5567468407217491,1,2.0,2.0,2.0,False
trial_000_ep1_task036,0,36,0.99,low,26,5,26,0.5567468407217491,1,2.0,2.0,2.0,False
trial_000_ep1_task036,0,36,0.99,low,26,5,27,0.5567468407217491,1,2.0,2.0,2.0,False
trial_000_ep1_task038,0,38,0.99,low,26,5,1,0.0,1,,,,False
trial_000_ep1_task038,0,38,0.99,low,26,5,2,0.0,1,,,,False
trial_000_ep1_task038,0,38,0.99,low,26,5,4,0.0,1,,,,False
trial_000_ep1_task038,0,38,0.99,low,26,5,6,0.0,1,,,,False
trial_000_ep1_task038,0,38,0.99,low,26,5,7,0.08715670178904134,1,2.0,2.0,2.0,False
trial_000_ep1_task038,0,38,0.99,low,26,5,8,0.08715670178904134,1,2.0,2.0,2.0,False
trial_000_ep1_task038,0,38,0.99,low,26,5,9,0.08715670178904134,1,2.0,2.0,2.0,False
trial_000_ep1_task038,0,38,0.99,low,26,5,10,0.08715670178904134,1,2.0,2.0,2.0,False
trial_000_ep1_task038,0,38,0.99,low,26,5,11,0.08715670178904134,1,2.0,2.0,2.0,False
trial_000_ep1_task038,0,38,0.99,low,26,5,12,0.08715670178904134,1,2.0,2.0,2.0,False
trial_000_ep1_task038,0,38,0.99,low,26,5,13,0.08715670178904134,1,2.0,2.0,2.0,False
trial_000_ep1_task038,0,38,0.99,low,26,5,14,0.08715670178904134,1,2.0,2.0,2.0,False
trial_000_ep1_task038,0,38,0.99,low,26,5,15,0.08715670178904134,1,2.0,2.0,2.0,False
trial_000_ep1_task038,0,38,0.99,low,26,5,16,0.08715670178904134,1,2.0,2.0,2.0,False
trial_000_ep1_task038,0,38,0.99,low,26,5,17,0.08715670178904134,1,2.0,2.0,2.0,False
trial_000_ep1_task038,0,38,0.99,low,26,5,18,0.08715670178904134,1,2.0,2.0,2.0,False
trial_000_ep1_task038,0,38,0.99,low,26,5,19,0.08715670178904134,1,2.0,2.0,2.0,False
trial_000_ep1_task038,0,38,0.99,low,26,5,20,0.08715670178904134,1,2.0,2.0,2.0,False
trial_000_ep1_task038,0,38,0.99,low,26,5,21,0.08715670178904134,1,2.0,2.0,2.0,False
trial_000_ep1_task038,0,38,0.99,low,26,5,22,0.08715670178904134,1,2.0,2.0,2.0,False
trial_000_ep1_task038,0,38,0.99,low,26,5,23,0.08715670178904134,1,2.0,2.0,2.0,False
trial_000_ep1_task038,0,38,0.99,low,26,5,24,0.08715670178904134,1,2.0,2.0,2.0,False
trial_000_ep1_task038,0,38,0.99,low,26,5,25,0.08715670178904134,1,2.0,2.0,2.0,False
trial_000_ep1_task038,0,38,0.99,low,26,5,26,0.08715670178904134,1,2.0,2.0,2.0,False
trial_000_ep1_task038,0,38,0.99,low,26,5,27,0.08715670178904134,1,2.0,2.0,2.0,False
trial_000_ep1_task044,0,44,0.99,medium,16,17,4,0.9865514892988019,1,4.0,4.0,4.0,False
trial_000_ep1_task044,0,44,0.99,medium,16,17,5,1.151110505709795,4,7.0,7.0,7.0,False
trial_000_ep1_task044,0,44,0.99,medium,16,17,10,0.3755362051502411,1,4.0,4.0,4.0,False
trial_000_ep1_task044,0,44,0.99,medium,16,17,11,1.151110505709795,4,7.0,7.0,7.0,False
trial_000_ep1_task044,0,44,0.99,medium,16,17,13,0.7296414214331106,1,4.0,4.0,4.0,False
trial_000_ep1_task044,0,44,0.99,medium,16,17,15,0.8310736401956715,1,4.0,4.0,4.0,False
trial_000_ep1_task044,0,44,0.99,medium,16,17,16,1.151110505709795,4,7.0,7.0,7.0,False
trial_000_ep1_task044,0,44,0.99,medium,16,17,19,0.7297664707913563,3,4.0,4.0,4.0,False
trial_000_ep1_task044,0,44,0.99,medium,16,17,20,1.4663024078813796,2,7.0,7.0,7.0,False
trial_000_ep1_task044,0,44,0.99,medium,16,17,21,1.5608401109870274,3,4.0,4.0,4.0,False
trial_000_ep1_task044,0,44,0.99,medium,16,17,22,0.5526795481836695,3,4.0,4.0,4.0,False
trial_000_ep1_task044,0,44,0.99,medium,16,17,23,1.2892154852736928,2,7.0,7.0,7.0,False
trial_000_ep1_task044,0,44,0.99,medium,16,17,25,1.3648701891188186,2,7.0,7.0,7.0,False
trial_000_ep1_task044,0,44,0.99,medium,16,17,26,1.4594078922244664,3,4.0,4.0,4.0,False
trial_000_ep1_task044,0,44,0.99,medium,16,17,27,2.1959438293144897,2,7.0,7.0,7.0,False
trial_000_ep1_task051,0,51,0.999,medium,7,16,15,0.0,1,,,,False
trial_000_ep1_task051,0,51,0.999,medium,7,16,19,0.0,1,,,,False
trial_000_ep1_task051,0,51,0.999,medium,7,16,20,0.0,1,,,,False
trial_000_ep1_task051,0,51,0.999,medium,7,16,25,0.0,1,,,,False
trial_000_ep1_task051,0,51,0.999,medium,7,16,26,0.0,1,,,,False
trial_000_ep1_task051,0,51,0.999,medium,7,16,27,0.0,1,,,,False
trial_000_ep1_task053,0,53,0.9,low,28,5,0,0.0,1,,,,False
trial_000_ep1_task053,0,53,0.9,low,28,5,1,0.0,1,,,,False
trial_000_ep1_task053,0,53,0.9,low,28,5,2,0.0,1,,,,False
trial_000_ep1_task053,0,53,0.9,low,28,5,3,0.0,1,,,,False
trial_000_ep1_task053,0,53,0.9,low,28,5,4,0.0,1,,,,False
trial_000_ep1_task053,0,53,0.9,low,28,5,6,0.0,1,,,,False
trial_000_ep1_task053,0,53,0.9,low,28,5,7,0.0,1,,,,False
trial_000_ep1_task053,0,53,0.9,low,28,5,8,0.0,1,,,,False
trial_000_ep1_task053,0,53,0.9,low,28,5,9,0.0,1,,,,False
trial_000_ep1_task053,0,53,0.9,low,28,5,10,0.0,1,,,,False
trial_000_ep1_task053,0,53,0.9,low,28,5,11,0.0,1,,,,False
trial_000_ep1_task053,0,53,0.9,low,28,5,12,0.0,1,,,,False
trial_000_ep1_task053,0,53,0.9,low,28,5,13,0.0,1,,,,False
trial_000_ep1_task053,0,53,0.9,low,28,5,14,0.0,1,,,,False
trial_000_ep1_task053,0,53,0.9,low,28,5,15,0.0,1,,,,False
trial_000_ep1_task053,0,53,0.9,low,28,5,16,0.0,1,,,,False
trial_000_ep1_task053,0,53,0.9,low,28,5,17,0.0,1,,,,False
trial_000_ep1_task053,0,53,0.9,low,28,5,18,0.0,1,,,,False
trial_000_ep1_task053,0,53,0.9,low,28,5,19,0.0,1,,,,False
trial_000_ep1_task053,0,53,0.9,low,28,5,20,0.0,1,,,,False
trial_000_ep1_task053,0,53,0.9,low,28,5,21,0.0,1,,,,False
trial_000_ep1_task053,0,53,0.9,low,28,5,22,0.0,1,,,,False
trial_000_ep1_task053,0,53,0.9,low,28,5,23,0.0,1,,,,False
trial_000_ep1_task053,0,53,0.9,low,28,5,24,0.0,1,,,,False
trial_000_ep1_task053,0,53,0.9,low,28,5,25,0.0,1,,,,False
trial_000_ep1_task053,0,53,0.9,low,28,5,26,0.0,1,,,,False
trial_000_ep1_task053,0,53,0.9,low,28,5,27,0.0,1,,,,False
trial_000_ep1_task054,0,54,0.999,low,7,26,15,1.1160611810858114,2,3.0,3.0,3.0,False
trial_000_ep1_task054,0,54,0.999,low,7,26,16,0.8442815597298612,1,3.0,3.0,3.0,False
trial_000_ep1_task054,0,54,0.999,low,7,26,19,0.5271982810613776,1,2.0,2.0,2.0,False
trial_000_ep1_task054,0,54,0.999,low,7,26,20,0.4412360771528938,2,3.0,3.0,3.0,False
trial_000_ep1_task054,0,54,0.999,low,7,26,25,0.027876032511737092,1,2.0,2.0,2.0,False
trial_000_ep1_task054,0,54,0.999,low,7,26,27,0.4412360771528938,2,3.0,3.0,3.0,False
trial_000_ep1_task055,0,55,0.99,medium,22,12,4,0.7201815836523187,1,2.0,2.0,2.0,False
trial_000_ep1_task055,0,55,0.99,medium,22,12,5,0.8859206004731179,1,2.0,2.0,2.0,False
trial_000_ep1_task055,0,55,0.99,medium,22,12,7,0.9550590534998036,1,2.0,2.0,2.0,False
trial_000_ep1_task055,0,55,0.99,medium,22,12,8,1.2453466182741044,1,2.0,3.0,3.0,False
trial_000_ep1_task055,0,55,0.99,medium,22,12,10,0.1517139243322454,1,2.0,2.0,2.0,False
trial_000_ep1_task055,0,55,0.99,medium,22,12,11,0.31745294115304423,1,2.0,2.0,2.0,False
trial_000_ep1_task055,0,55,0.99,medium,22,12,13,1.2169901349280305,1,2.0,3.0,3.0,False
trial_000_ep1_task055,0,55,0.99,medium,22,12,14,0.7244683109028456,1,2.0,2.0,2.0,False
trial_000_ep1_task055,0,55,0.99,medium,22,12,15,0.12335744098617063,1,2.0,2.0,2.0,False
trial_000_ep1_task055,0,55,0.99,medium,22,12,16,0.2890964578069699,1,2.0,2.0,2.0,False
trial_000_ep1_task055,0,55,0.99,medium,22,12,17,0.028356483346074324,1,2.0,2.0,2.0,False
trial_000_ep1_task055,0,55,0.99,medium,22,12,18,1.0147558756771469,1,2.0,3.0,3.0,False
trial_000_ep1_task055,0,55,0.99,medium,22,12,19,0.4454263144622388,2,3.0,3.0,3.0,False
trial_000_ep1_task055,0,55,0.99,medium,22,12,20,0.5793840225812712,1,3.0,3.0,3.0,False
trial_000_ep1_task055,0,55,0.99,medium,22,12,21,0.4454263144622388,2,3.0,3.0,3.0,False
trial_000_ep1_task055,0,55,0.99,medium,22,12,22,0.0788768182647126,1,2.0,2.0,2.0,False
trial_000_ep1_task055,0,55,0.99,medium,22,12,23,0.08686219855608623,1,2.0,2.0,2.0,False
trial_000_ep1_task055,0,55,0.99,medium,22,12,24,0.23059074259695755,1,2.0,2.0,2.0,False
trial_000_ep1_task055,0,55,0.99,medium,22,12,25,0.5142486713605885,1,2.0,2.0,2.0,False
trial_000_ep1_task055,0,55,0.99,medium,22,12,26,0.8317016125136327,1,2.0,2.0,2.0,False
trial_000_ep1_task055,0,55,0.99,medium,22,12,27,0.6659625956928337,1,2.0,2.0,2.0,False
trial_000_ep1_task056,0,56,0.99,medium,16,17,4,0.41231889713289416,1,2.0,2.0,2.0,False
trial_000_ep1_task056,0,56,0.99,medium,16,17,5,0.41231889713289416,1,2.0,2.0,2.0,False
trial_000_ep1_task056,0,56,0.99,medium,16,17,10,0.6551387496879357,1,2.0,2.0,2.0,False
trial_000_ep1_task056,0,56,0.99,medium,16,17,11,0.6551387496879357,1,2.0,2.0,2.0,False
trial_000_ep1_task056,0,56,0.99,medium,16,17,13,0.0,1,,,,False
trial_000_ep1_task056,0,56,0.99,medium,16,17,15,0.0,1,,,,False
trial_000_ep1_task056,0,56,0.99,medium,16,17,16,0.0,1,,,,False
trial_000_ep1_task056,0,56,0.99,medium,16,17,19,0.6551387496879357,1,2.0,2.0,2.0,False
trial_000_ep1_task056,0,56,0.99,medium,16,17,20,0.6551387496879357,1,2.0,2.0,2.0,False
trial_000_ep1_task056,0,56,0.99,medium,16,17,21,0.6551387496879357,1,2.0,2.0,2.0,False
trial_000_ep1_task056,0,56,0.99,medium,16,17,22,0.6551387496879357,1,2.0,2.0,2.0,False
trial_000_ep1_task056,0,56,0.99,medium,16,17,23,0.6551387496879357,1,2.0,2.0,2.0,False
trial_000_ep1_task056,0,56,0.99,medium,16,17,25,0.6551387496879357,1,2.0,2.0,2.0,False
trial_000_ep1_task056,0,56,0.99,medium,16,17,26,0.6551387496879357,1,2.0,2.0,2.0,False
trial_000_ep1_task056,0,56,0.99,medium,16,17,27,0.6551387496879357,1,2.0,2.0,2.0,False
trial_000_ep1_task058,0,58,0.99,medium,24,5,2,0.0,1,,,,False
trial_000_ep1_task058,0,58,0.99,medium,24,5,4,0.0,1,,,,False
trial_000_ep1_task058,0,58,0.99,medium,24,5,6,0.0,1,,,,False
trial_000_ep1_task058,0,58,0.99,medium,24,5,7,0.0,1,,,,False
trial_000_ep1_task058,0,58,0.99,medium,24,5,8,0.0,1,,,,False
trial_000_ep1_task058,0,58,0.99,medium,24,5,10,0.0,1,,,,False
trial_000_ep1_task058,0,58,0.99,medium,24,5,11,0.0,1,,,,False
trial_000_ep1_task058,0,58,0.99,medium,24,5,12,0.0,1,,,,False
trial_000_ep1_task058,0,58,0.99,medium,24,5,13,0.0,1,,,,False
trial_000_ep1_task058,0,58,0.99,medium,24,5,14,0.0,1,,,,False
trial_000_ep1_task058,0,58,0.99,medium,24,5,15,0.0,1,,,,False
trial_000_ep1_task058,0,58,0.99,medium,24,5,16,0.0,1,,,,False
trial_000_ep1_task058,0,58,0.99,medium,24,5,17,0.0,1,,,,False
trial_000_ep1_task058,0,58,0.99,medium,24,5,18,0.0,1,,,,False
trial_000_ep1_task058,0,58,0.99,medium,24,5,19,0.0,1,,,,False
trial_000_ep1_task058,0,58,0.99,medium,24,5,20,0.0,1,,,,False
trial_000_ep1_task058,0,58,0.99,medium,24,5,21,0.0,1,,,,False
trial_000_ep1_task058,0,58,0.99,medium,24,5,22,0.0,1,,,,False
trial_000_ep1_task058,0,58,0.99,medium,24,5,23,0.0,1,,,,False
trial_000_ep1_task058,0,58,0.99,medium,24,5,24,0.0,1,,,,False
trial_000_ep1_task058,0,58,0.99,medium,24,5,25,0.0,1,,,,False
trial_000_ep1_task058,0,58,0.99,medium,24,5,26,0.0,1,,,,False
trial_000_ep1_task058,0,58,0.99,medium,24,5,27,0.0,1,,,,False
trial_000_ep1_task059,0,59,0.9,low,28,5,0,0.2102060636030476,1,2.0,2.0,2.0,False
trial_000_ep1_task059,0,59,0.9,low,28,5,1,0.09138940521652694,1,2.0,2.0,2.0,False
trial_000_ep1_task059,0,59,0.9,low,28,5,2,0.0,1,,,,False
trial_000_ep1_task059,0,59,0.9,low,28,5,3,0.0,1,,,,False
trial_000_ep1_task059,0,59,0.9,low,28,5,4,0.0,1,,,,False
trial_000_ep1_task059,0,59,0.9,low,28,5,6,0.0,1,,,,False
trial_000_ep1_task059,0,59,0.9,low,28,5,7,0.49507298370111696,1,2.0,2.0,2.0,False
trial_000_ep1_task059,0,59,0.9,low,28,5,8,0.5864623889176439,1,2.0,2.0,2.0,False
trial_000_ep1_task059,0,59,0.9,low,28,5,9,0.5864623889176439,1,2.0,2.0,2.0,False
trial_000_ep1_task059,0,59,0.9,low,28,5,10,0.5864623889176439,1,2.0,2.0,2.0,False
trial_000_ep1_task059,0,59,0.9,low,28,5,11,0.5864623889176439,1,2.0,2.0,2.0,False
trial_000_ep1_task059,0,59,0.9,low,28,5,12,0.5864623889176439,1,2.0,2.0,2.0,False
trial_000_ep1_task059,0,59,0.9,low,28,5,13,0.7052790473041646,1,2.0,2.0,2.0,False
trial_000_ep1_task059,0,59,0.9,low,28,5,14,0.7052790473041646,1,2.0,2.0,2.0,False
trial_000_ep1_task059,0,59,0.9,low,28,5,15,0.7052790473041646,1,2.0,2.0,2.0,False
trial_000_ep1_task059,0,59,0.9,low,28,5,16,0.7052790473041646,1,2.0,2.0,2.0,False
trial_000_ep1_task059,0,59,0.9,low,28,5,17,0.7052790473041646,1,2.0,2.0,2.0,False
trial_000_ep1_task059,0,59,0.9,low,28,5,18,0.7966684525206915,1,2.0,2.0,2.0,False
trial_000_ep1_task059,0,59,0.9,low,28,5,19,0.7966684525206915,1,2.0,2.0,2.0,False
trial_000_ep1_task059,0,59,0.9,low,28,5,20,0.7966684525206915,1,2.0,2.0,2.0,False
trial_000_ep1_task059,0,59,0.9,low,28,5,21,0.7966684525206915,1,2.0,2.0,2.0,False
trial_000_ep1_task059,0,59,0.9,low,28,5,22,0.7966684525206915,1,2.0,2.0,2.0,False
trial_000_ep1_task059,0,59,0.9,low,28,5,23,0.7966684525206915,1,2.0,2.0,2.0,False
trial_000_ep1_task059,0,59,0.9,low,28,5,24,0.7966684525206915,1,2.0,2.0,2.0,False
trial_000_ep1_task059,0,59,0.9,low,28,5,25,0.7966684525206915,1,2.0,2.0,2.0,False
trial_000_ep1_task059,0,59,0.9,low,28,5,26,0.7966684525206915,1,2.0,2.0,2.0,False
trial_000_ep1_task059,0,59,0.9,low,28,5,27,0.7966684525206915,1,2.0,2.0,2.0,False
trial_000_ep1_task060,0,60,0.999,low,7,16,15,0.0,1,,,,False
trial_000_ep1_task060,0,60,0.999,low,7,16,19,0.0,1,,,,False
trial_000_ep1_task060,0,60,0.999,low,7,16,20,0.0,1,,,,False
trial_000_ep1_task060,0,60,0.999,low,7,16,25,0.0,1,,,,False
trial_000_ep1_task060,0,60,0.999,low,7,16,26,0.0,1,,,,False
trial_000_ep1_task060,0,60,0.999,low,7,16,27,0.0,1,,,,False
trial_000_ep1_task062,0,62,0.999,low,15,5,10,0.7022416290265943,2,3.0,3.0,3.0,False
trial_000_ep1_task062,0,62,0.999,low,15,5,11,0.0,1,,,,False
trial_000_ep1_task062,0,62,0.999,low,15,5,13,0.26459216049928447,2,3.0,3.0,3.0,False
trial_000_ep1_task062,0,62,0.999,low,15,5,15,0.7022416290265943,2,3.0,3.0,3.0,False
trial_000_ep1_task062,0,62,0.999,low,15,5,16,0.0,1,,,,False
trial_000_ep1_task062,0,62,0.999,low,15,5,17,0.7022416290265943,2,3.0,3.0,3.0,False
trial_000_ep1_task062,0,62,0.999,low,15,5,19,0.26459216049928447,2,3.0,3.0,3.0,False
trial_000_ep1_task062,0,62,0.999,low,15,5,20,0.9668337895258787,2,3.0,3.0,3.0,False
trial_000_ep1_task062,0,62,0.999,low,15,5,21,0.26459216049928447,2,3.0,3.0,3.0,False
trial_000_ep1_task062,0,62,0.999,low,15,5,22,0.7022416290265943,2,3.0,3.0,3.0,False
trial_000_ep1_task062,0,62,0.999,low,15,5,23,0.0,1,,,,False
trial_000_ep1_task062,0,62,0.999,low,15,5,25,0.0,1,,,,False
trial_000_ep1_task062,0,62,0.999,low,15,5,26,0.7022416290265943,2,3.0,3.0,3.0,False
trial_000_ep1_task062,0,62,0.999,low,15,5,27,0.0,1,,,,False
trial_000_ep1_task064,0,64,0.99,medium,26,2,1,0.0,1,,,,False
trial_000_ep1_task064,0,64,0.99,medium,26,2,4,0.0,1,,,,False
trial_000_ep1_task064,0,64,0.99,medium,26,2,5,0.0,1,,,,False
trial_000_ep1_task064,0,64,0.99,medium,26,2,6,0.0,1,,,,False
trial_000_ep1_task064,0,64,0.99,medium,26,2,7,0.0,1,,,,False
trial_000_ep1_task064,0,64,0.99,medium,26,2,8,0.0,1,,,,False
trial_000_ep1_task064,0,64,0.99,medium,26,2,9,0.0,1,,,,False
trial_000_ep1_task064,0,64,0.99,medium,26,2,10,0.0,1,,,,False
trial_000_ep1_task064,0,64,0.99,medium,26,2,11,0.0,1,,,,False
trial_000_ep1_task064,0,64,0.99,medium,26,2,12,0.0,1,,,,False
trial_000_ep1_task064,0,64,0.99,medium,26,2,13,0.0,1,,,,False
trial_000_ep1_task064,0,64,0.99,medium,26,2,14,0.0,1,,,,False
trial_000_ep1_task064,0,64,0.99,medium,26,2,15,0.0,1,,,,False
trial_000_ep1_task064,0,64,0.99,medium,26,2,16,0.0,1,,,,False
trial_000_ep1_task064,0,64,0.99,medium,26,2,17,0.0,1,,,,False
trial_000_ep1_task064,0,64,0.99,medium,26,2,18,0.0,1,,,,False
trial_000_ep1_task064,0,64,0.99,medium,26,2,19,0.0,1,,,,False
trial_000_ep1_task064,0,64,0.99,medium,26,2,20,0.0,1,,,,False
trial_000_ep1_task064,0,64,0.99,medium,26,2,21,0.0,1,,,,False
trial_000_ep1_task064,0,64,0.99,medium,26,2,22,0.0,1,,,,False
trial_000_ep1_task064,0,64,0.99,medium,26,2,23,0.0,1,,,,False
trial_000_ep1_task064,0,64,0.99,medium,26,2,24,0.0,1,,,,False
trial_000_ep1_task064,0,64,0.99,medium,26,2,25,0.0,1,,,,False
trial_000_ep1_task064,0,64,0.99,medium,26,2,26,0.0,1,,,,False
trial_000_ep1_task064,0,64,0.99,medium,26,2,27,0.0,1,,,,False
trial_000_ep1_task065,0,65,0.99,low,16,17,4,1.2695789401655277,3,5.0,5.0,5.0,False
trial_000_ep1_task065,0,65,0.99,low,16,17,5,1.11710406873637,4,5.0,5.0,5.0,False
trial_000_ep1_task065,0,65,0.99,low,16,17,10,0.6388014315711414,3,4.0,4.0,4.0,False
trial_000_ep1_task065,0,65,0.99,low,16,17,11,0.35433108983405237,3,4.0,4.0,4.0,False
trial_000_ep1_task065,0,65,0.99,low,16,17,13,0.798621199985639,1,3.0,4.0,4.0,False
trial_000_ep1_task065,0,65,0.99,low,16,17,15,0.43134673928929423,3,4.0,4.0,4.0,False
trial_000_ep1_task065,0,65,0.99,low,16,17,16,0.14687639755220516,3,4.0,4.0,4.0,False
trial_000_ep1_task065,0,65,0.99,low,16,17,19,0.3809626519797509,1,4.0,4.0,4.0,False
trial_000_ep1_task065,0,65,0.99,low,16,17,20,0.6360212290109652,1,4.0,4.0,4.0,False
trial_000_ep1_task065,0,65,0.99,low,16,17,21,0.7073825420096167,1,4.0,4.0,4.0,False
trial_000_ep1_task065,0,65,0.99,low,16,17,22,0.22989660432482273,1,3.0,3.0,4.0,False
trial_000_ep1_task065,0,65,0.99,low,16,17,23,0.4849551813560371,1,4.0,4.0,4.0,False
trial_000_ep1_task065,0,65,0.99,low,16,17,25,1.1082225389667384,1,3.0,4.0,4.0,False
trial_000_ep1_task065,0,65,0.99,low,16,17,26,1.1795838519653898,1,4.0,4.0,4.0,False
trial_000_ep1_task065,0,65,0.99,low,16,17,27,1.4346424289966042,1,4.0,4.0,4.0,False
trial_000_ep1_task067,0,67,0.99,medium,22,5,4,0.5678235919777812,1,3.0,3.0,3.0,False
trial_000_ep1_task067,0,67,0.99,medium,22,5,7,1.6157871252955716,2,3.0,3.0,3.0,False
trial_000_ep1_task067,0,67,0.99,medium,22,5,8,1.6157871252955716,2,3.0,3.0,3.0,False
trial_000_ep1_task067,0,67,0.99,medium,22,5,10,1.198852050577293,2,3.0,3.0,3.0,False
trial_000_ep1_task067,0,67,0.99,medium,22,5,11,1.6157871252955716,2,3.0,3.0,3.0,False
trial_000_ep1_task067,0,67,0.99,medium,22,5,12,1.6157871252955716,2,3.0,3.0,3.0,False
trial_000_ep1_task067,0,67,0.99,medium,22,5,13,1.6157871252955716,2,3.0,3.0,3.0,False
trial_000_ep1_task067,0,67,0.99,medium,22,5,14,1.6157871252955716,2,3.0,3.0,3.0,False
trial_000_ep1_task067,0,67,0.99,medium,22,5,15,1.198852050577293,2,3.0,3.0,3.0,False
trial_000_ep1_task067,0,67,0.99,medium,22,5,16,1.6157871252955716,2,3.0,3.0,3.0,False
trial_000_ep1_task067,0,67,0.99,medium,22,5,17,1.6157871252955716,2,3.0,3.0,3.0,False
trial_000_ep1_task067,0,67,0.99,medium,22,5,18,1.6157871252955716,2,3.0,3.0,3.0,False
trial_000_ep1_task067,0,67,0.99,medium,22,5,19,1.198852050577293,2,3.0,3.0,3.0,False
trial_000_ep1_task067,0,67,0.99,medium,22,5,20,1.6157871252955716,2,3.0,3.0,3.0,False
trial_000_ep1_task067,0,67,0.99,medium,22,5,21,1.6157871252955716,2,3.0,3.0,3.0,False
trial_000_ep1_task067,0,67,0.99,medium,22,5,22,1.198852050577293,2,3.0,3.0,3.0,False
trial_000_ep1_task067,0,67,0.99,medium,22,5,23,1.6157871252955716,2,3.0,3.0,3.0,False
trial_000_ep1_task067,0,67,0.99,medium,22,5,24,1.6157871252955716,2,3.0,3.0,3.0,False
trial_000_ep1_task067,0,67,0.99,medium,22,5,25,1.198852050577293,2,3.0,3.0,3.0,False
trial_000_ep1_task067,0,67,0.99,medium,22,5,26,1.198852050577293,2,3.0,3.0,3.0,False
trial_000_ep1_task067,0,67,0.99,medium,22,5,27,1.6157871252955716,2,3.0,3.0,3.0,False
trial_000_ep1_task068,0,68,0.99,high,25,5,1,0.0,1,,,,False
trial_000_ep1_task068,0,68,0.99,high,25,5,2,0.0,1,,,,False
trial_000_ep1_task068,0,68,0.99,high,25,5,4,0.0,1,,,,False
trial_000_ep1_task068,0,68,0.99,high,25,5,6,0.0,1,,,,False
trial_000_ep1_task068,0,68,0.99,high,25,5,7,0.0,1,,,,False
trial_000_ep1_task068,0,68,0.99,high,25,5,8,0.0,1,,,,False
trial_000_ep1_task068,0,68,0.99,high,25,5,10,0.0,1,,,,False
trial_000_ep1_task068,0,68,0.99,high,25,5,11,0.0,1,,,,False
trial_000_ep1_task068,0,68,0.99,high,25,5,12,0.0,1,,,,False
trial_000_ep1_task068,0,68,0.99,high,25,5,13,0.0,1,,,,False
trial_000_ep1_task068,0,68,0.99,high,25,5,14,0.8558887068387662,1,2.0,2.0,2.0,False
trial_000_ep1_task068,0,68,0.99,high,25,5,15,0.0,1,,,,False
trial_000_ep1_task068,0,68,0.99,high,25,5,16,0.0,1,,,,False
trial_000_ep1_task068,0,68,0.99,high,25,5,17,0.0,1,,,,False
trial_000_ep1_task068,0,68,0.99,high,25,5,18,0.8558887068387662,1,2.0,2.0,2.0,False
trial_000_ep1_task068,0,68,0.99,high,25,5,19,0.0,1,,,,False
trial_000_ep1_task068,0,68,0.99,high,25,5,20,0.0,1,,,,False
trial_000_ep1_task068,0,68,0.99,high,25,5,21,0.0,1,,,,False
trial_000_ep1_task068,0,68,0.99,high,25,5,22,0.8558887068387662,1,2.0,2.0,2.0,False
trial_000_ep1_task068,0,68,0.99,high,25,5,23,0.8558887068387662,1,2.0,2.0,2.0,False
trial_000_ep1_task068,0,68,0.99,high,25,5,24,0.8558887068387662,1,2.0,2.0,2.0,False
trial_000_ep1_task068,0,68,0.99,high,25,5,25,0.0,1,,,,False
trial_000_ep1_task068,0,68,0.99,high,25,5,26,0.0,1,,,,False
trial_000_ep1_task068,0,68,0.99,high,25,5,27,0.0,1,,,,False
trial_000_ep1_task069,0,69,0.999,low,15,5,10,0.0,1,,,,False
trial_000_ep1_task069,0,69,0.999,low,15,5,11,0.0,1,,,,False
trial_000_ep1_task069,0,69,0.999,low,15,5,13,0.0,1,,,,False
trial_000_ep1_task069,0,69,0.999,low,15,5,15,0.0,1,,,,False
trial_000_ep1_task069,0,69,0.999,low,15,5,16,0.0,1,,,,False
trial_000_ep1_task069,0,69,0.999,low,15,5,17,0.0,1,,,,False
trial_000_ep1_task069,0,69,0.999,low,15,5,19,0.0,1,,,,False
trial_000_ep1_task069,0,69,0.999,low,15,5,20,0.0,1,,,,False
trial_000_ep1_task069,0,69,0.999,low,15,5,21,0.0,1,,,,False
trial_000_ep1_task069,0,69,0.999,low,15,5,22,0.0,1,,,,False
trial_000_ep1_task069,0,69,0.999,low,15,5,23,0.0,1,,,,False
trial_000_ep1_task069,0,69,0.999,low,15,5,25,0.0,1,,,,False
trial_000_ep1_task069,0,69,0.999,low,15,5,26,0.0,1,,,,False
trial_000_ep1_task069,0,69,0.999,low,15,5,27,0.0,1,,,,False
trial_000_ep1_task075,0,75,0.999,medium,7,26,15,0.0,1,,,,False
trial_000_ep1_task075,0,75,0.999,medium,7,26,16,0.0,1,,,,False
trial_000_ep1_task075,0,75,0.999,medium,7,26,19,0.0,1,,,,False
trial_000_ep1_task075,0,75,0.999,medium,7,26,20,0.0,1,,,,False
trial_000_ep1_task075,0,75,0.999,medium,7,26,25,0.0,1,,,,False
trial_000_ep1_task075,0,75,0.999,medium,7,26,27,0.0,1,,,,False
trial_000_ep1_task081,0,81,0.99,medium,16,17,4,0.7096154392835596,1,2.0,2.0,2.0,False
trial_000_ep1_task081,0,81,0.99,medium,16,17,5,0.7096154392835596,1,2.0,2.0,2.0,False
trial_000_ep1_task081,0,81,0.99,medium,16,17,10,0.16876450316274738,1,2.0,2.0,2.0,False
trial_000_ep1_task081,0,81,0.99,medium,16,17,11,0.16876450316274738,1,2.0,2.0,2.0,False
trial_000_ep1_task081,0,81,0.99,medium,16,17,13,0.5485459675285296,1,2.0,2.0,2.0,False
trial_000_ep1_task081,0,81,0.99,medium,16,17,15,0.0,1,,,,False
trial_000_ep1_task081,0,81,0.99,medium,16,17,16,0.0,1,,,,False
trial_000_ep1_task081,0,81,0.99,medium,16,17,19,0.097109225489036,1,2.0,2.0,2.0,False
trial_000_ep1_task081,0,81,0.99,medium,16,17,20,0.097109225489036,1,2.0,2.0,2.0,False
trial_000_ep1_task081,0,81,0.99,medium,16,17,21,0.097109225489036,1,2.0,2.0,2.0,False
trial_000_ep1_task081,0,81,0.99,medium,16,17,22,0.45981561287563677,1,2.0,2.0,2.0,False
trial_000_ep1_task081,0,81,0.99,medium,16,17,23,0.45981561287563677,1,2.0,2.0,2.0,False
trial_000_ep1_task081,0,81,0.99,medium,16,17,25,0.6456551930175656,1,2.0,2.0,2.0,False
trial_000_ep1_task081,0,81,0.99,medium,16,17,26,0.6456551930175656,1,2.0,2.0,2.0,False
trial_000_ep1_task081,0,81,0.99,medium,16,17,27,0.6456551930175656,1,2.0,2.0,2.0,False
trial_000_ep1_task083,0,83,0.999,low,7,16,15,0.295128259609736,2,3.0,3.0,3.0,False
trial_000_ep1_task083,0,83,0.999,low,7,16,19,1.4030295844963419,2,3.0,3.0,3.0,False
trial_000_ep1_task083,0,83,0.999,low,7,16,20,1.6981578441060776,2,3.0,3.0,3.0,False
trial_000_ep1_task083,0,83,0.999,low,7,16,25,1.4030295844963419,2,3.0,3.0,3.0,False
trial_000_ep1_task083,0,83,0.999,low,7,16,26,1.4030295844963419,2,3.0,3.0,3.0,False
trial_000_ep1_task083,0,83,0.999,low,7,16,27,1.6981578441060776,2,3.0,3.0,3.0,False
trial_000_ep1_task088,0,88,0.9999,medium,9,19,11,0.019607843137255276,1,2.0,2.0,2.0,False
trial_000_ep1_task088,0,88,0.9999,medium,9,19,15,0.0,1,,,,False
trial_000_ep1_task088,0,88,0.9999,medium,9,19,16,0.019607843137255276,1,2.0,2.0,2.0,False
trial_000_ep1_task088,0,88,0.9999,medium,9,19,20,0.019607843137255276,1,2.0,2.0,2.0,False
trial_000_ep1_task088,0,88,0.9999,medium,9,19,21,0.35294117647058854,1,2.0,2.0,2.0,False
trial_000_ep1_task088,0,88,0.9999,medium,9,19,25,0.33333333333333304,1,2.0,2.0,2.0,False
trial_000_ep1_task088,0,88,0.9999,medium,9,19,26,0.0,1,,,,False
trial_000_ep1_task088,0,88,0.9999,medium,9,19,27,0.019607843137255276,1,2.0,2.0,2.0,False
trial_000_ep1_task090,0,90,0.9,low,28,5,0,0.0,1,,,,False
trial_000_ep1_task090,0,90,0.9,low,28,5,1,0.0,1,,,,False
trial_000_ep1_task090,0,90,0.9,low,28,5,2,0.0,1,,,,False
trial_000_ep1_task090,0,90,0.9,low,28,5,3,0.0,1,,,,False
trial_000_ep1_task090,0,90,0.9,low,28,5,4,0.0,1,,,,False
trial_000_ep1_task090,0,90,0.9,low,28,5,6,0.0,1,,,,False
trial_000_ep1_task090,0,90,0.9,low,28,5,7,0.0,1,,,,False
trial_000_ep1_task090,0,90,0.9,low,28,5,8,0.0,1,,,,False
trial_000_ep1_task090,0,90,0.9,low,28,5,9,0.0,1,,,,False
trial_000_ep1_task090,0,90,0.9,low,28,5,10,0.0,1,,,,False
trial_000_ep1_task090,0,90,0.9,low,28,5,11,0.0,1,,,,False
trial_000_ep1_task090,0,90,0.9,low,28,5,12,0.0,1,,,,False
trial_000_ep1_task090,0,90,0.9,low,28,5,13,0.0,1,,,,False
trial_000_ep1_task090,0,90,0.9,low,28,5,14,0.0,1,,,,False
trial_000_ep1_task090,0,90,0.9,low,28,5,15,0.0,1,,,,False
trial_000_ep1_task090,0,90,0.9,low,28,5,16,0.0,1,,,,False
trial_000_ep1_task090,0,90,0.9,low,28,5,17,0.0,1,,,,False
trial_000_ep1_task090,0,90,0.9,low,28,5,18,0.0,1,,,,False
trial_000_ep1_task090,0,90,0.9,low,28,5,19,0.0,1,,,,False
trial_000_ep1_task090,0,90,0.9,low,28,5,20,0.0,1,,,,False
trial_000_ep1_task090,0,90,0.9,low,28,5,21,0.0,1,,,,False
trial_000_ep1_task090,0,90,0.9,low,28,5,22,0.0,1,,,,False
trial_000_ep1_task090,0,90,0.9,low,28,5,23,0.0,1,,,,False
trial_000_ep1_task090,0,90,0.9,low,28,5,24,0.0,1,,,,False
trial_000_ep1_task090,0,90,0.9,low,28,5,25,0.0,1,,,,False
trial_000_ep1_task090,0,90,0.9,low,28,5,26,0.0,1,,,,False
trial_000_ep1_task090,0,90,0.9,low,28,5,27,0.0,1,,,,False
trial_000_ep1_task092,0,92,0.999,medium,7,16,15,0.2262217858276101,1,2.0,2.0,2.0,False
trial_000_ep1_task092,0,92,0.999,medium,7,16,19,0.3604247807845504,2,3.0,3.0,3.0,False
trial_000_ep1_task092,0,92,0.999,medium,7,16,20,0.5666943680493475,1,3.0,3.0,3.0,False
trial_000_ep1_task092,0,92,0.999,medium,7,16,25,0.8328112395602643,1,2.0,3.0,3.0,False
trial_000_ep1_task092,0,92,0.999,medium,7,16,26,0.7878997964414576,1,2.0,3.0,3.0,False
trial_000_ep1_task092,0,92,0.999,medium,7,16,27,1.0141215822690677,1,2.0,3.0,3.0,False
trial_000_ep1_task098,0,98,0.9999,high,14,13,10,0.0,1,,,,False
trial_000_ep1_task098,0,98,0.9999,high,14,13,11,0.0,1,,,,False
trial_000_ep1_task098,0,98,0.9999,high,14,13,15,0.0,1,,,,False
trial_000_ep1_task098,0,98,0.9999,high,14,13,16,0.0,1,,,,False
trial_000_ep1_task098,0,98,0.9999,high,14,13,17,0.0,1,,,,False
trial_000_ep1_task098,0,98,0.9999,high,14,13,19,0.0,1,,,,False
trial_000_ep1_task098,0,98,0.9999,high,14,13,20,0.0,1,,,,False
trial_000_ep1_task098,0,98,0.9999,high,14,13,21,0.0,1,,,,False
trial_000_ep1_task098,0,98,0.9999,high,14,13,22,0.0,1,,,,False
trial_000_ep1_task098,0,98,0.9999,high,14,13,23,0.0,1,,,,False
trial_000_ep1_task098,0,98,0.9999,high,14,13,25,0.0,1,,,,False
trial_000_ep1_task098,0,98,0.9999,high,14,13,26,0.0,1,,,,False
trial_000_ep1_task098,0,98,0.9999,high,14,13,27,0.0,1,,,,False
trial_000_ep1_task099,0,99,0.9,low,26,6,1,1.6763118984488656,1,2.0,3.0,3.0,False
trial_000_ep1_task099,0,99,0.9,low,26,6,2,0.8924119279097225,1,2.0,2.0,2.0,False
trial_000_ep1_task099,0,99,0.9,low,26,6,4,0.3648151959949315,1,2.0,3.0,3.0,False
trial_000_ep1_task099,0,99,0.9,low,26,6,5,0.08311653571389499,1,2.0,2.0,2.0,False
trial_000_ep1_task099,0,99,0.9,low,26,6,7,0.9787164376498927,1,2.0,2.0,2.0,False
trial_000_ep1_task099,0,99,0.9,low,26,6,8,0.6975954607989729,2,3.0,3.0,3.0,False
trial_000_ep1_task099,0,99,0.9,low,26,6,9,0.6822266140187239,2,3.0,3.0,3.0,False
trial_000_ep1_task099,0,99,0.9,low,26,6,10,0.5469307810611761,2,3.0,3.0,3.0,False
trial_000_ep1_task099,0,99,0.9,low,26,6,11,0.6975954607989729,2,3.0,3.0,3.0,False
trial_000_ep1_task099,0,99,0.9,low,26,6,12,0.6975954607989729,1,3.0,3.0,3.0,False
trial_000_ep1_task099,0,99,0.9,low,26,6,13,0.9312761736414119,2,3.0,3.0,3.0,False
trial_000_ep1_task099,0,99,0.9,low,26,6,14,0.9159073268611628,2,3.0,3.0,3.0,False
trial_000_ep1_task099,0,99,0.9,low,26,6,15,0.7806114939036151,2,3.0,3.0,3.0,False
trial_000_ep1_task099,0,99,0.9,low,26,6,16,0.9312761736414119,2,3.0,3.0,3.0,False
trial_000_ep1_task099,0,99,0.9,low,26,6,17,0.9312761736414119,1,3.0,3.0,3.0,False
trial_000_ep1_task099,0,99,0.9,low,26,6,18,1.554539297288195,2,3.0,3.0,3.0,False
trial_000_ep1_task099,0,99,0.9,low,26,6,19,1.4192434643306473,2,3.0,3.0,3.0,False
trial_000_ep1_task099,0,99,0.9,low,26,6,20,1.63205960846666,1,3.0,3.0,3.0,False
trial_000_ep1_task099,0,99,0.9,low,26,6,21,1.715176144180555,1,3.0,3.0,3.0,False
trial_000_ep1_task099,0,99,0.9,low,26,6,22,1.4038746175503982,2,3.0,3.0,3.0,False
trial_000_ep1_task099,0,99,0.9,low,26,6,23,1.554539297288195,2,3.0,3.0,3.0,False
trial_000_ep1_task099,0,99,0.9,low,26,6,24,1.554539297288195,1,3.0,3.0,3.0,False
trial_000_ep1_task099,0,99,0.9,low,26,6,25,2.1596563403814515,1,3.0,3.0,3.0,False
trial_000_ep1_task099,0,99,0.9,low,26,6,26,2.2427728760953465,1,3.0,3.0,3.0,False
trial_000_ep1_task099,0,99,0.9,low,26,6,27,2.5244715363763826,1,3.0,3.0,3.0,False
trial_000_ep1_task101,0,101,0.9,low,28,6,0,0.3792487199572929,1,2.0,2.0,2.0,False
trial_000_ep1_task101,0,101,0.9,low,28,6,1,0.19143324811712636,1,2.0,2.0,2.0,False
trial_000_ep1_task101,0,101,0.9,low,28,6,2,0.0,1,,,,False
trial_000_ep1_task101,0,101,0.9,low,28,6,3,0.0,1,,,,False
trial_000_ep1_task101,0,101,0.9,low,28,6,4,0.0,1,,,,False
trial_000_ep1_task101,0,101,0.9,low,28,6,5,0.0,1,,,,False
trial_000_ep1_task101,0,101,0.9,low,28,6,7,0.3144909120950983,1,2.0,2.0,2.0,False
trial_000_ep1_task101,0,101,0.9,low,28,6,8,0.5059241602122246,1,2.0,2.0,2.0,False
trial_000_ep1_task101,0,101,0.9,low,28,6,9,0.5059241602122246,1,2.0,2.0,2.0,False
trial_000_ep1_task101,0,101,0.9,low,28,6,10,0.5059241602122246,1,2.0,2.0,2.0,False
trial_000_ep1_task101,0,101,0.9,low,28,6,11,0.5059241602122246,1,2.0,2.0,2.0,False
trial_000_ep1_task101,0,101,0.9,low,28,6,12,0.5059241602122246,1,2.0,2.0,2.0,False
trial_000_ep1_task101,0,101,0.9,low,28,6,13,0.6937396320523912,1,2.0,2.0,2.0,False
trial_000_ep1_task101,0,101,0.9,low,28,6,14,0.6937396320523912,1,2.0,2.0,2.0,False
trial_000_ep1_task101,0,101,0.9,low,28,6,15,0.6937396320523912,1,2.0,2.0,2.0,False
trial_000_ep1_task101,0,101,0.9,low,28,6,16,0.6937396320523912,1,2.0,2.0,2.0,False
trial_000_ep1_task101,0,101,0.9,low,28,6,17,0.6937396320523912,1,2.0,2.0,2.0,False
trial_000_ep1_task101,0,101,0.9,low,28,6,18,0.8851728801695176,1,2.0,2.0,2.0,False
trial_000_ep1_task101,0,101,0.9,low,28,6,19,0.8851728801695176,1,2.0,2.0,2.0,False
trial_000_ep1_task101,0,101,0.9,low,28,6,20,0.8851728801695176,1,2.0,2.0,2.0,False
trial_000_ep1_task101,0,101,0.9,low,28,6,21,0.8851728801695176,1,2.0,2.0,2.0,False
trial_000_ep1_task101,0,101,0.9,low,28,6,22,0.8851728801695176,1,2.0,2.0,2.0,False
trial_000_ep1_task101,0,101,0.9,low,28,6,23,0.8851728801695176,1,2.0,2.0,2.0,False
trial_000_ep1_task101,0,101,0.9,low,28,6,24,0.8851728801695176,1,2.0,2.0,2.0,False
trial_000_ep1_task101,0,101,0.9,low,28,6,25,0.8851728801695176,1,2.0,2.0,2.0,False
trial_000_ep1_task101,0,101,0.9,low,28,6,26,0.8851728801695176,1,2.0,2.0,2.0,False
trial_000_ep1_task101,0,101,0.9,low,28,6,27,0.8851728801695176,1,2.0,2.0,2.0,False
trial_000_ep1_task102,0,102,0.9,low,28,5,0,1.201113889274649,1,3.0,4.0,4.0,False
trial_000_ep1_task102,0,102,0.9,low,28,5,1,1.1192171037935137,1,3.0,4.0,4.0,False
trial_000_ep1_task102,0,102,0.9,low,28,5,2,0.5742471830988887,3,4.0,4.0,4.0,False
trial_000_ep1_task102,0,102,0.9,low,28,5,3,0.8176387643621683,1,3.0,3.0,3.0,False
trial_000_ep1_task102,0,102,0.9,low,28,5,4,0.2365055666618212,1,2.0,3.0,3.0,False
trial_000_ep1_task102,0,102,0.9,low,28,5,6,0.03808636440788371,1,2.0,2.0,2.0,False
trial_000_ep1_task102,0,102,0.9,low,28,5,7,0.5569874731352193,1,3.0,4.0,4.0,False
trial_000_ep1_task102,0,102,0.9,low,28,5,8,0.035114707489784625,1,2.0,4.0,4.0,False
trial_000_ep1_task102,0,102,0.9,low,28,5,9,0.5240259174787774,3,4.0,4.0,4.0,False
trial_000_ep1_task102,0,102,0.9,low,28,5,10,0.5622296306582957,3,4.0,4.0,4.0,False
trial_000_ep1_task102,0,102,0.9,low,28,5,11,0.5622296306582957,3,4.0,4.0,4.0,False
trial_000_ep1_task102,0,102,0.9,low,28,5,12,0.5622296306582957,3,4.0,4.0,4.0,False
trial_000_ep1_task102,0,102,0.9,low,28,5,13,0.11701149297091984,1,4.0,4.0,4.0,False
trial_000_ep1_task102,0,102,0.9,low,28,5,14,0.6059227029599139,3,4.0,4.0,4.0,False
trial_000_ep1_task102,0,102,0.9,low,28,5,15,0.6441264161394304,3,4.0,4.0,4.0,False
trial_000_ep1_task102,0,102,0.9,low,28,5,16,0.6441264161394304,3,4.0,4.0,4.0,False
trial_000_ep1_task102,0,102,0.9,low,28,5,17,0.6441264161394304,3,4.0,4.0,4.0,False
trial_000_ep1_task102,0,102,0.9,low,28,5,18,0.4185898324022652,1,4.0,4.0,4.0,False
trial_000_ep1_task102,0,102,0.9,low,28,5,19,0.9997230301026125,1,3.0,4.0,4.0,False
trial_000_ep1_task102,0,102,0.9,low,28,5,20,1.2362285967644335,1,3.0,4.0,4.0,False
trial_000_ep1_task102,0,102,0.9,low,28,5,21,1.19814223235655,1,3.0,4.0,4.0,False
trial_000_ep1_task102,0,102,0.9,low,28,5,22,0.9457047555707749,3,4.0,4.0,4.0,False
trial_000_ep1_task102,0,102,0.9,low,28,5,23,0.9457047555707749,1,4.0,4.0,4.0,False
trial_000_ep1_task102,0,102,0.9,low,28,5,24,0.9457047555707749,3,4.0,4.0,4.0,False
trial_000_ep1_task102,0,102,0.9,low,28,5,25,1.5268379532711223,1,4.0,4.0,4.0,False
trial_000_ep1_task102,0,102,0.9,low,28,5,26,1.526837953271122,2,4.0,4.0,4.0,False
trial_000_ep1_task102,0,102,0.9,low,28,5,27,1.7252571555250598,1,4.0,4.0,4.0,False
trial_000_ep1_task109,0,109,0.9,high,28,4,0,1.1764705882352944,2,3.0,3.0,3.0,False
trial_000_ep1_task109,0,109,0.9,high,28,4,1,1.1764705882352944,2,3.0,3.0,3.0,False
trial_000_ep1_task109,0,109,0.9,high,28,4,2,1.1764705882352944,2,3.0,3.0,3.0,False
trial_000_ep1_task109,0,109,0.9,high,28,4,3,1.1764705882352944,2,3.0,3.0,3.0,False
trial_000_ep1_task109,0,109,0.9,high,28,4,5,0.7103095833699404,3,4.0,4.0,4.0,False
trial_000_ep1_task109,0,109,0.9,high,28,4,6,0.7614911029475495,2,3.0,3.0,3.0,False
trial_000_ep1_task109,0,109,0.9,high,28,4,7,1.2096075678082663,1,3.0,3.0,3.0,False
trial_000_ep1_task109,0,109,0.9,high,28,4,8,1.5704719521983024,1,3.0,3.0,3.0,False
trial_000_ep1_task109,0,109,0.9,high,28,4,9,1.3801867557464162,1,3.0,3.0,3.0,False
trial_000_ep1_task109,0,109,0.9,high,28,4,10,0.39400136396300844,1,2.0,2.0,2.0,False
trial_000_ep1_task109,0,109,0.9,high,28,4,11,0.7103095833699404,3,4.0,4.0,4.0,False
trial_000_ep1_task109,0,109,0.9,high,28,4,12,0.7614911029475495,2,3.0,3.0,3.0,False
trial_000_ep1_task109,0,109,0.9,high,28,4,13,1.606250822543538,1,3.0,3.0,3.0,False
trial_000_ep1_task109,0,109,0.9,high,28,4,14,1.4159656260916518,1,3.0,3.0,3.0,False
trial_000_ep1_task109,0,109,0.9,high,28,4,15,0.4297802343082431,1,2.0,2.0,2.0,False
trial_000_ep1_task109,0,109,0.9,high,28,4,16,0.7103095833699404,3,4.0,4.0,4.0,False
trial_000_ep1_task109,0,109,0.9,high,28,4,17,0.7614911029475495,2,3.0,3.0,3.0,False
trial_000_ep1_task109,0,109,0.9,high,28,4,18,1.7768300104816883,1,3.0,3.0,3.0,False
trial_000_ep1_task109,0,109,0.9,high,28,4,19,0.7906446186982805,1,2.0,2.0,2.0,False
trial_000_ep1_task109,0,109,0.9,high,28,4,20,0.8560040958224633,1,4.0,4.0,4.0,False
trial_000_ep1_task109,0,109,0.9,high,28,4,21,0.967115206933574,1,3.0,3.0,3.0,False
trial_000_ep1_task109,0,109,0.9,high,28,4,22,0.6003594222463935,1,2.0,2.0,2.0,False
trial_000_ep1_task109,0,109,0.9,high,28,4,23,0.7103095833699404,3,4.0,4.0,4.0,False
trial_000_ep1_task109,0,109,0.9,high,28,4,24,0.7768300104816888,1,3.0,3.0,3.0,False
trial_000_ep1_task109,0,109,0.9,high,28,4,25,1.1111111111111107,2,4.0,4.0,4.0,False
trial_000_ep1_task109,0,109,0.9,high,28,4,26,0.41497948528774486,2,3.0,3.0,3.0,False
trial_000_ep1_task109,0,109,0.9,high,28,4,27,0.7103095833699404,3,4.0,4.0,4.0,False
trial_000_ep1_task117,0,117,0.99,low,16,5,4,0.8764807702685973,2,7.0,7.0,7.0,False
trial_000_ep1_task117,0,117,0.99,low,16,5,10,0.7175701508122678,5,7.0,7.0,7.0,False
trial_000_ep1_task117,0,117,0.99,low,16,5,11,0.6996330059551312,2,4.0,4.0,4.0,False
trial_000_ep1_task117,0,117,0.99,low,16,5,13,0.4975964077449495,2,4.0,4.0,4.0,False
trial_000_ep1_task117,0,117,0.99,low,16,5,15,0.7175701508122678,5,7.0,7.0,7.0,False
trial_000_ep1_task117,0,117,0.99,low,16,5,16,0.8068579779134895,2,4.0,4.0,4.0,False
trial_000_ep1_task117,0,117,0.99,low,16,5,17,0.8068579779134895,2,4.0,4.0,4.0,False
trial_000_ep1_task117,0,117,0.99,low,16,5,19,1.2518126751545946,1,7.0,7.0,7.0,False
trial_000_ep1_task117,0,117,0.99,low,16,5,20,1.5456451535478242,1,2.0,4.0,4.0,False
trial_000_ep1_task117,0,117,0.99,low,16,5,21,1.5034961566572473,1,2.0,4.0,4.0,False
trial_000_ep1_task117,0,117,0.99,low,16,5,22,0.8983276617912428,1,7.0,7.0,7.0,False
trial_000_ep1_task117,0,117,0.99,low,16,5,23,1.1921601401844726,2,4.0,4.0,4.0,False
trial_000_ep1_task117,0,117,0.99,low,16,5,25,1.913996238128402,1,3.0,7.0,7.0,False
trial_000_ep1_task117,0,117,0.99,low,16,5,26,1.871847241237825,1,3.0,7.0,7.0,False
trial_000_ep1_task117,0,117,0.99,low,16,5,27,2.165679719631055,1,3.0,4.0,4.0,False
trial_000_ep1_task125,0,125,0.999,medium,6,16,19,0.580711174965225,2,3.0,3.0,3.0,False
trial_000_ep1_task125,0,125,0.999,medium,6,16,20,0.631076611610156,1,2.0,2.0,2.0,False
trial_000_ep1_task125,0,125,0.999,medium,6,16,25,0.580711174965225,2,3.0,3.0,3.0,False
trial_000_ep1_task125,0,125,0.999,medium,6,16,26,0.580711174965225,2,3.0,3.0,3.0,False
trial_000_ep1_task125,0,125,0.999,medium,6,16,27,1.120264716093292,1,2.0,2.0,2.0,False
trial_000_ep1_task130,0,130,0.9,high,28,2,0,0.0,1,,,,False
trial_000_ep1_task130,0,130,0.9,high,28,2,1,0.0,1,,,,False
trial_000_ep1_task130,0,130,0.9,high,28,2,3,0.0,1,,,,False
trial_000_ep1_task130,0,130,0.9,high,28,2,4,0.2038840392977878,1,3.0,3.0,3.0,False
trial_000_ep1_task130,0,130,0.9,high,28,2,5,0.0,1,,,,False
trial_000_ep1_task130,0,130,0.9,high,28,2,6,0.0,1,,,,False
trial_000_ep1_task130,0,130,0.9,high,28,2,7,0.0,1,,,,False
trial_000_ep1_task130,0,130,0.9,high,28,2,8,0.0,1,,,,False
trial_000_ep1_task130,0,130,0.9,high,28,2,9,0.0,1,,,,False
trial_000_ep1_task130,0,130,0.9,high,28,2,10,0.2038840392977878,1,3.0,3.0,3.0,False
trial_000_ep1_task130,0,130,0.9,high,28,2,11,0.0,1,,,,False
trial_000_ep1_task130,0,130,0.9,high,28,2,12,0.0,1,,,,False
trial_000_ep1_task130,0,130,0.9,high,28,2,13,0.0,1,,,,False
trial_000_ep1_task130,0,130,0.9,high,28,2,14,0.0,1,,,,False
trial_000_ep1_task130,0,130,0.9,high,28,2,15,0.2038840392977878,1,3.0,3.0,3.0,False
trial_000_ep1_task130,0,130,0.9,high,28,2,16,0.0,1,,,,False
trial_000_ep1_task130,0,130,0.9,high,28,2,17,0.0,1,,,,False
trial_000_ep1_task130,0,130,0.9,high,28,2,18,0.0,1,,,,False
trial_000_ep1_task130,0,130,0.9,high,28,2,19,0.2038840392977878,1,3.0,3.0,3.0,False
trial_000_ep1_task130,0,130,0.9,high,28,2,20,0.0,1,,,,False
trial_000_ep1_task130,0,130,0.9,high,28,2,21,0.0,1,,,,False
trial_000_ep1_task130,0,130,0.9,high,28,2,22,0.2038840392977878,1,3.0,3.0,3.0,False
trial_000_ep1_task130,0,130,0.9,high,28,2,23,0.0,1,,,,False
trial_000_ep1_task130,0,130,0.9,high,28,2,24,0.0,1,,,,False
trial_000_ep1_task130,0,130,0.9,high,28,2,25,0.2038840392977878,1,3.0,3.0,3.0,False
trial_000_ep1_task130,0,130,0.9,high,28,2,26,0.2038840392977878,1,3.0,3.0,3.0,False
trial_000_ep1_task130,0,130,0.9,high,28,2,27,0.0,1,,,,False
trial_000_ep1_task133,0,133,0.99,high,26,5,1,0.8773352804691967,2,4.0,4.0,4.0,False
trial_000_ep1_task133,0,133,0.99,high,26,5,2,0.0,1,,,,False
trial_000_ep1_task133,0,133,0.99,high,26,5,4,0.8823529411764639,2,4.0,4.0,5.0,False
trial_000_ep1_task133,0,133,0.99,high,26,5,6,0.0,1,,,,False
trial_000_ep1_task133,0,133,0.99,high,26,5,7,1.0926759406188362,2,3.0,4.0,4.0,False
trial_000_ep1_task133,0,133,0.99,high,26,5,8,0.21534066014963948,2,3.0,3.0,3.0,False
trial_000_ep1_task133,0,133,0.99,high,26,5,9,0.21534066014963948,2,3.0,3.0,3.0,False
trial_000_ep1_task133,0,133,0.99,high,26,5,10,1.0976936013261034,2,4.0,4.0,5.0,False
trial_000_ep1_task133,0,133,0.99,high,26,5,11,0.21534066014963948,2,3.0,3.0,3.0,False
trial_000_ep1_task133,0,133,0.99,high,26,5,12,0.21534066014963948,2,3.0,3.0,3.0,False
trial_000_ep1_task133,0,133,0.99,high,26,5,13,0.8773352804691967,2,4.0,4.0,4.0,False
trial_000_ep1_task133,0,133,0.99,high,26,5,14,0.8773352804691967,2,4.0,4.0,4.0,False
trial_000_ep1_task133,0,133,0.99,high,26,5,15,1.7596882216456609,2,4.0,4.0,5.0,False
trial_000_ep1_task133,0,133,0.99,high,26,5,16,0.8773352804691967,2,4.0,4.0,4.0,False
trial_000_ep1_task133,0,133,0.99,high,26,5,17,0.8773352804691967,2,4.0,4.0,4.0,False
trial_000_ep1_task133,0,133,0.99,high,26,5,18,0.0,1,,,,False
trial_000_ep1_task133,0,133,0.99,high,26,5,19,0.8823529411764639,2,4.0,4.0,5.0,False
trial_000_ep1_task133,0,133,0.99,high,26,5,20,0.0,1,,,,False
trial_000_ep1_task133,0,133,0.99,high,26,5,21,0.0,1,,,,False
trial_000_ep1_task133,0,133,0.99,high,26,5,22,0.8823529411764639,2,4.0,4.0,5.0,False
trial_000_ep1_task133,0,133,0.99,high,26,5,23,0.0,1,,,,False
trial_000_ep1_task133,0,133,0.99,high,26,5,24,0.0,1,,,,False
trial_000_ep1_task133,0,133,0.99,high,26,5,25,0.8823529411764639,2,4.0,4.0,5.0,False
trial_000_ep1_task133,0,133,0.99,high,26,5,26,0.8823529411764639,2,4.0,4.0,5.0,False
trial_000_ep1_task133,0,133,0.99,high,26,5,27,0.0,1,,,,False
trial_000_ep1_task135,0,135,0.999,medium,5,26,16,1.9464085407866862,1,2.0,2.0,4.0,False
trial_000_ep1_task135,0,135,0.999,medium,5,26,20,0.36718681283770405,1,4.0,8.0,8.0,False
trial_000_ep1_task135,0,135,0.999,medium,5,26,25,0.3464085407866859,2,4.0,8.0,8.0,False
trial_000_ep1_task135,0,135,0.999,medium,5,26,27,0.692849985632563,3,4.0,5.0,5.0,False
trial_000_ep1_task138,0,138,0.9,medium,28,4,0,0.8121098465777186,1,5.0,5.0,5.0,False
trial_000_ep1_task138,0,138,0.9,medium,28,4,1,0.7277243434039748,1,5.0,5.0,5.0,False
trial_000_ep1_task138,0,138,0.9,medium,28,4,2,1.0165303921181135,4,5.0,5.0,5.0,False
trial_000_ep1_task138,0,138,0.9,medium,28,4,3,0.9202538498597201,4,5.0,5.0,5.0,False
trial_000_ep1_task138,0,138,0.9,medium,28,4,5,0.30785943784987335,2,5.0,5.0,5.0,False
trial_000_ep1_task138,0,138,0.9,medium,28,4,6,0.28346960788188635,3,5.0,5.0,5.0,False
trial_000_ep1_task138,0,138,0.9,medium,28,4,7,1.08801003070824,4,5.0,5.0,5.0,False
trial_000_ep1_task138,0,138,0.9,medium,28,4,8,1.4592983837743407,4,5.0,5.0,5.0,False
trial_000_ep1_task138,0,138,0.9,medium,28,4,9,1.3630218415159474,4,5.0,5.0,5.0,False
trial_000_ep1_task138,0,138,0.9,medium,28,4,10,0.44276799165622727,1,5.0,5.0,5.0,False
trial_000_ep1_task138,0,138,0.9,medium,28,4,11,0.24654566272283773,3,5.0,5.0,5.0,False
trial_000_ep1_task138,0,138,0.9,medium,28,4,12,0.3219178919264012,1,2.0,5.0,5.0,False
trial_000_ep1_task138,0,138,0.9,medium,28,4,13,1.5436838869480844,4,5.0,5.0,5.0,False
trial_000_ep1_task138,0,138,0.9,medium,28,4,14,1.4474073446896911,4,5.0,5.0,5.0,False
trial_000_ep1_task138,0,138,0.9,medium,28,4,15,0.527153494829971,1,5.0,5.0,5.0,False
trial_000_ep1_task138,0,138,0.9,medium,28,4,16,0.33093116589658145,3,5.0,5.0,5.0,False
trial_000_ep1_task138,0,138,0.9,medium,28,4,17,0.4063033951001449,1,5.0,5.0,5.0,False
trial_000_ep1_task138,0,138,0.9,medium,28,4,18,1.8186956977557927,4,5.0,5.0,5.0,False
trial_000_ep1_task138,0,138,0.9,medium,28,4,19,1.0008625869728673,1,5.0,5.0,5.0,False
trial_000_ep1_task138,0,138,0.9,medium,28,4,20,0.8046402580394787,3,5.0,5.0,5.0,False
trial_000_ep1_task138,0,138,0.9,medium,28,4,21,0.8800124872430413,1,5.0,5.0,5.0,False
trial_000_ep1_task138,0,138,0.9,medium,28,4,22,0.8021653056376792,2,5.0,5.0,5.0,False
trial_000_ep1_task138,0,138,0.9,medium,28,4,23,0.6059429767042896,3,5.0,5.0,5.0,False
trial_000_ep1_task138,0,138,0.9,medium,28,4,24,0.6813152059078522,1,5.0,5.0,5.0,False
trial_000_ep1_task138,0,138,0.9,medium,28,4,25,0.9895832940596745,1,3.0,5.0,5.0,False
trial_000_ep1_task138,0,138,0.9,medium,28,4,26,1.1340277385041189,1,3.0,5.0,5.0,False
trial_000_ep1_task138,0,138,0.9,medium,28,4,27,0.8687331943298484,1,5.0,5.0,5.0,False
trial_000_ep1_task139,0,139,0.999,medium,7,26,15,0.8360789760526739,1,4.0,4.0,4.0,False
trial_000_ep1_task139,0,139,0.999,medium,7,26,16,0.6212531197461768,1,4.0,4.0,4.0,False
trial_000_ep1_task139,0,139,0.999,medium,7,26,19,1.798557505906449,3,4.0,4.0,4.0,False
trial_000_ep1_task139,0,139,0.999,medium,7,26,20,1.4720945406834423,3,4.0,4.0,4.0,False
trial_000_ep1_task139,0,139,0.999,medium,7,26,25,1.10664893385497,3,4.0,4.0,4.0,False
trial_000_ep1_task139,0,139,0.999,medium,7,26,27,0.32646296522300666,2,4.0,4.0,4.0,False
trial_000_ep1_task141,0,141,0.99,high,16,17,4,2.0588235294117645,1,2.0,2.0,3.0,False
trial_000_ep1_task141,0,141,0.99,high,16,17,5,1.9444444444444446,1,2.0,2.0,2.0,False
trial_000_ep1_task141,0,141,0.99,high,16,17,10,5.185758497634813,1,2.0,2.0,2.0,False
trial_000_ep1_task141,0,141,0.99,high,16,17,11,5.071379412667493,1,2.0,2.0,2.0,False
trial_000_ep1_task141,0,141,0.99,high,16,17,13,2.3976798725821027,1,2.0,2.0,2.0,False
trial_000_ep1_task141,0,141,0.99,high,16,17,15,2.0588235294117645,1,2.0,2.0,3.0,False
trial_000_ep1_task141,0,141,0.99,high,16,17,16,1.9444444444444446,1,2.0,2.0,2.0,False
trial_000_ep1_task141,0,141,0.99,high,16,17,19,4.456503401993867,1,2.0,2.0,2.0,False
trial_000_ep1_task141,0,141,0.99,high,16,17,20,4.342124317026547,1,2.0,2.0,2.0,False
trial_000_ep1_task141,0,141,0.99,high,16,17,21,2.3976798725821027,1,2.0,2.0,2.0,False
trial_000_ep1_task141,0,141,0.99,high,16,17,22,2.0588235294117645,1,2.0,2.0,3.0,False
trial_000_ep1_task141,0,141,0.99,high,16,17,23,1.9444444444444446,1,2.0,2.0,2.0,False
trial_000_ep1_task141,0,141,0.99,high,16,17,25,4.003267973856209,1,2.0,2.0,2.0,False
trial_000_ep1_task141,0,141,0.99,high,16,17,26,2.0588235294117645,1,2.0,2.0,3.0,False
trial_000_ep1_task141,0,141,0.99,high,16,17,27,1.9444444444444446,1,2.0,2.0,2.0,False
trial_000_ep1_task143,0,143,0.999,low,7,16,15,0.19077204420944427,1,2.0,2.0,2.0,False
trial_000_ep1_task143,0,143,0.999,low,7,16,19,0.4515180157652021,2,3.0,3.0,3.0,False
trial_000_ep1_task143,0,143,0.999,low,7,16,20,0.45151801576520256,1,3.0,3.0,3.0,False
trial_000_ep1_task143,0,143,0.999,low,7,16,25,0.6257464216521518,1,3.0,3.0,3.0,False
trial_000_ep1_task143,0,143,0.999,low,7,16,26,0.5524103877402866,1,3.0,3.0,3.0,False
trial_000_ep1_task143,0,143,0.999,low,7,16,27,0.7431824319497309,1,3.0,3.0,3.0,False
trial_000_ep1_task145,0,145,0.9,high,28,5,0,1.3261134805666952,1,2.0,2.0,2.0,False
trial_000_ep1_task145,0,145,0.9,high,28,5,1,1.131038873787757,1,2.0,2.0,2.0,False
trial_000_ep1_task145,0,145,0.9,high,28,5,2,0.5892239740416745,1,2.0,2.0,2.0,False
trial_000_ep1_task145,0,145,0.9,high,28,5,3,0.6402379352775469,1,2.0,2.0,2.0,False
trial_000_ep1_task145,0,145,0.9,high,28,5,4,0.9818944076090972,1,2.0,2.0,2.0,False
trial_000_ep1_task145,0,145,0.9,high,28,5,6,0.6642473487855671,1,3.0,3.0,3.0,False
trial_000_ep1_task145,0,145,0.9,high,28,5,7,0.6614029256098064,1,2.0,2.0,2.0,False
trial_000_ep1_task145,0,145,0.9,high,28,5,8,0.11958802586372208,1,2.0,2.0,2.0,False
trial_000_ep1_task145,0,145,0.9,high,28,5,9,0.1706019870995963,1,2.0,2.0,2.0,False
trial_000_ep1_task145,0,145,0.9,high,28,5,10,0.5122584594311448,1,2.0,2.0,2.0,False
trial_000_ep1_task145,0,145,0.9,high,28,5,11,0.4696359481779524,1,2.0,2.0,2.0,False
trial_000_ep1_task145,0,145,0.9,high,28,5,12,0.3991946647120812,2,3.0,3.0,3.0,False
trial_000_ep1_task145,0,145,0.9,high,28,5,13,0.07548658091521432,1,2.0,2.0,2.0,False
trial_000_ep1_task145,0,145,0.9,high,28,5,14,0.02447261967934189,1,2.0,2.0,2.0,False
trial_000_ep1_task145,0,145,0.9,high,28,5,15,0.3171838526522084,1,2.0,2.0,2.0,False
trial_000_ep1_task145,0,145,0.9,high,28,5,16,0.6647105549568906,1,2.0,2.0,2.0,False
trial_000_ep1_task145,0,145,0.9,high,28,5,17,0.3991946647120812,2,3.0,3.0,3.0,False
trial_000_ep1_task145,0,145,0.9,high,28,5,18,0.5662875194254262,1,2.0,2.0,2.0,False
trial_000_ep1_task145,0,145,0.9,high,28,5,19,0.22463104709387594,1,2.0,2.0,2.0,False
trial_000_ep1_task145,0,145,0.9,high,28,5,20,1.206525454702974,1,2.0,2.0,2.0,False
trial_000_ep1_task145,0,145,0.9,high,28,5,21,0.542278105917406,1,3.0,3.0,3.0,False
trial_000_ep1_task145,0,145,0.9,high,28,5,22,0.1736170858580035,1,2.0,2.0,2.0,False
trial_000_ep1_task145,0,145,0.9,high,28,5,23,1.1555114934671007,1,2.0,2.0,2.0,False
trial_000_ep1_task145,0,145,0.9,high,28,5,24,0.4912641446815318,1,3.0,3.0,3.0,False
trial_000_ep1_task145,0,145,0.9,high,28,5,25,0.8138550211355504,1,2.0,2.0,2.0,False
trial_000_ep1_task145,0,145,0.9,high,28,5,26,0.3991946647120812,2,3.0,3.0,3.0,False
trial_000_ep1_task145,0,145,0.9,high,28,5,27,1.1315020799590805,1,2.0,3.0,3.0,False
trial_000_ep1_task147,0,147,0.9,medium,28,5,0,0.0,1,,,,False
trial_000_ep1_task147,0,147,0.9,medium,28,5,1,0.0,1,,,,False
trial_000_ep1_task147,0,147,0.9,medium,28,5,2,0.0,1,,,,False
trial_000_ep1_task147,0,147,0.9,medium,28,5,3,0.0,1,,,,False
trial_000_ep1_task147,0,147,0.9,medium,28,5,4,0.0,1,,,,False
trial_000_ep1_task147,0,147,0.9,medium,28,5,6,0.0,1,,,,False
trial_000_ep1_task147,0,147,0.9,medium,28,5,7,0.0,1,,,,False
trial_000_ep1_task147,0,147,0.9,medium,28,5,8,0.0,1,,,,False
trial_000_ep1_task147,0,147,0.9,medium,28,5,9,0.0,1,,,,False
trial_000_ep1_task147,0,147,0.9,medium,28,5,10,0.0,1,,,,False
trial_000_ep1_task147,0,147,0.9,medium,28,5,11,0.0,1,,,,False
trial_000_ep1_task147,0,147,0.9,medium,28,5,12,0.0,1,,,,False
trial_000_ep1_task147,0,147,0.9,medium,28,5,13,0.0,1,,,,False
trial_000_ep1_task147,0,147,0.9,medium,28,5,14,0.0,1,,,,False
trial_000_ep1_task147,0,147,0.9,medium,28,5,15,0.0,1,,,,False
trial_000_ep1_task147,0,147,0.9,medium,28,5,16,0.0,1,,,,False
trial_000_ep1_task147,0,147,0.9,medium,28,5,17,0.0,1,,,,False
trial_000_ep1_task147,0,147,0.9,medium,28,5,18,0.0,1,,,,False
trial_000_ep1_task147,0,147,0.9,medium,28,5,19,0.0,1,,,,False
trial_000_ep1_task147,0,147,0.9,medium,28,5,20,0.0,1,,,,False
trial_000_ep1_task147,0,147,0.9,medium,28,5,21,0.0,1,,,,False
trial_000_ep1_task147,0,147,0.9,medium,28,5,22,0.0,1,,,,False
trial_000_ep1_task147,0,147,0.9,medium,28,5,23,0.0,1,,,,False
trial_000_ep1_task147,0,147,0.9,medium,28,5,24,0.0,1,,,,False
trial_000_ep1_task147,0,147,0.9,medium,28,5,25,0.0,1,,,,False
trial_000_ep1_task147,0,147,0.9,medium,28,5,26,0.0,1,,,,False
trial_000_ep1_task147,0,147,0.9,medium,28,5,27,0.0,1,,,,False
trial_000_ep1_task149,0,149,0.999,medium,5,26,16,0.0,1,,,,False
trial_000_ep1_task149,0,149,0.999,medium,5,26,20,0.0,1,,,,False
trial_000_ep1_task149,0,149,0.999,medium,5,26,25,0.0,1,,,,False
trial_000_ep1_task149,0,149,0.999,medium,5,26,27,0.0,1,,,,False
trial_000_ep1_task151,0,151,0.99,medium,28,5,0,0.0,1,,,,False
trial_000_ep1_task151,0,151,0.99,medium,28,5,1,0.0,1,,,,False
trial_000_ep1_task151,0,151,0.99,medium,28,5,2,0.0,1,,,,False
trial_000_ep1_task151,0,151,0.99,medium,28,5,3,0.0,1,,,,False
trial_000_ep1_task151,0,151,0.99,medium,28,5,4,0.0,1,,,,False
trial_000_ep1_task151,0,151,0.99,medium,28,5,6,0.0,1,,,,False
trial_000_ep1_task151,0,151,0.99,medium,28,5,7,0.0,1,,,,False
trial_000_ep1_task151,0,151,0.99,medium,28,5,8,0.0,1,,,,False
trial_000_ep1_task151,0,151,0.99,medium,28,5,9,0.0,1,,,,False
trial_000_ep1_task151,0,151,0.99,medium,28,5,10,0.0,1,,,,False
trial_000_ep1_task151,0,151,0.99,medium,28,5,11,0.0,1,,,,False
trial_000_ep1_task151,0,151,0.99,medium,28,5,12,0.0,1,,,,False
trial_000_ep1_task151,0,151,0.99,medium,28,5,13,0.0,1,,,,False
trial_000_ep1_task151,0,151,0.99,medium,28,5,14,0.0,1,,,,False
trial_000_ep1_task151,0,151,0.99,medium,28,5,15,0.0,1,,,,False
trial_000_ep1_task151,0,151,0.99,medium,28,5,16,0.0,1,,,,False
trial_000_ep1_task151,0,151,0.99,medium,28,5,17,0.0,1,,,,False
trial_000_ep1_task151,0,151,0.99,medium,28,5,18,0.0,1,,,,False
trial_000_ep1_task151,0,151,0.99,medium,28,5,19,0.0,1,,,,False
trial_000_ep1_task151,0,151,0.99,medium,28,5,20,0.0,1,,,,False
trial_000_ep1_task151,0,151,0.99,medium,28,5,21,0.0,1,,,,False
trial_000_ep1_task151,0,151,0.99,medium,28,5,22,0.0,1,,,,False
trial_000_ep1_task151,0,151,0.99,medium,28,5,23,0.0,1,,,,False
trial_000_ep1_task151,0,151,0.99,medium,28,5,24,0.0,1,,,,False
trial_000_ep1_task151,0,151,0.99,medium,28,5,25,0.0,1,,,,False
trial_000_ep1_task151,0,151,0.99,medium,28,5,26,0.0,1,,,,False
trial_000_ep1_task151,0,151,0.99,medium,28,5,27,0.0,1,,,,False
trial_000_ep1_task155,0,155,0.999,high,7,19,15,0.0,1,,,,False
trial_000_ep1_task155,0,155,0.999,high,7,19,16,1.834337020884238,2,3.0,3.0,4.0,False
trial_000_ep1_task155,0,155,0.999,high,7,19,20,1.834337020884238,2,3.0,3.0,4.0,False
trial_000_ep1_task155,0,155,0.999,high,7,19,25,1.834337020884238,2,3.0,3.0,4.0,False
trial_000_ep1_task155,0,155,0.999,high,7,19,26,0.0,1,,,,False
trial_000_ep1_task155,0,155,0.999,high,7,19,27,1.834337020884238,2,3.0,3.0,4.0,False
trial_000_ep1_task157,0,157,0.999,high,14,11,10,0.01856835157104797,1,2.0,2.0,2.0,False
trial_000_ep1_task157,0,157,0.999,high,14,11,13,1.5454545454545454,1,3.0,3.0,3.0,False
trial_000_ep1_task157,0,157,0.999,high,14,11,15,1.5268861938834974,1,3.0,3.0,3.0,False
trial_000_ep1_task157,0,157,0.999,high,14,11,16,1.5454545454545454,1,3.0,3.0,3.0,False
trial_000_ep1_task157,0,157,0.999,high,14,11,17,1.5454545454545454,1,3.0,3.0,3.0,False
trial_000_ep1_task157,0,157,0.999,high,14,11,19,1.5268861938834974,1,3.0,3.0,3.0,False
trial_000_ep1_task157,0,157,0.999,high,14,11,20,1.5454545454545454,1,3.0,3.0,3.0,False
trial_000_ep1_task157,0,157,0.999,high,14,11,21,1.5454545454545454,1,3.0,3.0,3.0,False
trial_000_ep1_task157,0,157,0.999,high,14,11,22,1.5268861938834974,1,3.0,3.0,3.0,False
trial_000_ep1_task157,0,157,0.999,high,14,11,23,1.5454545454545454,1,3.0,3.0,3.0,False
trial_000_ep1_task157,0,157,0.999,high,14,11,25,1.5268861938834974,1,3.0,3.0,3.0,False
trial_000_ep1_task157,0,157,0.999,high,14,11,26,1.5268861938834974,1,3.0,3.0,3.0,False
trial_000_ep1_task157,0,157,0.999,high,14,11,27,1.5454545454545454,1,3.0,3.0,3.0,False
trial_000_ep1_task162,0,162,0.99,medium,28,5,0,0.0,1,,,,False
trial_000_ep1_task162,0,162,0.99,medium,28,5,1,0.0,1,,,,False
trial_000_ep1_task162,0,162,0.99,medium,28,5,2,0.0,1,,,,False
trial_000_ep1_task162,0,162,0.99,medium,28,5,3,0.0,1,,,,False
trial_000_ep1_task162,0,162,0.99,medium,28,5,4,0.0,1,,,,False
trial_000_ep1_task162,0,162,0.99,medium,28,5,6,0.0,1,,,,False
trial_000_ep1_task162,0,162,0.99,medium,28,5,7,0.0,1,,,,False
trial_000_ep1_task162,0,162,0.99,medium,28,5,8,0.0,1,,,,False
trial_000_ep1_task162,0,162,0.99,medium,28,5,9,0.0,1,,,,False
trial_000_ep1_task162,0,162,0.99,medium,28,5,10,0.0,1,,,,False
trial_000_ep1_task162,0,162,0.99,medium,28,5,11,0.0,1,,,,False
trial_000_ep1_task162,0,162,0.99,medium,28,5,12,0.0,1,,,,False
trial_000_ep1_task162,0,162,0.99,medium,28,5,13,0.0,1,,,,False
trial_000_ep1_task162,0,162,0.99,medium,28,5,14,0.0,1,,,,False
trial_000_ep1_task162,0,162,0.99,medium,28,5,15,0.0,1,,,,False
trial_000_ep1_task162,0,162,0.99,medium,28,5,16,0.0,1,,,,False
trial_000_ep1_task162,0,162,0.99,medium,28,5,17,0.0,1,,,,False
trial_000_ep1_task162,0,162,0.99,medium,28,5,18,0.0,1,,,,False
trial_000_ep1_task162,0,162,0.99,medium,28,5,19,0.0,1,,,,False
trial_000_ep1_task162,0,162,0.99,medium,28,5,20,0.0,1,,,,False
trial_000_ep1_task162,0,162,0.99,medium,28,5,21,0.0,1,,,,False
trial_000_ep1_task162,0,162,0.99,medium,28,5,22,0.0,1,,,,False
trial_000_ep1_task162,0,162,0.99,medium,28,5,23,0.0,1,,,,False
trial_000_ep1_task162,0,162,0.99,medium,28,5,24,0.0,1,,,,False
trial_000_ep1_task162,0,162,0.99,medium,28,5,25,0.0,1,,,,False
trial_000_ep1_task162,0,162,0.99,medium,28,5,26,0.0,1,,,,False
trial_000_ep1_task162,0,162,0.99,medium,28,5,27,0.0,1,,,,False
trial_000_ep1_task163,0,163,0.9,low,28,5,0,0.8763654535673089,1,2.0,2.0,2.0,False
trial_000_ep1_task163,0,163,0.9,low,28,5,1,0.85309904259449,1,2.0,2.0,2.0,False
trial_000_ep1_task163,0,163,0.9,low,28,5,2,0.3820689078028403,1,2.0,2.0,2.0,False
trial_000_ep1_task163,0,163,0.9,low,28,5,3,0.6880889854973349,1,2.0,2.0,2.0,False
trial_000_ep1_task163,0,163,0.9,low,28,5,4,0.19865100799454538,1,2.0,2.0,2.0,False
trial_000_ep1_task163,0,163,0.9,low,28,5,6,0.07495312935684018,1,2.0,2.0,2.0,False
trial_000_ep1_task163,0,163,0.9,low,28,5,7,0.39019857382238765,1,2.0,2.0,2.0,False
trial_000_ep1_task163,0,163,0.9,low,28,5,8,0.0808315609692618,1,2.0,2.0,2.0,False
trial_000_ep1_task163,0,163,0.9,low,28,5,9,0.22518851672523255,1,2.0,2.0,2.0,False
trial_000_ep1_task163,0,163,0.9,low,28,5,10,0.26424946077755673,1,2.0,2.0,2.0,False
trial_000_ep1_task163,0,163,0.9,low,28,5,11,0.46290046877210234,1,2.0,2.0,2.0,False
trial_000_ep1_task163,0,163,0.9,low,28,5,12,0.38794733941526216,1,2.0,2.0,2.0,False
trial_000_ep1_task163,0,163,0.9,low,28,5,13,0.10409797194208048,1,2.0,2.0,2.0,False
trial_000_ep1_task163,0,163,0.9,low,28,5,14,0.20192210575241365,1,2.0,2.0,2.0,False
trial_000_ep1_task163,0,163,0.9,low,28,5,15,0.2875158717503754,1,2.0,2.0,2.0,False
trial_000_ep1_task163,0,163,0.9,low,28,5,16,0.486166879744921,1,2.0,2.0,2.0,False
trial_000_ep1_task163,0,163,0.9,low,28,5,17,0.41121375038808083,1,2.0,2.0,2.0,False
trial_000_ep1_task163,0,163,0.9,low,28,5,18,0.26910802903923603,1,2.0,2.0,2.0,False
trial_000_ep1_task163,0,163,0.9,low,28,5,19,0.7585460065420251,1,2.0,2.0,2.0,False
trial_000_ep1_task163,0,163,0.9,low,28,5,20,0.9571970145365707,1,2.0,2.0,2.0,False
trial_000_ep1_task163,0,163,0.9,low,28,5,21,0.8822438851797305,1,2.0,2.0,2.0,False
trial_000_ep1_task163,0,163,0.9,low,28,5,22,0.45252592884753096,1,2.0,2.0,2.0,False
trial_000_ep1_task163,0,163,0.9,low,28,5,23,0.6511769368420766,1,2.0,2.0,2.0,False
trial_000_ep1_task163,0,163,0.9,low,28,5,24,0.5762238074852364,1,2.0,2.0,2.0,False
trial_000_ep1_task163,0,163,0.9,low,28,5,25,1.1406149143448656,1,2.0,2.0,2.0,False
trial_000_ep1_task163,0,163,0.9,low,28,5,26,1.0656617849880254,1,2.0,2.0,2.0,False
trial_000_ep1_task163,0,163,0.9,low,28,5,27,1.264312792982571,1,2.0,2.0,2.0,False
trial_000_ep1_task171,0,171,0.999,high,15,13,5,0.4931064288018724,1,2.0,5.0,5.0,False
trial_000_ep1_task171,0,171,0.999,high,15,13,10,0.0,1,,,,False
trial_000_ep1_task171,0,171,0.999,high,15,13,11,0.4931064288018724,1,2.0,5.0,5.0,False
trial_000_ep1_task171,0,171,0.999,high,15,13,15,0.0,1,,,,False
trial_000_ep1_task171,0,171,0.999,high,15,13,16,0.4931064288018724,1,2.0,5.0,5.0,False
trial_000_ep1_task171,0,171,0.999,high,15,13,17,0.0,1,,,,False
trial_000_ep1_task171,0,171,0.999,high,15,13,19,0.0,1,,,,False
trial_000_ep1_task171,0,171,0.999,high,15,13,20,0.4931064288018724,1,2.0,5.0,5.0,False
trial_000_ep1_task171,0,171,0.999,high,15,13,21,0.0,1,,,,False
trial_000_ep1_task171,0,171,0.999,high,15,13,22,0.0,1,,,,False
trial_000_ep1_task171,0,171,0.999,high,15,13,23,0.4931064288018724,1,2.0,5.0,5.0,False
trial_000_ep1_task171,0,171,0.999,high,15,13,25,0.4931064288018724,1,2.0,5.0,5.0,False
trial_000_ep1_task171,0,171,0.999,high,15,13,26,0.0,1,,,,False
trial_000_ep1_task171,0,171,0.999,high,15,13,27,0.4931064288018724,1,2.0,5.0,5.0,False
trial_000_ep1_task175,0,175,0.9,high,28,6,0,0.0,1,,,,False
trial_000_ep1_task175,0,175,0.9,high,28,6,1,0.0,1,,,,False
trial_000_ep1_task175,0,175,0.9,high,28,6,2,0.0,1,,,,False
trial_000_ep1_task175,0,175,0.9,high,28,6,3,0.0,1,,,,False
trial_000_ep1_task175,0,175,0.9,high,28,6,4,0.06163814834910486,1,2.0,2.0,2.0,False
trial_000_ep1_task175,0,175,0.9,high,28,6,5,0.0,1,,,,False
trial_000_ep1_task175,0,175,0.9,high,28,6,7,0.0,1,,,,False
trial_000_ep1_task175,0,175,0.9,high,28,6,8,0.0,1,,,,False
trial_000_ep1_task175,0,175,0.9,high,28,6,9,0.0,1,,,,False
trial_000_ep1_task175,0,175,0.9,high,28,6,10,0.06163814834910486,1,2.0,2.0,2.0,False
trial_000_ep1_task175,0,175,0.9,high,28,6,11,0.0,1,,,,False
trial_000_ep1_task175,0,175,0.9,high,28,6,12,0.0,1,,,,False
trial_000_ep1_task175,0,175,0.9,high,28,6,13,0.0,1,,,,False
trial_000_ep1_task175,0,175,0.9,high,28,6,14,0.0,1,,,,False
trial_000_ep1_task175,0,175,0.9,high,28,6,15,0.06163814834910486,1,2.0,2.0,2.0,False
trial_000_ep1_task175,0,175,0.9,high,28,6,16,0.0,1,,,,False
trial_000_ep1_task175,0,175,0.9,high,28,6,17,0.0,1,,,,False
trial_000_ep1_task175,0,175,0.9,high,28,6,18,0.0,1,,,,False
trial_000_ep1_task175,0,175,0.9,high,28,6,19,0.06163814834910486,1,2.0,2.0,2.0,False
trial_000_ep1_task175,0,175,0.9,high,28,6,20,0.0,1,,,,False
trial_000_ep1_task175,0,175,0.9,high,28,6,21,0.0,1,,,,False
trial_000_ep1_task175,0,175,0.9,high,28,6,22,0.06163814834910486,1,2.0,2.0,2.0,False
trial_000_ep1_task175,0,175,0.9,high,28,6,23,0.0,1,,,,False
trial_000_ep1_task175,0,175,0.9,high,28,6,24,0.0,1,,,,False
trial_000_ep1_task175,0,175,0.9,high,28,6,25,0.06163814834910486,1,2.0,2.0,2.0,False
trial_000_ep1_task175,0,175,0.9,high,28,6,26,0.06163814834910486,1,2.0,2.0,2.0,False
trial_000_ep1_task175,0,175,0.9,high,28,6,27,0.0,1,,,,False
trial_000_ep1_task177,0,177,0.9,medium,28,2,0,0.0,1,,,,False
trial_000_ep1_task177,0,177,0.9,medium,28,2,1,0.0,1,,,,False
trial_000_ep1_task177,0,177,0.9,medium,28,2,3,0.0,1,,,,False
trial_000_ep1_task177,0,177,0.9,medium,28,2,4,0.0,1,,,,False
trial_000_ep1_task177,0,177,0.9,medium,28,2,5,0.0,1,,,,False
trial_000_ep1_task177,0,177,0.9,medium,28,2,6,0.0,1,,,,False
trial_000_ep1_task177,0,177,0.9,medium,28,2,7,0.0,1,,,,False
trial_000_ep1_task177,0,177,0.9,medium,28,2,8,0.0,1,,,,False
trial_000_ep1_task177,0,177,0.9,medium,28,2,9,0.0,1,,,,False
trial_000_ep1_task177,0,177,0.9,medium,28,2,10,0.0,1,,,,False
trial_000_ep1_task177,0,177,0.9,medium,28,2,11,0.0,1,,,,False
trial_000_ep1_task177,0,177,0.9,medium,28,2,12,0.0,1,,,,False
trial_000_ep1_task177,0,177,0.9,medium,28,2,13,0.0,1,,,,False
trial_000_ep1_task177,0,177,0.9,medium,28,2,14,0.0,1,,,,False
trial_000_ep1_task177,0,177,0.9,medium,28,2,15,0.0,1,,,,False
trial_000_ep1_task177,0,177,0.9,medium,28,2,16,0.0,1,,,,False
trial_000_ep1_task177,0,177,0.9,medium,28,2,17,0.0,1,,,,False
trial_000_ep1_task177,0,177,0.9,medium,28,2,18,0.0,1,,,,False
trial_000_ep1_task177,0,177,0.9,medium,28,2,19,0.0,1,,,,False
trial_000_ep1_task177,0,177,0.9,medium,28,2,20,0.0,1,,,,False
trial_000_ep1_task177,0,177,0.9,medium,28,2,21,0.0,1,,,,False
trial_000_ep1_task177,0,177,0.9,medium,28,2,22,0.0,1,,,,False
trial_000_ep1_task177,0,177,0.9,medium,28,2,23,0.0,1,,,,False
trial_000_ep1_task177,0,177,0.9,medium,28,2,24,0.0,1,,,,False
trial_000_ep1_task177,0,177,0.9,medium,28,2,25,0.0,1,,,,False
trial_000_ep1_task177,0,177,0.9,medium,28,2,26,0.0,1,,,,False
trial_000_ep1_task177,0,177,0.9,medium,28,2,27,0.0,1,,,,False
trial_000_ep1_task179,0,179,0.99,low,16,17,4,1.0667854294754489,1,2.0,2.0,2.0,False
trial_000_ep1_task179,0,179,0.99,low,16,17,5,0.814225230510178,1,2.0,2.0,3.0,False
trial_000_ep1_task179,0,179,0.99,low,16,17,10,0.4504412990188764,1,2.0,2.0,3.0,False
trial_000_ep1_task179,0,179,0.99,low,16,17,11,0.19788110005360604,1,3.0,3.0,3.0,False
trial_000_ep1_task179,0,179,0.99,low,16,17,13,0.6992005028801844,1,2.0,2.0,2.0,False
trial_000_ep1_task179,0,179,0.99,low,16,17,15,0.2852515960723081,1,2.0,2.0,2.0,False
trial_000_ep1_task179,0,179,0.99,low,16,17,16,0.03269139710703772,1,2.0,2.0,2.0,False
trial_000_ep1_task179,0,179,0.99,low,16,17,19,0.3919564219069831,1,2.0,2.0,2.0,False
trial_000_ep1_task179,0,179,0.99,low,16,17,20,0.6445166208722535,1,2.0,2.0,3.0,False
trial_000_ep1_task179,0,179,0.99,low,16,17,21,0.6772080179792912,1,2.0,2.0,3.0,False
trial_000_ep1_task179,0,179,0.99,low,16,17,22,0.18757672672654868,1,2.0,2.0,2.0,False
trial_000_ep1_task179,0,179,0.99,low,16,17,23,0.44013692569181906,1,2.0,3.0,3.0,False
trial_000_ep1_task179,0,179,0.99,low,16,17,25,1.0584655276801298,1,2.0,2.0,2.0,False
trial_000_ep1_task179,0,179,0.99,low,16,17,26,1.0911569247871675,1,2.0,2.0,2.0,False
trial_000_ep1_task179,0,179,0.99,low,16,17,27,1.343717123752438,1,2.0,2.0,3.0,False
trial_000_ep1_task181,0,181,0.9,low,28,6,0,1.282200384401711,1,4.0,4.0,5.0,False
trial_000_ep1_task181,0,181,0.9,low,28,6,1,1.1308180070901477,1,4.0,4.0,4.0,False
trial_000_ep1_task181,0,181,0.9,low,28,6,2,0.9468363476350417,4,5.0,5.0,5.0,False
trial_000_ep1_task181,0,181,0.9,low,28,6,3,0.7194990389956963,1,4.0,4.0,4.0,False
trial_000_ep1_task181,0,181,0.9,low,28,6,4,1.3441702274527507,4,8.0,8.0,8.0,False
trial_000_ep1_task181,0,181,0.9,low,28,6,5,1.0670936186261126,4,5.0,5.0,5.0,False
trial_000_ep1_task181,0,181,0.9,low,28,6,7,0.6500190321614134,1,5.0,5.0,5.0,False
trial_000_ep1_task181,0,181,0.9,low,28,6,8,0.4660373727063074,4,5.0,5.0,5.0,False
trial_000_ep1_task181,0,181,0.9,low,28,6,9,0.48079897492873425,4,5.0,5.0,5.0,False
trial_000_ep1_task181,0,181,0.9,low,28,6,10,1.3441702274527474,5,8.0,8.0,8.0,False
trial_000_ep1_task181,0,181,0.9,low,28,6,11,0.5862946436973784,4,5.0,5.0,5.0,False
trial_000_ep1_task181,0,181,0.9,low,28,6,12,0.48079897492873513,3,5.0,5.0,5.0,False
trial_000_ep1_task181,0,181,0.9,low,28,6,13,0.3311441384818863,4,5.0,5.0,5.0,False
trial_000_ep1_task181,0,181,0.9,low,28,6,14,0.6156922091531554,4,5.0,5.0,5.0,False
trial_000_ep1_task181,0,181,0.9,low,28,6,15,1.3441702274527474,5,8.0,8.0,8.0,False
trial_000_ep1_task181,0,181,0.9,low,28,6,16,0.5844472501035431,1,5.0,5.0,5.0,False
trial_000_ep1_task181,0,181,0.9,low,28,6,17,0.6321813522402984,3,5.0,5.0,5.0,False
trial_000_ep1_task181,0,181,0.9,low,28,6,18,0.4493568225223932,1,5.0,5.0,5.0,False
trial_000_ep1_task181,0,181,0.9,low,28,6,19,1.6753143659346372,4,8.0,8.0,8.0,False
trial_000_ep1_task181,0,181,0.9,low,28,6,20,1.3982377571079991,4,5.0,5.0,5.0,False
trial_000_ep1_task181,0,181,0.9,low,28,6,21,1.1688558615180895,2,4.0,5.0,5.0,False
trial_000_ep1_task181,0,181,0.9,low,28,6,22,1.3441702274527474,5,8.0,8.0,8.0,False
trial_000_ep1_task181,0,181,0.9,low,28,6,23,0.9957662181979945,1,3.0,5.0,5.0,False
trial_000_ep1_task181,0,181,0.9,low,28,6,24,1.0435003203347488,2,5.0,5.0,5.0,False
trial_000_ep1_task181,0,181,0.9,low,28,6,25,1.7955716369257082,4,8.0,8.0,8.0,False
trial_000_ep1_task181,0,181,0.9,low,28,6,26,1.5202511855981546,1,8.0,8.0,8.0,False
trial_000_ep1_task181,0,181,0.9,low,28,6,27,1.71526525719369,1,4.0,5.0,5.0,False
trial_000_ep1_task182,0,182,0.9,high,28,5,0,0.8283789357342863,2,3.0,3.0,3.0,False
trial_000_ep1_task182,0,182,0.9,high,28,5,1,0.794313035094282,2,3.0,3.0,3.0,False
trial_000_ep1_task182,0,182,0.9,high,28,5,2,0.7121347973845982,2,4.0,4.0,4.0,False
trial_000_ep1_task182,0,182,0.9,high,28,5,3,1.009291024752243,2,4.0,4.0,4.0,False
trial_000_ep1_task182,0,182,0.9,high,28,5,4,1.2352941176470686,5,7.0,7.0,7.0,False
trial_000_ep1_task182,0,182,0.9,high,28,5,6,0.055242719953362496,1,3.0,3.0,3.0,False
trial_000_ep1_task182,0,182,0.9,high,28,5,7,2.556547296347439,1,2.0,2.0,3.0,False
trial_000_ep1_task182,0,182,0.9,high,28,5,8,2.124219159023191,1,2.0,4.0,4.0,False
trial_000_ep1_task182,0,182,0.9,high,28,5,9,0.9162670610256669,3,4.0,4.0,4.0,False
trial_000_ep1_task182,0,182,0.9,high,28,5,10,2.0636730533813443,1,6.0,7.0,7.0,False
trial_000_ep1_task182,0,182,0.9,high,28,5,11,1.762234261253158,1,2.0,2.0,3.0,False
trial_000_ep1_task182,0,182,0.9,high,28,5,12,1.8174769812065206,1,2.0,2.0,3.0,False
trial_000_ep1_task182,0,182,0.9,high,28,5,13,2.0901532583831868,1,2.0,4.0,4.0,False
trial_000_ep1_task182,0,182,0.9,high,28,5,14,0.9162670610256669,3,4.0,4.0,4.0,False
trial_000_ep1_task182,0,182,0.9,high,28,5,15,2.02960715274134,1,6.0,7.0,7.0,False
trial_000_ep1_task182,0,182,0.9,high,28,5,16,1.7281683606131537,1,2.0,3.0,3.0,False
trial_000_ep1_task182,0,182,0.9,high,28,5,17,1.7834110805665162,1,2.0,2.0,3.0,False
trial_000_ep1_task182,0,182,0.9,high,28,5,18,1.5856762444517358,3,4.0,4.0,4.0,False
trial_000_ep1_task182,0,182,0.9,high,28,5,19,1.8487784732803993,3,6.0,7.0,7.0,False
trial_000_ep1_task182,0,182,0.9,high,28,5,20,1.2958402232889057,1,2.0,4.0,4.0,False
trial_000_ep1_task182,0,182,0.9,high,28,5,21,1.3510829432422682,1,2.0,4.0,4.0,False
trial_000_ep1_task182,0,182,0.9,high,28,5,22,2.1515611786727256,3,6.0,7.0,7.0,False
trial_000_ep1_task182,0,182,0.9,high,28,5,23,0.9162670610256669,3,4.0,4.0,4.0,False
trial_000_ep1_task182,0,182,0.9,high,28,5,24,0.9162670610256669,3,4.0,4.0,4.0,False
trial_000_ep1_task182,0,182,0.9,high,28,5,25,1.2352941176470686,5,7.0,7.0,7.0,False
trial_000_ep1_task182,0,182,0.9,high,28,5,26,1.2905368376004214,1,7.0,7.0,7.0,False
trial_000_ep1_task182,0,182,0.9,high,28,5,27,1.1932578221833294,2,3.0,3.0,3.0,False
trial_000_ep1_task183,0,183,0.999,high,7,26,15,0.7263176978168078,1,2.0,2.0,2.0,False
trial_000_ep1_task183,0,183,0.999,high,7,26,16,1.2352941176470686,4,6.0,6.0,6.0,False
trial_000_ep1_task183,0,183,0.999,high,7,26,19,0.3535017746717246,1,2.0,2.0,2.0,False
trial_000_ep1_task183,0,183,0.999,high,7,26,20,1.2352941176470686,4,6.0,6.0,6.0,False
trial_000_ep1_task183,0,183,0.999,high,7,26,25,0.9740909523227401,2,3.0,3.0,3.0,False
trial_000_ep1_task183,0,183,0.999,high,7,26,27,1.2352941176470686,4,6.0,6.0,6.0,False
trial_000_ep1_task186,0,186,0.9,high,28,5,0,0.17022084958670725,2,3.0,3.0,3.0,False
trial_000_ep1_task186,0,186,0.9,high,28,5,1,0.8868365076727209,2,3.0,3.0,3.0,False
trial_000_ep1_task186,0,186,0.9,high,28,5,2,0.0,1,,,,False
trial_000_ep1_task186,0,186,0.9,high,28,5,3,0.0,1,,,,False
trial_000_ep1_task186,0,186,0.9,high,28,5,4,0.9127571655840789,2,3.0,3.0,3.0,False
trial_000_ep1_task186,0,186,0.9,high,28,5,6,0.0,1,,,,False
trial_000_ep1_task186,0,186,0.9,high,28,5,7,0.22447646833436297,2,3.0,3.0,3.0,False
trial_000_ep1_task186,0,186,0.9,high,28,5,8,0.662360039338358,2,3.0,3.0,3.0,False
trial_000_ep1_task186,0,186,0.9,high,28,5,9,0.662360039338358,2,3.0,3.0,3.0,False
trial_000_ep1_task186,0,186,0.9,high,28,5,10,0.25039712624572097,2,3.0,3.0,3.0,False
trial_000_ep1_task186,0,186,0.9,high,28,5,11,0.662360039338358,2,3.0,3.0,3.0,False
trial_000_ep1_task186,0,186,0.9,high,28,5,12,0.662360039338358,2,3.0,3.0,3.0,False
trial_000_ep1_task186,0,186,0.9,high,28,5,13,0.05425561874765572,2,3.0,3.0,3.0,False
trial_000_ep1_task186,0,186,0.9,high,28,5,14,0.05425561874765572,2,3.0,3.0,3.0,False
trial_000_ep1_task186,0,186,0.9,high,28,5,15,0.9670127843317347,2,3.0,3.0,3.0,False
trial_000_ep1_task186,0,186,0.9,high,28,5,16,0.05425561874765572,2,3.0,3.0,3.0,False
trial_000_ep1_task186,0,186,0.9,high,28,5,17,0.05425561874765572,2,3.0,3.0,3.0,False
trial_000_ep1_task186,0,186,0.9,high,28,5,18,0.8325808889250652,2,3.0,3.0,3.0,False
trial_000_ep1_task186,0,186,0.9,high,28,5,19,0.08017627665901372,2,3.0,3.0,3.0,False
trial_000_ep1_task186,0,186,0.9,high,28,5,20,0.8325808889250652,2,3.0,3.0,3.0,False
trial_000_ep1_task186,0,186,0.9,high,28,5,21,0.8325808889250652,2,3.0,3.0,3.0,False
trial_000_ep1_task186,0,186,0.9,high,28,5,22,0.08017627665901372,2,3.0,3.0,3.0,False
trial_000_ep1_task186,0,186,0.9,high,28,5,23,0.8325808889250652,2,3.0,3.0,3.0,False
trial_000_ep1_task186,0,186,0.9,high,28,5,24,0.8325808889250652,2,3.0,3.0,3.0,False
trial_000_ep1_task186,0,186,0.9,high,28,5,25,0.08017627665901372,2,3.0,3.0,3.0,False
trial_000_ep1_task186,0,186,0.9,high,28,5,26,0.08017627665901372,2,3.0,3.0,3.0,False
trial_000_ep1_task186,0,186,0.9,high,28,5,27,0.8325808889250652,2,3.0,3.0,3.0,False
trial_000_ep1_task187,0,187,0.9999,high,6,16,19,0.5882352941176237,1,2.0,3.0,3.0,False
trial_000_ep1_task187,0,187,0.9999,high,6,16,20,0.0,1,,,,False
trial_000_ep1_task187,0,187,0.9999,high,6,16,25,0.5882352941176237,1,2.0,3.0,3.0,False
trial_000_ep1_task187,0,187,0.9999,high,6,16,26,0.5882352941176237,1,2.0,3.0,3.0,False
trial_000_ep1_task187,0,187,0.9999,high,6,16,27,0.0,1,,,,False
trial_000_ep1_task188,0,188,0.99,medium,26,5,1,0.0,1,,,,False
trial_000_ep1_task188,0,188,0.99,medium,26,5,2,0.0,1,,,,False
trial_000_ep1_task188,0,188,0.99,medium,26,5,4,0.0,1,,,,False
trial_000_ep1_task188,0,188,0.99,medium,26,5,6,0.0,1,,,,False
trial_000_ep1_task188,0,188,0.99,medium,26,5,7,0.0,1,,,,False
trial_000_ep1_task188,0,188,0.99,medium,26,5,8,0.0,1,,,,False
trial_000_ep1_task188,0,188,0.99,medium,26,5,9,0.0,1,,,,False
trial_000_ep1_task188,0,188,0.99,medium,26,5,10,0.0,1,,,,False
trial_000_ep1_task188,0,188,0.99,medium,26,5,11,0.0,1,,,,False
trial_000_ep1_task188,0,188,0.99,medium,26,5,12,0.0,1,,,,False
trial_000_ep1_task188,0,188,0.99,medium,26,5,13,0.0,1,,,,False
trial_000_ep1_task188,0,188,0.99,medium,26,5,14,0.0,1,,,,False
trial_000_ep1_task188,0,188,0.99,medium,26,5,15,0.0,1,,,,False
trial_000_ep1_task188,0,188,0.99,medium,26,5,16,0.0,1,,,,False
trial_000_ep1_task188,0,188,0.99,medium,26,5,17,0.0,1,,,,False
trial_000_ep1_task188,0,188,0.99,medium,26,5,18,0.0,1,,,,False
trial_000_ep1_task188,0,188,0.99,medium,26,5,19,0.0,1,,,,False
trial_000_ep1_task188,0,188,0.99,medium,26,5,20,0.0,1,,,,False
trial_000_ep1_task188,0,188,0.99,medium,26,5,21,0.0,1,,,,False
trial_000_ep1_task188,0,188,0.99,medium,26,5,22,0.0,1,,,,False
trial_000_ep1_task188,0,188,0.99,medium,26,5,23,0.0,1,,,,False
trial_000_ep1_task188,0,188,0.99,medium,26,5,24,0.0,1,,,,False
trial_000_ep1_task188,0,188,0.99,medium,26,5,25,0.0,1,,,,False
trial_000_ep1_task188,0,188,0.99,medium,26,5,26,0.0,1,,,,False
trial_000_ep1_task188,0,188,0.99,medium,26,5,27,0.0,1,,,,False
trial_000_ep1_task192,0,192,0.99,low,26,5,1,0.7093282574320988,1,2.0,3.0,3.0,False
trial_000_ep1_task192,0,192,0.99,low,26,5,2,0.7093282574320988,1,3.0,,,False
trial_000_ep1_task192,0,192,0.99,low,26,5,4,0.7093282574320988,1,2.0,2.0,3.0,False
trial_000_ep1_task192,0,192,0.99,low,26,5,6,0.7093282574320988,1,2.0,2.0,3.0,False
trial_000_ep1_task192,0,192,0.99,low,26,5,7,0.7093282574320988,1,2.0,2.0,3.0,False
trial_000_ep1_task192,0,192,0.99,low,26,5,8,0.7093282574320988,1,2.0,,,False
trial_000_ep1_task192,0,192,0.99,low,26,5,9,0.7093282574320988,1,2.0,2.0,3.0,False
trial_000_ep1_task192,0,192,0.99,low,26,5,10,0.7093282574320988,1,3.0,3.0,3.0,False
trial_000_ep1_task192,0,192,0.99,low,26,5,11,0.3064624062648197,2,3.0,3.0,3.0,False
trial_000_ep1_task192,0,192,0.99,low,26,5,12,0.7093282574320988,1,3.0,3.0,3.0,False
trial_000_ep1_task192,0,192,0.99,low,26,5,13,0.7093282574320988,1,2.0,,,False
trial_000_ep1_task192,0,192,0.99,low,26,5,14,0.7093282574320988,1,2.0,2.0,3.0,False
trial_000_ep1_task192,0,192,0.99,low,26,5,15,0.7093282574320988,1,3.0,3.0,3.0,False
trial_000_ep1_task192,0,192,0.99,low,26,5,16,0.34199836487877455,2,3.0,3.0,3.0,False
trial_000_ep1_task192,0,192,0.99,low,26,5,17,0.7093282574320988,1,3.0,3.0,3.0,False
trial_000_ep1_task192,0,192,0.99,low,26,5,18,0.7093282574320988,1,2.0,,,False
trial_000_ep1_task192,0,192,0.99,low,26,5,19,0.7093282574320988,1,2.0,,,False
trial_000_ep1_task192,0,192,0.99,low,26,5,20,0.6887970166566675,2,3.0,3.0,3.0,False
trial_000_ep1_task192,0,192,0.99,low,26,5,21,0.7093282574320988,1,2.0,,,False
trial_000_ep1_task192,0,192,0.99,low,26,5,22,0.7093282574320988,1,3.0,3.0,3.0,False
trial_000_ep1_task192,0,192,0.99,low,26,5,23,0.3471677908125306,2,3.0,3.0,3.0,False
trial_000_ep1_task192,0,192,0.99,low,26,5,24,0.7093282574320988,1,3.0,3.0,3.0,False
trial_000_ep1_task192,0,192,0.99,low,26,5,25,0.25206961728641375,2,3.0,3.0,3.0,False
trial_000_ep1_task192,0,192,0.99,low,26,5,26,0.8066048743252107,2,3.0,3.0,3.0,False
trial_000_ep1_task192,0,192,0.99,low,26,5,27,0.6887970166566675,2,3.0,3.0,3.0,False
trial_000_ep1_task194,0,194,0.9,medium,27,6,0,1.797525529043134,1,5.0,5.0,5.0,False
trial_000_ep1_task194,0,194,0.9,medium,27,6,1,1.5716481755038414,1,5.0,5.0,5.0,False
trial_000_ep1_task194,0,194,0.9,medium,27,6,2,0.8452265310891871,1,4.0,4.0,,False
trial_000_ep1_task194,0,194,0.9,medium,27,6,4,0.5629535518040711,3,,,,True
trial_000_ep1_task194,0,194,0.9,medium,27,6,5,0.5315714770639,2,3.0,3.0,,False
trial_000_ep1_task194,0,194,0.9,medium,27,6,7,0.9286859499218769,1,,,,True
trial_000_ep1_task194,0,194,0.9,medium,27,6,8,0.5390987248599988,4,,,,True
trial_000_ep1_task194,0,194,0.9,medium,27,6,9,0.33443607302237854,1,,,,True
trial_000_ep1_task194,0,194,0.9,medium,27,6,10,0.2972889103372829,1,3.0,,,False
trial_000_ep1_task194,0,194,0.9,medium,27,6,11,0.7132524052670242,4,,,,True
trial_000_ep1_task194,0,194,0.9,medium,27,6,12,0.6429622255819645,1,,,,True
trial_000_ep1_task194,0,194,0.9,medium,27,6,13,0.7649760783992923,4,,,,True
trial_000_ep1_task194,0,194,0.9,medium,27,6,14,0.2577790432391893,2,3.0,,,False
trial_000_ep1_task194,0,194,0.9,medium,27,6,15,0.5231662638765764,1,,,,True
trial_000_ep1_task194,0,194,0.9,medium,27,6,16,0.9391297588063168,4,,,,True
trial_000_ep1_task194,0,194,0.9,medium,27,6,17,0.868839579121258,1,,,,True
trial_000_ep1_task194,0,194,0.9,medium,27,6,18,0.9842006876538427,2,,,,True
trial_000_ep1_task194,0,194,0.9,medium,27,6,19,1.2495879082912298,1,,,,True
trial_000_ep1_task194,0,194,0.9,medium,27,6,20,1.5082909735305083,1,,,,True
trial_000_ep1_task194,0,194,0.9,medium,27,6,21,1.5952612235359114,1,5.0,,,False
trial_000_ep1_task194,0,194,0.9,medium,27,6,22,1.1892171932934223,2,5.0,,,False
trial_000_ep1_task194,0,194,0.9,medium,27,6,23,1.7666203642941856,4,,,,True
trial_000_ep1_task194,0,194,0.9,medium,27,6,24,1.8294272187430298,2,5.0,,,False
trial_000_ep1_task194,0,194,0.9,medium,27,6,25,2.007844189375014,1,5.0,5.0,,False
trial_000_ep1_task194,0,194,0.9,medium,27,6,26,2.094814439380417,1,5.0,,,False
trial_000_ep1_task194,0,194,0.9,medium,27,6,27,2.3535175046196954,1,5.0,,,False
trial_000_ep1_task195,0,195,0.99,high,22,12,4,0.8982981164547779,2,,,,True
trial_000_ep1_task195,0,195,0.99,high,22,12,5,1.873692933351374,2,,,,True
trial_000_ep1_task195,0,195,0.99,high,22,12,7,0.9218588161187657,1,3.0,4.0,4.0,False
trial_000_ep1_task195,0,195,0.99,high,22,12,8,1.9285714285714288,2,,,,True
trial_000_ep1_task195,0,195,0.99,high,22,12,10,0.5246051831034286,5,,,,True
trial_000_ep1_task195,0,195,0.99,high,22,12,11,1.5,2,,,,True
trial_000_ep1_task195,0,195,0.99,high,22,12,13,1.9285714285714288,4,,,,True
trial_000_ep1_task195,0,195,0.99,high,22,12,14,0.4356262456878959,1,2.0,4.0,4.0,False
trial_000_ep1_task195,0,195,0.99,high,22,12,15,0.5246051831034286,5,,,,True
trial_000_ep1_task195,0,195,0.99,high,22,12,16,1.5,4,,,,True
trial_000_ep1_task195,0,195,0.99,high,22,12,17,0.1345972429653708,2,4.0,4.0,4.0,False
trial_000_ep1_task195,0,195,0.99,high,22,12,18,1.9285714285714288,4,,,,True
trial_000_ep1_task195,0,195,0.99,high,22,12,19,2.4531766116748557,5,,,,True
trial_000_ep1_task195,0,195,0.99,high,22,12,20,3.428571428571429,4,,,,True
trial_000_ep1_task195,0,195,0.99,high,22,12,21,1.9285714285714288,4,,,,True
trial_000_ep1_task195,0,195,0.99,high,22,12,22,0.5246051831034286,5,,,,True
trial_000_ep1_task195,0,195,0.99,high,22,12,23,1.5,4,,,,True
trial_000_ep1_task195,0,195,0.99,high,22,12,24,0.48623257043086987,1,4.0,4.0,4.0,False
trial_000_ep1_task195,0,195,0.99,high,22,12,25,2.0246051831034144,5,,,,True
trial_000_ep1_task195,0,195,0.99,high,22,12,26,0.8525703331531442,1,,,,True
trial_000_ep1_task195,0,195,0.99,high,22,12,27,1.5,4,,,,True
trial_000_ep1_task197,0,197,0.999,high,7,26,15,0.9439008064960266,2,,,,True
trial_000_ep1_task197,0,197,0.999,high,7,26,16,1.5,1,,,,True
trial_000_ep1_task197,0,197,0.999,high,7,26,19,1.9285714285714288,1,2.0,,,False
trial_000_ep1_task197,0,197,0.999,high,7,26,20,3.428571428571429,1,2.0,2.0,,False
trial_000_ep1_task197,0,197,0.999,high,7,26,25,1.5,1,,,,True
trial_000_ep1_task197,0,197,0.999,high,7,26,27,1.5,1,2.0,2.0,2.0,False
trial_000_ep1_task199,0,199,0.9,high,28,6,0,0.7746675532062799,1,,,,True
trial_000_ep1_task199,0,199,0.9,high,28,6,1,0.7903026273304903,1,,,,True
trial_000_ep1_task199,0,199,0.9,high,28,6,2,0.5698418859089251,1,,,,True
trial_000_ep1_task199,0,199,0.9,high,28,6,3,1.001586685519646,1,,,,True
trial_000_ep1_task199,0,199,0.9,high,28,6,4,0.29253096153917824,1,,,,True
trial_000_ep1_task199,0,199,0.9,high,28,6,5,0.22063553670257718,1,,,,True
trial_000_ep1_task199,0,199,0.9,high,28,6,7,2.566556866056416,1,,,,True
trial_000_ep1_task199,0,199,0.9,high,28,6,8,2.346096124634851,1,,,,True
trial_000_ep1_task199,0,199,0.9,high,28,6,9,0.7746675532062799,1,,,,True
trial_000_ep1_task199,0,199,0.9,high,28,6,10,2.068785200265104,1,,,,True
trial_000_ep1_task199,0,199,0.9,high,28,6,11,1.996889775428503,1,,,,True
trial_000_ep1_task199,0,199,0.9,high,28,6,12,1.776254238725926,1,,,,True
trial_000_ep1_task199,0,199,0.9,high,28,6,13,2.3617311987590615,1,,,,True
trial_000_ep1_task199,0,199,0.9,high,28,6,14,0.7903026273304903,1,,,,True
trial_000_ep1_task199,0,199,0.9,high,28,6,15,2.0844202743893128,1,,,,True
trial_000_ep1_task199,0,199,0.9,high,28,6,16,2.0125248495527117,1,,,,True
trial_000_ep1_task199,0,199,0.9,high,28,6,17,1.7918893128501363,1,,,,True
trial_000_ep1_task199,0,199,0.9,high,28,6,18,0.5698418859089251,1,,,,True
trial_000_ep1_task199,0,199,0.9,high,28,6,19,1.8639595329677494,1,,,,True
trial_000_ep1_task199,0,199,0.9,high,28,6,20,1.7920641081311466,1,,,,True
trial_000_ep1_task199,0,199,0.9,high,28,6,21,1.5714285714285712,1,,,,True
trial_000_ep1_task199,0,199,0.9,high,28,6,22,0.29253096153917824,1,,,,True
trial_000_ep1_task199,0,199,0.9,high,28,6,23,0.22063553670257718,1,,,,True
trial_000_ep1_task199,0,199,0.9,high,28,6,24,0.0,1,,,,False
trial_000_ep1_task199,0,199,0.9,high,28,6,25,1.5147531837613997,1,,,,True
trial_000_ep1_task199,0,199,0.9,high,28,6,26,1.2941176470588243,1,,,,True
trial_000_ep1_task199,0,199,0.9,high,28,6,27,1.2222222222222232,1,,,,True
