episode,task_id,Primary,Primary_Start,Primary_End,Primary_Status,Backup,Backup_Start,Backup_End,Backup_Status,Z,Reliability_Requirement,Primary_Effective_Failure_Rate,Backup_Effective_Failure_Rate,Primary_Reliability_Service_Time,Backup_Reliability_Service_Time,Primary_Failure_Probability,Backup_Failure_Probability,Joint_Failure_Probability,Execution_Reliability,Reliability_Satisfied,Task_Reward,Task_Delay,Reliability_Margin,Reliability_Shortfall,Reliability_Excess,Base_Reward,Reliability_Violation_Log10,Reliability_Penalty,action_index,server_j,server_k
1,1,1,12.183195957161304,13.638163297059146,success,6,12.183195957161304,13.080296810120842,success,,0.99,0.024982671961738034,0.009072061513205436,0.7,0.4117647058823529,0.01733584505776233,0.0037285862358987054,6.463819327004522e-05,0.9999353618067299,True,97.9077836888554,0.8971008529595377,0.009935361806729937,0.0,0.009935361806729937,97.9077836888554,0.0,0.0,4,1,6
1,2,4,16.09629190527735,17.863064132431536,success,5,16.09629190527735,17.908434178279027,success,,0.99,0.010168268506375934,0.0039533631165134964,1.6428571428571428,1.5333333333333334,0.016566257533222287,0.006043487661715249,0.00010011797300282618,0.9998998820269972,True,61.33848025596974,1.7667722271541848,0.009899882026997209,0.0,0.009899882026997209,61.33848025596974,0.0,0.0,18,4,5
1,3,5,17.50111030884051,18.530054347158263,success,8,17.50111030884051,18.225961889941235,success,,0.9999,0.0039533631165134964,0.0020004401396600865,0.4666666666666667,0.35,0.0018432020006479669,0.0006999089982293533,1.2900736658078583e-06,0.9999987099263342,True,111.03418055812173,0.7248515811007259,9.870992633420617e-05,0.0,9.870992633420617e-05,111.03418055812173,0.0,0.0,24,5,8
1,4,4,19.396762479440522,22.757156429493726,success,7,19.396762479440522,22.054450367821737,success,,0.9,0.010168268506375934,0.001521840104873596,3.0,2.3333333333333335,0.030044229084999343,0.003544663041286779,0.00010649666844155047,0.9998935033315585,True,43.49281235064617,2.657687888381215,0.09989350333155844,0.0,0.09989350333155844,43.49281235064617,0.0,0.0,20,4,7
1,5,1,23.841658868041463,,,8,23.841658868041463,24.56728935268906,success,,0.999,0.024982671961738034,0.0020004401396600865,0.6,0.3,0.014877818309265788,0.0005999519986825383,8.925976830679672e-06,0.9999910740231693,True,110.96626908380343,0.7256304846475956,0.000991074023169336,0.0,0.000991074023169336,110.96626908380343,0.0,0.0,6,1,8
1,6,6,24.046310525243264,,,7,24.046310525243264,26.618550658921844,success,,0.99,0.009072061513205436,0.001521840104873596,2.5294117647058822,2.388888888888889,0.022685699537771293,0.003628906463013831,8.232428167060812e-05,0.9999176757183293,True,44.79820052207577,2.57224013367858,0.009917675718329355,0.0,0.009917675718329355,44.79820052207577,0.0,0.0,25,6,7
1,7,2,24.90187406347235,28.020251316802344,success,4,24.90187406347235,27.366322640381544,success,,0.9,0.013432183061591977,0.010168268506375934,2.8181818181818183,2.2142857142857144,0.037146814430951615,0.02226387060158679,0.0008270318697518635,0.9991729681302481,True,46.54100005536647,2.464448576909195,0.09917296813024812,0.0,0.09917296813024812,46.54100005536647,0.0,0.0,8,2,4
1,8,1,25.45528929712531,28.039196491460718,success,7,25.45528929712531,27.840772881144066,success,,0.9999,0.024982671961738034,0.001521840104873596,2.2,1.2222222222222223,0.0534787697508737,0.0018582980170305406,9.937949178128145e-05,0.9999006205082187,True,47.89161312569761,2.385483584018754,6.205082186960809e-07,0.0,6.205082186960809e-07,47.89161312569761,0.0,0.0,5,1,7
1,9,2,26.631126641979524,,,3,26.631126641979524,29.110737277846535,success,,0.9,0.013432183061591977,0.011943065326999727,2.1818181818181817,2.0,0.028881307935293494,0.023603114897199094,0.0006816888295781202,0.9993183111704219,True,46.28902412468231,2.4796106358670116,0.09931831117042189,0.0,0.09931831117042189,46.28902412468231,0.0,0.0,7,2,3
1,10,7,29.34260376105247,30.18635968048992,success,8,29.34260376105247,30.280345108263038,success,,0.999,0.001521840104873596,0.0020004401396600865,0.6111111111111112,0.55,0.0009295810689971892,0.0010996370324180304,1.0222017681040495e-06,0.9999989777982319,True,101.60800775048706,0.8437559194374522,0.0009989777982318815,0.0,0.0009989777982318815,101.60800775048706,0.0,0.0,27,7,8
1,11,5,31.63941489177143,34.61463905794772,success,7,31.63941489177143,33.9850601137975,success,,0.9999,0.0039533631165134964,0.001521840104873596,2.6666666666666665,2.2222222222222223,0.01048692634725561,0.003376154828824178,3.540548702681053e-05,0.9999645945129731,True,48.59845503160623,2.3456452220260715,6.459451297313734e-05,0.0,6.459451297313734e-05,48.59845503160623,0.0,0.0,23,5,7
1,12,5,35.672529788200706,38.000282916313864,success,6,35.672529788200706,37.479425133116905,success,,0.999,0.0039533631165134964,0.009072061513205436,1.5333333333333334,1.3529411764705883,0.006043487661715249,0.01219894769716347,7.372418989371707e-05,0.9999262758101063,True,60.271590633976786,1.8068953449161995,0.0009262758101062918,0.0,0.0009262758101062918,60.271590633976786,0.0,0.0,22,5,6
1,13,4,41.72685239411447,42.95880109984078,success,6,41.72685239411447,42.84860157038443,success,,0.999,0.010168268506375934,0.009072061513205436,1.0,0.8235294117647058,0.010116746442101622,0.007443270116478877,7.5301676468489e-05,0.9999246983235315,True,84.94860548034605,1.1217491762699652,0.000924698323531481,0.0,0.000924698323531481,84.94860548034605,0.0,0.0,19,4,6
1,14,1,42.4425316637504,44.31203456753545,success,6,42.4425316637504,43.789778040972664,success,,0.9,0.024982671961738034,0.009072061513205436,1.6,0.9411764705882353,0.03918392272454805,0.008502062133111037,0.000333144145623129,0.9996668558543769,True,74.97296878710131,1.3472463772222625,0.09966685585437685,0.0,0.09966685585437685,74.97296878710131,0.0,0.0,4,1,6
1,15,3,43.259346974669164,44.03321700237562,success,7,43.259346974669164,43.75303104546327,success,,0.999,0.011943065326999727,0.001521840104873596,0.5833333333333334,0.3888888888888889,0.00694257629795957,0.0005916516125686628,4.107586462068757e-06,0.9999958924135379,True,136.40920097416813,0.49368407079410304,0.0009958924135379243,0.0,0.0009958924135379243,136.40920097416813,0.0,0.0,16,3,7
1,16,2,44.9692926725941,45.80100299659314,success,6,44.9692926725941,45.59035740094296,success,,0.99,0.013432183061591977,0.009072061513205436,0.6363636363636364,0.4117647058823529,0.008511324684817596,0.0037285862358987054,3.173520806907578e-05,0.9999682647919309,True,120.98716290883858,0.6210647283488626,0.009968264791930914,0.0,0.009968264791930914,120.98716290883858,0.0,0.0,10,2,6
1,17,4,48.35248180799123,49.68603692478434,success,6,48.35248180799123,49.604867798489934,success,,0.99,0.010168268506375934,0.009072061513205436,1.0,0.8235294117647058,0.010116746442101622,0.007443270116478877,7.5301676468489e-05,0.9999246983235315,True,78.8774029987051,1.252385990498702,0.009924698323531489,0.0,0.009924698323531489,78.8774029987051,0.0,0.0,19,4,6
1,18,1,50.1651436458334,,,7,50.1651436458334,52.59384185260829,success,,0.9,0.024982671961738034,0.001521840104873596,3.7,2.0555555555555554,0.08829233791988482,0.003123339078574755,0.00027576690936390394,0.9997242330906361,True,47.144382890016516,2.4286982067748895,0.09972423309063605,0.0,0.09972423309063605,47.144382890016516,0.0,0.0,5,1,7
1,19,3,53.737833182266385,58.07617801920745,success,7,53.737833182266385,56.56142284258397,success,,0.9,0.011943065326999727,0.001521840104873596,3.75,2.5,0.04379838611100111,0.0037973719404703603,0.00016631876245580237,0.9998336812375442,True,41.13150127593411,2.8235896603175874,0.09983368123754421,0.0,0.09983368123754421,41.13150127593411,0.0,0.0,16,3,7
1,20,2,54.550422014671994,56.5688719908213,success,8,54.550422014671994,55.86439357576772,success,,0.9999,0.013432183061591977,0.0020004401396600865,1.7272727272727273,0.95,0.022933968719176436,0.0018986134815158647,4.354274219489151e-05,0.9999564572578051,True,76.29947763100759,1.3139715610957268,5.645725780512034e-05,0.0,5.645725780512034e-05,76.29947763100759,0.0,0.0,12,2,8
1,21,4,55.6013912432044,58.33908054388625,success,5,55.6013912432044,58.37547788402428,success,,0.9,0.010168268506375934,0.0039533631165134964,2.5714285714285716,2.4,0.025808103897272665,0.00944320175062902,0.0002437111319031409,0.9997562888680969,True,42.32693304229917,2.7376893006818506,0.09975628886809684,0.0,0.09975628886809684,42.32693304229917,0.0,0.0,18,4,5
1,22,4,60.435450931579005,63.73438653401316,success,6,60.435450931579005,63.224358530867086,success,,0.9,0.010168268506375934,0.009072061513205436,3.142857142857143,2.588235294117647,0.03145217348594371,0.023207104839576345,0.000729913887520839,0.9992700861124791,True,41.60737862321132,2.7889075992880805,0.09927008611247912,0.0,0.09927008611247912,41.60737862321132,0.0,0.0,19,4,6
1,23,1,64.19997688053394,65.76998076307041,success,8,64.19997688053394,65.12747979243629,success,,0.99,0.024982671961738034,0.0020004401396600865,1.0,0.5,0.024673187617769862,0.0009997200164710287,2.466627953162967e-05,0.9999753337204683,True,95.92196478725026,0.9275029119023515,0.009975333720468327,0.0,0.009975333720468327,95.92196478725026,0.0,0.0,6,1,8
1,24,5,65.08117416566817,,,6,65.08117416566817,67.52407568365894,success,,0.9,0.0039533631165134964,0.009072061513205436,2.6,2.2941176470588234,0.0102260983445928,0.02059729361899465,0.00021062995018029303,0.9997893700498197,True,46.9030904760028,2.4429015179907623,0.09978937004981969,0.0,0.09978937004981969,46.9030904760028,0.0,0.0,22,5,6
1,25,6,66.1910884639016,69.28878156601188,success,7,66.1910884639016,68.21151797268904,success,,0.9999,0.009072061513205436,0.001521840104873596,1.7647058823529411,1.6666666666666667,0.01588204910458608,0.0025331862297238456,4.023218809153539e-05,0.9999597678119084,True,55.110373323367725,2.020429508787444,5.9767811908417734e-05,0.0,5.9767811908417734e-05,55.110373323367725,0.0,0.0,25,6,7
1,26,2,67.61182745936014,69.67284843887532,success,7,67.61182745936014,69.15596241713348,success,,0.9999,0.013432183061591977,0.001521840104873596,1.5454545454545454,0.9444444444444444,0.0205448471148705,0.0014362610208605731,2.9507763090628305e-05,0.9999704922369094,True,67.94026674774756,1.5441349577733376,7.049223690935857e-05,0.0,7.049223690935857e-05,67.94026674774756,0.0,0.0,11,2,7
1,27,5,70.15779009867984,,,8,70.15779009867984,72.82388747360807,success,,0.99,0.0039533631165134964,0.0020004401396600865,2.7333333333333334,2.05,0.010747685615789489,0.004092505069166278,4.398495786442398e-05,0.9999560150421356,True,43.36776741586382,2.6660973749282277,0.009956015042135613,0.0,0.009956015042135613,43.36776741586382,0.0,0.0,24,5,8
1,28,1,70.53451481772507,72.91703753415217,success,2,70.53451481772507,72.58221026576314,success,,0.9,0.024982671961738034,0.013432183061591977,2.0,1.8181818181818181,0.04873760904831805,0.0241263432709044,0.0011758602861028577,0.9988241397138972,True,54.50742646610267,2.04769544803807,0.09882413971389714,0.0,0.09882413971389714,54.50742646610267,0.0,0.0,0,1,2
1,29,1,73.0437872450855,77.08165350653691,success,3,73.0437872450855,76.39901115596997,success,,0.99,0.024982671961738034,0.011943065326999727,3.4,2.8333333333333335,0.081433599549998,0.03327256039329488,0.0027095043590706996,0.9972904956409293,True,34.81591285612883,3.355223910884476,0.007290495640929318,0.0,0.007290495640929318,34.81591285612883,0.0,0.0,1,1,3
1,30,5,75.02082998057344,77.75450038580256,success,7,75.02082998057344,77.03874258710952,success,,0.9999,0.0039533631165134964,0.001521840104873596,2.1333333333333333,1.7777777777777777,0.00839837624784706,0.0027018369705159506,2.2691043438736217e-05,0.9999773089565612,True,55.166620682535275,2.017912606536086,7.730895656121728e-05,0.0,7.730895656121728e-05,55.166620682535275,0.0,0.0,23,5,7
1,31,4,81.57936976682163,84.15535951085583,success,5,81.57936976682163,84.36582288137477,success,,0.999,0.010168268506375934,0.0039533631165134964,2.2857142857142856,2.1333333333333333,0.022973747312067,0.00839837624784706,0.00019294217374970374,0.9998070578262503,True,44.739551831686825,2.575989744034203,0.0008070578262503458,0.0,0.0008070578262503458,44.739551831686825,0.0,0.0,18,4,5
1,32,6,83.84357365853661,86.60054955686624,success,8,83.84357365853661,86.31494750070549,success,,0.999,0.009072061513205436,0.0020004401396600865,2.3529411764705883,2.0,0.021119813102714217,0.003992887420858376,8.43290360687075e-05,0.9999156709639313,True,46.425623989722965,2.471373842168873,0.0009156709639313032,0.0,0.0009156709639313032,46.425623989722965,0.0,0.0,26,6,8
1,33,2,86.92934215909362,,,6,86.92934215909362,88.82943318149339,success,,0.99,0.013432183061591977,0.009072061513205436,2.272727272727273,1.4705882352941178,0.03006642457844133,0.013252666680381513,0.0003984603032089132,0.9996015396967911,True,57.917655806500726,1.9000910223997636,0.009601539696791117,0.0,0.009601539696791117,57.917655806500726,0.0,0.0,10,2,6
1,34,3,86.94408280730387,88.91595777469136,success,5,86.94408280730387,88.84082755412834,success,,0.9999,0.011943065326999727,0.0039533631165134964,1.4166666666666667,1.1333333333333333,0.01677701430107671,0.004470455830192374,7.50009013954692e-05,0.9999249990986045,True,57.99932617754847,1.8967447468244671,2.4999098604538972e-05,0.0,2.4999098604538972e-05,57.99932617754847,0.0,0.0,14,3,5
1,35,1,89.44234231656706,91.89498657692307,success,2,89.44234231656706,91.60293869978615,success,,0.99,0.024982671961738034,0.013432183061591977,2.2,2.0,0.0534787697508737,0.026506728763284318,0.0014175472443805433,0.9985824527556194,True,52.129008173790155,2.1605963832190866,0.008582452755619419,0.0,0.008582452755619419,52.129008173790155,0.0,0.0,0,1,2
1,36,6,89.89972317378778,91.1779778487964,success,8,89.89972317378778,91.09298107894489,success,,0.99,0.009072061513205436,0.0020004401396600865,0.9411764705882353,0.8,0.008502062133111037,0.0015990722311315622,1.3595411464413036e-05,0.9999864045885356,True,81.51637362571904,1.193257905157111,0.009986404588535613,0.0,0.009986404588535613,81.51637362571904,0.0,0.0,26,6,8
1,37,1,95.5744961194933,,,6,95.5744961194933,96.23953953840571,success,,0.999,0.024982671961738034,0.009072061513205436,0.5,0.29411764705882354,0.012413643076095276,0.0026646967621982765,3.3078594511956135e-05,0.999966921405488,True,116.53653839108675,0.6650434189124041,0.0009669214054880415,0.0,0.0009669214054880415,116.53653839108675,0.0,0.0,4,1,6
1,38,4,96.3496251287354,97.75520846980615,success,6,96.3496251287354,97.66160563088037,success,,0.99,0.010168268506375934,0.009072061513205436,1.0714285714285714,0.8823529411764706,0.01083544246515591,0.007972807381060789,8.638889566325454e-05,0.9999136111043367,True,76.38027858509726,1.3119805021449764,0.00991361110433675,0.0,0.00991361110433675,76.38027858509726,0.0,0.0,19,4,6
1,39,3,97.23586668779777,,,7,97.23586668779777,98.70726501558192,success,,0.9999,0.011943065326999727,0.001521840104873596,1.75,1.1666666666666667,0.0206834654246933,0.0017739048899226351,3.66905004574092e-05,0.9999633094995426,True,70.3886074060339,1.4713983277841578,6.330949954258536e-05,0.0,6.330949954258536e-05,70.3886074060339,0.0,0.0,16,3,7
1,40,1,98.08123617550433,103.0250991876246,success,3,98.08123617550433,103.20659092013258,success,,0.9,0.024982671961738034,0.011943065326999727,4.4,3.6666666666666665,0.10409756068768043,0.0428462475173306,0.004460189851174699,0.9955398101488253,True,22.852489726939528,4.943863012120275,0.09553981014882529,0.0,0.09553981014882529,22.852489726939528,0.0,0.0,1,1,3
1,41,5,99.17183620025072,100.08890707157234,success,6,99.17183620025072,99.82024644604795,success,,0.999,0.0039533631165134964,0.009072061513205436,0.4,0.35294117647058826,0.0015800955790163478,0.003196783435379662,5.051223373316097e-06,0.9999949487766266,True,118.17614596317308,0.6484102457972227,0.0009949487766266474,0.0,0.0009949487766266474,118.17614596317308,0.0,0.0,22,5,6
1,42,1,106.06920017022716,,,7,106.06920017022716,107.62262374581316,success,,0.99,0.024982671961738034,0.001521840104873596,2.5,1.3888888888888888,0.06054624084130524,0.002111434591628258,0.00012783942730538748,0.9998721605726946,True,67.63899190363959,1.5534235755859953,0.009872160572694577,0.0,0.009872160572694577,67.63899190363959,0.0,0.0,5,1,7
1,43,2,106.3629139504274,108.03083177339595,success,7,106.3629139504274,,,,0.99,0.013432183061591977,0.001521840104873596,1.4545454545454546,0.8888888888888888,0.019348096499864142,0.0013518322104205404,2.6155380058841264e-05,0.9999738446199412,True,64.11837281335397,1.6679178229685476,0.009973844619941219,0.0,0.009973844619941219,64.11837281335397,0.0,0.0,11,2,7
1,44,4,107.8147414662983,111.04117290914635,success,6,107.8147414662983,110.60946904767917,success,,0.99,0.010168268506375934,0.009072061513205436,2.9285714285714284,2.411764705882353,0.02933948956538649,0.02164205381794653,0.0006349668121651751,0.9993650331878349,True,41.52689128320647,2.7947275813808687,0.009365033187834881,0.0,0.009365033187834881,41.52689128320647,0.0,0.0,19,4,6
1,45,4,108.28875913210625,111.39831576628922,success,6,108.28875913210625,110.903586694738,success,,0.9,0.010168268506375934,0.009072061513205436,0.35714285714285715,0.29411764705882354,0.003624938456418289,0.0026646967621982765,9.659361767985833e-06,0.999990340638232,True,44.13954605027255,2.6148275626317456,0.09999034063823198,0.0,0.09999034063823198,44.13954605027255,0.0,0.0,19,4,6
1,46,7,109.33329833162075,111.88268150908938,success,8,109.33329833162075,111.83597399777219,success,,0.9999,0.001521840104873596,0.0020004401396600865,2.2777777777777777,2.05,0.003460412496757639,0.004092505069166278,1.4161755684386976e-05,0.9999858382443156,True,45.91009047688444,2.5026756661514327,8.583824431562803e-05,0.0,8.583824431562803e-05,45.91009047688444,0.0,0.0,27,7,8
1,47,6,109.61116385263271,113.7271161065027,success,8,109.61116385263271,114.23597399777219,success,,0.9,0.009072061513205436,0.0020004401396600865,2.823529411764706,2.4,0.02528994578986307,0.004789549686272424,0.00012112745192368528,0.9998788725480763,True,28.12600272564799,4.115952253869992,0.09987887254807626,0.0,0.09987887254807626,28.12600272564799,0.0,0.0,26,6,8
1,48,4,113.00809698935728,115.00834257489863,success,5,113.00809698935728,115.43960193777771,success,,0.999,0.010168268506375934,0.0039533631165134964,1.5714285714285714,1.4666666666666666,0.015851725341116958,0.005781488402938531,9.164656622623453e-05,0.9999083534337737,True,55.56429585071382,2.00024558554135,0.000908353433773712,0.0,0.000908353433773712,55.56429585071382,0.0,0.0,18,4,5
1,49,4,120.63334584008653,123.36786091457775,success,7,120.63334584008653,122.80631416903339,success,,0.9,0.010168268506375934,0.001521840104873596,2.357142857142857,1.8333333333333333,0.023683108622810076,0.0027861516473705428,6.59847321042978e-05,0.9999340152678957,True,51.87933528346194,2.172968328946851,0.09993401526789569,0.0,0.09993401526789569,51.87933528346194,0.0,0.0,20,4,7
1,50,1,120.89352430015165,122.32274202889967,success,2,120.89352430015165,121.9983276646732,success,,0.999,0.024982671961738034,0.013432183061591977,0.8,0.7272727272727273,0.019787738662971042,0.009721300087628938,0.0001923625455983189,0.9998076374544017,True,85.8042737243844,1.104803364521544,0.0008076374544017106,0.0,0.0008076374544017106,85.8042737243844,0.0,0.0,0,1,2
1,51,1,121.93054426505012,,,6,121.93054426505012,123.86558151416192,success,,0.999,0.024982671961738034,0.009072061513205436,2.4,1.411764705882353,0.05819630016485568,0.01272594776823141,0.0007406030762022703,0.9992593969237977,True,57.07679670538298,1.9350372491118009,0.00025939692379772783,0.0,0.00025939692379772783,57.07679670538298,0.0,0.0,4,1,6
1,52,2,122.4236237605668,123.85793020879991,success,7,122.4236237605668,123.37309097047901,success,,0.99,0.013432183061591977,0.001521840104873596,0.9090909090909091,0.5555555555555556,0.01213682287014281,0.0008451094186422469,1.0256943319950317e-05,0.9999897430566801,True,94.53834931384748,0.9494672099122141,0.0099897430566801,0.0,0.0099897430566801,94.53834931384748,0.0,0.0,11,2,7
1,53,4,124.16126115299402,124.74745741960065,success,5,124.16126115299402,,,,0.9,0.010168268506375934,0.0039533631165134964,0.35714285714285715,0.3333333333333333,0.003624938456418289,0.0013169198045643675,4.773753243584233e-06,0.9999952262467564,True,124.7991497375061,0.5861962666066347,0.09999522624675639,0.0,0.09999522624675639,124.7991497375061,0.0,0.0,18,4,5
1,54,3,124.989834406647,127.86835431797864,success,4,124.989834406647,127.3640092730957,success,,0.999,0.011943065326999727,0.010168268506375934,2.5,2.142857142857143,0.029416326622749674,0.021553478116896112,0.0006340241521429036,0.9993659758478571,True,48.090475780300146,2.3741748664486977,0.0003659758478571362,0.0,0.0003659758478571362,48.090475780300146,0.0,0.0,13,3,4
1,55,1,130.47858656907454,133.98611935373833,success,2,130.47858656907454,133.41765169441828,success,,0.99,0.024982671961738034,0.013432183061591977,2.7,2.4545454545454546,0.06522854646713294,0.032432320814685965,0.0021155131452977064,0.9978844868547023,True,39.60963822795407,2.9390651253437454,0.007884486854702333,0.0,0.007884486854702333,39.60963822795407,0.0,0.0,0,1,2
1,56,1,134.91884347245053,,,6,134.91884347245053,137.69002411426067,success,,0.99,0.024982671961738034,0.009072061513205436,4.2,2.4705882352941178,0.09960995142668866,0.022164015913416907,0.0022077565485558127,0.9977922434514442,True,41.85412309431659,2.7711806418101332,0.007792243451444247,0.0,0.007792243451444247,41.85412309431659,0.0,0.0,4,1,6
1,57,5,138.07999922489174,139.53200088025082,success,7,138.07999922489174,139.09413322036872,success,,0.99,0.0039533631165134964,0.001521840104873596,1.0,0.8333333333333334,0.003945558864282886,0.0012673962615037597,5.000586554135149e-06,0.9999949994134458,True,90.69240280367474,1.014133995476982,0.009994999413445838,0.0,0.009994999413445838,90.69240280367474,0.0,0.0,23,5,7
1,58,2,138.8701884028189,141.31677798459054,success,3,138.8701884028189,141.23124031184634,success,,0.99,0.013432183061591977,0.011943065326999727,2.1818181818181817,2.0,0.028881307935293494,0.023603114897199094,0.0006816888295781202,0.9993183111704219,True,48.323006712561295,2.361051909027424,0.009318311170421922,0.0,0.009318311170421922,48.323006712561295,0.0,0.0,7,2,3
1,59,4,143.5612052697065,146.3965559831263,success,7,143.5612052697065,145.8074653562288,success,,0.9,0.010168268506375934,0.001521840104873596,2.5,1.9444444444444444,0.025100286541618895,0.0029547596170102727,7.416531304856195e-05,0.9999258346869514,True,50.44166411435445,2.246260086522284,0.09992583468695138,0.0,0.09992583468695138,50.44166411435445,0.0,0.0,20,4,7
1,60,4,144.42327140389074,148.03941312598343,success,5,144.42327140389074,146.44975055476698,success,,0.999,0.010168268506375934,0.0039533631165134964,1.6428571428571428,1.5333333333333334,0.016566257533222287,0.006043487661715249,0.00010011797300282618,0.9998998820269972,True,54.97558772529187,2.0264791508762414,0.0008998820269972008,0.0,0.0008998820269972008,54.97558772529187,0.0,0.0,18,4,5
1,61,6,145.3196061547783,148.29277212537488,success,7,145.3196061547783,148.3074653562288,success,,0.9999,0.009072061513205436,0.001521840104873596,2.6470588235294117,2.5,0.023728231967319456,0.0037973719404703603,9.010492226967073e-05,0.9999098950777303,True,39.17773954746917,2.9731659705965683,9.89507773030418e-06,0.0,9.89507773030418e-06,39.17773954746917,0.0,0.0,25,6,7
1,62,3,148.49823513671365,150.35822806609585,success,6,148.49823513671365,149.86652089775484,success,,0.999,0.011943065326999727,0.009072061513205436,1.1666666666666667,0.8235294117647058,0.01383695323026615,0.007443270116478877,0.00010299218048195591,0.9998970078195181,True,74.15674635647993,1.368285761041193,0.0008970078195180697,0.0,0.0008970078195180697,74.15674635647993,0.0,0.0,15,3,6
1,63,5,150.59727439124583,151.80666635040708,success,7,150.59727439124583,151.3988089526881,success,,0.999,0.0039533631165134964,0.001521840104873596,0.7333333333333333,0.6111111111111112,0.0028949345244196037,0.0009295810689971892,2.6910763298868447e-06,0.9999973089236701,True,104.7530237003421,0.8015345614422813,0.000997308923670115,0.0,0.000997308923670115,104.7530237003421,0.0,0.0,23,5,7
1,64,1,152.3683174323782,154.04869180238052,success,4,152.3683174323782,153.48707604595077,success,,0.99,0.024982671961738034,0.010168268506375934,1.3,0.9285714285714286,0.03195574381402115,0.009397528237000253,0.00030030500482660993,0.9996996949951734,True,85.09837726530044,1.1187586135725667,0.009699694995173425,0.0,0.009699694995173425,85.09837726530044,0.0,0.0,2,1,4
1,65,3,154.39223501967248,158.5309465902822,success,7,154.39223501967248,157.09630416128562,success,,0.99,0.011943065326999727,0.001521840104873596,3.6666666666666665,2.4444444444444446,0.0428462475173306,0.0037131427625409813,0.0001590942338710156,0.9998409057661289,True,42.81050431350387,2.7040691416131324,0.009840905766128949,0.0,0.009840905766128949,42.81050431350387,0.0,0.0,16,3,7
1,66,6,163.62112526209233,164.31378171511065,success,8,163.62112526209233,164.26157739845684,success,,0.99,0.009072061513205436,0.0020004401396600865,0.5294117647058824,0.45,0.004791340824662668,0.0008997930061237386,4.311214963986615e-06,0.999995688785036,True,118.97899708771179,0.6404521363645017,0.009995688785035983,0.0,0.009995688785035983,118.97899708771179,0.0,0.0,26,6,8
1,67,2,167.3202707749014,170.20993315446057,success,3,167.3202707749014,170.20424564509915,success,,0.99,0.013432183061591977,0.011943065326999727,2.3636363636363638,2.1666666666666665,0.031250094949913675,0.02554471050317427,0.0007982746286922531,0.9992017253713077,True,40.32397776619964,2.883974870197761,0.0092017253713077,0.0,0.0092017253713077,40.32397776619964,0.0,0.0,7,2,3
1,68,2,167.58116774622206,,,6,167.58116774622206,169.0488095375185,success,,0.99,0.013432183061591977,0.009072061513205436,1.6363636363636365,1.0588235294117647,0.021740137260540696,0.009559724702427257,0.00020782972720375013,0.9997921702727962,True,70.51953065893005,1.467641791296444,0.009792170272796219,0.0,0.009792170272796219,70.51953065893005,0.0,0.0,10,2,6
1,69,1,170.58597296549328,172.595588070681,success,7,170.58597296549328,171.6486330961611,success,,0.999,0.024982671961738034,0.001521840104873596,1.5,0.8333333333333334,0.03678054654922861,0.0012673962615037597,4.661552719255735e-05,0.9999533844728075,True,88.00873949800621,1.0626601306678083,0.0009533844728074614,0.0,0.0009533844728074614,88.00873949800621,0.0,0.0,5,1,7
1,70,6,172.98341887706434,175.03170672518144,success,8,172.98341887706434,174.88877430771075,success,,0.9999,0.009072061513205436,0.0020004401396600865,1.5294117647058822,1.3,0.013779104583614393,0.0025971936230853457,3.578700255638936e-05,0.9999642129974436,True,57.789583795466015,1.9053554306464093,6.421299744363562e-05,0.0,6.421299744363562e-05,57.789583795466015,0.0,0.0,26,6,8
1,71,4,177.08796604016368,,,8,177.08796604016368,178.8251833748005,success,,0.9999,0.010168268506375934,0.0020004401396600865,1.9285714285714286,1.35,0.019419202268745654,0.002696950864506729,5.237263434672462e-05,0.9999476273656532,True,62.1463646770549,1.7372173346368243,4.762736565322445e-05,0.0,4.762736565322445e-05,62.1463646770549,0.0,0.0,21,4,8
1,72,3,177.24973571153072,,,5,177.24973571153072,178.4091950017499,success,,0.999,0.011943065326999727,0.0039533631165134964,1.0833333333333333,0.8666666666666667,0.01285498051358952,0.0034203851443318565,4.39689843793571e-05,0.9999560310156207,True,83.1038747738744,1.1594592902191891,0.0009560310156206953,0.0,0.0009560310156206953,83.1038747738744,0.0,0.0,14,3,5
1,73,1,178.53887374333104,,,7,178.53887374333104,179.8117423361248,success,,0.9999,0.024982671961738034,0.001521840104873596,2.0,1.1111111111111112,0.04873760904831805,0.0016895046273550161,8.234241601335306e-05,0.9999176575839867,True,78.00156784089125,1.2728685927937704,1.765758398664108e-05,0.0,1.765758398664108e-05,78.00156784089125,0.0,0.0,5,1,7
1,74,2,178.59512275328652,180.1834102239053,success,7,178.59512275328652,,,,0.9,0.013432183061591977,0.001521840104873596,1.0909090909090908,0.6666666666666666,0.014546453624166764,0.0010140455778570728,1.4750766971089298e-05,0.9999852492330289,True,66.52992546244026,1.5882874706187806,0.09998524923302887,0.0,0.09998524923302887,66.52992546244026,0.0,0.0,11,2,7
1,75,6,178.88863823952903,180.70209273307887,success,8,178.88863823952903,180.5945312271019,success,,0.999,0.009072061513205436,0.0020004401396600865,1.2941176470588236,1.1,0.011671666317097,0.0021980648632329955,2.565507962699098e-05,0.999974344920373,True,63.02388994109103,1.7058929875728666,0.0009743449203729604,0.0,0.0009743449203729604,63.02388994109103,0.0,0.0,26,6,8
1,76,4,180.3622952046202,181.6480107688356,success,6,180.3622952046202,181.58444567425533,success,,0.9999,0.010168268506375934,0.009072061513205436,1.0714285714285714,0.8823529411764706,0.01083544246515591,0.007972807381060789,8.638889566325454e-05,0.9999136111043367,True,80.20570200944493,1.2221504696351246,1.3611104336730406e-05,0.0,1.3611104336730406e-05,80.20570200944493,0.0,0.0,19,4,6
1,77,4,180.75780599892812,,,7,180.75780599892812,183.113755259042,success,,0.9999,0.010168268506375934,0.001521840104873596,2.7142857142857144,2.111111111111111,0.02722219726801401,0.0032076181203350984,8.731841323221835e-05,0.9999126815867678,True,48.41393945539633,2.3559492601138743,1.268158676781539e-05,0.0,1.268158676781539e-05,48.41393945539633,0.0,0.0,20,4,7
1,78,5,181.79598192928762,183.09564219037048,success,7,181.79598192928762,183.7248663701531,success,,0.99,0.0039533631165134964,0.001521840104873596,0.7333333333333333,0.6111111111111112,0.0028949345244196037,0.0009295810689971892,2.6910763298868447e-06,0.9999973089236701,True,76.88393600297242,1.2996602610828631,0.009997308923670123,0.0,0.009997308923670123,76.88393600297242,0.0,0.0,23,5,7
1,79,3,184.1801152574803,188.87103454743868,success,4,184.1801152574803,188.07192043203162,success,,0.9,0.011943065326999727,0.010168268506375934,4.166666666666667,3.5714285714285716,0.04854489066335126,0.03566375629609416,0.0017312931500382963,0.9982687068499617,True,29.87386906573113,3.8918051745513083,0.0982687068499617,0.0,0.0982687068499617,29.87386906573113,0.0,0.0,13,3,4
1,80,6,184.74725937226276,186.17756762477433,success,8,184.74725937226276,186.0434033139184,success,,0.9999,0.009072061513205436,0.0020004401396600865,1.1764705882352942,1.0,0.010616259029245123,0.0019984405928307244,2.1215962988049155e-05,0.9999787840370119,True,77.0288583199636,1.2961439416556289,7.878403701189196e-05,0.0,7.878403701189196e-05,77.0288583199636,0.0,0.0,26,6,8
1,81,6,186.6019762019052,189.1070870933217,success,8,186.6019762019052,188.8353898889499,success,,0.99,0.009072061513205436,0.0020004401396600865,2.176470588235294,1.85,0.019551417750795556,0.0036939746852150714,7.222244223150337e-05,0.9999277775577685,True,50.688662504729386,2.2334136870447026,0.009927777557768525,0.0,0.009927777557768525,50.688662504729386,0.0,0.0,26,6,8
1,82,4,189.36930780252857,189.97628940006726,success,6,189.36930780252857,189.98464668723915,success,,0.99,0.010168268506375934,0.009072061513205436,0.35714285714285715,0.29411764705882354,0.003624938456418289,0.0026646967621982765,9.659361767985833e-06,0.999990340638232,True,122.49460458458549,0.6069815975386916,0.00999034063823201,0.0,0.00999034063823201,122.49460458458549,0.0,0.0,19,4,6
1,83,2,190.85652750736483,,,5,190.85652750736483,193.07845148360306,success,,0.999,0.013432183061591977,0.0039533631165134964,2.090909090909091,1.5333333333333334,0.027694743253338212,0.006043487661715249,0.00016737283914592112,0.9998326271608541,True,50.91134369552237,2.22192397623823,0.0008326271608540825,0.0,0.0008326271608540825,50.91134369552237,0.0,0.0,9,2,5
1,84,3,190.95268383651333,194.2018648562053,success,5,190.95268383651333,195.14511815026972,success,,0.9,0.011943065326999727,0.0039533631165134964,2.5833333333333335,2.066666666666667,0.030381824769115353,0.008136997719511173,0.0002472168388608797,0.9997527831611391,True,35.94536653867622,3.2491810196919744,0.09975278316113911,0.0,0.09975278316113911,35.94536653867622,0.0,0.0,14,3,5
1,85,4,193.28045456263683,195.99188553904617,success,7,193.28045456263683,195.4151868858497,success,,0.9999,0.010168268506375934,0.001521840104873596,2.5,1.9444444444444444,0.025100286541618895,0.0029547596170102727,7.416531304856195e-05,0.9999258346869514,True,52.65773706290677,2.1347323232128588,2.583468695138702e-05,0.0,2.583468695138702e-05,52.65773706290677,0.0,0.0,20,4,7
1,86,4,197.07917092365926,,,6,197.07917092365926,199.8943190733873,success,,0.999,0.010168268506375934,0.009072061513205436,3.0,2.4705882352941178,0.030044229084999343,0.022164015913416907,0.0006659007715462685,0.9993340992284537,True,41.246501565565794,2.8151481497280315,0.0003340992284537325,0.0,0.0003340992284537325,41.246501565565794,0.0,0.0,19,4,6
1,87,3,198.8561259229182,202.34342356901908,success,7,198.8561259229182,200.79217536194895,success,,0.9999,0.011943065326999727,0.001521840104873596,2.4166666666666665,1.6111111111111112,0.028449867080759975,0.0024488501645807937,6.966946168302077e-05,0.9999303305383169,True,57.05276464704293,1.9360494390307394,3.0330538316913902e-05,0.0,3.0330538316913902e-05,57.05276464704293,0.0,0.0,16,3,7
1,88,3,198.9447377771216,199.92675690235242,success,8,198.9447377771216,199.68658864191653,success,,0.9999,0.011943065326999727,0.0020004401396600865,0.5,0.3,0.005953738499420274,0.0005999519986825383,3.5719573123603698e-06,0.9999964280426876,True,109.57230603273081,0.7418508647949409,9.642804268761296e-05,0.0,9.642804268761296e-05,109.57230603273081,0.0,0.0,17,3,8
1,89,3,200.00539996514968,,,7,200.00539996514968,202.51439758417118,success,,0.9999,0.011943065326999727,0.001521840104873596,2.5833333333333335,1.7222222222222223,0.030381824769115353,0.002617515164834633,7.95248870685079e-05,0.9999204751129315,True,45.80713802853367,2.5089976190214998,2.047511293146176e-05,0.0,2.047511293146176e-05,45.80713802853367,0.0,0.0,16,3,7
1,90,1,203.1849574424979,205.46701282948322,success,6,203.1849574424979,204.56459809043383,success,,0.9,0.024982671961738034,0.009072061513205436,1.6,0.9411764705882353,0.03918392272454805,0.008502062133111037,0.000333144145623129,0.9996668558543769,True,73.72322788770565,1.379640647935929,0.09966685585437685,0.0,0.09966685585437685,73.72322788770565,0.0,0.0,4,1,6
1,91,2,208.62345974326445,210.33806829793934,success,8,208.62345974326445,209.93944770933533,success,,0.99,0.013432183061591977,0.0020004401396600865,1.1818181818181819,0.65,0.015749063983129186,0.0012994410851095081,2.046498079169646e-05,0.9999795350192083,True,76.21781514726761,1.3159879660708782,0.009979535019208341,0.0,0.009979535019208341,76.21781514726761,0.0,0.0,12,2,8
1,92,6,208.71636211116876,210.86967652550413,success,7,208.71636211116876,210.6406756652558,success,,0.999,0.009072061513205436,0.001521840104873596,1.7058823529411764,1.6111111111111112,0.015356733738615774,0.0024488501645807937,3.760633994323267e-05,0.9999623936600568,True,57.33251101707485,1.9243135540870355,0.0009623936600567928,0.0,0.0009623936600567928,57.33251101707485,0.0,0.0,25,6,7
1,93,3,209.69158265599785,213.88381755262802,success,8,209.69158265599785,212.42613131124216,success,,0.999,0.011943065326999727,0.0020004401396600865,3.5,2.1,0.04093912510741212,0.00419211275401536,0.0001716214285010128,0.999828378571499,True,42.37172278515255,2.7345486552443106,0.0008283785714989778,0.0,0.0008283785714989778,42.37172278515255,0.0,0.0,17,3,8
1,94,3,214.35455550646648,218.89066454583022,success,5,214.35455550646648,218.24378876892493,success,,0.999,0.011943065326999727,0.0039533631165134964,4.083333333333333,3.2666666666666666,0.04759747840574176,0.012831287507978096,0.0006107369300788514,0.9993892630699212,True,29.894887505067864,3.889233262458447,0.000389263069921153,0.0,0.000389263069921153,29.894887505067864,0.0,0.0,14,3,5
1,95,5,215.93919437305783,221.3104554355916,success,8,215.93919437305783,218.57823331529553,success,,0.9999,0.0039533631165134964,0.0020004401396600865,3.066666666666667,2.3,0.012050451580313192,0.004590443878752255,5.531692169304912e-05,0.999944683078307,True,43.772261300698325,2.639038942237704,4.468307830696183e-05,0.0,4.468307830696183e-05,43.772261300698325,0.0,0.0,24,5,8
1,96,2,217.5819867499328,222.61486073995255,success,5,217.5819867499328,,,,0.9,0.013432183061591977,0.0039533631165134964,4.545454545454546,3.3333333333333335,0.05922885926995156,0.013091428983864534,0.0007753904049278774,0.9992246095950721,True,22.375351447915367,5.032873990019738,0.09922460959507207,0.0,0.09922460959507207,22.375351447915367,0.0,0.0,9,2,5
1,97,3,221.6029589526313,223.38789138970225,success,6,221.6029589526313,222.89231062937753,success,,0.999,0.011943065326999727,0.009072061513205436,1.4166666666666667,1.0,0.01677701430107671,0.009031034523352402,0.0001515137953518007,0.9998484862046482,True,77.31029051968396,1.2893516767462359,0.0008484862046481689,0.0,0.0008484862046481689,77.31029051968396,0.0,0.0,15,3,6
1,98,4,222.08482856994695,222.8604562660925,success,8,222.08482856994695,222.96255582845103,success,,0.9999,0.010168268506375934,0.0020004401396600865,0.35714285714285715,0.25,0.003624938456418289,0.0004999850007359948,1.812414856800234e-06,0.9999981875851433,True,106.78783623556626,0.7756276961455626,9.8187585143239e-05,0.0,9.8187585143239e-05,106.78783623556626,0.0,0.0,21,4,8
1,99,1,222.50174648913745,228.03209877749856,success,3,222.50174648913745,227.4712247230356,success,,0.9,0.024982671961738034,0.011943065326999727,4.9,4.083333333333333,0.11521897380030668,0.04759747840574176,0.005484132617391823,0.9945158673826082,True,22.713648422255265,4.969478233898144,0.0945158673826082,0.0,0.0945158673826082,22.713648422255265,0.0,0.0,1,1,3
1,100,7,224.05420109676552,225.01538355227856,success,8,224.05420109676552,225.05987555965763,success,,0.9999,0.001521840104873596,0.0020004401396600865,0.7777777777777778,0.7,0.0011829531735066707,0.0013993281238529043,1.6553396448889286e-06,0.9999983446603551,True,93.81703096091773,0.9611824555130397,9.834466035507639e-05,0.0,9.834466035507639e-05,93.81703096091773,0.0,0.0,27,7,8
1,101,1,224.45603011659023,,,8,224.45603011659023,226.90987555965762,success,,0.9,0.024982671961738034,0.0020004401396600865,3.7,1.85,0.08829233791988482,0.0036939746852150714,0.0003261496611745092,0.9996738503388255,True,46.71858983063626,2.4538454430673937,0.09967385033882548,0.0,0.09967385033882548,46.71858983063626,0.0,0.0,6,1,8
1,102,2,224.51508827740983,227.75388726885186,success,6,224.51508827740983,226.78927894623902,success,,0.9,0.013432183061591977,0.009072061513205436,2.8181818181818183,1.8235294117647058,0.037146814430951615,0.01640708421044272,0.0006094709125183121,0.9993905290874817,True,49.911716407710124,2.274190668829192,0.0993905290874817,0.0,0.0993905290874817,49.911716407710124,0.0,0.0,10,2,6
1,103,3,225.14625691069523,,,7,225.14625691069523,228.04538989690536,success,,0.99,0.011943065326999727,0.001521840104873596,4.083333333333333,2.7222222222222223,0.04759747840574176,0.004134217448251052,0.00019677832571777024,0.9998032216742823,True,40.125340981792846,2.899132986210134,0.00980322167428227,0.0,0.00980322167428227,40.125340981792846,0.0,0.0,16,3,7
1,104,4,230.86464827634492,233.9489236950542,success,7,230.86464827634492,233.31748028016736,success,,0.9999,0.010168268506375934,0.001521840104873596,2.642857142857143,2.0555555555555554,0.02651540734836574,0.003123339078574755,8.281660795547894e-05,0.9999171833920445,True,46.735623597122775,2.4528320038224365,1.7183392044484158e-05,0.0,1.7183392044484158e-05,46.735623597122775,0.0,0.0,20,4,7
1,105,7,231.23106771112006,234.81748028016736,success,8,231.23106771112006,233.9396775952641,success,,0.9999,0.001521840104873596,0.0020004401396600865,1.5,1.35,0.002280156641786462,0.002696950864506729,6.149470426276758e-06,0.9999938505295737,True,42.744660455328464,2.708609884144039,9.385052957366913e-05,0.0,9.385052957366913e-05,42.744660455328464,0.0,0.0,27,7,8
1,106,2,231.2639423552822,,,8,231.2639423552822,232.5896775952641,success,,0.9,0.013432183061591977,0.0020004401396600865,1.8181818181818181,1.0,0.0241263432709044,0.0019984405928307244,4.821506374914375e-05,0.9999517849362508,True,75.82541236666279,1.3257352399818956,0.09995178493625079,0.0,0.09995178493625079,75.82541236666279,0.0,0.0,12,2,8
1,107,1,231.6273590423236,236.8199064280426,success,3,231.6273590423236,235.9485341760937,success,,0.9,0.024982671961738034,0.011943065326999727,4.8,4.0,0.11300579097683337,0.046649122761547805,0.005271621016044111,0.9947283789839559,True,26.659355053086195,4.321175133770083,0.09472837898395592,0.0,0.09472837898395592,26.659355053086195,0.0,0.0,1,1,3
1,108,4,232.90887323371052,,,8,232.90887323371052,235.6896775952641,success,,0.9999,0.010168268506375934,0.0020004401396600865,2.5,1.75,0.025100286541618895,0.0034946496925514826,8.771670864562258e-05,0.9999122832913544,True,41.719870769417305,2.780804361553578,1.2283291354386883e-05,0.0,1.2283291354386883e-05,41.719870769417305,0.0,0.0,21,4,8
1,109,3,235.80370496986674,237.90438269092058,success,5,235.80370496986674,237.73380350298245,success,,0.9,0.011943065326999727,0.0039533631165134964,1.6666666666666667,1.3333333333333333,0.01970831012852471,0.005257282684238804,0.0001036121575743012,0.9998963878424257,True,57.194312434476686,1.9300985331157108,0.09989638784242572,0.0,0.09989638784242572,57.194312434476686,0.0,0.0,14,3,5
1,110,2,239.44896998238053,241.8560852486215,success,7,239.44896998238053,240.9765286542835,success,,0.9999,0.013432183061591977,0.001521840104873596,2.0,1.2222222222222223,0.026506728763284318,0.0018582980170305406,4.9257401498777645e-05,0.9999507425985013,True,68.48414776381384,1.5275586719029661,5.0742598501241076e-05,0.0,5.0742598501241076e-05,68.48414776381384,0.0,0.0,11,2,7
1,111,4,240.4616709588681,244.47663946507558,success,6,240.4616709588681,,,,0.999,0.010168268506375934,0.009072061513205436,3.5714285714285716,2.9411764705882355,0.03566375629609416,0.02632970018662173,0.0009390160108049023,0.9990609839891951,True,28.89343651576408,4.014968506207481,6.098398919507364e-05,0.0,6.098398919507364e-05,28.89343651576408,0.0,0.0,19,4,6
1,112,6,240.87306396320633,242.72939311675967,success,8,240.87306396320633,242.49858523058714,success,,0.9999,0.009072061513205436,0.0020004401396600865,1.7058823529411764,1.45,0.015356733738615774,0.00289643541608588,4.4479787475927645e-05,0.9999555202125241,True,65.38196480016103,1.6255212673808046,5.552021252408501e-05,0.0,5.552021252408501e-05,65.38196480016103,0.0,0.0,26,6,8
1,113,7,242.8315831088197,245.71259951189595,success,8,242.8315831088197,245.50364748431716,success,,0.99,0.001521840104873596,0.0020004401396600865,2.7777777777777777,2.5,0.004218411027221791,0.004988615667851256,2.1044031343835138e-05,0.9999789559686562,True,43.2794027756146,2.672064375497456,0.009978955968656167,0.0,0.009978955968656167,43.2794027756146,0.0,0.0,27,7,8
1,114,1,244.52513641400492,247.59947134215423,success,7,244.52513641400492,246.93482173411817,success,,0.9999,0.024982671961738034,0.001521840104873596,2.2,1.2222222222222223,0.0534787697508737,0.0018582980170305406,9.937949178128145e-05,0.9999006205082187,True,47.47068623625387,2.4096853201132546,6.205082186960809e-07,0.0,6.205082186960809e-07,47.47068623625387,0.0,0.0,5,1,7
1,115,4,248.655728897691,251.86281062434975,success,7,248.655728897691,251.20162626120768,success,,0.9999,0.010168268506375934,0.001521840104873596,2.7857142857142856,2.1666666666666665,0.02792847402906245,0.0032918900368841095,9.193746540164727e-05,0.9999080625345984,True,45.21388815076396,2.545897363516673,8.062534598396454e-06,0.0,8.062534598396454e-06,45.21388815076396,0.0,0.0,20,4,7
1,116,2,249.7430500881657,253.38334913621088,success,3,249.7430500881657,253.1630171096047,success,,0.9,0.013432183061591977,0.011943065326999727,3.4545454545454546,3.1666666666666665,0.04534197051714071,0.0371134729305441,0.0016827979954054304,0.9983172020045946,True,34.15382939683851,3.419967021439021,0.0983172020045946,0.0,0.0983172020045946,34.15382939683851,0.0,0.0,7,2,3
1,117,3,255.17087934080317,,,7,255.17087934080317,257.72576950280575,success,,0.99,0.011943065326999727,0.001521840104873596,3.25,2.1666666666666665,0.0380713142610202,0.0032918900368841095,0.00012532658010693632,0.9998746734198931,True,45.071258659944505,2.554890162002579,0.00987467341989312,0.0,0.00987467341989312,45.071258659944505,0.0,0.0,16,3,7
1,118,5,256.33953179431194,257.8757258911017,success,7,256.33953179431194,258.61465839169466,success,,0.999,0.0039533631165134964,0.001521840104873596,1.0666666666666667,0.8888888888888888,0.004208041932375846,0.0013518322104205404,5.688566626985962e-06,0.999994311433373,True,68.19980770398317,1.5361940967897567,0.0009943114333730296,0.0,0.0009943114333730296,68.19980770398317,0.0,0.0,23,5,7
1,119,5,256.82591871904646,261.209059224435,success,8,256.82591871904646,259.66093763769106,success,,0.9999,0.0039533631165134964,0.0020004401396600865,3.3333333333333335,2.5,0.013091428983864534,0.004988615667851256,6.530810774346867e-05,0.9999346918922565,True,40.97663537443274,2.8350189186446073,3.469189225646652e-05,0.0,3.469189225646652e-05,40.97663537443274,0.0,0.0,24,5,8
1,120,6,258.6414849424803,261.2095691752885,success,7,258.6414849424803,260.95679096426954,success,,0.9999,0.009072061513205436,0.001521840104873596,2.1176470588235294,2.0,0.019028061068468317,0.0030390529110006434,5.7827284380826654e-05,0.9999421727156191,True,49.148762984605526,2.3153060217892403,4.21727156191265e-05,0.0,4.21727156191265e-05,49.148762984605526,0.0,0.0,25,6,7
1,121,4,258.81095150042745,261.27834680637875,success,5,258.81095150042745,,,,0.99,0.010168268506375934,0.0039533631165134964,2.2142857142857144,2.066666666666667,0.02226387060158679,0.008136997719511173,0.00018116106431260355,0.9998188389356873,True,46.49184802834779,2.4673953059512996,0.009818838935687357,0.0,0.009818838935687357,46.49184802834779,0.0,0.0,18,4,5
1,122,4,263.1969768732351,265.1087614113552,success,5,263.1969768732351,265.3353968459101,success,,0.99,0.010168268506375934,0.0039533631165134964,1.6428571428571428,1.5333333333333334,0.016566257533222287,0.006043487661715249,0.00010011797300282618,0.9998998820269972,True,57.63385796338714,1.9117845381201164,0.009899882026997209,0.0,0.009899882026997209,57.63385796338714,0.0,0.0,18,4,5
1,123,4,264.6005140886009,268.8944756970695,success,5,264.6005140886009,268.86873017924347,success,,0.9,0.010168268506375934,0.0039533631165134964,2.0714285714285716,1.9333333333333333,0.02084256948324957,0.007614033952595479,0.00015869603170479265,0.9998413039682952,True,27.026479628208033,4.268216090642568,0.09984130396829516,0.0,0.09984130396829516,27.026479628208033,0.0,0.0,18,4,5
1,124,4,264.6285840711124,266.8230471256409,success,5,264.6285840711124,266.93539684591013,success,,0.9,0.010168268506375934,0.0039533631165134964,1.7142857142857142,1.6,0.017280270945519018,0.006305417877710323,0.00010895932935155388,0.9998910406706485,True,51.45044527999174,2.194463054528512,0.09989104067064847,0.0,0.09989104067064847,51.45044527999174,0.0,0.0,18,4,5
1,125,2,266.5278426855021,,,7,266.5278426855021,268.65936758949584,success,,0.999,0.013432183061591977,0.001521840104873596,2.909090909090909,1.7777777777777777,0.038321844161560224,0.0027018369705159506,0.00010353937533405424,0.999896460624666,True,52.7239534921462,2.13152490399375,0.0008964606246659734,0.0,0.0008964606246659734,52.7239534921462,0.0,0.0,11,2,7
1,126,4,269.5269964654329,,,7,269.5269964654329,271.92369697518205,success,,0.9999,0.010168268506375934,0.001521840104873596,2.857142857142857,2.2222222222222223,0.028634238004085353,0.003376154828824178,9.667362090719355e-05,0.9999033263790928,True,47.69573979898989,2.3967005097491665,3.326379092838394e-06,0.0,3.326379092838394e-06,47.69573979898989,0.0,0.0,20,4,7
1,127,2,272.4699180436422,,,4,272.4699180436422,273.0511063527312,success,,0.999,0.013432183061591977,0.010168268506375934,0.5454545454545454,0.42857142857142855,0.007299870869438622,0.004348347799518119,3.174237743188985e-05,0.9999682576225681,True,125.36928877564597,0.5811883090889864,0.0009682576225681361,0.0,0.0009682576225681361,125.36928877564597,0.0,0.0,8,2,4
1,128,2,273.17239016644186,,,7,273.17239016644186,275.66758064486623,success,,0.999,0.013432183061591977,0.001521840104873596,3.4545454545454546,2.111111111111111,0.04534197051714071,0.0032076181203350984,0.00014543972624248033,0.9998545602737575,True,46.032490147625296,2.4951904784243766,0.0008545602737575209,0.0,0.0008545602737575209,46.032490147625296,0.0,0.0,11,2,7
1,129,6,276.2464934393805,,,8,276.2464934393805,278.8829493591739,success,,0.9999,0.009072061513205436,0.0020004401396600865,2.3529411764705883,2.0,0.021119813102714217,0.003992887420858376,8.43290360687075e-05,0.9999156709639313,True,43.81120263053707,2.6364559197933772,1.5670963931291304e-05,0.0,1.5670963931291304e-05,43.81120263053707,0.0,0.0,26,6,8
1,130,1,277.0265858046985,278.1459184767361,success,3,277.0265858046985,277.94997920303234,success,,0.9,0.024982671961738034,0.011943065326999727,0.5,0.4166666666666667,0.012413643076095276,0.0049639160647778876,6.162028228784814e-05,0.9999383797177122,True,96.18549834855926,0.9233933983338147,0.09993837971771213,0.0,0.09993837971771213,96.18549834855926,0.0,0.0,1,1,3
1,131,4,278.9332514930483,280.8400188953273,success,7,278.9332514930483,280.44854850430573,success,,0.999,0.010168268506375934,0.001521840104873596,1.6428571428571428,1.2777777777777777,0.016566257533222287,0.0019426840092819856,3.218300360343817e-05,0.9999678169963966,True,68.89169728366333,1.5152970112574167,0.0009678169963965866,0.0,0.0009678169963965866,68.89169728366333,0.0,0.0,20,4,7
1,132,5,279.3228568241932,,,8,279.3228568241932,282.14716831183966,success,,0.99,0.0039533631165134964,0.0020004401396600865,3.2,2.4,0.012571077460808096,0.004789549686272424,6.020980010851976e-05,0.9999397901998914,True,41.12169213593209,2.8243114876464688,0.00993979019989144,0.0,0.00993979019989144,41.12169213593209,0.0,0.0,24,5,8
1,133,1,282.94586335287534,284.9583650403104,success,6,282.94586335287534,284.15768166454575,success,,0.99,0.024982671961738034,0.009072061513205436,1.5,0.8823529411764706,0.03678054654922861,0.007972807381060789,0.0002932442130071398,0.9997067557869929,True,80.66964914603795,1.211818311670413,0.009706755786992871,0.0,0.009706755786992871,80.66964914603795,0.0,0.0,4,1,6
1,134,4,285.21785453668053,287.83287653029464,success,8,285.21785453668053,287.25467324138737,success,,0.9,0.010168268506375934,0.0020004401396600865,2.357142857142857,1.65,0.023683108622810076,0.0032952848221277573,7.804258838554906e-05,0.9999219574116145,True,54.74655739119462,2.036818704706832,0.09992195741161447,0.0,0.09992195741161447,54.74655739119462,0.0,0.0,21,4,8
1,135,2,289.04179031232337,292.40329426258353,success,6,289.04179031232337,291.3317133759138,success,,0.999,0.013432183061591977,0.009072061513205436,3.090909090909091,2.0,0.0406676034867676,0.01798050946214282,0.0007312242292964972,0.9992687757707035,True,49.6174009453004,2.289923063590436,0.0002687757707034999,0.0,0.0002687757707034999,49.6174009453004,0.0,0.0,10,2,6
1,136,1,289.8014314605072,291.2131908626106,success,7,289.8014314605072,290.52116763589817,success,,0.999,0.024982671961738034,0.001521840104873596,0.8,0.4444444444444444,0.019787738662971042,0.0006761446910318755,1.3379374444494053e-05,0.9999866206255555,True,111.48245003050931,0.719736175390949,0.0009866206255555454,0.0,0.0009866206255555454,111.48245003050931,0.0,0.0,5,1,7
1,137,2,293.7018991556737,,,5,293.7018991556737,296.62648617730025,success,,0.999,0.013432183061591977,0.0039533631165134964,3.3636363636363638,2.466666666666667,0.04417551835183329,0.009704236064404454,0.0004286896583536214,0.9995713103416464,True,39.795359175621456,2.9245870216265644,0.0005713103416463694,0.0,0.0005713103416463694,39.795359175621456,0.0,0.0,9,2,5
1,138,1,296.7343788863731,299.85038977460465,success,2,296.7343788863731,299.6733960722584,success,,0.9,0.024982671961738034,0.013432183061591977,2.6,2.3636363636363638,0.06289031806533495,0.031250094949913675,0.0019653284109719883,0.998034671589028,True,39.610250848363854,2.939017185885291,0.09803467158902801,0.0,0.09803467158902801,39.610250848363854,0.0,0.0,0,1,2
1,139,5,298.5948392516195,,,6,298.5948392516195,300.46334111271267,success,,0.999,0.0039533631165134964,0.009072061513205436,1.9333333333333333,1.7058823529411764,0.007614033952595479,0.015356733738615774,0.00011692669208678901,0.9998830733079133,True,58.69687963510232,1.8685018610931934,0.0008830733079132624,0.0,0.0008830733079132624,58.69687963510232,0.0,0.0,22,5,6
1,140,3,300.72024943733436,303.25655933233406,success,7,300.72024943733436,302.3874421018064,success,,0.9999,0.011943065326999727,0.001521840104873596,2.3333333333333335,1.5555555555555556,0.02748244518583573,0.0023645069688026316,6.498243316164492e-05,0.9999350175668383,True,64.13960952435819,1.6671926644720543,3.5017566838324576e-05,0.0,3.5017566838324576e-05,64.13960952435819,0.0,0.0,16,3,7
1,141,4,302.2454161658808,304.9826007349946,success,6,302.2454161658808,304.60919128415316,success,,0.99,0.010168268506375934,0.009072061513205436,2.5,2.0588235294117645,0.025100286541618895,0.01850442502195829,0.0004644663703390556,0.999535533629661,True,48.27459607628441,2.363775118272372,0.009535533629660975,0.0,0.009535533629660975,48.27459607628441,0.0,0.0,19,4,6
1,142,6,305.4575713465426,306.28855335453727,success,8,305.4575713465426,306.3339131009677,success,,0.99,0.009072061513205436,0.0020004401396600865,0.29411764705882354,0.25,0.0026646967621982765,0.0004999850007359948,1.3323084126089082e-06,0.9999986676915874,True,102.53820553095288,0.8309820079946917,0.009998667691587415,0.0,0.009998667691587415,102.53820553095288,0.0,0.0,26,6,8
1,143,4,312.74730810281716,314.5639792704481,success,7,312.74730810281716,314.1989788203517,success,,0.999,0.010168268506375934,0.001521840104873596,1.5,1.1666666666666667,0.015136673992273862,0.0017739048899226351,2.685102001205938e-05,0.9999731489799879,True,71.08129425231317,1.4516707175345687,0.0009731489799879034,0.0,0.0009731489799879034,71.08129425231317,0.0,0.0,20,4,7
1,144,2,315.39516346478143,319.2157906989493,success,4,315.39516346478143,318.41451732875254,success,,0.99,0.013432183061591977,0.010168268506375934,3.4545454545454546,2.7142857142857144,0.04534197051714071,0.02722219726801401,0.0012343080659380796,0.998765691934062,True,38.60484535139838,3.019353863971105,0.008765691934061959,0.0,0.008765691934061959,38.60484535139838,0.0,0.0,8,2,4
1,145,5,317.978717293,320.7791138517959,success,7,317.978717293,320.1388759165184,success,,0.9,0.0039533631165134964,0.001521840104873596,2.4,2.0,0.00944320175062902,0.0030390529110006434,2.8698389769415496e-05,0.9999713016102306,True,52.13788050100289,2.1601586235183845,0.0999713016102306,0.0,0.0999713016102306,52.13788050100289,0.0,0.0,23,5,7
1,146,6,318.0944235791385,320.5061036563314,success,8,318.0944235791385,320.2747170025302,success,,0.999,0.009072061513205436,0.0020004401396600865,2.0,1.7,0.01798050946214282,0.0033949722425582313,6.10433305310305e-05,0.999938956669469,True,51.73248385754855,2.1802934233917313,0.000938956669468971,0.0,0.000938956669468971,51.73248385754855,0.0,0.0,26,6,8
1,147,3,320.9412770068245,,,4,320.9412770068245,321.5288179825991,success,,0.9,0.011943065326999727,0.010168268506375934,0.5,0.42857142857142855,0.005953738499420274,0.004348347799518119,2.588892570286046e-05,0.9999741110742971,True,124.64706673304836,0.5875409757745729,0.0999741110742971,0.0,0.0999741110742971,124.64706673304836,0.0,0.0,13,3,4
1,148,2,321.68909331772846,325.3779729115908,success,8,321.68909331772846,324.00928371914733,success,,0.999,0.013432183061591977,0.0020004401396600865,3.272727272727273,1.8,0.04300764095297424,0.003594317173104725,0.00015458310245199737,0.999845416897548,True,49.05945143891458,2.32019040141887,0.0008454168975480236,0.0,0.0008454168975480236,49.05945143891458,0.0,0.0,12,2,8
1,149,5,327.4362246561154,,,6,327.4362246561154,329.9638877557147,success,,0.999,0.0039533631165134964,0.009072061513205436,2.2666666666666666,2.0,0.008920926685055047,0.01798050946214282,0.00016040280667171464,0.9998395971933283,True,45.505424570415826,2.5276630995992946,0.0008395971933282675,0.0,0.0008395971933282675,45.505424570415826,0.0,0.0,22,5,6
1,150,4,327.55046304214136,328.9489738881525,success,5,327.55046304214136,329.098302921857,success,,0.9,0.010168268506375934,0.0039533631165134964,1.2142857142857142,1.1333333333333333,0.01227126948135069,0.004470455830192374,5.485816819676594e-05,0.9999451418318033,True,73.01333419665796,1.3985108460111633,0.09994514183180325,0.0,0.09994514183180325,73.01333419665796,0.0,0.0,18,4,5
1,151,1,328.0808348452765,329.5017130360224,success,8,328.0808348452765,328.97149348833597,success,,0.99,0.024982671961738034,0.0020004401396600865,0.7,0.35,0.01733584505776233,0.0006999089982293533,1.2133513947837717e-05,0.9999878664860522,True,98.33961242002236,0.890658643059453,0.00998786648605221,0.0,0.00998786648605221,98.33961242002236,0.0,0.0,6,1,8
1,152,6,328.47295361988876,,,8,328.47295361988876,330.98190687477927,success,,0.99,0.009072061513205436,0.0020004401396600865,2.235294117647059,1.9,0.02007449521798314,0.0037936222298795355,7.615505131255127e-05,0.9999238449486875,True,45.80785914195683,2.508953254890514,0.009923844948687477,0.0,0.009923844948687477,45.80785914195683,0.0,0.0,26,6,8
1,153,4,328.8421218575277,331.56895650621124,success,6,328.8421218575277,,,,0.999,0.010168268506375934,0.009072061513205436,2.5,2.0588235294117645,0.025100286541618895,0.01850442502195829,0.0004644663703390556,0.999535533629661,True,42.48206782871483,2.726834648683564,0.000535533629660967,0.0,0.000535533629660967,42.48206782871483,0.0,0.0,19,4,6
1,154,6,330.8525538270518,335.8462406968912,success,7,330.8525538270518,332.6451315515894,success,,0.9999,0.009072061513205436,0.001521840104873596,1.588235294117647,1.5,0.014305261627850648,0.002280156641786462,3.261823731323667e-05,0.9999673817626867,True,60.64844440345619,1.7925777245375798,6.738176268672458e-05,0.0,6.738176268672458e-05,60.64844440345619,0.0,0.0,25,6,7
1,155,5,331.3235780312727,333.4074689483806,success,6,331.3235780312727,337.37565246159704,success,,0.999,0.0039533631165134964,0.009072061513205436,1.7333333333333334,1.5294117647058822,0.006829071254128147,0.013779104583614393,9.409848701958645e-05,0.9999059015129804,True,53.72465303341279,2.083890917107908,0.0009059015129804227,0.0,0.0009059015129804227,53.72465303341279,0.0,0.0,22,5,6
1,156,2,332.42369792529144,336.4740537696622,success,6,332.42369792529144,,,,0.99,0.013432183061591977,0.009072061513205436,3.727272727272727,2.411764705882353,0.048832792994155896,0.02164205381794653,0.0010568419340601643,0.9989431580659398,True,28.62088882812372,4.050355844370756,0.008943158065939816,0.0,0.008943158065939816,28.62088882812372,0.0,0.0,10,2,6
1,157,2,337.81697596648957,339.8848441513706,success,8,337.81697596648957,339.3199930157727,success,,0.999,0.013432183061591977,0.0020004401396600865,1.5454545454545454,0.85,0.0205448471148705,0.0016989293016651439,3.490424276168408e-05,0.9999650957572384,True,69.30440638619164,1.5030170492831303,0.0009650957572383545,0.0,0.0009650957572383545,69.30440638619164,0.0,0.0,12,2,8
1,158,1,339.12272835303713,341.0330350212854,success,5,339.12272835303713,340.7218233548164,success,,0.9999,0.024982671961738034,0.0039533631165134964,1.2,0.8,0.02953428714088805,0.003157694455993869,9.326025476651321e-05,0.9999067397452335,True,66.19291627103205,1.5990950017792898,6.7397452334638785e-06,0.0,6.7397452334638785e-06,66.19291627103205,0.0,0.0,3,1,5
1,159,2,342.7372850215196,344.3754117364744,success,7,342.7372850215196,343.7764861183418,success,,0.9999,0.013432183061591977,0.001521840104873596,1.3636363636363635,0.8333333333333334,0.01814988363104218,0.0012673962615037597,2.300309466071114e-05,0.9999769969053393,True,89.28580091470903,1.0392010968221825,7.699690533924386e-05,0.0,7.699690533924386e-05,89.28580091470903,0.0,0.0,11,2,7
1,160,2,348.20598144924503,,,6,348.20598144924503,350.4056107369678,success,,0.9,0.013432183061591977,0.009072061513205436,2.909090909090909,1.8823529411764706,0.038321844161560224,0.016931839205706792,0.0006488593034096914,0.9993511406965903,True,51.3482740380131,2.1996292877227575,0.09935114069659023,0.0,0.09935114069659023,51.3482740380131,0.0,0.0,10,2,6
1,161,4,350.88277601439216,351.5772895822354,success,6,350.88277601439216,351.61065600378004,success,,0.9999,0.010168268506375934,0.009072061513205436,0.35714285714285715,0.29411764705882354,0.003624938456418289,0.0026646967621982765,9.659361767985833e-06,0.999990340638232,True,113.75202602703851,0.6945135678432166,9.034063823198935e-05,0.0,9.034063823198935e-05,113.75202602703851,0.0,0.0,19,4,6
1,162,7,351.4008914311349,352.1967948734138,success,8,351.4008914311349,352.21628605715534,success,,0.99,0.001521840104873596,0.0020004401396600865,0.6666666666666666,0.6,0.0010140455778570728,0.0011995440549643533,1.2163923443813438e-06,0.9999987836076556,True,105.18822479371376,0.7959034422789273,0.009998783607655604,0.0,0.009998783607655604,105.18822479371376,0.0,0.0,27,7,8
1,163,1,354.17163512730565,357.02888629923586,success,5,354.17163512730565,356.3777093623938,success,,0.9,0.024982671961738034,0.0039533631165134964,2.2,1.4666666666666666,0.0534787697508737,0.005781488402938531,0.0003091868871180962,0.9996908131128819,True,51.22130384954746,2.206074235088124,0.09969081311288186,0.0,0.09969081311288186,51.22130384954746,0.0,0.0,3,1,5
1,164,3,355.40518369028666,359.76139357423165,success,5,355.40518369028666,359.44437602906044,success,,0.999,0.011943065326999727,0.0039533631165134964,3.8333333333333335,3.066666666666667,0.04474957755495904,0.012050451580313192,0.0005392526175655039,0.9994607473824345,True,28.70644033511337,4.039192338773773,0.0004607473824345121,0.0,0.0004607473824345121,28.70644033511337,0.0,0.0,14,3,5
1,165,2,356.32824596424433,,,7,356.32824596424433,359.1667806498576,success,,0.99,0.013432183061591977,0.001521840104873596,4.0,2.4444444444444446,0.052310850856838315,0.0037131427625409813,0.00019423765726142987,0.9998057623427385,True,40.929189318292345,2.838534685613297,0.009805762342738555,0.0,0.009805762342738555,40.929189318292345,0.0,0.0,11,2,7
1,166,6,357.72752072609177,,,8,357.72752072609177,360.43304029758843,success,,0.999,0.009072061513205436,0.0020004401396600865,2.9411764705882355,2.5,0.02632970018662173,0.004988615667851256,0.0001313487548808073,0.9998686512451191,True,42.7894538449752,2.7055195714966658,0.0008686512451191453,0.0,0.0008686512451191453,42.7894538449752,0.0,0.0,26,6,8
1,167,7,360.492905259596,363.2373039703859,success,8,360.492905259596,363.23542162943096,success,,0.9999,0.001521840104873596,0.0020004401396600865,2.388888888888889,2.15,0.003628906463013831,0.004291710476402131,1.557421588519986e-05,0.9999844257841148,True,42.258245020146305,2.7425163698349593,8.44257841148277e-05,0.0,8.44257841148277e-05,42.258245020146305,0.0,0.0,27,7,8
1,168,2,360.49480375119083,362.0986290346542,success,8,360.49480375119083,363.835421629431,success,,0.999,0.013432183061591977,0.0020004401396600865,1.0909090909090908,0.6,0.014546453624166764,0.0011995440549643533,1.7449111965683912e-05,0.9999825508880343,True,66.04640065689756,1.6038252834633795,0.0009825508880343392,0.0,0.0009825508880343392,66.04640065689756,0.0,0.0,12,2,8
1,169,2,361.61963430849033,364.64408358010877,success,7,361.61963430849033,,,,0.9999,0.013432183061591977,0.001521840104873596,2.5454545454545454,1.5555555555555556,0.03361310393557973,0.0023645069688026316,7.947841849876543e-05,0.9999205215815012,True,38.54247736156464,3.024449271618437,2.0521581501231623e-05,0.0,2.0521581501231623e-05,38.54247736156464,0.0,0.0,11,2,7
1,170,6,364.4584619707237,365.82997987985607,success,8,364.4584619707237,365.68601717843694,success,,0.999,0.009072061513205436,0.0020004401396600865,1.1764705882352942,1.0,0.010616259029245123,0.0019984405928307244,2.1215962988049155e-05,0.9999787840370119,True,79.9650786853887,1.2275552077132375,0.0009787840370119039,0.0,0.0009787840370119039,79.9650786853887,0.0,0.0,26,6,8
1,171,6,364.77555597504596,366.65350929162076,success,7,364.77555597504596,365.75596177981106,success,,0.999,0.009072061513205436,0.001521840104873596,0.8235294117647058,0.7777777777777778,0.007443270116478877,0.0011829531735066707,8.805040005556054e-06,0.9999911949599944,True,92.65757642256379,0.9804058047650983,0.0009911949599944458,0.0,0.0009911949599944458,92.65757642256379,0.0,0.0,25,6,7
1,172,7,370.8009512117845,373.55530323826525,success,8,370.8009512117845,373.5600564411043,success,,0.9999,0.001521840104873596,0.0020004401396600865,2.388888888888889,2.15,0.003628906463013831,0.004291710476402131,1.557421588519986e-05,0.9999844257841148,True,42.09060333265725,2.754352026480774,8.44257841148277e-05,0.0,8.44257841148277e-05,42.09060333265725,0.0,0.0,27,7,8
1,173,6,371.83339468475594,373.0287642533394,success,7,371.83339468475594,,,,0.9,0.009072061513205436,0.001521840104873596,0.7058823529411765,0.6666666666666666,0.006383347446426606,0.0010140455778570728,6.4730052499741374e-06,0.99999352699475,True,81.4191640431375,1.1953695685834305,0.09999352699474995,0.0,0.09999352699474995,81.4191640431375,0.0,0.0,25,6,7
1,174,5,373.9746381447601,377.1694261377519,success,7,373.9746381447601,376.32144223084566,success,,0.9999,0.0039533631165134964,0.001521840104873596,2.466666666666667,2.0555555555555554,0.009704236064404454,0.003123339078574755,3.0309619727668912e-05,0.9999696903802723,True,48.57764340016776,2.3468040860855695,6.969038027226926e-05,0.0,6.969038027226926e-05,48.57764340016776,0.0,0.0,23,5,7
1,175,1,376.1795925751229,380.2105066187164,success,4,376.1795925751229,379.0093353112054,success,,0.9,0.024982671961738034,0.010168268506375934,3.8,2.7142857142857144,0.0905671844940996,0.02722219726801401,0.0024654377623069992,0.997534562237693,True,41.04800821995339,2.829742736082494,0.09753456223769297,0.0,0.09753456223769297,41.04800821995339,0.0,0.0,2,1,4
1,176,1,382.01922933606716,385.54719062071973,success,2,382.01922933606716,385.0323697432223,success,,0.99,0.024982671961738034,0.013432183061591977,2.9,2.6363636363636362,0.06988751514235512,0.03479244607326521,0.0024315576017848966,0.9975684423982151,True,38.681120036375575,3.013140407155163,0.007568442398215081,0.0,0.007568442398215081,38.681120036375575,0.0,0.0,0,1,2
1,177,5,383.13590168708157,,,6,383.13590168708157,383.9852734943236,success,,0.9,0.0039533631165134964,0.009072061513205436,0.3333333333333333,0.29411764705882354,0.0013169198045643675,0.0026646967621982765,3.5091919392974575e-06,0.9999964908080607,True,101.20467302658075,0.8493718072420506,0.09999649080806072,0.0,0.09999649080806072,101.20467302658075,0.0,0.0,22,5,6
1,178,3,384.02954810104444,,,8,384.02954810104444,385.65155096605497,success,,0.9,0.011943065326999727,0.0020004401396600865,1.8333333333333333,1.1,0.02165765067504647,0.0021980648632329955,4.760492096899401e-05,0.999952395079031,True,65.48887915358839,1.6220028650105291,0.09995239507903098,0.0,0.09995239507903098,65.48887915358839,0.0,0.0,17,3,8
1,179,2,386.21280014489014,,,4,386.21280014489014,389.38582771055826,success,,0.99,0.013432183061591977,0.010168268506375934,3.6363636363636362,2.857142857142857,0.04767060610218329,0.028634238004085353,0.00136501148092892,0.9986349885190711,True,36.79306234828519,3.1730275656681215,0.008634988519071074,0.0,0.008634988519071074,36.79306234828519,0.0,0.0,8,2,4
1,180,3,389.5507683228386,,,7,389.5507683228386,391.5217766763353,success,,0.99,0.011943065326999727,0.001521840104873596,2.6666666666666665,1.7777777777777777,0.03134636247621525,0.0027018369705159506,8.469276102943228e-05,0.9999153072389706,True,56.233596894071404,1.9710083534966998,0.009915307238970605,0.0,0.009915307238970605,56.233596894071404,0.0,0.0,16,3,7
1,181,3,389.91837595444173,,,5,389.91837595444173,392.62687307142886,success,,0.9,0.011943065326999727,0.0039533631165134964,2.75,2.2,0.03230994069945627,0.008659685896977938,0.000279793937807275,0.9997202060621927,True,42.746293624792,2.7084971169871324,0.09972020606219267,0.0,0.09972020606219267,42.746293624792,0.0,0.0,14,3,5
1,182,5,390.24997738602747,394.02687307142884,success,6,390.24997738602747,393.01756945790174,success,,0.9,0.0039533631165134964,0.009072061513205436,1.4,1.2352941176470589,0.00551942008318103,0.011144103477871203,6.150898854480989e-05,0.9999384910114552,True,41.90436654341014,2.767592071874276,0.09993849101145513,0.0,0.09993849101145513,41.90436654341014,0.0,0.0,22,5,6
1,183,4,390.2988429289063,391.99183937956286,success,6,390.2988429289063,391.78227534025467,success,,0.999,0.010168268506375934,0.009072061513205436,1.5,1.2352941176470589,0.015136673992273862,0.011144103477871203,0.00016868466128070175,0.9998313153387193,True,69.97224386530229,1.4834324113483603,0.000831315338719274,0.0,0.000831315338719274,69.97224386530229,0.0,0.0,19,4,6
1,184,5,391.15307843616694,,,8,391.15307843616694,392.2275131407746,success,,0.9999,0.0039533631165134964,0.0020004401396600865,1.2,0.9,0.004732800575960416,0.001798776384793608,8.513249909975184e-06,0.99999148675009,True,87.38149541033046,1.0744347046076541,9.14867500899641e-05,0.0,9.14867500899641e-05,87.38149541033046,0.0,0.0,24,5,8
1,185,3,391.2768820627048,,,4,391.2768820627048,393.49183937956286,success,,0.9,0.011943065326999727,0.010168268506375934,1.75,1.5,0.0206834654246933,0.015136673992273862,0.0003130788731640507,0.999686921126836,True,51.04718565179249,2.21495731685809,0.09968692112683597,0.0,0.09968692112683597,51.04718565179249,0.0,0.0,13,3,4
1,186,2,392.3809191519969,396.07900466555,success,4,392.3809191519969,395.99183937956286,success,,0.9,0.013432183061591977,0.010168268506375934,3.1818181818181817,2.5,0.04183833657913708,0.025100286541618895,0.001050154236561036,0.9989498457634389,True,32.31274179970388,3.6109202275659413,0.0989498457634389,0.0,0.0989498457634389,32.31274179970388,0.0,0.0,8,2,4
1,187,2,394.83739013127956,396.9880955746409,success,4,394.83739013127956,396.7061250938486,success,,0.9999,0.013432183061591977,0.010168268506375934,0.9090909090909091,0.7142857142857143,0.01213682287014281,0.007236736734023758,8.783099189870214e-05,0.9999121690081013,True,58.69106129106221,1.8687349625690217,1.2169008101303724e-05,0.0,1.2169008101303724e-05,58.69106129106221,0.0,0.0,8,2,4
1,188,2,396.6901804871135,398.1699137564591,success,8,396.6901804871135,397.53646765815574,success,,0.99,0.013432183061591977,0.0020004401396600865,1.1818181818181819,0.65,0.015749063983129186,0.0012994410851095081,2.046498079169646e-05,0.9999795350192083,True,101.42579350218575,0.8462871710422633,0.009979535019208341,0.0,0.009979535019208341,101.42579350218575,0.0,0.0,12,2,8
1,189,1,401.10611004412175,,,8,401.10611004412175,402.7540970994474,success,,0.9,0.024982671961738034,0.0020004401396600865,2.3,1.15,0.05584048136920227,0.0022978620243175275,0.0001283137215579003,0.9998716862784421,True,64.70677228190786,1.6479870553256433,0.09987168627844212,0.0,0.09987168627844212,64.70677228190786,0.0,0.0,6,1,8
1,190,1,402.9392585215,,,7,402.9392585215,404.36418552961356,success,,0.9999,0.024982671961738034,0.001521840104873596,1.9,1.0555555555555556,0.04635813037288448,0.0016050972287243784,7.440930659036032e-05,0.9999255906934097,True,72.04104543132983,1.4249270081135705,2.5590693409682785e-05,0.0,2.5590693409682785e-05,72.04104543132983,0.0,0.0,5,1,7
1,191,5,403.94603314251407,406.0166291435513,success,7,403.94603314251407,405.7530744185025,success,,0.9999,0.0039533631165134964,0.001521840104873596,1.6666666666666667,1.3888888888888888,0.006567279069118105,0.002111434591628258,1.3866380199412191e-05,0.9999861336198006,True,60.267771254644515,1.8070412759884107,8.613361980058798e-05,0.0,8.613361980058798e-05,60.267771254644515,0.0,0.0,23,5,7
1,192,4,404.3481235479182,405.6213571465729,success,8,404.3481235479182,405.5151168030431,success,,0.99,0.010168268506375934,0.0020004401396600865,0.9285714285714286,0.65,0.009397528237000253,0.0012994410851095081,1.2211534289634852e-05,0.9999877884657103,True,82.74476692803404,1.1669932551249076,0.009987788465710357,0.0,0.009987788465710357,82.74476692803404,0.0,0.0,21,4,8
1,193,4,405.2836353546614,406.2642142894301,success,6,405.2836353546614,406.1099008105796,success,,0.9,0.010168268506375934,0.009072061513205436,0.6428571428571429,0.5294117647058824,0.006515426003965054,0.004791340824662668,3.1217626602866513e-05,0.9999687823733971,True,102.88623989999789,0.8262654559181897,0.09996878237339712,0.0,0.09996878237339712,102.88623989999789,0.0,0.0,19,4,6
1,194,4,405.7161751445263,409.54992857514435,success,6,405.7161751445263,408.81578316352073,success,,0.9,0.010168268506375934,0.009072061513205436,3.2857142857142856,2.7058823529411766,0.03285807417778753,0.024249081069408807,0.0007967781045218179,0.9992032218954782,True,37.641148425679546,3.099608018994445,0.09920322189547814,0.0,0.09920322189547814,37.641148425679546,0.0,0.0,19,4,6
1,195,3,407.0060334102345,409.5183392036598,success,7,407.0060334102345,408.6503015966185,success,,0.99,0.011943065326999727,0.001521840104873596,2.25,1.5,0.026514059979713147,0.002280156641786462,6.045620996346756e-05,0.9999395437900366,True,64.81765581664501,1.644268186383954,0.009939543790036587,0.0,0.009939543790036587,64.81765581664501,0.0,0.0,16,3,7
1,196,3,407.88318261870904,,,7,407.88318261870904,411.09474604106293,success,,0.999,0.011943065326999727,0.001521840104873596,3.6666666666666665,2.4444444444444446,0.0428462475173306,0.0037131427625409813,0.0001590942338710156,0.9998409057661289,True,36.360146450477785,3.2115634223538905,0.000840905766128941,0.0,0.000840905766128941,36.360146450477785,0.0,0.0,16,3,7
1,197,1,409.60681823196086,412.95069672723656,success,7,409.60681823196086,412.59474604106293,success,,0.999,0.024982671961738034,0.001521840104873596,2.7,1.5,0.06522854646713294,0.002280156641786462,0.00014873130346111004,0.9998512686965388,True,38.993146968422344,2.987927809102075,0.0008512686965388427,0.0,0.0008512686965388427,38.993146968422344,0.0,0.0,5,1,7
1,198,6,409.98606864712133,413.0516733374612,success,7,409.98606864712133,,,,0.9999,0.009072061513205436,0.001521840104873596,2.6470588235294117,2.5,0.023728231967319456,0.0037973719404703603,9.010492226967073e-05,0.9999098950777303,True,38.04465941948155,3.0656046903398533,9.89507773030418e-06,0.0,9.89507773030418e-06,38.04465941948155,0.0,0.0,25,6,7
1,199,1,412.2145803740901,,,8,412.2145803740901,413.94124260805876,success,,0.9,0.024982671961738034,0.0020004401396600865,2.2,1.1,0.0534787697508737,0.0021980648632329955,0.00011754980471832306,0.9998824501952817,True,62.439569288307865,1.726662233968682,0.09988245019528164,0.0,0.09988245019528164,62.439569288307865,0.0,0.0,6,1,8
1,200,4,413.25888275767767,416.39579191423223,success,7,413.25888275767767,,,,0.9999,0.010168268506375934,0.001521840104873596,2.857142857142857,2.2222222222222223,0.028634238004085353,0.003376154828824178,9.667362090719355e-05,0.9999033263790928,True,37.2063870624424,3.136909156554566,3.326379092838394e-06,0.0,3.326379092838394e-06,37.2063870624424,0.0,0.0,20,4,7
2,1,3,1.637013608441207,2.8380474926000474,success,7,1.637013608441207,2.3656378002841247,success,,0.99,0.023005652646464862,0.0019610831230325574,0.5833333333333334,0.3888888888888889,0.013330317790867229,0.0007623526981437425,1.0162403734981164e-05,0.999989837596265,True,110.70609298906523,0.7286241918429177,0.009989837596265039,0.0,0.009989837596265039,110.70609298906523,0.0,0.0,16,3,7
2,2,1,4.924372505663384,,,5,4.924372505663384,6.736514778665059,success,,0.99,0.005049556490565767,0.006765559002997135,2.3,1.5333333333333334,0.011546797998131618,0.01032023426748932,0.00011916566038009501,0.9998808343396199,True,60.13453802835403,1.8121422730016752,0.009880834339619948,0.0,0.009880834339619948,60.13453802835403,0.0,0.0,3,1,5
2,3,7,5.9525077456945885,6.566307583243913,success,8,5.9525077456945885,,,,0.9999,0.0019610831230325574,0.00208968626850812,0.3888888888888889,0.35,0.0007623526981437425,0.0007311227933652869,5.573734341964164e-07,0.9999994426265658,True,121.75951421149317,0.6137998375493243,9.944262656580438e-05,0.0,9.944262656580438e-05,121.75951421149317,0.0,0.0,27,7,8
2,4,3,6.624498739185134,,,6,6.624498739185134,9.558450624547657,success,,0.9,0.023005652646464862,0.0017912431110077593,3.5,2.4705882352941178,0.07736335028259979,0.004415646396021397,0.00034160919885950264,0.9996583908011405,True,39.67506767951967,2.9339518853625224,0.09965839080114047,0.0,0.09965839080114047,39.67506767951967,0.0,0.0,15,3,6
2,5,4,6.8291922780903365,7.5415173630934955,success,6,6.8291922780903365,,,,0.999,0.007522284104880376,0.0017912431110077593,0.42857142857142855,0.35294117647058826,0.003218645065313764,0.0006320036524488732,2.034195437214841e-06,0.9999979658045628,True,112.13895819880946,0.712325085003159,0.0009979658045627948,0.0,0.0009979658045627948,112.13895819880946,0.0,0.0,19,4,6
2,6,4,8.779812810556736,12.054964987307185,success,7,8.779812810556736,11.352052944235316,success,,0.99,0.007522284104880376,0.0019610831230325574,3.0714285714285716,2.388888888888889,0.02283930094636104,0.004673853078464283,0.00010674753703812178,0.9998932524629619,True,44.79820052207577,2.57224013367858,0.00989325246296191,0.0,0.00989325246296191,44.79820052207577,0.0,0.0,20,4,7
2,7,2,9.325667720501379,12.444044973831375,success,3,9.325667720501379,,,,0.9,0.008677566161478018,0.023005652646464862,2.8181818181818183,2.5833333333333335,0.02415835936601684,0.05769970370999609,0.0013939301775387806,0.9986060698224613,True,37.421367261895725,3.118377253329996,0.09860606982246123,0.0,0.09860606982246123,37.421367261895725,0.0,0.0,7,2,3
2,8,3,10.151059222531014,,,8,10.151059222531014,11.538989618282569,success,,0.9999,0.023005652646464862,0.00208968626850812,1.8333333333333333,1.1,0.041299952978319836,0.002296015011309821,9.482531200461209e-05,0.9999051746879953,True,73.40976313277882,1.387930395751555,5.1746879953240565e-06,0.0,5.1746879953240565e-06,73.40976313277882,0.0,0.0,17,3,8
2,9,5,12.970627939530775,,,7,12.970627939530775,14.567747122590966,success,,0.9,0.006765559002997135,0.0019610831230325574,1.6,1.3333333333333333,0.010766516071669995,0.002611361944315341,2.8115270342418527e-05,0.9999718847296576,True,66.25429258509463,1.5971191830601903,0.09997188472965757,0.0,0.09997188472965757,66.25429258509463,0.0,0.0,23,5,7
2,10,6,14.982250161459927,15.961658711169825,success,7,14.982250161459927,,,,0.999,0.0017912431110077593,0.0019610831230325574,0.6470588235294118,0.6111111111111112,0.0011583682330256189,0.0011977218442489306,1.3874029363788193e-06,0.9999986125970636,True,92.71700417546406,0.9794085497098983,0.000998612597063575,0.0,0.000998612597063575,92.71700417546406,0.0,0.0,25,6,7
2,11,1,14.998449042123791,19.27272237502123,success,7,14.998449042123791,17.344094264149863,success,,0.9999,0.005049556490565767,0.0019610831230325574,4.0,2.2222222222222223,0.019995608262008285,0.004348480356341245,8.695050974043773e-05,0.9999130494902596,True,48.59845503160623,2.3456452220260715,1.3049490259597896e-05,0.0,1.3049490259597896e-05,48.59845503160623,0.0,0.0,5,1,7
2,12,4,15.181715161334917,,,8,15.181715161334917,16.861328357854802,success,,0.999,0.007522284104880376,0.00208968626850812,1.6428571428571428,1.15,0.01228199120469005,0.002400253981419712,2.947989828881918e-05,0.9999705201017112,True,63.777630767961355,1.6796131965198846,0.0009705201017111698,0.0,0.0009705201017111698,63.777630767961355,0.0,0.0,21,4,8
2,13,1,16.935765364915735,,,7,16.935765364915735,18.732983153038752,success,,0.999,0.005049556490565767,0.0019610831230325574,1.4,0.7777777777777778,0.007044449805892512,0.0015241242146511178,1.0736616528055144e-05,0.9999892633834719,True,60.52585050343608,1.7972177881230174,0.0009892633834719389,0.0,0.0009892633834719389,60.52585050343608,0.0,0.0,5,1,7
2,14,4,19.549005238447172,20.826613833196838,success,6,19.549005238447172,20.663433575754365,success,,0.9,0.007522284104880376,0.0017912431110077593,1.1428571428571428,0.9411764705882353,0.008560048475808244,0.0016844555787172187,1.4419021409165023e-05,0.9999855809785908,True,85.3161759805471,1.1144283373071922,0.09998558097859078,0.0,0.09998558097859078,85.3161759805471,0.0,0.0,19,4,6
2,15,2,24.67610702116837,25.452197566738967,success,7,24.67610702116837,25.169791091962477,success,,0.999,0.008677566161478018,0.0019610831230325574,0.6363636363636364,0.3888888888888889,0.005506868857692286,0.0007623526981437425,4.198176331985463e-06,0.999995801823668,True,136.4092009741676,0.4936840707941066,0.0009958018236679855,0.0,0.0009958018236679855,136.4092009741676,0.0,0.0,11,2,7
2,16,1,27.450728375048477,28.476306187774153,success,6,27.450728375048477,28.071793103397333,success,,0.99,0.005049556490565767,0.0017912431110077593,0.7,0.4117647058823529,0.0035284498822319675,0.0007372987543665267,2.6015217030143475e-06,0.9999973984782969,True,120.98716290883937,0.6210647283488555,0.009997398478296948,0.0,0.009997398478296948,120.98716290883937,0.0,0.0,4,1,6
2,17,2,29.74479089146875,31.41778430434775,success,3,29.74479089146875,31.457275021978685,success,,0.99,0.008677566161478018,0.023005652646464862,1.2727272727272727,1.1666666666666667,0.01098341211076875,0.026482938209328948,0.000290873024257084,0.9997091269757429,True,63.9700896624166,1.672993412879002,0.009709126975742888,0.0,0.009709126975742888,63.9700896624166,0.0,0.0,7,2,3
2,18,1,30.612022310945108,35.14122820254362,success,6,30.612022310945108,33.32155382949373,success,,0.9,0.005049556490565767,0.0017912431110077593,3.7,2.176470588235294,0.018509906965107514,0.0038909983196426723,7.202201689797553e-05,0.9999279779831021,True,42.73131660064239,2.709531518548623,0.09992797798310205,0.0,0.09992797798310205,42.73131660064239,0.0,0.0,4,1,6
2,19,6,36.412608040260636,39.52193780710088,success,7,36.412608040260636,39.236197700578224,success,,0.9,0.0017912431110077593,0.0019610831230325574,2.6470588235294117,2.5,0.0047303025937449365,0.00489070915230044,2.313453418837887e-05,0.9999768654658117,True,41.13150127593411,2.8235896603175874,0.09997686546581164,0.0,0.09997686546581164,41.13150127593411,0.0,0.0,25,6,7
2,20,5,39.10137773051275,40.91400173882301,success,6,39.10137773051275,40.63958486592441,success,,0.9999,0.006765559002997135,0.0017912431110077593,1.2666666666666666,1.1176470588235294,0.00853309279099424,0.0019999749741343746,1.7065972033954924e-05,0.999982934027966,True,68.13383909199334,1.5382071354116604,8.293402796599736e-05,0.0,8.293402796599736e-05,68.13383909199334,0.0,0.0,22,5,6
2,21,3,42.50606540928305,,,5,42.50606540928305,45.280152050102934,success,,0.9,0.023005652646464862,0.006765559002997135,3.0,2.4,0.06668914708487574,0.01610622658827527,0.0010741105139278257,0.9989258894860722,True,41.81350902550104,2.774086640819881,0.09892588948607217,0.0,0.09892588948607217,41.81350902550104,0.0,0.0,14,3,5
2,22,2,42.77475300962141,,,8,42.77475300962141,45.20887069898693,success,,0.9,0.008677566161478018,0.00208968626850812,4.0,2.2,0.034114773181696395,0.004586758337687482,0.00015647622032946324,0.9998435237796706,True,47.05206710552869,2.4341176893655145,0.09984352377967054,0.0,0.09984352377967054,47.05206710552869,0.0,0.0,12,2,8
2,23,2,44.58434916663053,47.87113807020473,success,8,44.58434916663053,45.70887069898693,success,,0.99,0.008677566161478018,0.00208968626850812,0.9090909090909091,0.5,0.007857662403952517,0.0010442974757255295,8.205737013551009e-06,0.9999917942629865,True,84.81022850576151,1.1245215323563968,0.009991794262986464,0.0,0.009991794262986464,84.81022850576151,0.0,0.0,12,2,8
2,24,6,45.69609051658548,48.13899203457623,success,8,45.69609051658548,47.8196716993394,success,,0.9,0.0017912431110077593,0.00208968626850812,2.2941176470588234,1.95,0.004100890719208897,0.0040665971321535675,1.6676670438010082e-05,0.999983323329562,True,52.888573872851396,2.1235811827539237,0.09998332332956195,0.0,0.09998332332956195,52.888573872851396,0.0,0.0,26,6,8
2,25,1,51.8269107337356,,,7,51.8269107337356,53.84734024252304,success,,0.9999,0.005049556490565767,0.0019610831230325574,3.0,1.6666666666666667,0.015034505582326923,0.003263136232244988,4.9059639899580514e-05,0.9999509403601005,True,55.11037332336787,2.020429508787437,5.094036010044878e-05,0.0,5.094036010044878e-05,55.11037332336787,0.0,0.0,5,1,7
2,26,1,52.22191571746886,,,6,52.22191571746886,53.77430832539097,success,,0.9999,0.005049556490565767,0.0017912431110077593,1.7,1.0,0.00854750659592754,0.001789639792520339,1.529695793090199e-05,0.9999847030420691,True,67.67230889793157,1.5523926079221084,8.470304206908974e-05,0.0,8.470304206908974e-05,67.67230889793157,0.0,0.0,4,1,6
2,27,5,52.46586661733975,56.12334601306542,success,6,52.46586661733975,56.186073031273324,success,,0.99,0.006765559002997135,0.0017912431110077593,2.7333333333333334,2.411764705882353,0.0183225902846043,0.004310738891868908,7.898390253962317e-05,0.9999210160974604,True,31.887456299310323,3.657479395725673,0.009921016097460433,0.0,0.009921016097460433,31.887456299310323,0.0,0.0,22,5,6
2,28,3,53.15916461372607,55.138804412014906,success,6,53.15916461372607,,,,0.9,0.023005652646464862,0.0017912431110077593,1.6666666666666667,1.1764705882352942,0.037616976672020984,0.0021051259442804848,7.918847353766514e-05,0.9999208115264623,True,56.03453326091472,1.9796397982888365,0.09992081152646226,0.0,0.09992081152646226,56.03453326091472,0.0,0.0,15,3,6
2,29,3,54.692428884293705,,,8,54.692428884293705,56.87082858038226,success,,0.99,0.023005652646464862,0.00208968626850812,2.8333333333333335,1.7,0.06310370681252303,0.0035461641121928237,0.00022377610044490697,0.9997762238995551,True,51.770379824998734,2.1783996960885545,0.009776223899555125,0.0,0.009776223899555125,51.770379824998734,0.0,0.0,17,3,8
2,30,5,54.87178052078606,,,7,54.87178052078606,56.889693127322154,success,,0.9999,0.006765559002997135,0.0019610831230325574,2.1333333333333333,1.7777777777777777,0.014329533326664637,0.003480299665148834,4.987107003852999e-05,0.9999501289299615,True,55.1666206825351,2.0179126065360933,5.012892996147933e-05,0.0,5.012892996147933e-05,55.1666206825351,0.0,0.0,23,5,7
2,31,5,56.50974380093315,,,8,56.50974380093315,58.54515698841302,success,,0.999,0.006765559002997135,0.00208968626850812,2.1333333333333333,1.6,0.014329533326664637,0.0033379147643548116,4.783076085738821e-05,0.9999521692391427,True,54.77759253386169,2.035413187479868,0.0009521692391426528,0.0,0.0009521692391426528,54.77759253386169,0.0,0.0,24,5,8
2,32,1,57.20586323130825,,,4,57.20586323130825,60.377255316563684,success,,0.999,0.005049556490565767,0.007522284104880376,4.0,2.857142857142857,0.019995608262008285,0.021262927853925414,0.0004251651758704371,0.9995748348241296,True,36.81161830354068,3.171392085255434,0.0005748348241295664,0.0,0.0005748348241295664,36.81161830354068,0.0,0.0,2,1,4
2,33,1,59.689763899134874,,,4,59.689763899134874,62.16296960227797,success,,0.99,0.005049556490565767,0.007522284104880376,2.5,1.7857142857142858,0.012544544152130802,0.013342834744661743,0.00016737977956899415,0.999832620220431,True,46.395185514417456,2.473205703143094,0.009832620220430965,0.0,0.009832620220430965,46.395185514417456,0.0,0.0,2,1,4
2,34,5,60.399490505846614,62.29623525267107,success,8,60.399490505846614,61.75843144817403,success,,0.9999,0.006765559002997135,0.00208968626850812,1.1333333333333333,0.85,0.007638312224257204,0.0017746567594032596,1.3555382419210593e-05,0.9999864446175808,True,74.5171772551899,1.3589409423274148,8.644461758078315e-05,0.0,8.644461758078315e-05,74.5171772551899,0.0,0.0,24,5,8
2,35,1,61.56518182829721,,,7,61.56518182829721,62.90109396767964,success,,0.99,0.005049556490565767,0.0019610831230325574,2.2,1.2222222222222223,0.011047546930737586,0.0023940091508816703,2.644792844698049e-05,0.999973552071553,True,75.41982386322519,1.3359121393824296,0.009973552071553038,0.0,0.009973552071553038,75.41982386322519,0.0,0.0,5,1,7
2,36,7,63.67329782834414,64.7981414603273,success,8,63.67329782834414,64.86655573350126,success,,0.99,0.0019610831230325574,0.00208968626850812,0.8888888888888888,0.8,0.0017416665337317775,0.0016703524207822124,2.9091969108142393e-06,0.9999970908030892,True,84.79418050576496,1.1248436319831612,0.009997090803089193,0.0,0.009997090803089193,84.79418050576496,0.0,0.0,27,7,8
2,37,7,64.45882035934851,65.07591923810507,success,8,64.45882035934851,65.14156709317767,success,,0.999,0.0019610831230325574,0.00208968626850812,0.2777777777777778,0.25,0.000544596965164336,0.0005222851287406165,2.844348960626043e-07,0.9999997155651039,True,121.4074068318884,0.6170988787565648,0.0009997155651039202,0.0,0.0009997155651039202,121.4074068318884,0.0,0.0,27,7,8
2,38,1,65.28629568302524,,,7,65.28629568302524,66.42036830903653,success,,0.99,0.005049556490565767,0.0019610831230325574,1.5,0.8333333333333334,0.007545721749524082,0.0016329012994493654,1.2321418850081212e-05,0.9999876785811499,True,84.33690798248412,1.1340726260112888,0.009987678581149906,0.0,0.009987678581149906,84.33690798248412,0.0,0.0,5,1,7
2,39,4,67.48610350560986,69.32469424018484,success,7,67.48610350560986,68.95750183339402,success,,0.9999,0.007522284104880376,0.0019610831230325574,1.5,1.1666666666666667,0.011220007056758545,0.0022853149925875153,2.5641250343748025e-05,0.9999743587496562,True,70.3886074060339,1.4713983277841578,7.435874965622258e-05,0.0,7.435874965622258e-05,70.3886074060339,0.0,0.0,20,4,7
2,40,6,70.485965256083,73.42382677227798,success,8,70.485965256083,73.09386251517321,success,,0.9,0.0017912431110077593,0.00208968626850812,2.588235294117647,2.2,0.0046254282457948845,0.004586758337687482,2.121572157177487e-05,0.9999787842784282,True,44.24562455487809,2.6078972590902083,0.09997878427842821,0.0,0.09997878427842821,44.24562455487809,0.0,0.0,26,6,8
2,41,6,75.13158492140691,75.77999516720413,success,8,75.13158492140691,75.7762988356213,success,,0.999,0.0017912431110077593,0.00208968626850812,0.35294117647058826,0.3,0.0006320036524488732,0.0006267094161179483,3.96082640010644e-07,0.99999960391736,True,118.54753629343126,0.6447139142143925,0.0009996039173599813,0.0,0.0009996039173599813,118.54753629343126,0.0,0.0,26,6,8
2,42,5,75.87848430426298,77.9564876876724,success,7,75.87848430426298,77.43190787984898,success,,0.99,0.006765559002997135,0.0019610831230325574,1.6666666666666667,1.3888888888888888,0.011212596631513222,0.0027200205820348124,3.049849361577017e-05,0.9999695015063842,True,67.63899190363959,1.5534235755859953,0.009969501506384204,0.0,0.009969501506384204,67.63899190363959,0.0,0.0,23,5,7
2,43,5,78.34473597361449,79.81147583107445,success,8,78.34473597361449,79.41145143414334,success,,0.99,0.006765559002997135,0.00208968626850812,1.0666666666666667,0.8,0.007190619165322671,0.0016703524207822124,1.2010868129719695e-05,0.9999879891318703,True,87.79169039072286,1.0667154605288545,0.009987989131870267,0.0,0.009987989131870267,87.79169039072286,0.0,0.0,24,5,8
2,44,3,78.7037798687279,,,8,78.7037798687279,81.46145143414334,success,,0.99,0.023005652646464862,0.00208968626850812,3.4166666666666665,2.05,0.0755928321377976,0.0042746942241466725,0.0003231362429263324,0.9996768637570737,True,42.04378203226716,2.7576715654154356,0.009676863757073662,0.0,0.009676863757073662,42.04378203226716,0.0,0.0,17,3,8
2,45,4,81.76419624514968,82.3789637870998,success,6,81.76419624514968,82.38954562981785,success,,0.9,0.007522284104880376,0.0017912431110077593,0.35714285714285715,0.29411764705882354,0.002682924545113407,0.0005266974552922259,1.4130895306522842e-06,0.9999985869104694,True,121.65599177287291,0.6147675419501297,0.09999858691046937,0.0,0.09999858691046937,121.65599177287291,0.0,0.0,19,4,6
2,46,4,88.57039748988743,,,8,88.57039748988743,91.07307315603886,success,,0.9999,0.007522284104880376,0.00208968626850812,2.9285714285714284,2.05,0.021788667908250983,0.0042746942241466725,9.313989285925043e-05,0.9999068601071408,True,45.91009047688444,2.5026756661514327,6.860107140793659e-06,0.0,6.860107140793659e-06,45.91009047688444,0.0,0.0,21,4,8
2,47,1,88.69863977637209,,,5,88.69863977637209,92.27189746964382,success,,0.9,0.005049556490565767,0.006765559002997135,4.8,3.2,0.023946492832959125,0.021417114275018464,0.0005128647734893963,0.9994871352265106,True,32.66330626792882,3.573257693271728,0.09948713522651054,0.0,0.09948713522651054,32.66330626792882,0.0,0.0,3,1,5
2,48,1,89.31042222726079,,,5,89.31042222726079,93.73856413631049,success,,0.999,0.005049556490565767,0.006765559002997135,2.2,1.4666666666666666,0.011047546930737586,0.00987375112818202,0.00010908072897101407,0.999890919271029,True,25.9405324458113,4.4281419090497,0.0008909192710290226,0.0,0.0008909192710290226,25.9405324458113,0.0,0.0,3,1,5
2,49,3,90.10139586017611,93.46891403401888,success,8,90.10139586017611,92.72307315603886,success,,0.9,0.023005652646464862,0.00208968626850812,2.75,1.65,0.06130582474552036,0.003442044877971345,0.0002110174000551273,0.9997889825999449,True,44.03511678383417,2.621677295862753,0.09978898259994484,0.0,0.09978898259994484,44.03511678383417,0.0,0.0,17,3,8
2,50,4,91.44205952685438,92.37218126732172,success,6,91.44205952685438,92.31714487348651,success,,0.999,0.007522284104880376,0.0017912431110077593,0.5714285714285714,0.47058823529411764,0.004289222954681606,0.0008425827622141997,3.6140253249081786e-06,0.9999963859746751,True,99.40012472993025,0.8750853466321331,0.000996385974675107,0.0,0.000996385974675107,99.40012472993025,0.0,0.0,19,4,6
2,51,6,92.30131297797577,,,7,92.30131297797577,94.00093709156972,success,,0.999,0.0017912431110077593,0.0019610831230325574,1.411764705882353,1.3333333333333333,0.0025256190476970757,0.002611361944315341,6.595305466994096e-06,0.999993404694533,True,63.20221302637708,1.6996241135939556,0.0009934046945330177,0.0,0.0009934046945330177,63.20221302637708,0.0,0.0,25,6,7
2,52,3,94.0488528475341,95.59838918878863,success,8,94.0488528475341,95.20537227146187,success,,0.99,0.023005652646464862,0.00208968626850812,0.8333333333333334,0.5,0.018988775126411197,0.0010442974757255295,1.9829929931630936e-05,0.9999801700700683,True,83.24483852123697,1.1565194239277616,0.00998017007006835,0.0,0.00998017007006835,83.24483852123697,0.0,0.0,17,3,8
2,53,5,94.55378910263741,95.40249260726422,success,8,94.55378910263741,95.45537227146187,success,,0.9,0.006765559002997135,0.00208968626850812,0.3333333333333333,0.25,0.002252645312149525,0.0005222851287406165,1.176523146862961e-06,0.9999988234768531,True,101.25249364027488,0.8487035046268119,0.09999882347685307,0.0,0.09999882347685307,101.25249364027488,0.0,0.0,24,5,8
2,54,4,98.9553902739782,101.3295651404269,success,8,98.9553902739782,100.80236685936552,success,,0.999,0.007522284104880376,0.00208968626850812,2.142857142857143,1.5,0.015989961470937303,0.0031296218943893178,5.0042533509887005e-05,0.9999499574664901,True,59.238634792113594,1.8469765853873241,0.0009499574664900701,0.0,0.0009499574664900701,59.238634792113594,0.0,0.0,21,4,8
2,55,1,100.22312263818677,103.73065542285057,success,6,100.22312263818677,102.33048615101687,success,,0.99,0.005049556490565767,0.0017912431110077593,2.7,1.588235294117647,0.013541283179656216,0.0028408725919105084,3.846906024438413e-05,0.9999615309397556,True,53.22744575841021,2.107363512830105,0.009961530939755603,0.0,0.009961530939755603,53.22744575841021,0.0,0.0,4,1,6
2,56,2,106.40611929441758,,,8,106.40611929441758,109.56720534394371,success,,0.99,0.008677566161478018,0.00208968626850812,3.8181818181818183,2.1,0.032589655295193164,0.0043787264641177385,0.0001427011860975371,0.9998572988139025,True,36.928895990119564,3.1610860495261335,0.009857298813902515,0.0,0.009857298813902515,36.928895990119564,0.0,0.0,12,2,8
2,57,4,106.41587090703767,107.68818910307027,success,8,106.41587090703767,107.46720534394372,success,,0.99,0.007522284104880376,0.00208968626850812,1.0714285714285714,0.75,0.008027198694912453,0.001566037183424593,1.2570891634970267e-05,0.999987429108365,True,88.62066367081039,1.0513344369060462,0.009987429108365031,0.0,0.009987429108365031,88.62066367081039,0.0,0.0,21,4,8
2,58,4,107.78925057618471,109.72417912376496,success,5,107.78925057618471,109.8856969510974,success,,0.99,0.007522284104880376,0.006765559002997135,1.7142857142857142,1.6,0.012812555474074226,0.010766516071669995,0.0001379465844307835,0.9998620534155692,True,57.07937863232602,1.9349285475802418,0.009862053415569227,0.0,0.009862053415569227,57.07937863232602,0.0,0.0,18,4,5
2,59,1,109.68772750179643,,,7,109.68772750179643,111.93398758831869,success,,0.9,0.005049556490565767,0.0019610831230325574,3.5,1.9444444444444444,0.017518188341533736,0.003805956103320325,6.667345583757529e-05,0.9999333265441624,True,50.44166411435499,2.2462600865222555,0.09993332654416243,0.0,0.09993332654416243,50.44166411435499,0.0,0.0,5,1,7
2,60,1,110.47921471812334,116.15842892863601,success,2,110.47921471812334,112.83313491172198,success,,0.999,0.005049556490565767,0.008677566161478018,2.3,2.090909090909091,0.011546797998131618,0.017980390586308275,0.00020761593802760898,0.9997923840619724,True,48.45017978011881,2.35392019359864,0.000792384061972351,0.0,0.000792384061972351,48.45017978011881,0.0,0.0,0,1,2
2,61,6,110.50745673145444,113.480622702051,success,8,110.50745673145444,113.13791506969945,success,,0.9999,0.0017912431110077593,0.00208968626850812,2.6470588235294117,2.25,0.0047303025937449365,0.004690757973557238,2.2188704608947545e-05,0.9999778112953911,True,43.90184418336724,2.630458338245006,7.781129539108367e-05,0.0,7.781129539108367e-05,43.90184418336724,0.0,0.0,26,6,8
2,62,7,111.22563147985004,112.71176536609646,success,8,111.22563147985004,113.83791506969945,success,,0.999,0.0019610831230325574,0.00208968626850812,0.7777777777777778,0.7,0.0015241242146511178,0.0014617110461915958,2.22782920032363e-06,0.9999977721707997,True,69.87940938763977,1.4861338862464208,0.00099777217079966,0.0,0.00099777217079966,69.87940938763977,0.0,0.0,27,7,8
2,63,5,111.44034283052756,112.64973478968882,success,6,111.44034283052756,114.1276815255804,success,,0.999,0.006765559002997135,0.0017912431110077593,0.7333333333333333,0.6470588235294118,0.004949122470706034,0.0011583682330256189,5.7329062514191345e-06,0.9999942670937486,True,80.77936063854598,1.209391959161266,0.000994267093748613,0.0,0.000994267093748613,80.77936063854598,0.0,0.0,22,5,6
2,64,3,111.92349570443254,113.31804443140412,success,5,111.92349570443254,113.51640145635548,success,,0.99,0.023005652646464862,0.006765559002997135,1.0833333333333333,0.8666666666666667,0.024614781744156187,0.005846327793216481,0.00014390608263481798,0.9998560939173652,True,73.16131077800938,1.3945487269715784,0.009856093917365194,0.0,0.009856093917365194,73.16131077800938,0.0,0.0,14,3,5
2,65,2,112.49418717224967,116.84035343514125,success,7,112.49418717224967,115.6562098105409,success,,0.99,0.008677566161478018,0.0019610831230325574,4.0,2.4444444444444446,0.034114773181696395,0.004782287021948836,0.00016314663704355487,0.9998368533629565,True,36.918213275921886,3.1620226382912335,0.009836853362956477,0.0,0.009836853362956477,36.918213275921886,0.0,0.0,11,2,7
2,66,3,112.50156695992791,114.06804443140412,success,7,112.50156695992791,113.21176536609646,success,,0.99,0.023005652646464862,0.0019610831230325574,0.75,0.5,0.017106237537615747,0.0009800609877263738,1.6765156057397663e-05,0.9999832348439426,True,112.32891532106275,0.7101984061685442,0.00998323484394259,0.0,0.00998323484394259,112.32891532106275,0.0,0.0,16,3,7
2,67,3,117.80614477329743,120.6901196434952,success,4,117.80614477329743,120.1016426437093,success,,0.99,0.023005652646464862,0.007522284104880376,2.1666666666666665,1.8571428571428572,0.04862367600799993,0.01387282916954303,0.000674547950854191,0.9993254520491458,True,49.51382183568027,2.2954978704118645,0.00932545204914581,0.0,0.00932545204914581,49.51382183568027,0.0,0.0,13,3,4
2,68,1,118.99152438789784,121.4274639063851,success,4,118.99152438789784,121.38735692942359,success,,0.99,0.005049556490565767,0.007522284104880376,1.8,1.2857142857142858,0.009048019754134745,0.009624889511892106,8.70861904349641e-05,0.999912913809565,True,47.710847969720774,2.395832541525749,0.00991291380956505,0.0,0.00991291380956505,47.710847969720774,0.0,0.0,2,1,4
2,69,1,119.88216907582554,,,3,119.88216907582554,121.9401196434952,success,,0.999,0.005049556490565767,0.023005652646464862,1.5,1.25,0.007545721749524082,0.02834751659220863,0.00021390247249482343,0.9997860975275051,True,54.28363185939955,2.05795056766965,0.0007860975275051363,0.0,0.0007860975275051363,54.28363185939955,0.0,0.0,1,1,3
2,70,7,120.01616710226757,121.82382480509986,success,8,120.01616710226757,121.92152253291397,success,,0.9999,0.0019610831230325574,0.00208968626850812,1.4444444444444444,1.3,0.002828667382142443,0.002712905551691147,7.673907444901898e-06,0.9999923260925551,True,60.251642624596734,1.8076577028322873,9.232609255505064e-05,0.0,9.232609255505064e-05,60.251642624596734,0.0,0.0,27,7,8
2,71,4,121.43474534089755,123.62146165922688,success,7,121.43474534089755,123.32382480509986,success,,0.9999,0.007522284104880376,0.0019610831230325574,1.9285714285714286,1.5,0.014402538901726289,0.0029373023459278607,4.23046113033579e-05,0.9999576953886966,True,58.187181681437764,1.889079464202311,5.769538869659918e-05,0.0,5.769538869659918e-05,58.187181681437764,0.0,0.0,20,4,7
2,72,6,122.54343114651223,123.47544709946662,success,8,122.54343114651223,123.3886262288806,success,,0.999,0.0017912431110077593,0.00208968626850812,0.7647058823529411,0.65,0.0013688364313096941,0.001357374007944295,1.8580229929870052e-06,0.999998141977007,True,101.50432377033862,0.8451950823683632,0.0009981419770069833,0.0,0.0009981419770069833,101.50432377033862,0.0,0.0,26,6,8
2,73,4,126.18637680984659,127.79467877362099,success,5,126.18637680984659,127.92410384738659,success,,0.9999,0.007522284104880376,0.006765559002997135,1.4285714285714286,1.3333333333333333,0.010688586871618779,0.008980180480826085,9.59854391921249e-05,0.9999040145608079,True,65.90828895085214,1.6083019637743945,4.01456080789675e-06,0.0,4.01456080789675e-06,65.90828895085214,0.0,0.0,18,4,5
2,74,5,136.96969510935912,138.7022795713148,success,7,136.96969510935912,138.00939556080806,success,,0.9,0.006765559002997135,0.0019610831230325574,0.8,0.6666666666666666,0.005397826300218664,0.0013065344883422844,7.0524462233167176e-06,0.9999929475537767,True,89.25822824370225,1.0397004514489367,0.09999294755377663,0.0,0.09999294755377663,89.25822824370225,0.0,0.0,23,5,7
2,75,2,137.97879268157186,140.46350707163015,success,5,137.97879268157186,140.35429882959784,success,,0.999,0.008677566161478018,0.006765559002997135,2.0,1.4666666666666666,0.017205399476419792,0.00987375112818202,0.00016988183249112227,0.9998301181675089,True,48.06699254356075,2.375506148025977,0.0008301181675088865,0.0,0.0008301181675088865,48.06699254356075,0.0,0.0,9,2,5
2,76,6,140.24243349974242,141.40029828878764,success,8,140.24243349974242,141.31386398892263,success,,0.9999,0.0017912431110077593,0.00208968626850812,0.8823529411764706,0.75,0.0015792602813596952,0.001566037183424593,2.473180322914867e-06,0.9999975268196771,True,87.54067959183521,1.0714304891802158,9.75268196771184e-05,0.0,9.75268196771184e-05,87.54067959183521,0.0,0.0,26,6,8
2,77,5,145.1038332434994,148.2492619493396,success,7,145.1038332434994,147.45978250361327,success,,0.9999,0.006765559002997135,0.0019610831230325574,2.533333333333333,2.111111111111111,0.01699337190940876,0.00413150611899391,7.020822002606153e-05,0.999929791779974,True,48.41393945539633,2.3559492601138743,2.979177997397553e-05,0.0,2.979177997397553e-05,48.41393945539633,0.0,0.0,23,5,7
2,78,6,145.49845511578837,146.46912932660325,success,7,145.49845511578837,148.07089361472438,success,,0.99,0.0017912431110077593,0.0019610831230325574,0.6470588235294118,0.6111111111111112,0.0011583682330256189,0.0011977218442489306,1.3874029363788193e-06,0.9999986125970636,True,93.24084576426463,0.9706742108148774,0.009998612597063583,0.0,0.009998612597063583,93.24084576426463,0.0,0.0,25,6,7
2,79,4,148.26475620571526,152.15656138026657,success,5,148.26475620571526,152.31893689607472,success,,0.9,0.007522284104880376,0.006765559002997135,3.5714285714285716,3.3333333333333335,0.026507638250300135,0.022299470939805423,0.0005911063088454425,0.9994088936911546,True,29.87386906573113,3.8918051745513083,0.09940889369115458,0.0,0.09940889369115458,29.87386906573113,0.0,0.0,18,4,5
2,80,5,151.26769826719516,,,8,151.26769826719516,152.5638422088508,success,,0.9999,0.006765559002997135,0.00208968626850812,1.3333333333333333,1.0,0.008980180480826085,0.002087504394233252,1.874616621473213e-05,0.9999812538337852,True,77.0288583199636,1.2961439416556289,8.12538337852109e-05,0.0,8.12538337852109e-05,77.0288583199636,0.0,0.0,24,5,8
2,81,4,152.533986186549,155.43245245410262,success,7,152.533986186549,154.81958995433135,success,,0.99,0.007522284104880376,0.0019610831230325574,2.642857142857143,2.0555555555555554,0.01968401172826203,0.004023001269677667,7.918880417514824e-05,0.9999208111958249,True,49.6979080962788,2.285603767782362,0.009920811195824886,0.0,0.009920811195824886,49.6979080962788,0.0,0.0,20,4,7
2,82,2,152.64546372129877,153.39981566431922,success,3,152.64546372129877,153.47095741770406,success,,0.99,0.008677566161478018,0.023005652646464862,0.45454545454545453,0.4166666666666667,0.003936579531178907,0.009539892336097767,3.7554544899932995e-05,0.9999624454551,True,108.52362921439124,0.7543519430204526,0.009962445455100055,0.0,0.009962445455100055,108.52362921439124,0.0,0.0,7,2,3
2,83,4,153.30363042768897,,,8,153.30363042768897,154.91269085629224,success,,0.999,0.007522284104880376,0.00208968626850812,1.6428571428571428,1.15,0.01228199120469005,0.002400253981419712,2.947989828881918e-05,0.9999705201017112,True,65.88494190757528,1.6090604286032715,0.0009705201017111698,0.0,0.0009705201017111698,65.88494190757528,0.0,0.0,21,4,8
2,84,6,155.43670676354046,157.78340221458694,success,8,155.43670676354046,157.59706714270254,success,,0.9,0.0017912431110077593,0.00208968626850812,1.8235294117647058,1.55,0.0032610556662857307,0.0032337737702064374,1.0545516276817873e-05,0.9999894544837232,True,52.13379107868474,2.1603603791620856,0.0999894544837232,0.0,0.0999894544837232,52.13379107868474,0.0,0.0,26,6,8
2,85,7,166.11146448991943,168.2461968131323,success,8,166.11146448991943,168.17861095453344,success,,0.9999,0.0019610831230325574,0.00208968626850812,1.9444444444444444,1.75,0.003805956103320325,0.0036502724681559138,1.3892776778960146e-05,0.999986107223221,True,54.08431517059194,2.0671464646140123,8.610722322099917e-05,0.0,8.610722322099917e-05,54.08431517059194,0.0,0.0,27,7,8
2,86,1,166.71011696935747,171.44609905847688,success,2,166.71011696935747,170.84988804101093,success,,0.999,0.005049556490565767,0.008677566161478018,4.2,3.8181818181818183,0.020984826174175103,0.032589655295193164,0.0006838882514459138,0.9993161117485541,True,27.949543077691647,4.139771071653456,0.0003161117485540599,0.0,0.0003161117485540599,27.949543077691647,0.0,0.0,0,1,2
2,87,4,166.74666665146555,169.1791378094715,success,8,166.74666665146555,169.62861095453343,success,,0.9999,0.007522284104880376,0.00208968626850812,2.0714285714285716,1.45,0.015461104899620614,0.00302545913576643,4.67769410676003e-05,0.9999532230589324,True,47.080081863863676,2.432471158005967,5.322305893240564e-05,0.0,5.322305893240564e-05,47.080081863863676,0.0,0.0,21,4,8
2,88,5,170.83817895553622,171.90095525272864,success,6,170.83817895553622,171.56984944468817,success,,0.9999,0.006765559002997135,0.0017912431110077593,0.4,0.35294117647058826,0.0027025650791127516,0.0006320036524488732,1.7080310009800368e-06,0.999998291968999,True,110.44270727224284,0.7316704891519521,9.829196899902026e-05,0.0,9.829196899902026e-05,110.44270727224284,0.0,0.0,22,5,6
2,89,1,175.2264172848201,178.86567952273617,success,7,175.2264172848201,177.19130751410455,success,,0.9999,0.005049556490565767,0.0019610831230325574,3.1,1.7222222222222223,0.015531743920639504,0.003371723863635005,5.2368751621088133e-05,0.9999476312483789,True,56.375453683735245,1.9648902292844639,4.7631248378920965e-05,0.0,4.7631248378920965e-05,56.375453683735245,0.0,0.0,5,1,7
2,90,4,175.39974680721883,176.88363164356863,success,8,175.39974680721883,176.71128834745784,success,,0.9,0.007522284104880376,0.00208968626850812,1.1428571428571428,0.8,0.008560048475808244,0.0016703524207822124,1.4298297693579388e-05,0.9999857017023064,True,76.3981146004044,1.3115415402390056,0.09998570170230636,0.0,0.09998570170230636,76.3981146004044,0.0,0.0,21,4,8
2,91,6,175.90203763747647,177.23759034789015,success,7,175.90203763747647,177.91352973632678,success,,0.99,0.0017912431110077593,0.0019610831230325574,0.7647058823529411,0.7222222222222222,0.0013688364313096941,0.0014153352780458621,1.9373624911070115e-06,0.9999980626375089,True,75.43407772985826,1.3355527104136797,0.009998062637508909,0.0,0.009998062637508909,75.43407772985826,0.0,0.0,25,6,7
2,92,5,181.200747340281,183.91708678105417,success,8,181.200747340281,183.17275141190754,success,,0.999,0.006765559002997135,0.00208968626850812,1.9333333333333333,1.45,0.012994908241862491,0.00302545913576643,3.931556385878935e-05,0.9999606844361412,True,56.21056943896119,1.972004071626543,0.0009606844361411682,0.0,0.0009606844361411682,56.21056943896119,0.0,0.0,24,5,8
2,93,2,184.91824604844697,,,8,184.91824604844697,187.65279470369128,success,,0.999,0.008677566161478018,0.00208968626850812,3.8181818181818183,2.1,0.032589655295193164,0.0043787264641177385,0.0001427011860975371,0.9998572988139025,True,42.37172278515255,2.7345486552443106,0.0008572988139025073,0.0,0.0008572988139025073,42.37172278515255,0.0,0.0,12,2,8
2,94,5,185.93359840963853,,,6,185.93359840963853,189.17170369126745,success,,0.999,0.006765559002997135,0.0017912431110077593,3.2666666666666666,2.8823529411764706,0.021858392101344878,0.005149689499800413,0.000112563932286816,0.9998874360677131,True,36.06670026279735,3.2381052816289184,0.0008874360677131321,0.0,0.0008874360677131321,36.06670026279735,0.0,0.0,22,5,6
2,95,5,188.10634275392013,,,8,188.10634275392013,190.74538169615784,success,,0.9999,0.006765559002997135,0.00208968626850812,3.066666666666667,2.3,0.02053396129964278,0.004794746743664103,9.845514407598693e-05,0.999901544855924,True,43.772261300698325,2.639038942237704,1.5448559239628068e-06,0.0,1.5448559239628068e-06,43.772261300698325,0.0,0.0,24,5,8
2,96,4,189.18660627829308,193.16421772019265,success,8,189.18660627829308,193.24538169615784,success,,0.9,0.007522284104880376,0.00208968626850812,3.5714285714285716,2.5,0.026507638250300135,0.005210593189165744,0.00013812051932788325,0.9998618794806721,True,29.185509820737078,3.977611441899569,0.09986187948067204,0.0,0.09986187948067204,29.185509820737078,0.0,0.0,21,4,8
2,97,1,189.54206685844238,,,6,189.54206685844238,190.83141853518862,success,,0.999,0.005049556490565767,0.0017912431110077593,1.7,1.0,0.00854750659592754,0.001789639792520339,1.529695793090199e-05,0.9999847030420691,True,77.31029051968396,1.2893516767462359,0.0009847030420691016,0.0,0.0009847030420691016,77.31029051968396,0.0,0.0,4,1,6
2,98,3,190.90717140014826,192.00863143972845,success,4,190.90717140014826,193.5213605773355,success,,0.9999,0.023005652646464862,0.007522284104880376,0.4166666666666667,0.35714285714285715,0.009539892336097767,0.002682924545113407,2.5594811306255978e-05,0.9999744051886937,True,85.97512266833938,1.1014600395801892,7.440518869372692e-05,0.0,7.440518869372692e-05,85.97512266833938,0.0,0.0,13,3,4
2,99,3,191.83346380319597,196.43253991791568,success,6,191.83346380319597,195.12104321546173,success,,0.9,0.023005652646464862,0.0017912431110077593,4.083333333333333,2.8823529411764706,0.08966239002883378,0.005149689499800413,0.0004617334684584945,0.9995382665315415,True,35.52972646678875,3.2875794122657567,0.09953826653154152,0.0,0.09953826653154152,35.52972646678875,0.0,0.0,15,3,6
2,100,1,191.88939162829067,193.6969575788135,success,4,191.88939162829067,194.5213605773355,success,,0.9999,0.005049556490565767,0.007522284104880376,1.4,1.0,0.007044449805892512,0.007494062533698254,5.2791547360857014e-05,0.9999472084526392,True,60.254042806218514,1.807565950522843,4.7208452639169174e-05,0.0,4.7208452639169174e-05,60.254042806218514,0.0,0.0,2,1,4
2,101,2,200.206259279201,,,6,200.206259279201,202.65523785219295,success,,0.9,0.008677566161478018,0.0017912431110077593,3.3636363636363638,2.176470588235294,0.028766316657355014,0.0038909983196426723,0.00011192968977607737,0.999888070310224,True,46.800487447091484,2.4489785729919618,0.09988807031022395,0.0,0.09988807031022395,46.800487447091484,0.0,0.0,10,2,6
2,102,2,201.50152673469668,,,6,201.50152673469668,204.47876726395765,success,,0.9,0.008677566161478018,0.0017912431110077593,2.8181818181818183,1.8235294117647058,0.02415835936601684,0.0032610556662857307,7.878175469871616e-05,0.9999212182453013,True,39.126646639882274,2.9772405292609676,0.09992121824530131,0.0,0.09992121824530131,39.126646639882274,0.0,0.0,10,2,6
2,103,4,202.71412131710588,206.41068883264802,success,5,202.71412131710588,206.42306489374235,success,,0.99,0.007522284104880376,0.006765559002997135,3.5,3.2666666666666666,0.025984434408388588,0.021858392101344878,0.0005679779558302352,0.9994320220441698,True,31.53713566707277,3.6965675155421422,0.009432022044169819,0.0,0.009432022044169819,31.53713566707277,0.0,0.0,18,4,5
2,104,6,205.75365539294353,208.49766376441727,success,7,205.75365539294353,208.20648739676597,success,,0.9999,0.0017912431110077593,0.0019610831230325574,2.176470588235294,2.0555555555555554,0.0038909983196426723,0.004023001269677667,1.565349118023614e-05,0.9999843465088197,True,46.735623597122775,2.4528320038224365,8.43465088197215e-05,0.0,8.43465088197215e-05,46.735623597122775,0.0,0.0,25,6,7
2,105,4,205.99517925527496,208.34980990925922,success,8,205.99517925527496,208.8766975038648,success,,0.9999,0.007522284104880376,0.00208968626850812,1.9285714285714286,1.35,0.014402538901726289,0.002817100965554665,4.0573406246491754e-05,0.9999594265937535,True,48.437485286963884,2.354630653984259,5.9426593753464374e-05,0.0,5.9426593753464374e-05,48.437485286963884,0.0,0.0,21,4,8
2,106,1,206.2009622638829,208.6352759171921,success,8,206.2009622638829,207.5266975038648,success,,0.9,0.005049556490565767,0.00208968626850812,2.0,1.0,0.010048288178664891,0.002087504394233252,2.0975845727485e-05,0.9999790241542725,True,75.82541236666279,1.3257352399818956,0.09997902415427251,0.0,0.09997902415427251,75.82541236666279,0.0,0.0,6,1,8
2,107,6,209.47393539527727,,,8,209.47393539527727,212.1683459345665,success,,0.9,0.0017912431110077593,0.00208968626850812,2.823529411764706,2.4,0.0050448593438200615,0.00500269169113002,2.5237875922248263e-05,0.9999747621240778,True,42.95112072992707,2.694410539289237,0.09997476212407774,0.0,0.09997476212407774,42.95112072992707,0.0,0.0,26,6,8
2,108,5,211.73796905693553,,,7,211.73796905693553,213.9775469380915,success,,0.9999,0.006765559002997135,0.0019610831230325574,2.3333333333333335,1.9444444444444444,0.015662353735754513,0.003805956103320325,5.961023079295678e-05,0.9999403897692071,True,50.569884347815794,2.2395778811559808,4.0389769207060944e-05,0.0,4.0389769207060944e-05,50.569884347815794,0.0,0.0,23,5,7
2,109,7,212.29939850877125,,,8,212.29939850877125,213.69724197529283,success,,0.9,0.0019610831230325574,0.00208968626850812,1.1111111111111112,1.0,0.0021766089915216088,0.002087504394233252,4.5436808343289655e-06,0.9999954563191656,True,73.03821964438725,1.3978434665215786,0.09999545631916562,0.0,0.09999545631916562,73.03821964438725,0.0,0.0,27,7,8
2,110,5,214.42466435141353,216.65467214228204,success,6,214.42466435141353,216.15497692658766,success,,0.9999,0.006765559002997135,0.0017912431110077593,1.4666666666666666,1.2941176470588236,0.00987375112818202,0.0023153946490879545,2.2861630528618805e-05,0.9999771383694713,True,62.33788536194816,1.730312575174139,7.713836947131902e-05,0.0,7.713836947131902e-05,62.33788536194816,0.0,0.0,22,5,6
2,111,3,214.5024342617701,219.39489354898404,success,6,214.5024342617701,219.0961533971759,success,,0.999,0.023005652646464862,0.0017912431110077593,4.166666666666667,2.9411764705882355,0.09140596073272307,0.0052545086106982756,0.00048029340773924186,0.9995197065922607,True,24.884229689229315,4.593719135405792,0.0005197065922607491,0.0,0.0005197065922607491,24.884229689229315,0.0,0.0,15,3,6
2,112,4,215.38044758086716,217.56889033054964,success,7,215.38044758086716,217.09687145240676,success,,0.9999,0.007522284104880376,0.0019610831230325574,2.0714285714285716,1.6111111111111112,0.015461104899620614,0.0031545367696898573,4.8772623905885234e-05,0.9999512273760941,True,62.72638020428477,1.7164238715396039,5.122737609408734e-05,0.0,5.122737609408734e-05,62.72638020428477,0.0,0.0,20,4,7
2,113,1,216.0827103857398,221.31212955306975,success,3,216.0827103857398,,,,0.99,0.005049556490565767,0.023005652646464862,5.0,4.166666666666667,0.024931722716276843,0.09140596073272307,0.002278908067603141,0.9977210919323969,True,21.372542332046486,5.229419167329951,0.007721091932396895,0.0,0.007721091932396895,21.372542332046486,0.0,0.0,1,1,3
2,114,5,218.80064760339678,,,8,218.80064760339678,220.55639879950877,success,,0.9999,0.006765559002997135,0.00208968626850812,1.4666666666666666,1.1,0.00987375112818202,0.002296015011309821,2.26702808082432e-05,0.9999773297191917,True,61.637510395525894,1.7557511961119872,7.732971919172105e-05,0.0,7.732971919172105e-05,61.637510395525894,0.0,0.0,24,5,8
2,115,4,221.0198957384649,224.22697746512364,success,7,221.0198957384649,223.56579310198157,success,,0.9999,0.007522284104880376,0.0019610831230325574,2.7857142857142856,2.1666666666666665,0.020736905240406698,0.004239999147452501,8.79244605401277e-05,0.9999120755394598,True,45.21388815076396,2.545897363516673,1.2075539459810436e-05,0.0,1.2075539459810436e-05,45.21388815076396,0.0,0.0,20,4,7
2,116,2,222.36607202413248,226.00637107217767,success,8,222.36607202413248,224.49826401600714,success,,0.9,0.008677566161478018,0.00208968626850812,3.4545454545454546,1.9,0.029532191306863464,0.003962532277859739,0.00011702226128937527,0.9998829777387106,True,52.71016971406435,2.132191991874663,0.09988297773871058,0.0,0.09988297773871058,52.71016971406435,0.0,0.0,12,2,8
2,117,6,227.23826826062862,230.0869909010244,success,7,227.23826826062862,229.79315842263117,success,,0.99,0.0017912431110077593,0.0019610831230325574,2.2941176470588234,2.1666666666666665,0.004100890719208897,0.004239999147452501,1.7387773153241595e-05,0.9999826122268468,True,45.071258659944945,2.5548901620025504,0.009982612226846821,0.0,0.009982612226846821,45.071258659944945,0.0,0.0,25,6,7
2,118,3,228.39372551768275,230.06853334565108,success,7,228.39372551768275,230.68204731152005,success,,0.999,0.023005652646464862,0.0019610831230325574,1.3333333333333333,0.8888888888888888,0.030208523745900495,0.0017416665337317775,5.2613174841676604e-05,0.9999473868251583,True,63.91723335361565,1.6748078279683227,0.0009473868251582696,0.0,0.0009473868251582696,63.91723335361565,0.0,0.0,16,3,7
2,119,6,230.89233821048197,234.12067375419414,success,7,230.89233821048197,233.8711273394465,success,,0.9999,0.0017912431110077593,0.0019610831230325574,2.9411764705882355,2.7777777777777777,0.0052545086106982756,0.005432642652102931,2.854586759432157e-05,0.9999714541324056,True,39.107256388531766,2.978789128964536,7.145413240561282e-05,0.0,7.145413240561282e-05,39.107256388531766,0.0,0.0,25,6,7
2,120,1,239.79329416529634,,,8,239.79329416529634,242.1188042016118,success,,0.9999,0.005049556490565767,0.00208968626850812,3.6,1.8,0.018014172846798276,0.0037543699469971634,6.763186915603178e-05,0.999932368130844,True,48.962495923497684,2.3255100363154497,3.2368130843951626e-05,0.0,3.2368130843951626e-05,48.962495923497684,0.0,0.0,6,1,8
2,121,4,240.73078015190566,243.198175457857,success,7,240.73078015190566,242.68080100662692,success,,0.99,0.007522284104880376,0.0019610831230325574,2.2142857142857144,1.7222222222222223,0.016518533960767304,0.003371723863635005,5.569593514778438e-05,0.9999443040648522,True,56.72286706823901,1.9500208547212594,0.00994430406485225,0.0,0.00994430406485225,56.72286706823901,0.0,0.0,20,4,7
2,122,1,242.15062573482155,,,4,242.15062573482155,244.84103260071413,success,,0.99,0.005049556490565767,0.007522284104880376,2.3,1.6428571428571428,0.011546797998131618,0.01228199120469005,0.00014181767145538522,0.9998581823285446,True,43.00963345367056,2.6904068658925837,0.009858182328544629,0.0,0.009858182328544629,43.00963345367056,0.0,0.0,2,1,4
2,123,3,244.23914910289423,,,4,244.23914910289423,246.9124611721427,success,,0.9,0.023005652646464862,0.007522284104880376,2.4166666666666665,2.0714285714285716,0.054079729271238185,0.015461104899620614,0.000836132367205697,0.9991638676327943,True,43.260963605699736,2.6733120692484817,0.09916386763279428,0.0,0.09916386763279428,43.260963605699736,0.0,0.0,13,3,4
2,124,1,246.32584220855915,249.0077860775571,success,4,246.32584220855915,248.62674688642844,success,,0.9,0.005049556490565767,0.007522284104880376,2.4,1.7142857142857142,0.01204579702951773,0.012812555474074226,0.00015433744267013446,0.9998456625573299,True,49.41371697930638,2.3009046778692834,0.09984566255732985,0.0,0.09984566255732985,49.41371697930638,0.0,0.0,2,1,4
2,125,6,247.18427835172875,249.57198433035663,success,7,247.18427835172875,249.3158032557225,success,,0.999,0.0017912431110077593,0.0019610831230325574,1.8823529411764706,1.7777777777777777,0.003366073766837766,0.003480299665148834,1.1714945403591752e-05,0.9999882850545964,True,52.7239534921462,2.13152490399375,0.0009882850545963606,0.0,0.0009882850545963606,52.7239534921462,0.0,0.0,25,6,7
2,126,5,247.70085401390327,250.80371639938727,success,8,247.70085401390327,249.9916511597815,success,,0.9999,0.006765559002997135,0.00208968626850812,2.6666666666666665,2.0,0.01787971732018396,0.0041706511138705615,7.4570062957116e-05,0.9999254299370429,True,49.601136122707075,2.29079714587823,2.5429937042908968e-05,0.0,2.5429937042908968e-05,49.601136122707075,0.0,0.0,24,5,8
2,127,2,248.2246869717325,248.95328177380807,success,3,248.2246869717325,248.97442368530665,success,,0.999,0.008677566161478018,0.023005652646464862,0.5454545454545454,0.5,0.004722033882817797,0.01143692175483013,5.400553204144385e-05,0.9999459944679585,True,110.70864072215002,0.7285948020755768,0.0009459944679585108,0.0,0.0009459944679585108,110.70864072215002,0.0,0.0,7,2,3
2,128,6,248.6234645814133,251.8072784480037,success,8,248.6234645814133,251.8916511597815,success,,0.999,0.0017912431110077593,0.00208968626850812,2.235294117647059,1.9,0.003995950048371586,0.003962532277859739,1.5834081047387596e-05,0.9999841659189526,True,36.67105766828293,3.1838138665904125,0.000984165918952562,0.0,0.000984165918952562,36.67105766828293,0.0,0.0,26,6,8
2,129,6,253.1423902952728,256.0408651172806,success,7,253.1423902952728,255.74648606937106,success,,0.9999,0.0017912431110077593,0.0019610831230325574,2.3529411764705883,2.2222222222222223,0.004205820333319687,0.004348480356341245,1.8288927101741245e-05,0.9999817110728982,True,44.30399261397265,2.604095774098255,8.171107289822732e-05,0.0,8.171107289822732e-05,44.30399261397265,0.0,0.0,25,6,7
2,130,1,257.3007335411196,,,7,257.3007335411196,257.8572110213143,success,,0.9,0.005049556490565767,0.0019610831230325574,0.5,0.2777777777777778,0.002521593673365385,0.000544596965164336,1.3732522618923786e-06,0.9999986267477381,True,128.27252585653625,0.556477480194701,0.09999862674773807,0.0,0.09999862674773807,128.27252585653625,0.0,0.0,5,1,7
2,131,4,258.30752771051056,260.21429511278956,success,6,258.30752771051056,259.9997820776664,success,,0.999,0.007522284104880376,0.0017912431110077593,1.6428571428571428,1.3529411764705883,0.01228199120469005,0.002420512386083772,2.9728711836724213e-05,0.9999702712881633,True,63.41302810171305,1.69225436715584,0.0009702712881632936,0.0,0.0009702712881632936,63.41302810171305,0.0,0.0,19,4,6
2,132,4,260.8078934514152,264.51933920508435,success,6,260.8078934514152,263.9951184240198,success,,0.99,0.007522284104880376,0.0017912431110077593,3.4285714285714284,2.823529411764706,0.025460949370372223,0.0050448593438200615,0.0001284469083336518,0.9998715530916663,True,36.63260952124929,3.187224972604554,0.009871553091666319,0.0,0.009871553091666319,36.63260952124929,0.0,0.0,19,4,6
2,133,3,261.1891817357873,262.85850129823416,success,4,261.1891817357873,,,,0.99,0.023005652646464862,0.007522284104880376,1.25,1.0714285714285714,0.02834751659220863,0.008027198694912453,0.00022755114819298622,0.999772448851807,True,64.07735838630505,1.6693195624468444,0.009772448851807058,0.0,0.009772448851807058,64.07735838630505,0.0,0.0,13,3,4
2,134,7,263.39329832769994,265.4587228838574,success,8,263.39329832769994,265.43011703240677,success,,0.9,0.0019610831230325574,0.00208968626850812,1.8333333333333333,1.65,0.003588863638075258,0.003442044877971345,1.2353029703174548e-05,0.9999876469702969,True,54.74655739119462,2.036818704706832,0.09998764697029683,0.0,0.09998764697029683,54.74655739119462,0.0,0.0,27,7,8
2,135,2,263.43822257660264,266.7997265268628,success,6,263.43822257660264,265.9951184240198,success,,0.999,0.008677566161478018,0.0017912431110077593,3.090909090909091,2.0,0.026465064318658787,0.0035760767744537057,9.464110184437917e-05,0.9999053588981556,True,45.0395504354318,2.556895847417138,0.0009053588981555727,0.0,0.0009053588981555727,45.0395504354318,0.0,0.0,10,2,6
2,136,3,263.93346115362476,265.10065824019415,success,4,263.93346115362476,266.16219634794146,success,,0.999,0.023005652646464862,0.007522284104880376,0.6666666666666666,0.5714285714285714,0.015220087403231247,0.004289222954681606,6.528234826219982e-05,0.9999347176517378,True,82.73509372290832,1.167197086569388,0.0009347176517378042,0.0,0.0009347176517378042,82.73509372290832,0.0,0.0,13,3,4
2,137,2,271.320216075198,274.92807662814636,success,4,271.320216075198,274.1665933758151,success,,0.999,0.008677566161478018,0.007522284104880376,3.3636363636363638,2.642857142857143,0.028766316657355014,0.01968401172826203,0.0005662365144622754,0.9994337634855377,True,40.823675675946106,2.846377300617121,0.00043376348553769706,0.0,0.00043376348553769706,40.823675675946106,0.0,0.0,8,2,4
2,138,5,272.5827810493768,274.89662663197066,success,6,272.5827810493768,274.44391409937435,success,,0.9,0.006765559002997135,0.0017912431110077593,1.7333333333333334,1.5294117647058822,0.011658476037767226,0.0027357991494437075,3.189524882793342e-05,0.999968104751172,True,58.881341151391396,1.8611330499975338,0.09996810475117202,0.0,0.09996810475117202,58.881341151391396,0.0,0.0,22,5,6
2,139,1,275.880562181898,,,6,275.880562181898,277.74906404299117,success,,0.999,0.005049556490565767,0.0017912431110077593,2.9,1.7058823529411764,0.01453701609730284,0.0030509862658638417,4.4352236459512545e-05,0.9999556477635405,True,58.69687963510232,1.8685018610931934,0.0009556477635405125,0.0,0.0009556477635405125,58.69687963510232,0.0,0.0,4,1,6
2,140,1,277.95219695047984,,,8,277.95219695047984,279.538258798674,success,,0.9999,0.005049556490565767,0.00208968626850812,2.8,1.4,0.014039275338717285,0.0029212854932006327,4.101273138204421e-05,0.999958987268618,True,66.59971972127309,1.5860618481941628,5.8987268617971544e-05,0.0,5.8987268617971544e-05,66.59971972127309,0.0,0.0,6,1,8
2,141,4,278.9970210385165,281.7342056076303,success,7,278.9970210385165,281.15493159516336,success,,0.99,0.007522284104880376,0.0019610831230325574,2.5,1.9444444444444444,0.018629986155944914,0.003805956103320325,7.09049095149917e-05,0.999929095090485,True,52.183484590440116,2.1579105566468684,0.009929095090485007,0.0,0.009929095090485007,52.183484590440116,0.0,0.0,20,4,7
2,142,7,281.0222625921839,281.67584542261676,success,8,281.0222625921839,281.89860434660903,success,,0.99,0.0019610831230325574,0.00208968626850812,0.2777777777777778,0.25,0.000544596965164336,0.0005222851287406165,2.844348960626043e-07,0.9999997155651039,True,117.6607712225048,0.6535828304328675,0.009999715565103928,0.0,0.009999715565103928,117.6607712225048,0.0,0.0,27,7,8
2,143,5,283.1648394230686,285.2773495502382,success,8,283.1648394230686,284.689846174515,success,,0.999,0.006765559002997135,0.00208968626850812,1.4,1.05,0.00942706656291798,0.0021917651492936985,2.0661915952675558e-05,0.9999793380840474,True,68.56859753725568,1.5250067514464263,0.0009793380840473764,0.0,0.0009793380840473764,68.56859753725568,0.0,0.0,24,5,8
2,144,5,283.24756779357415,287.8106828835716,success,6,283.24756779357415,285.87509238938816,success,,0.99,0.006765559002997135,0.0017912431110077593,2.533333333333333,2.235294117647059,0.01699337190940876,0.003995950048371586,6.790466530339829e-05,0.9999320953346966,True,43.94629567734187,2.627524595814009,0.009932095334696633,0.0,0.009932095334696633,43.94629567734187,0.0,0.0,22,5,6
2,145,3,284.31845405220434,287.6096515495105,success,7,284.31845405220434,286.47861267572273,success,,0.9,0.023005652646464862,0.0019610831230325574,3.0,2.0,0.06668914708487574,0.003914484598215833,0.00026105363913189636,0.9997389463608681,True,52.13788050100289,2.1601586235183845,0.09973894636086811,0.0,0.09973894636086811,52.13788050100289,0.0,0.0,16,3,7
2,146,4,285.8036649421796,,,8,285.8036649421796,287.9839583655713,success,,0.999,0.007522284104880376,0.00208968626850812,2.4285714285714284,1.7,0.01810254846690425,0.0035461641121928237,6.419460771256708e-05,0.9999358053922874,True,51.73248385754855,2.1802934233917313,0.0009358053922874365,0.0,0.0009358053922874365,51.73248385754855,0.0,0.0,21,4,8
2,147,1,288.13369304652474,289.05163214093096,success,2,288.13369304652474,288.869911048623,success,,0.9,0.005049556490565767,0.008677566161478018,0.6,0.5454545454545454,0.0030251488822285893,0.004722033882817797,1.4284855522451783e-05,0.9999857151444775,True,110.05205296216056,0.7362180020982692,0.09998571514447752,0.0,0.09998571514447752,110.05205296216056,0.0,0.0,0,1,2
2,148,3,288.1855097601834,,,8,288.1855097601834,290.50570016160225,success,,0.999,0.023005652646464862,0.00208968626850812,3.0,1.8,0.06668914708487574,0.0037543699469971634,0.00025037572960633097,0.9997496242703937,True,49.05945143891458,2.32019040141887,0.0007496242703937117,0.0,0.0007496242703937117,49.05945143891458,0.0,0.0,17,3,8
2,149,1,290.9398395681268,,,8,290.9398395681268,293.25544651765927,success,,0.999,0.005049556490565767,0.00208968626850812,3.4,1.7,0.017021953322847658,0.0035461641121928237,6.036263999290375e-05,0.9999396373600071,True,49.14325245658281,2.31560694953248,0.0009396373600071284,0.0,0.0009396373600071284,49.14325245658281,0.0,0.0,6,1,8
2,150,4,291.06345890929936,292.4619697553105,success,5,291.06345890929936,292.611298789015,success,,0.9,0.007522284104880376,0.006765559002997135,1.2142857142857142,1.1333333333333333,0.00909261203021816,0.007638312224257204,6.945220962084348e-05,0.9999305477903792,True,73.01333419665796,1.3985108460111633,0.09993054779037913,0.0,0.09993054779037913,73.01333419665796,0.0,0.0,18,4,5
2,151,3,294.04458118818076,,,8,294.04458118818076,294.9352398312402,success,,0.99,0.023005652646464862,0.00208968626850812,0.5833333333333334,0.35,0.013330317790867229,0.0007311227933652869,9.74609917970583e-06,0.9999902539008203,True,98.33961242002236,0.890658643059453,0.009990253900820312,0.0,0.009990253900820312,98.33961242002236,0.0,0.0,17,3,8
2,152,4,294.33225287028444,297.45250742116383,success,5,294.33225287028444,297.77901608595363,success,,0.99,0.007522284104880376,0.006765559002997135,2.7142857142857144,2.533333333333333,0.020210599915833294,0.01699337190940876,0.00034344624088202057,0.999656553759118,True,37.399498608495854,3.1202545508793946,0.009656553759118003,0.0,0.009656553759118003,37.399498608495854,0.0,0.0,18,4,5
2,153,4,294.99818350091175,299.95250742116383,success,7,294.99818350091175,297.1467791291714,success,,0.999,0.007522284104880376,0.0019610831230325574,2.5,1.9444444444444444,0.018629986155944914,0.003805956103320325,7.09049095149917e-05,0.999929095090485,True,52.37318496555855,2.1485956282596703,0.0009290950904849993,0.0,0.0009290950904849993,52.37318496555855,0.0,0.0,20,4,7
2,154,5,295.51765977758834,299.57901608595364,success,7,295.51765977758834,298.6467791291714,success,,0.9999,0.006765559002997135,0.0019610831230325574,1.8,1.5,0.012104154381139319,0.0029373023459278607,3.555356105919351e-05,0.9999644464389408,True,37.296510107374445,3.1291193515830855,6.44464389407684e-05,0.0,6.44464389407684e-05,37.296510107374445,0.0,0.0,23,5,7
2,155,6,296.4794707653883,298.20920114939395,success,8,296.4794707653883,298.01317582123806,success,,0.999,0.0017912431110077593,0.00208968626850812,1.5294117647058822,1.3,0.0027357991494437075,0.002712905551691147,7.4219647008377525e-06,0.9999925780352992,True,68.28153943389957,1.5337050558497367,0.0009925780352991742,0.0,0.0009925780352991742,68.28153943389957,0.0,0.0,26,6,8
2,156,4,300.47096483105,303.66877219053646,success,5,300.47096483105,303.8100790089421,success,,0.99,0.007522284104880376,0.006765559002997135,2.9285714285714284,2.7333333333333334,0.021788667908250983,0.0183225902846043,0.000399224834930189,0.9996007751650698,True,36.51374126420182,3.1978073594864327,0.009600775165069853,0.0,0.009600775165069853,36.51374126420182,0.0,0.0,18,4,5
2,157,1,304.4577018517048,307.02839125074894,success,2,304.4577018517048,306.52557003658586,success,,0.999,0.005049556490565767,0.008677566161478018,1.7,1.5454545454545454,0.00854750659592754,0.013321260145258217,0.00011386355895766126,0.9998861364410423,True,54.06872636039508,2.0678681848810356,0.0008861364410422956,0.0,0.0008861364410422956,54.06872636039508,0.0,0.0,0,1,2
2,158,6,304.5637943398767,305.7263024081203,success,7,304.5637943398767,305.55009900725514,success,,0.9999,0.0017912431110077593,0.0019610831230325574,0.7058823529411765,0.6666666666666666,0.0012636078762810377,0.0013065344883422844,1.6509472701021262e-06,0.9999983490527299,True,92.30764063740412,0.9863046673784197,9.83490527298736e-05,0.0,9.83490527298736e-05,92.30764063740412,0.0,0.0,25,6,7
2,159,4,305.4710998856692,306.77127041652983,success,6,305.4710998856692,306.64754963182975,success,,0.9999,0.007522284104880376,0.0017912431110077593,1.0714285714285714,0.8823529411764706,0.008027198694912453,0.0015792602813596952,1.2677036069457619e-05,0.9999873229639306,True,82.29832202462839,1.1764497461605288,8.732296393054728e-05,0.0,8.732296393054728e-05,82.29832202462839,0.0,0.0,19,4,6
2,160,1,308.53762521435726,,,3,308.53762521435726,311.6080981402647,success,,0.9,0.005049556490565767,0.023005652646464862,3.2,2.6666666666666665,0.01602873123902653,0.059504492584894354,0.0009537815191579186,0.9990462184808421,True,37.98646145736558,3.0704729259074384,0.09904621848084205,0.0,0.09904621848084205,37.98646145736558,0.0,0.0,1,1,3
2,161,1,311.72353973264444,312.8982811540452,success,8,311.72353973264444,312.479595798695,success,,0.9999,0.005049556490565767,0.00208968626850812,0.5,0.25,0.002521593673365385,0.0005222851287406165,1.3169908763251643e-06,0.9999986830091236,True,108.3823553930659,0.7560560660505757,9.868300912363459e-05,0.0,9.868300912363459e-05,108.3823553930659,0.0,0.0,6,1,8
2,162,4,312.3197062129755,,,7,312.3197062129755,313.11560965525445,success,,0.99,0.007522284104880376,0.0019610831230325574,0.8571428571428571,0.6666666666666666,0.00642693045457106,0.0013065344883422844,8.397006293074444e-06,0.9999916029937069,True,105.18822479371376,0.7959034422789273,0.009991602993706938,0.0,0.009991602993706938,105.18822479371376,0.0,0.0,20,4,7
2,163,4,313.22718742035494,315.1272415777486,success,6,313.22718742035494,314.9438236779403,success,,0.9,0.007522284104880376,0.0017912431110077593,1.5714285714285714,1.2941176470588236,0.011751141783336501,0.0023153946490879545,2.720853080581122e-05,0.9999727914691942,True,62.72040629016065,1.7166362575853782,0.09997279146919413,0.0,0.09997279146919413,62.72040629016065,0.0,0.0,19,4,6
2,164,3,314.31833144737436,,,8,314.31833144737436,317.09763495210177,success,,0.999,0.023005652646464862,0.00208968626850812,3.8333333333333335,2.3,0.08441157699392007,0.004794746743664103,0.00040473213391915,0.9995952678660809,True,41.74076120806904,2.779303504727409,0.0005952678660808841,0.0,0.0005952678660808841,41.74076120806904,0.0,0.0,17,3,8
2,165,2,316.27703253768,320.80248619257173,success,5,316.27703253768,320.19559147393534,success,,0.99,0.008677566161478018,0.006765559002997135,4.0,2.933333333333333,0.034114773181696395,0.019650011295022765,0.0006703556783474739,0.9993296443216525,True,29.65657748284343,3.9185589362553515,0.009329644321652508,0.0,0.009329644321652508,29.65657748284343,0.0,0.0,9,2,5
2,166,1,317.66668521500765,322.94071131033655,success,7,317.66668521500765,320.56777473568343,success,,0.999,0.005049556490565767,0.0019610831230325574,5.0,2.7777777777777777,0.024931722716276843,0.005432642652102931,0.00013544514021884913,0.9998645548597811,True,40.09981849434157,2.9010895206757823,0.000864554859781097,0.0,0.000864554859781097,40.09981849434157,0.0,0.0,5,1,7
2,167,1,317.932393122996,,,8,317.932393122996,320.674909492831,success,,0.9999,0.005049556490565767,0.00208968626850812,4.3,2.15,0.02147906062297045,0.004482747834919475,9.628521250372495e-05,0.9999037147874963,True,42.258245020146305,2.7425163698349593,3.7147874962784044e-06,0.0,3.7147874962784044e-06,42.258245020146305,0.0,0.0,6,1,8
2,168,3,319.02169467254106,320.7211258442061,success,7,319.02169467254106,321.2344414023501,success,,0.999,0.023005652646464862,0.0019610831230325574,1.0,0.6666666666666666,0.02274304033043415,0.0013065344883422844,2.9714566561471722e-05,0.9999702854334386,True,63.20771596345628,1.6994311716650259,0.000970285433438578,0.0,0.000970285433438578,63.20771596345628,0.0,0.0,16,3,7
2,169,5,319.61832816548474,322.062258140602,success,6,319.61832816548474,321.4094171502543,success,,0.9999,0.006765559002997135,0.0017912431110077593,1.8666666666666667,1.6470588235294117,0.0125496317522959,0.0029459349636617436,3.6970398960168084e-05,0.9999630296010398,True,60.687872679262455,1.7910889847695444,6.302960103976574e-05,0.0,6.302960103976574e-05,60.687872679262455,0.0,0.0,22,5,6
2,170,1,324.7772624380876,,,3,324.7772624380876,326.6921711495323,success,,0.999,0.005049556490565767,0.023005652646464862,2.0,1.6666666666666667,0.010048288178664891,0.037616976672020984,0.00037798622201058144,0.9996220137779894,True,57.55845297806066,1.9149087114447525,0.0006220137779894275,0.0,0.0006220137779894275,57.55845297806066,0.0,0.0,1,1,3
2,171,1,328.23508600863283,,,7,328.23508600863283,329.21549181339793,success,,0.999,0.005049556490565767,0.0019610831230325574,1.4,0.7777777777777778,0.007044449805892512,0.0015241242146511178,1.0736616528055144e-05,0.9999892633834719,True,92.65757642256379,0.9804058047650983,0.0009892633834719389,0.0,0.0009892633834719389,92.65757642256379,0.0,0.0,5,1,7
2,172,7,330.02345212235343,332.7778041488342,success,8,330.02345212235343,332.78255735167323,success,,0.9999,0.0019610831230325574,0.00208968626850812,2.388888888888889,2.15,0.004673853078464283,0.004482747834919475,2.095170476821749e-05,0.9999790482952318,True,42.09060333265725,2.754352026480774,7.904829523175394e-05,0.0,7.904829523175394e-05,42.09060333265725,0.0,0.0,27,7,8
2,173,2,331.3110644325112,332.85882825801974,success,4,331.3110644325112,332.54891956848695,success,,0.9,0.008677566161478018,0.007522284104880376,1.0909090909090908,0.8571428571428571,0.009421770161645115,0.00642693045457106,6.055306158784589e-05,0.9999394469384122,True,79.51038781046672,1.2378551359757353,0.09993944693841217,0.0,0.09993944693841217,79.51038781046672,0.0,0.0,8,2,4
2,174,5,334.7198205063999,337.9146084993917,success,8,334.7198205063999,337.05523472395004,success,,0.9999,0.006765559002997135,0.00208968626850812,2.466666666666667,1.85,0.01654989928274056,0.0038584565498530022,6.385706728689782e-05,0.9999361429327132,True,48.78285109702366,2.335414217550124,3.6142932713145726e-05,0.0,3.6142932713145726e-05,48.78285109702366,0.0,0.0,24,5,8
2,175,1,335.3868352339233,339.4177492775168,success,2,335.3868352339233,338.97992911462484,success,,0.9,0.005049556490565767,0.008677566161478018,3.8,3.4545454545454546,0.019005390822863837,0.029532191306863464,0.0005612708376425221,0.9994387291623574,True,32.47793034843481,3.593093880701531,0.09943872916235741,0.0,0.09943872916235741,32.47793034843481,0.0,0.0,0,1,2
2,176,4,335.5511817173885,337.9365909311433,success,8,335.5511817173885,,,,0.99,0.007522284104880376,0.00208968626850812,2.0714285714285716,1.45,0.015461104899620614,0.00302545913576643,4.67769410676003e-05,0.9999532230589324,True,47.89291635552681,2.3854092137548264,0.009953223058932426,0.0,0.009953223058932426,47.89291635552681,0.0,0.0,21,4,8
2,177,1,336.3325474465569,339.9177492775168,success,5,336.3325474465569,338.247941832725,success,,0.9,0.005049556490565767,0.006765559002997135,0.5,0.3333333333333333,0.002521593673365385,0.002252645312149525,5.6802561674524354e-06,0.9999943197438326,True,57.546746466579854,1.9153943861681455,0.09999431974383255,0.0,0.09999431974383255,57.546746466579854,0.0,0.0,3,1,5
2,178,6,336.92708238627586,338.6686310604866,success,7,336.92708238627586,338.4625063275044,success,,0.9,0.0017912431110077593,0.0019610831230325574,1.2941176470588236,1.2222222222222223,0.0023153946490879545,0.0023940091508816703,5.543075977819017e-06,0.9999944569240222,True,68.22507759686823,1.5354239412285438,0.0999944569240222,0.0,0.0999944569240222,68.22507759686823,0.0,0.0,25,6,7
2,179,1,338.071582982441,343.9177492775168,success,5,338.071582982441,341.4489902432896,success,,0.99,0.005049556490565767,0.006765559002997135,4.0,2.6666666666666665,0.019995608262008285,0.01787971732018396,0.000357515823369843,0.9996424841766302,True,34.58678214594129,3.3774072608485994,0.009642484176630162,0.0,0.009642484176630162,34.58678214594129,0.0,0.0,3,1,5
2,180,1,340.46605226533,,,6,340.46605226533,342.6244488861049,success,,0.99,0.005049556490565767,0.0017912431110077593,3.2,1.8823529411764706,0.01602873123902653,0.003366073766837766,5.39538917393802e-05,0.9999460461082607,True,52.17361848334055,2.1583966207749086,0.009946046108260664,0.0,0.009946046108260664,52.17361848334055,0.0,0.0,4,1,6
2,181,6,341.27840225361786,344.56562535669315,success,7,341.27840225361786,343.31513443374604,success,,0.9,0.0017912431110077593,0.0019610831230325574,1.9411764705882353,1.8333333333333333,0.0034710808025051523,0.003588863638075258,1.2457235676931827e-05,0.9999875427643231,True,54.74846704511755,2.0367321801281832,0.09998754276432309,0.0,0.09998754276432309,54.74846704511755,0.0,0.0,25,6,7
2,182,1,344.8243724680368,349.2177492775168,success,6,344.8243724680368,346.42804384272677,success,,0.9,0.005049556490565767,0.0017912431110077593,2.1,1.2352941176470589,0.01054804370003649,0.0022102658355425816,2.331398062200082e-05,0.999976686019378,True,66.05115842345809,1.6036713746899522,0.09997668601937792,0.0,0.09997668601937792,66.05115842345809,0.0,0.0,4,1,6
2,183,1,346.35860624352773,,,5,346.35860624352773,348.192848257505,success,,0.999,0.005049556490565767,0.006765559002997135,2.1,1.4,0.01054804370003649,0.00942706656291798,9.943711006881164e-05,0.9999005628899312,True,59.5633669950033,1.8342420139772457,0.0009005628899312335,0.0,0.0009005628899312335,59.5633669950033,0.0,0.0,3,1,5
2,184,7,350.0457392473822,351.15040007014676,success,8,350.0457392473822,351.12017395198984,success,,0.9999,0.0019610831230325574,0.00208968626850812,1.0,0.9,0.0019591614559130843,0.001878950200426423,3.681166810255612e-06,0.9999963188331897,True,87.38149541033046,1.0744347046076541,9.631883318972356e-05,0.0,9.631883318972356e-05,87.38149541033046,0.0,0.0,27,7,8
2,185,4,350.16293863252776,351.9031357187218,success,7,350.16293863252776,352.31706673681344,success,,0.9,0.007522284104880376,0.0019610831230325574,1.5,1.1666666666666667,0.011220007056758545,0.0022853149925875153,2.5641250343748025e-05,0.9999743587496562,True,62.06404265313208,1.74019708619403,0.09997435874965621,0.0,0.09997435874965621,62.06404265313208,0.0,0.0,20,4,7
2,186,2,351.55912015179524,355.2572056653483,success,4,351.55912015179524,354.48934292824094,success,,0.9,0.008677566161478018,0.007522284104880376,3.1818181818181817,2.5,0.027232753640432584,0.018629986155944914,0.0005073458233095175,0.9994926541766905,True,39.72289686821156,2.930222776445703,0.09949265417669051,0.0,0.09949265417669051,39.72289686821156,0.0,0.0,8,2,4
2,187,1,356.1882044636471,357.5803490854168,success,5,356.1882044636471,358.0999834985571,success,,0.9999,0.005049556490565767,0.006765559002997135,1.0,0.6666666666666666,0.005036828912077214,0.004500216213396702,2.266681913423515e-05,0.9999773331808658,True,73.25137630686326,1.3921446217697167,7.733318086577956e-05,0.0,7.733318086577956e-05,73.25137630686326,0.0,0.0,3,1,5
2,188,5,356.2722194086603,357.4333168318904,success,7,356.2722194086603,357.1122139335079,success,,0.99,0.006765559002997135,0.0019610831230325574,0.8666666666666667,0.7222222222222222,0.005846327793216481,0.0014153352780458621,8.2745139727593e-06,0.9999917254860272,True,101.88005517520297,0.8399945248476115,0.009991725486027225,0.0,0.009991725486027225,101.88005517520297,0.0,0.0,23,5,7
2,189,5,364.7903161966362,,,6,364.7903161966362,366.5701034205288,success,,0.9,0.006765559002997135,0.0017912431110077593,1.5333333333333334,1.3529411764705883,0.01032023426748932,0.002420512386083772,2.498025487174408e-05,0.9999750197451283,True,60.988703113567546,1.7797872238926402,0.09997501974512824,0.0,0.09997501974512824,60.988703113567546,0.0,0.0,22,5,6
2,190,3,366.6848387057628,368.9397564982925,success,8,366.6848387057628,368.2504577933595,success,,0.9999,0.023005652646464862,0.00208968626850812,1.5833333333333333,0.95,0.03577018616616618,0.0019832327449902706,7.094060449913876e-05,0.9999290593955008,True,67.24717214067745,1.5656190875967013,2.9059395500796725e-05,0.0,2.9059395500796725e-05,67.24717214067745,0.0,0.0,17,3,8
2,191,6,369.7627776863681,371.4641826841597,success,7,369.7627776863681,371.31323830900527,success,,0.9999,0.0017912431110077593,0.0019610831230325574,1.4705882352941178,1.3888888888888888,0.0026307146350947885,0.0027200205820348124,7.155597952918026e-06,0.999992844402047,True,67.73482536218367,1.5504606226371607,9.284440204704314e-05,0.0,9.284440204704314e-05,67.73482536218367,0.0,0.0,25,6,7
2,192,2,372.0123727139725,373.60778549989067,success,5,372.0123727139725,373.6545292633266,success,,0.99,0.008677566161478018,0.006765559002997135,1.1818181818181819,0.8666666666666667,0.010202899119175825,0.005846327793216481,5.964949269182158e-05,0.9999403505073082,True,66.30738409213625,1.5954127859181426,0.009940350507308238,0.0,0.009940350507308238,66.30738409213625,0.0,0.0,9,2,5
2,193,6,374.03990482622385,374.86617028214204,success,8,374.03990482622385,374.83623413263825,success,,0.9,0.0017912431110077593,0.00208968626850812,0.5294117647058824,0.45,0.0009478556771607819,0.0009399168220293783,8.909054958194665e-07,0.9999991090945042,True,105.15517686046682,0.7963293064144068,0.09999910909450416,0.0,0.09999910909450416,105.15517686046682,0.0,0.0,26,6,8
2,194,1,374.68346777662583,,,5,374.68346777662583,378.3823293391055,success,,0.9,0.005049556490565767,0.006765559002997135,4.6,3.066666666666667,0.022960267452253578,0.02053396129964278,0.0004714652432940227,0.999528534756706,True,31.516762658066895,3.698861562479692,0.09952853475670598,0.0,0.09952853475670598,31.516762658066895,0.0,0.0,3,1,5
2,195,3,375.8142047320038,,,8,375.8142047320038,377.4046517093104,success,,0.99,0.023005652646464862,0.00208968626850812,2.25,1.35,0.05044584820951853,0.002817100965554665,0.00014211104769925874,0.9998578889523008,True,66.4623334043853,1.5904469773065557,0.009857888952300775,0.0,0.009857888952300775,66.4623334043853,0.0,0.0,17,3,8
2,196,6,377.5841898064604,380.6823971673234,success,8,377.5841898064604,380.37915721766336,success,,0.999,0.0017912431110077593,0.00208968626850812,2.588235294117647,2.2,0.0046254282457948845,0.004586758337687482,2.121572157177487e-05,0.9999787842784282,True,41.52358005973047,2.794967411202947,0.0009787842784282352,0.0,0.0009787842784282352,41.52358005973047,0.0,0.0,26,6,8
2,197,1,378.79284217606283,,,6,378.79284217606283,382.27063246144104,success,,0.999,0.005049556490565767,0.0017912431110077593,2.7,1.588235294117647,0.013541283179656216,0.0028408725919105084,3.846906024438413e-05,0.9999615309397556,True,33.579209893942064,3.4777902853782052,0.0009615309397555949,0.0,0.0009615309397555949,33.579209893942064,0.0,0.0,4,1,6
2,198,6,381.6478732538237,,,7,381.6478732538237,384.44085536059106,success,,0.9999,0.0017912431110077593,0.0019610831230325574,2.6470588235294117,2.5,0.0047303025937449365,0.00489070915230044,2.313453418837887e-05,0.9999768654658117,True,41.551003369922995,2.79298210676734,7.686546581164855e-05,0.0,7.686546581164855e-05,41.551003369922995,0.0,0.0,25,6,7
2,199,4,381.76375192393596,383.7529553180103,success,7,381.76375192393596,,,,0.9,0.007522284104880376,0.0019610831230325574,1.5714285714285714,1.2222222222222223,0.011751141783336501,0.0023940091508816703,2.8132340962615534e-05,0.9999718676590373,True,55.81541787576754,1.9892033940743659,0.09997186765903732,0.0,0.09997186765903732,55.81541787576754,0.0,0.0,20,4,7
2,200,5,382.0348908360336,,,8,382.0348908360336,384.4545402851512,success,,0.9999,0.006765559002997135,0.00208968626850812,2.6666666666666665,2.0,0.01787971732018396,0.0041706511138705615,7.4570062957116e-05,0.9999254299370429,True,47.29920454519399,2.419649449117628,2.5429937042908968e-05,0.0,2.5429937042908968e-05,47.29920454519399,0.0,0.0,24,5,8
3,1,1,3.8113238374709666,5.266291177368808,success,6,3.8113238374709666,4.708424690430504,success,,0.99,0.023216723348204564,0.010616128525679757,0.7,0.4117647058823529,0.01612035986161297,0.0043618066090877925,7.031389218525702e-05,0.9999296861078147,True,97.9077836888554,0.8971008529595372,0.00992968610781475,0.0,0.00992968610781475,97.9077836888554,0.0,0.0,4,1,6
3,2,6,4.690697260886476,6.20295783145326,success,8,4.690697260886476,6.0265698873320375,success,,0.99,0.010616128525679757,0.0010514756248394465,1.3529411764705883,1.15,0.014260341638951578,0.0012084661844946093,1.7233140650013418e-05,0.99998276685935,True,75.4213905748194,1.3358726264455614,0.009982766859349956,0.0,0.009982766859349956,75.4213905748194,0.0,0.0,26,6,8
3,3,4,7.216920065242146,7.966821119309296,success,8,7.216920065242146,7.94177164634287,success,,0.9999,0.010863452097554521,0.0010514756248394465,0.5,0.35,0.005417000897901535,0.0003679487589395476,1.9931787575572847e-06,0.9999980068212424,True,111.03418055812185,0.7248515811007241,9.800682124239124e-05,0.0,9.800682124239124e-05,111.03418055812185,0.0,0.0,21,4,8
3,4,2,8.461384960709376,,,7,8.461384960709376,11.119072849090593,success,,0.9,0.17132821426540978,0.010283990677723063,3.8181818181818183,2.3333333333333335,0.4801226042704699,0.023710363855209422,0.011383881642363565,0.9886161183576364,True,43.49281235064614,2.6576878883812167,0.08861611835763639,0.0,0.08861611835763639,43.49281235064614,0.0,0.0,11,2,7
3,5,3,9.296998140851404,10.261322305921508,success,8,9.296998140851404,10.022628625499,success,,0.999,0.03082835302631084,0.0010514756248394465,0.5,0.3,0.015295986142687035,0.0003153929406381942,4.824246049503133e-06,0.9999951757539505,True,110.96626908380343,0.7256304846475956,0.0009951757539504724,0.0,0.0009951757539504724,110.96626908380343,0.0,0.0,17,3,8
3,6,3,11.536683034719001,15.453382267669953,success,7,11.536683034719001,14.108923168397581,success,,0.99,0.03082835302631084,0.010283990677723063,3.5833333333333335,2.388888888888889,0.10458525428424656,0.024267990851232997,0.002538073994143972,0.997461926005856,True,44.79820052207577,2.57224013367858,0.0074619260058560455,0.0,0.0074619260058560455,44.79820052207577,0.0,0.0,16,3,7
3,7,5,12.405444897953489,15.034978005522987,success,6,12.405444897953489,14.550612275948385,success,,0.9,0.014410630963079218,0.010616128525679757,2.066666666666667,1.8235294117647058,0.029342857781813104,0.019172643934901475,0.0005625801642831556,0.9994374198357169,True,52.44330310469381,2.1451673779948965,0.09943741983571686,0.0,0.09943741983571686,52.44330310469381,0.0,0.0,22,5,6
3,8,6,12.757281221620762,15.84472992300721,success,8,12.757281221620762,14.145211617372317,success,,0.9999,0.010616128525679757,0.0010514756248394465,1.2941176470588236,1.1,0.013644576516205917,0.0011559545565341337,1.5772510395886865e-05,0.9999842274896041,True,73.40976313277882,1.387930395751555,8.422748960412729e-05,0.0,8.422748960412729e-05,73.40976313277882,0.0,0.0,26,6,8
3,9,5,16.505885455529764,18.765350079846908,success,6,16.505885455529764,18.29448708959334,success,,0.9,0.014410630963079218,0.010616128525679757,1.6,1.411764705882353,0.02279322792422354,0.01487572234987432,0.00033906573005815157,0.9996609342699418,True,60.753851484865336,1.7886016340635749,0.09966093426994183,0.0,0.09966093426994183,60.753851484865336,0.0,0.0,22,5,6
3,10,1,16.77222667246957,18.389215135416997,success,3,16.77222667246957,18.111883899729587,success,,0.999,0.023216723348204564,0.03082835302631084,1.1,0.9166666666666666,0.025215049286781123,0.02786376376475906,0.0007025861766436257,0.9992974138233564,True,75.27161088486892,1.339657227260016,0.0002974138233563517,0.0,0.0002974138233563517,75.27161088486892,0.0,0.0,1,1,3
3,11,5,17.56077659619049,,,8,17.56077659619049,19.76648159586357,success,,0.9999,0.014410630963079218,0.0010514756248394465,2.6666666666666665,2.0,0.03769934815228611,0.0021007415969017257,7.919658883958764e-05,0.9999208034111604,True,51.22856342993059,2.205704999673081,2.080341116039719e-05,0.0,2.080341116039719e-05,51.22856342993059,0.0,0.0,24,5,8
3,12,3,19.41067589967189,,,6,19.41067589967189,21.217571244588093,success,,0.999,0.03082835302631084,0.010616128525679757,1.9166666666666667,1.3529411764705883,0.05737588057576689,0.014260341638951578,0.0008181996588461217,0.9991818003411539,True,60.27159063397669,1.806895344916203,0.00018180034115389265,0.0,0.00018180034115389265,60.27159063397669,0.0,0.0,15,3,6
3,13,4,19.474326187967783,20.706274893694097,success,8,19.474326187967783,20.52224924655725,success,,0.999,0.010863452097554521,0.0010514756248394465,1.0,0.7,0.010804657897075205,0.0007357621315898901,7.949658125451591e-06,0.9999920503418745,True,88.80666073461917,1.0479230585894683,0.0009920503418745508,0.0,0.0009920503418745508,88.80666073461917,0.0,0.0,21,4,8
3,14,3,19.80733712662315,,,8,19.80733712662315,21.322249246557252,success,,0.9,0.03082835302631084,0.0010514756248394465,1.3333333333333333,0.8,0.04027113883729833,0.0008408268067350832,3.3861053072150746e-05,0.9999661389469279,True,68.90456327369522,1.5149121199341025,0.09996613894692785,0.0,0.09996613894692785,68.90456327369522,0.0,0.0,17,3,8
3,15,2,20.36226759229166,21.138358137862255,success,4,20.36226759229166,21.206274893694097,success,,0.999,0.17132821426540978,0.010863452097554521,0.6363636363636364,0.5,0.10329383464396741,0.005417000897901535,0.0005595427950140641,0.999440457204986,True,106.75073833004384,0.7760905455705966,0.00044045720498597785,0.0,0.00044045720498597785,106.75073833004384,0.0,0.0,8,2,4
3,16,3,21.083746208495217,,,5,21.083746208495217,21.916687914478267,success,,0.99,0.03082835302631084,0.014410630963079218,0.5833333333333334,0.4666666666666667,0.017822473024043824,0.0067023991694990835,0.00011945332839477114,0.9998805466716052,True,102.39433165399689,0.8329417059830497,0.009880546671605206,0.0,0.009880546671605206,102.39433165399689,0.0,0.0,14,3,5
3,17,3,21.12549188307451,,,7,21.12549188307451,22.203469265966085,success,,0.99,0.03082835302631084,0.010283990677723063,1.1666666666666667,0.7777777777777778,0.035327305503394885,0.0079667552599422,0.00028144399693875625,0.9997185560030613,True,87.19452337247374,1.077977382891575,0.009718556003061263,0.0,0.009718556003061263,87.19452337247374,0.0,0.0,16,3,7
3,18,5,21.59112863981565,24.990651934530646,success,8,21.59112863981565,24.063033058514538,success,,0.9,0.014410630963079218,0.0010514756248394465,2.466666666666667,1.85,0.03492187564792186,0.0019433391724286416,6.78650489212884e-05,0.9999321349510787,True,46.41680438859635,2.4719044186988874,0.09993213495107867,0.0,0.09993213495107867,46.41680438859635,0.0,0.0,24,5,8
3,19,4,22.579087427392345,26.1529172086976,success,5,22.579087427392345,,,,0.9,0.010863452097554521,0.014410630963079218,3.2142857142857144,3.0,0.03431563153938096,0.04231071701932334,0.001451918975402115,0.9985480810245979,True,32.65793666198042,3.5738297813052533,0.09854808102459789,0.0,0.09854808102459789,32.65793666198042,0.0,0.0,18,4,5
3,20,6,27.67143738448303,29.101060067102896,success,8,27.67143738448303,28.985408945578758,success,,0.9999,0.010616128525679757,0.0010514756248394465,1.1176470588235294,0.95,0.011794972274963745,0.0009984031072276184,1.1776136968987415e-05,0.999988223863031,True,76.29947763100759,1.3139715610957268,8.82238630309784e-05,0.0,8.82238630309784e-05,76.29947763100759,0.0,0.0,26,6,8
3,21,7,30.37901740389103,32.52865206021899,success,8,30.37901740389103,32.42840849777095,success,,0.9,0.010283990677723063,0.0010514756248394465,2.0,1.8,0.020357903186817586,0.0018908661805354873,3.849407064256899e-05,0.9999615059293574,True,54.4703115595285,2.0493910938799225,0.09996150592935737,0.0,0.09996150592935737,54.4703115595285,0.0,0.0,27,7,8
3,22,7,34.012598946114785,36.597514004178535,success,8,34.012598946114785,36.4467166354803,success,,0.9,0.010283990677723063,0.0010514756248394465,2.4444444444444446,2.2,0.02482529934764828,0.0023105728821314953,5.736066346347282e-05,0.9999426393365365,True,47.05206710552869,2.4341176893655145,0.09994263933653647,0.0,0.09994263933653647,47.05206710552869,0.0,0.0,27,7,8
3,23,2,35.3998190138926,36.650912252505385,success,3,35.3998190138926,36.699519160210315,success,,0.99,0.17132821426540978,0.03082835302631084,0.9090909090909091,0.8333333333333334,0.14422939370918803,0.025363106418930765,0.003658105461383999,0.996341894538616,True,78.93332041116885,1.251093238612782,0.006341894538616,0.0,0.006341894538616,78.93332041116885,0.0,0.0,7,2,3
3,24,3,40.309641826040874,43.74900311631788,success,8,40.309641826040874,42.4332230087948,success,,0.9,0.03082835302631084,0.0010514756248394465,3.25,1.95,0.09533642736048627,0.0020482768804667368,0.00019527540002878046,0.9998047245999713,True,52.888573872851396,2.1235811827539237,0.09980472459997125,0.0,0.09980472459997125,52.888573872851396,0.0,0.0,17,3,8
3,25,5,41.27373915500573,44.15814626030767,success,8,41.27373915500573,43.9332230087948,success,,0.9999,0.014410630963079218,0.0010514756248394465,2.0,1.5,0.028409890907647752,0.001575970289801352,4.477314400695043e-05,0.999955226855993,True,43.4660569600216,2.6594838537890695,5.522685599301802e-05,0.0,5.522685599301802e-05,43.4660569600216,0.0,0.0,24,5,8
3,26,5,41.704384155034965,,,8,41.704384155034965,44.7832230087948,success,,0.9999,0.014410630963079218,0.0010514756248394465,1.1333333333333333,0.85,0.01619940362412114,0.0008933550017174407,1.4471818252448258e-05,0.9999855281817476,True,37.886785368247054,3.0788388537598337,8.552818174756283e-05,0.0,8.552818174756283e-05,37.886785368247054,0.0,0.0,24,5,8
3,27,4,44.586688573305985,,,5,44.586688573305985,48.24416796903166,success,,0.99,0.010863452097554521,0.014410630963079218,2.9285714285714284,2.7333333333333334,0.03131364198859021,0.03862339484930359,0.001209439158695052,0.9987905608413049,True,31.887456299310323,3.657479395725673,0.008790560841304917,0.0,0.008790560841304917,31.887456299310323,0.0,0.0,18,4,5
3,28,4,44.78837252569689,46.408205312481876,success,7,44.78837252569689,46.0716188592002,success,,0.9,0.010863452097554521,0.010283990677723063,1.4285714285714286,1.1111111111111112,0.015399414777397554,0.011361620022845905,0.00017496229927498917,0.9998250377007251,True,77.56495695072742,1.2832463335033069,0.09982503770072504,0.0,0.09982503770072504,77.56495695072742,0.0,0.0,20,4,7
3,29,1,45.98185185318601,50.019718114637406,success,4,45.98185185318601,51.76534816962474,success,,0.99,0.023216723348204564,0.010863452097554521,3.4,2.4285714285714284,0.07590172926278756,0.026037687265987812,0.001976305489492138,0.9980236945105079,True,28.716628822658485,4.0378662614513985,0.008023694510507884,0.0,0.008023694510507884,28.716628822658485,0.0,0.0,2,1,4
3,30,7,48.702868647797686,50.72078125433378,success,8,48.702868647797686,50.703093362394874,success,,0.9999,0.010283990677723063,0.0010514756248394465,1.7777777777777777,1.6,0.018116536320298752,0.001680946623751242,3.0452930561672938e-05,0.9999695470694383,True,55.56476862278422,2.000224714597188,6.954706943829159e-05,0.0,6.954706943829159e-05,55.56476862278422,0.0,0.0,27,7,8
3,31,6,49.48195150698964,51.73751575172028,success,8,49.48195150698964,52.303093362394875,success,,0.999,0.010616128525679757,0.0010514756248394465,1.8823529411764706,1.6,0.019784957978014404,0.001680946623751242,3.3257458314203514e-05,0.9999667425416858,True,50.2640608664325,2.2555642447306425,0.0009667425416858277,0.0,0.0009667425416858277,50.2640608664325,0.0,0.0,26,6,8
3,32,4,49.58276325768741,54.62249102676759,success,8,49.58276325768741,54.303093362394875,success,,0.999,0.010863452097554521,0.0010514756248394465,2.857142857142857,2.0,0.03056168757930878,0.0021007415969017257,6.420220836936876e-05,0.9999357977916307,True,24.119512147558787,4.720330104707465,0.0009357977916306659,0.0,0.0009357977916306659,24.119512147558787,0.0,0.0,21,4,8
3,33,4,57.54695019978547,59.666722208804146,success,7,57.54695019978547,59.23649103964831,success,,0.99,0.010863452097554521,0.010283990677723063,1.7857142857142858,1.3888888888888888,0.019212071418489716,0.014181797700237638,0.00027246171025953873,0.9997275382897405,True,63.4909724758833,1.6895408398628362,0.00972753828974049,0.0,0.00972753828974049,63.4909724758833,0.0,0.0,20,4,7
3,34,6,58.51976695031484,59.95600204373834,success,8,58.51976695031484,59.878707892642254,success,,0.9999,0.010616128525679757,0.0010514756248394465,1.0,0.85,0.010559976315270283,0.0008933550017174407,9.433807659264417e-06,0.9999905661923407,True,74.5171772551899,1.3589409423274148,9.056619234071306e-05,0.0,9.056619234071306e-05,74.5171772551899,0.0,0.0,26,6,8
3,35,1,61.139739476495,63.59238373685102,success,7,61.139739476495,62.47565161587743,success,,0.99,0.023216723348204564,0.010283990677723063,2.2,1.2222222222222223,0.04979429986302744,0.012490657941732828,0.0006219635670371496,0.9993780364329629,True,75.41982386322519,1.3359121393824296,0.009378036432962866,0.0,0.009378036432962866,75.41982386322519,0.0,0.0,5,1,7
3,36,5,61.7261912385192,63.38274476292155,success,6,61.7261912385192,63.00444591352782,success,,0.99,0.014410630963079218,0.010616128525679757,1.0666666666666667,0.9411764705882353,0.015253803651400298,0.009941899673566837,0.00015165178554250923,0.9998483482144574,True,77.77437472945928,1.2782546750086183,0.009848348214457459,0.0,0.009848348214457459,77.77437472945928,0.0,0.0,22,5,6
3,37,1,68.2967724372261,69.37376808233165,success,2,68.2967724372261,69.09751527883488,success,,0.999,0.023216723348204564,0.17132821426540978,0.5,0.45454545454545453,0.01154124460117879,0.07492129724503332,0.0008646850173425522,0.9991353149826574,True,104.81397932211914,0.8007428416087805,0.0001353149826573974,0.0,0.0001353149826573974,104.81397932211914,0.0,0.0,0,1,2
3,38,2,76.15613025945036,77.92075234665734,success,8,76.15613025945036,77.40736241391363,success,,0.99,0.17132821426540978,0.0010514756248394465,1.3636363636363635,0.75,0.20834483767666434,0.0007882958500742981,0.00016423737092491778,0.999835762629075,True,78.92730798074834,1.251232154463267,0.00983576262907504,0.0,0.00983576262907504,78.92730798074834,0.0,0.0,12,2,8
3,39,1,78.85249147155831,81.62967294070826,success,8,78.85249147155831,80.41037757342077,success,,0.9999,0.023216723348204564,0.0010514756248394465,2.1,1.05,0.04758567071210434,0.0011034401677662445,5.2507940473833675e-05,0.9999474920595262,True,67.49512966187139,1.557886101862465,4.7492059526144104e-05,0.0,4.7492059526144104e-05,67.49512966187139,0.0,0.0,6,1,8
3,40,6,82.57525445473735,85.51311597093232,success,8,82.57525445473735,85.18315171382756,success,,0.9,0.010616128525679757,0.0010514756248394465,2.588235294117647,2.2,0.027102978564105235,0.0023105728821314953,6.262340729521277e-05,0.9999373765927048,True,44.24562455487809,2.6078972590902083,0.09993737659270474,0.0,0.09993737659270474,44.24562455487809,0.0,0.0,26,6,8
3,41,3,83.82429711409635,84.7003486568757,success,7,83.82429711409635,84.36445879595833,success,,0.999,0.03082835302631084,0.010283990677723063,0.5,0.3333333333333333,0.015295986142687035,0.0034221280193016718,5.23448227617394e-05,0.9999476551772383,True,130.27633209416092,0.5401616818619743,0.0009476551772382713,0.0,0.0009476551772382713,130.27633209416092,0.0,0.0,16,3,7
3,42,3,86.82288636030012,89.20537366944636,success,4,86.82288636030012,88.79141696456675,success,,0.99,0.03082835302631084,0.010863452097554521,2.0833333333333335,1.7857142857142858,0.06220671757316189,0.019212071418489716,0.0011951199007254054,0.9988048800992746,True,56.29097080678224,1.9685306042666326,0.008804880099274603,0.0,0.008804880099274603,56.29097080678224,0.0,0.0,13,3,4
3,43,6,87.91703381573282,89.08682353820294,success,8,87.91703381573282,88.98374927626168,success,,0.99,0.010616128525679757,0.0010514756248394465,0.9411764705882353,0.8,0.009941899673566837,0.0008408268067350832,8.359415755405769e-06,0.9999916405842446,True,87.79169039072286,1.0667154605288545,0.009991640584244621,0.0,0.009991640584244621,87.79169039072286,0.0,0.0,26,6,8
3,44,6,91.98087372814342,94.77560130952429,success,8,91.98087372814342,94.47766374955836,success,,0.99,0.010616128525679757,0.0010514756248394465,2.411764705882353,2.05,0.02527861138945739,0.002153203555140694,5.4429995912799694e-05,0.9999455700040872,True,46.00628793192761,2.496790021414938,0.009945570004087245,0.0,0.009945570004087245,46.00628793192761,0.0,0.0,26,6,8
3,45,3,93.1461666067725,93.98440093948743,success,7,93.1461666067725,93.65580660087682,success,,0.9,0.03082835302631084,0.010283990677723063,0.4166666666666667,0.2777777777777778,0.012763000297765767,0.0028525876948626103,3.640757759893446e-05,0.9999635924224011,True,134.22834291389475,0.5096399941043188,0.09996359242240105,0.0,0.09996359242240105,134.22834291389475,0.0,0.0,16,3,7
3,46,6,93.21618208821289,97.18736601540664,success,8,93.21618208821289,96.52766374955836,success,,0.9999,0.010616128525679757,0.0010514756248394465,2.411764705882353,2.05,0.02527861138945739,0.002153203555140694,5.4429995912799694e-05,0.9999455700040872,True,35.27485783218986,3.311481661345468,4.5570004087225335e-05,0.0,4.5570004087225335e-05,35.27485783218986,0.0,0.0,26,6,8
3,47,3,98.07414481794275,102.34560495850401,success,4,98.07414481794275,101.66860855463496,success,,0.9,0.03082835302631084,0.010863452097554521,4.0,3.4285714285714284,0.11601343295044057,0.03656101685972299,0.0042415690780554,0.9957584309219446,True,32.465189578655995,3.594463736692205,0.09575843092194458,0.0,0.09575843092194458,32.465189578655995,0.0,0.0,13,3,4
3,48,3,98.60414360917568,104.17893829183734,success,7,98.60414360917568,100.21230114409941,success,,0.999,0.03082835302631084,0.010283990677723063,1.8333333333333333,1.2222222222222223,0.05495113819837982,0.012490657941732828,0.000686375870744851,0.9993136241292552,True,65.91273648083988,1.608157534923734,0.00031362412925517447,0.0,0.00031362412925517447,65.91273648083988,0.0,0.0,16,3,7
3,49,1,104.97193517165296,,,7,104.97193517165296,107.14490350059981,success,,0.9,0.023216723348204564,0.010283990677723063,3.3,1.8333333333333333,0.07375378342456154,0.018677358340758808,0.0013775258420072533,0.9986224741579928,True,51.87933528346194,2.172968328946851,0.09862247415799275,0.0,0.09862247415799275,51.87933528346194,0.0,0.0,5,1,7
3,50,2,106.48054988750094,107.58535325202249,success,8,106.48054988750094,107.35246318406196,success,,0.999,0.17132821426540978,0.0010514756248394465,0.7272727272727273,0.4,0.11715209183488438,0.00042050181425543764,4.926266716038853e-05,0.9999507373328396,True,99.61907662756481,0.8719132965610186,0.0009507373328395685,0.0,0.0009507373328395685,99.61907662756481,0.0,0.0,12,2,8
3,51,5,107.20867015463192,109.72439710528346,success,6,107.20867015463192,109.14370740374372,success,,0.999,0.014410630963079218,0.010616128525679757,1.6,1.411764705882353,0.02279322792422354,0.01487572234987432,0.00033906573005815157,0.9996609342699418,True,57.07679670538298,1.9350372491118009,0.0006609342699418486,0.0,0.0006609342699418486,57.07679670538298,0.0,0.0,22,5,6
3,52,3,108.78003360150205,110.32956994275658,success,4,108.78003360150205,109.93199893173961,success,,0.99,0.03082835302631084,0.010863452097554521,0.8333333333333334,0.7142857142857143,0.025363106418930765,0.00772958059679999,0.00019604617525034054,0.9998039538247496,True,83.46413655453401,1.1519653302375588,0.009803953824749634,0.0,0.009803953824749634,83.46413655453401,0.0,0.0,13,3,4
3,53,1,108.99255310529712,109.95065992422467,success,8,108.99255310529712,109.58613321949278,success,,0.9,0.023216723348204564,0.0010514756248394465,0.5,0.25,0.01154124460117879,0.00026283435920611297,3.033435629191838e-06,0.9999969665643708,True,123.96923826441694,0.5935801141956603,0.09999696656437074,0.0,0.09999696656437074,123.96923826441694,0.0,0.0,6,1,8
3,54,6,112.84166919138252,114.90378357549604,success,8,112.84166919138252,114.68864577676985,success,,0.999,0.010616128525679757,0.0010514756248394465,1.7647058823529411,1.5,0.01855994739563074,0.001575970289801352,2.924992567579003e-05,0.9999707500743242,True,59.238634792113594,1.8469765853873241,0.0009707500743242337,0.0,0.0009707500743242337,59.238634792113594,0.0,0.0,26,6,8
3,55,3,113.8138497932875,116.72455843528516,success,5,113.8138497932875,116.52232417603427,success,,0.99,0.03082835302631084,0.014410630963079218,2.25,1.8,0.0670127971029571,0.02560560639600915,0.0017159033061139417,0.9982840966938861,True,42.74662288979607,2.708474382746772,0.008284096693886078,0.0,0.008284096693886078,42.74662288979607,0.0,0.0,14,3,5
3,56,1,115.0288773451999,119.6964655331137,success,5,115.0288773451999,119.32232417603427,success,,0.99,0.023216723348204564,0.014410630963079218,4.2,2.8,0.09290694536708785,0.03954655423288464,0.00367414955357119,0.9963258504464289,True,26.850622328791484,4.29344683083437,0.00632585044642886,0.0,0.00632585044642886,26.850622328791484,0.0,0.0,3,1,5
3,57,3,116.82967314533843,118.40840162196322,success,6,116.82967314533843,117.97031274672008,success,,0.99,0.03082835302631084,0.010616128525679757,1.25,0.8823529411764706,0.03780239738191945,0.009323436935964827,0.0003524482680186079,0.9996475517319814,True,84.0144951529102,1.1406396013816504,0.009647551731981396,0.0,0.009647551731981396,84.0144951529102,0.0,0.0,15,3,6
3,58,2,116.93437561325098,119.38096519502261,success,8,116.93437561325098,118.46533986319278,success,,0.99,0.17132821426540978,0.0010514756248394465,2.1818181818181817,1.2,0.31189030471899304,0.0012609750517928139,0.0003932858931467087,0.9996067141068533,True,68.37174905579128,1.5309642499418032,0.00960671410685332,0.0,0.00960671410685332,68.37174905579128,0.0,0.0,12,2,8
3,59,1,117.66465763100508,,,7,117.66465763100508,119.91091771752734,success,,0.9,0.023216723348204564,0.010283990677723063,3.5,1.9444444444444444,0.07804469405899536,0.019798041591110847,0.0015451320989455118,0.9984548679010545,True,50.44166411435499,2.2462600865222555,0.09845486790105451,0.0,0.09845486790105451,50.44166411435499,0.0,0.0,5,1,7
3,60,1,122.6115698150417,125.49646553311369,success,7,122.6115698150417,124.08660591983664,success,,0.999,0.023216723348204564,0.010283990677723063,2.3,1.2777777777777777,0.05199780724858403,0.013054693293098068,0.000678815425543896,0.9993211845744561,True,70.26225668757434,1.4750361047949383,0.0003211845744560682,0.0,0.0003211845744560682,70.26225668757434,0.0,0.0,5,1,7
3,61,5,127.91876142667415,,,8,127.91876142667415,130.54921976491914,success,,0.9999,0.014410630963079218,0.0010514756248394465,3.0,2.25,0.04231071701932334,0.0023630238090363593,9.998123169406095e-05,0.9999000187683059,True,43.90184418336744,2.630458338244992,1.8768305909411254e-08,0.0,1.8768305909411254e-08,43.90184418336744,0.0,0.0,24,5,8
3,62,5,130.77685354890423,132.66351049347145,success,6,130.77685354890423,132.14513930994542,success,,0.999,0.014410630963079218,0.010616128525679757,0.9333333333333333,0.8235294117647058,0.013359876184370865,0.008704587861280503,0.00011629221606268512,0.9998837077839373,True,74.15674635647993,1.368285761041193,0.0008837077839373153,0.0,0.0008837077839373153,74.15674635647993,0.0,0.0,22,5,6
3,63,1,132.7151036255386,134.23826684849678,success,8,132.7151036255386,133.58247604275724,success,,0.999,0.023216723348204564,0.0010514756248394465,1.1,0.55,0.025215049286781123,0.0005781444037428565,1.4577939635252811e-05,0.9999854220603648,True,99.93427812052693,0.8673724172186326,0.0009854220603647823,0.0,0.0009854220603647823,99.93427812052693,0.0,0.0,6,1,8
3,64,1,132.94429476413868,135.5382668484968,success,4,132.94429476413868,134.06305337771124,success,,0.99,0.023216723348204564,0.010863452097554521,1.3,0.9285714285714286,0.029730819539280418,0.010036783142792568,0.0002984017883732576,0.9997015982116267,True,85.09837726530044,1.1187586135725667,0.00970159821162675,0.0,0.00970159821162675,85.09837726530044,0.0,0.0,2,1,4
3,65,4,133.54546399494774,137.20591052056838,success,6,133.54546399494774,136.50459171359208,success,,0.99,0.010863452097554521,0.010616128525679757,3.142857142857143,2.588235294117647,0.033566007460511076,0.027102978564105235,0.0009097387806848281,0.9990902612193152,True,39.354605895702235,2.959127718644339,0.009090261219315221,0.0,0.009090261219315221,39.354605895702235,0.0,0.0,19,4,6
3,66,1,137.58956028776439,138.74349646958373,success,4,137.58956028776439,138.3593855215312,success,,0.99,0.023216723348204564,0.010863452097554521,0.9,0.6428571428571429,0.020678261999644402,0.006959318776863233,0.00014390661700702275,0.999856093382993,True,107.25527453482589,0.7698252337668237,0.009856093382992981,0.0,0.009856093382992981,107.25527453482589,0.0,0.0,2,1,4
3,67,2,138.23381378030706,141.12347615986624,success,6,138.23381378030706,140.32682484778738,success,,0.99,0.17132821426540978,0.010616128525679757,2.3636363636363638,1.5294117647058822,0.33299490696071266,0.016105331496028594,0.005362993363091477,0.9946370066369086,True,53.53050811875287,2.093011067480319,0.0046370066369085805,0.0,0.0046370066369085805,53.53050811875287,0.0,0.0,10,2,6
3,68,3,144.25661254477924,,,4,144.25661254477924,145.86029658973715,success,,0.99,0.03082835302631084,0.010863452097554521,1.5,1.2857142857142858,0.04518963561075714,0.013870205435888466,0.0006267895294941426,0.9993732104705059,True,66.050766724898,1.6036840449579017,0.009373210470505877,0.0,0.009373210470505877,66.050766724898,0.0,0.0,13,3,4
3,69,4,144.38106644588274,,,5,144.38106644588274,145.9543834392189,success,,0.999,0.010863452097554521,0.014410630963079218,1.0714285714285714,1.0,0.011571937041714752,0.014307294796013899,0.00016556311461672594,0.9998344368853833,True,67.00200807838027,1.5733169933361637,0.0008344368853833162,0.0,0.0008344368853833162,67.00200807838027,0.0,0.0,18,4,5
3,70,5,145.20388465532181,147.84525113462473,success,8,145.20388465532181,147.10924008596822,success,,0.9999,0.014410630963079218,0.0010514756248394465,1.7333333333333334,1.3,0.024669047386586426,0.0013659845049829404,3.3697536482766956e-05,0.9999663024635173,True,57.789583795466015,1.9053554306464093,6.630246351724267e-05,0.0,6.630246351724267e-05,57.789583795466015,0.0,0.0,24,5,8
3,71,7,146.1937910800179,147.9261214808,success,8,146.1937910800179,148.45924008596822,success,,0.9999,0.010283990677723063,0.0010514756248394465,1.5,1.35,0.01530761493945011,0.0014184850911651086,2.171362357290627e-05,0.999978286376427,True,62.28180549366457,1.7323304007821037,7.828637642703917e-05,0.0,7.828637642703917e-05,62.28180549366457,0.0,0.0,27,7,8
3,72,3,146.32943836445614,147.62571178764586,success,6,146.32943836445614,147.2614543174105,success,,0.999,0.03082835302631084,0.010616128525679757,1.0833333333333333,0.7647058823529411,0.032845846866326675,0.008085352208179453,0.0002655702404901786,0.9997344297595098,True,95.63426890884566,0.932015952954373,0.0007344297595097693,0.0,0.0007344297595097693,95.63426890884566,0.0,0.0,15,3,6
3,73,3,150.38314037861315,152.34391155743012,success,8,150.38314037861315,151.6527361814176,success,,0.9999,0.03082835302631084,0.0010514756248394465,1.6666666666666667,1.0,0.05008292567064352,0.001050923018045792,5.263329939835575e-05,0.9999473667006017,True,78.14024648177895,1.2695958028044458,4.736670060168091e-05,0.0,4.736670060168091e-05,78.14024648177895,0.0,0.0,17,3,8
3,74,1,153.38152519462872,155.41048916081152,success,2,153.38152519462872,154.9698126652475,success,,0.9,0.023216723348204564,0.17132821426540978,1.2,1.0909090909090908,0.02747555544656986,0.17047622380006072,0.004683928939340421,0.9953160710606596,True,66.52992546244026,1.5882874706187806,0.09531607106065954,0.0,0.09531607106065954,66.52992546244026,0.0,0.0,0,1,2
3,75,5,153.71135242165047,156.08685856967645,success,6,153.71135242165047,155.52480691520032,success,,0.999,0.014410630963079218,0.010616128525679757,1.4666666666666666,1.2941176470588236,0.020913800764754402,0.013644576516205917,0.00028535995477937725,0.9997146400452206,True,60.10034953575406,1.8134544935498411,0.0007146400452205937,0.0,0.0007146400452205937,60.10034953575406,0.0,0.0,22,5,6
3,76,6,164.62801447553696,165.78587926458218,success,8,164.62801447553696,165.69944496471717,success,,0.9999,0.010616128525679757,0.0010514756248394465,0.8823529411764706,0.75,0.009323436935964827,0.0007882958500742981,7.349626645050503e-06,0.9999926503733549,True,87.54067959183521,1.0714304891802158,9.265037335492998e-05,0.0,9.265037335492998e-05,87.54067959183521,0.0,0.0,26,6,8
3,77,5,165.2853434884071,168.4307721942473,success,8,165.2853434884071,167.59944496471718,success,,0.9999,0.014410630963079218,0.0010514756248394465,2.533333333333333,1.9,0.035848589405684625,0.0019958094056907153,7.15469519166099e-05,0.9999284530480834,True,49.17083094774072,2.3141014763100713,2.8453048083409982e-05,0.0,2.8453048083409982e-05,49.17083094774072,0.0,0.0,24,5,8
3,78,2,166.90248990071333,168.20453092884642,success,8,166.90248990071333,168.1494449647172,success,,0.99,0.17132821426540978,0.0010514756248394465,1.0,0.55,0.1574550072006446,0.0005781444037428565,9.103173125434384e-05,0.9999089682687456,True,79.11283352740081,1.2469550640038563,0.009908968268745655,0.0,0.009908968268745655,79.11283352740081,0.0,0.0,12,2,8
3,79,3,169.1604289103461,173.85134820030447,success,4,169.1604289103461,173.0522340848974,success,,0.9,0.03082835302631084,0.010863452097554521,4.166666666666667,3.5714285714285716,0.12054375943509665,0.03805503914879028,0.0045872974844449604,0.995412702515555,True,29.87386906573113,3.8918051745513083,0.095412702515555,0.0,0.095412702515555,29.87386906573113,0.0,0.0,13,3,4
3,80,3,169.73962268074806,,,8,169.73962268074806,171.03576662240368,success,,0.9999,0.03082835302631084,0.0010514756248394465,1.6666666666666667,1.0,0.05008292567064352,0.001050923018045792,5.263329939835575e-05,0.9999473667006017,True,77.0288583199636,1.2961439416556289,4.736670060168091e-05,0.0,4.736670060168091e-05,77.0288583199636,0.0,0.0,17,3,8
3,81,4,170.15818809356415,175.69509122775455,success,5,170.15818809356415,173.1999752907979,success,,0.99,0.010863452097554521,0.014410630963079218,2.642857142857143,2.466666666666667,0.028302320256853614,0.03492187564792186,0.0009883701085575019,0.9990116298914425,True,38.331478769983946,3.0417871972337593,0.009011629891442552,0.0,0.009011629891442552,38.331478769983946,0.0,0.0,18,4,5
3,82,1,170.19747076648247,171.19714824727413,success,4,170.19747076648247,,,,0.99,0.023216723348204564,0.010863452097554521,0.5,0.35714285714285715,0.01154124460117879,0.0038722876040442125,4.4691018404386816e-05,0.9999553089815956,True,91.52422671230279,0.9996774807916609,0.009955308981595579,0.0,0.009955308981595579,91.52422671230279,0.0,0.0,2,1,4
3,83,4,170.70937463692727,177.69509122775455,success,6,170.70937463692727,172.45579618077207,success,,0.999,0.010863452097554521,0.010616128525679757,1.6428571428571428,1.3529411764705883,0.017688783615357737,0.014260341638951578,0.0002522480975324904,0.9997477519024676,True,61.89271383625311,1.7464215438448036,0.0007477519024675638,0.0,0.0007477519024675638,61.89271383625311,0.0,0.0,19,4,6
3,84,3,172.054921501355,178.10134820030447,success,6,172.054921501355,174.4016169524015,success,,0.9,0.03082835302631084,0.010616128525679757,2.5833333333333335,1.8235294117647058,0.0765511906258678,0.019172643934901475,0.0014676887206625307,0.9985323112793375,True,48.57959369371112,2.346695451046486,0.09853231127933748,0.0,0.09853231127933748,48.57959369371112,0.0,0.0,15,3,6
3,85,6,186.5200779141628,188.85074127038658,success,8,186.5200779141628,188.58722437877682,success,,0.9999,0.010616128525679757,0.0010514756248394465,2.0588235294117645,1.75,0.021619607517520387,0.0018383904298662171,3.97452795576732e-05,0.9999602547204424,True,54.08431517059194,2.0671464646140123,6.025472044235425e-05,0.0,6.025472044235425e-05,54.08431517059194,0.0,0.0,26,6,8
3,86,5,186.64594287236054,190.04892272261986,success,8,186.64594287236054,190.68722437877682,success,,0.999,0.014410630963079218,0.0010514756248394465,2.8,2.1,0.03954655423288464,0.002205662755328649,8.722636177305819e-05,0.999912773638227,True,34.32560085408924,3.402979850259328,0.0009127736382269491,0.0,0.0009127736382269491,34.32560085408924,0.0,0.0,24,5,8
3,87,6,189.11221827056266,191.28229823481763,success,8,189.11221827056266,,,,0.9999,0.010616128525679757,0.0010514756248394465,1.7058823529411764,1.45,0.017946868121267116,0.001523477983429214,2.7341658454258072e-05,0.9999726583415457,True,51.9374387145262,2.170079964254967,7.265834154568385e-05,0.0,7.265834154568385e-05,51.9374387145262,0.0,0.0,26,6,8
3,88,7,189.94126639805222,190.53971025026252,success,8,189.94126639805222,,,,0.9999,0.010283990677723063,0.0010514756248394465,0.3333333333333333,0.3,0.0034221280193016718,0.0003153929406381942,1.0793150192479131e-06,0.9999989206849808,True,123.42940884409592,0.5984438522102948,9.892068498074114e-05,0.0,9.892068498074114e-05,123.42940884409592,0.0,0.0,27,7,8
3,89,5,191.94533194703982,194.61866863136208,success,8,191.94533194703982,193.98722437877683,success,,0.9999,0.014410630963079218,0.0010514756248394465,2.066666666666667,1.55,0.029342857781813104,0.001628459836527001,4.77836653866064e-05,0.9999522163346134,True,54.63478065262518,2.0418924317370113,5.221633461338637e-05,0.0,5.221633461338637e-05,54.63478065262518,0.0,0.0,24,5,8
3,90,1,194.9136024300662,197.1956578170515,success,6,194.9136024300662,196.29324307800212,success,,0.9,0.023216723348204564,0.010616128525679757,1.6,0.9411764705882353,0.03646528083651039,0.009941899673566837,0.00036253416364502567,0.9996374658363549,True,73.72322788770565,1.379640647935929,0.09963746583635491,0.0,0.09963746583635491,73.72322788770565,0.0,0.0,4,1,6
3,91,3,194.98324338075406,196.79310904071016,success,4,194.98324338075406,196.35580678670607,success,,0.99,0.03082835302631084,0.010863452097554521,1.0833333333333333,0.9285714285714286,0.032845846866326675,0.010036783142792568,0.00032966664213869367,0.9996703333578613,True,73.99286221257637,1.3725634059520075,0.009670333357861272,0.0,0.009670333357861272,73.99286221257637,0.0,0.0,13,3,4
3,92,4,198.32442544681754,200.74385673266383,success,8,198.32442544681754,200.29642951844409,success,,0.999,0.010863452097554521,0.0010514756248394465,2.0714285714285716,1.45,0.02225156411784774,0.001523477983429214,3.3899768030404535e-05,0.9999661002319696,True,56.21056943896119,1.972004071626543,0.0009661002319696355,0.0,0.0009661002319696355,56.21056943896119,0.0,0.0,21,4,8
3,93,5,198.37740155949658,202.12922454236306,success,8,198.37740155949658,202.39642951844408,success,,0.999,0.014410630963079218,0.0010514756248394465,2.8,2.1,0.03954655423288464,0.002205662755328649,8.722636177305819e-05,0.999912773638227,True,31.052070425120803,3.7518229828664857,0.0009127736382269491,0.0,0.0009127736382269491,31.052070425120803,0.0,0.0,24,5,8
3,94,4,205.51350891691447,209.29020518171083,success,8,205.51350891691447,208.37855331410898,success,,0.999,0.010863452097554521,0.0010514756248394465,3.5,2.45,0.0373083178299487,0.0025727999433947345,9.598683800104478e-05,0.999904013161999,True,40.57431699313524,2.8650443971945094,0.0009040131619989511,0.0,0.0009040131619989511,40.57431699313524,0.0,0.0,21,4,8
3,95,6,206.8163884851009,209.8128756456744,success,8,206.8163884851009,210.678553314109,success,,0.9999,0.010616128525679757,0.0010514756248394465,2.7058823529411766,2.3,0.02831732593424354,0.002415471978470152,6.839970729937138e-05,0.9999316002927007,True,38.88676108065829,2.9964871605735084,3.1600292700662e-05,0.0,3.1600292700662e-05,38.88676108065829,0.0,0.0,26,6,8
3,96,2,210.76981767416453,215.80269166418427,success,6,210.76981767416453,214.23322926392976,success,,0.9,0.17132821426540978,0.010616128525679757,4.545454545454546,2.9411764705882355,0.5410273286778563,0.030741475406215305,0.016631978318640685,0.9833680216813593,True,33.72066291800343,3.4634115897652293,0.08336802168135926,0.0,0.08336802168135926,33.72066291800343,0.0,0.0,10,2,6
3,97,1,214.0462671759596,,,5,214.0462671759596,215.68596594359883,success,,0.999,0.023216723348204564,0.014410630963079218,1.7,1.1333333333333333,0.038699697941786536,0.01619940362412114,0.0006269120270905703,0.9993730879729095,True,64.95437704186715,1.6396987676392314,0.0003730879729094694,0.0,0.0003730879729094694,64.95437704186715,0.0,0.0,3,1,5
3,98,4,216.1106911906476,216.88631888679316,success,5,216.1106911906476,217.38561541173704,success,,0.9999,0.010863452097554521,0.014410630963079218,0.35714285714285715,0.3333333333333333,0.0038722876040442125,0.004792025089230619,1.8556099351296585e-05,0.9999814439006487,True,106.78783623556626,0.7756276961455626,8.144390064868112e-05,0.0,8.144390064868112e-05,106.78783623556626,0.0,0.0,18,4,5
3,99,2,219.64120402917965,,,5,219.64120402917965,223.61701702025258,success,,0.9,0.17132821426540978,0.014410630963079218,4.454545454545454,3.2666666666666666,0.5338227340200923,0.045983896610136694,0.024547249409320425,0.9754527505906796,True,29.19968542520488,3.975812991072928,0.07545275059067957,0.0,0.07545275059067957,29.19968542520488,0.0,0.0,9,2,5
3,100,4,223.20938518660958,224.413168161871,success,6,223.20938518660958,224.29492128085323,success,,0.9999,0.010863452097554521,0.010616128525679757,1.0,0.8235294117647058,0.010804657897075205,0.008704587861280503,9.405009397616936e-05,0.9999059499060239,True,86.79826212083135,1.0855360942436505,5.949906023872131e-06,0.0,5.949906023872131e-06,86.79826212083135,0.0,0.0,19,4,6
3,101,4,224.45985877169358,227.31466656936144,success,7,224.45985877169358,226.70616991657877,success,,0.9,0.010863452097554521,0.010283990677723063,2.642857142857143,2.0555555555555554,0.028302320256853614,0.020917445006580545,0.000592012227531366,0.9994079877724686,True,50.440686541867564,2.2463111448851976,0.09940798777246862,0.0,0.09940798777246862,50.440686541867564,0.0,0.0,20,4,7
3,102,4,225.243455420367,229.52895228364716,success,6,225.243455420367,227.5176460891962,success,,0.9,0.010863452097554521,0.010616128525679757,2.2142857142857144,1.8235294117647058,0.02376777633457504,0.019172643934901475,0.00045569111278718496,0.9995443088872128,True,49.911716407710124,2.274190668829192,0.09954430888721277,0.0,0.09954430888721277,49.911716407710124,0.0,0.0,19,4,6
3,103,3,230.84706011163348,,,8,230.84706011163348,233.59191138494666,success,,0.99,0.03082835302631084,0.0010514756248394465,4.083333333333333,2.45,0.11828150582667235,0.0025727999433947345,0.0003043146514955066,0.9996956853485045,True,42.225085957242854,2.7448512733131736,0.009695685348504512,0.0,0.009695685348504512,42.225085957242854,0.0,0.0,17,3,8
3,104,6,235.20940096946984,237.95340934094358,success,8,235.20940096946984,237.721528383248,success,,0.9999,0.010616128525679757,0.0010514756248394465,2.176470588235294,1.85,0.022840799103503947,0.0019433391724286416,4.438741962741222e-05,0.9999556125803726,True,45.75631312408127,2.5121274137781597,5.5612580372566e-05,0.0,5.5612580372566e-05,45.75631312408127,0.0,0.0,26,6,8
3,105,4,235.46215021517474,237.816780869159,success,8,235.46215021517474,239.071528383248,success,,0.9999,0.010863452097554521,0.0010514756248394465,1.9285714285714286,1.35,0.02073299703162277,0.0014184850911651086,2.940944718452735e-05,0.9999705905528155,True,48.437485286963884,2.354630653984259,7.059055281544158e-05,0.0,7.059055281544158e-05,48.437485286963884,0.0,0.0,21,4,8
3,106,3,237.3873640920383,239.40937829323067,success,5,237.3873640920383,239.20930028534448,success,,0.9,0.03082835302631084,0.014410630963079218,1.6666666666666667,1.3333333333333333,0.05008292567064352,0.019030758969622998,0.0009531160869315611,0.9990468839130684,True,59.88020648926237,1.8219361933061862,0.09904688391306837,0.0,0.09904688391306837,59.88020648926237,0.0,0.0,14,3,5
3,107,6,240.0038601598337,243.07974146241773,success,8,240.0038601598337,242.69827069912293,success,,0.9,0.010616128525679757,0.0010514756248394465,2.823529411764706,2.4,0.02953015758431809,0.002520360045504384,7.442662931296357e-05,0.999925573370687,True,42.95112072992707,2.694410539289237,0.09992557337068697,0.0,0.09992557337068697,42.95112072992707,0.0,0.0,26,6,8
3,108,6,243.51046497400236,,,8,243.51046497400236,245.7523540351882,success,,0.9999,0.010616128525679757,0.0010514756248394465,2.0588235294117645,1.75,0.021619607517520387,0.0018383904298662171,3.97452795576732e-05,0.9999602547204424,True,50.525473398103486,2.2418890611858444,6.025472044235425e-05,0.0,6.025472044235425e-05,50.525473398103486,0.0,0.0,26,6,8
3,109,2,244.03908846598313,,,7,244.03908846598313,245.3889056570072,success,,0.9,0.17132821426540978,0.010283990677723063,1.8181818181818181,1.1111111111111112,0.26765666940865607,0.011361620022845905,0.003041013374401634,0.9969589866255983,True,74.87231674889175,1.3498171910240728,0.09695898662559832,0.0,0.09695898662559832,74.87231674889175,0.0,0.0,11,2,7
3,110,4,245.02320845422267,246.93389974751872,success,8,245.02320845422267,246.8523540351882,success,,0.9999,0.010863452097554521,0.0010514756248394465,1.5714285714285714,1.1,0.01692625274627086,0.0011559545565341337,1.9565978987100194e-05,0.9999804340210129,True,59.69422031308364,1.8291455809655304,8.043402101287622e-05,0.0,8.043402101287622e-05,59.69422031308364,0.0,0.0,21,4,8
3,111,1,245.1815496671447,,,8,245.1815496671447,249.3523540351882,success,,0.999,0.023216723348204564,0.0010514756248394465,5.0,2.5,0.10959923222575363,0.002625237084393835,0.0002877239688601403,0.9997122760311399,True,27.72216399742361,4.170804368043491,0.0007122760311398801,0.0,0.0007122760311398801,27.72216399742361,0.0,0.0,6,1,8
3,112,5,245.9818866897727,248.17850192417725,success,8,245.9818866897727,,,,0.9999,0.014410630963079218,0.0010514756248394465,1.9333333333333333,1.45,0.027476027293376726,0.001523477983429214,4.185912265355962e-05,0.9999581408773465,True,51.407839581664675,2.196615234404561,5.8140877346457565e-05,0.0,5.8140877346457565e-05,51.407839581664675,0.0,0.0,24,5,8
3,113,3,246.84261913712467,,,6,246.84261913712467,249.9312793581393,success,,0.99,0.03082835302631084,0.010616128525679757,4.166666666666667,2.9411764705882355,0.12054375943509665,0.030741475406215305,0.003705693016046758,0.9962943069839533,True,37.77030651496684,3.088660221014635,0.0062943069839532795,0.0,0.0062943069839532795,37.77030651496684,0.0,0.0,15,3,6
3,114,1,247.37947147262253,,,8,247.37947147262253,251.90235403518818,success,,0.9999,0.023216723348204564,0.0010514756248394465,2.2,1.1,0.04979429986302744,0.0011559545565341337,5.7559947816093564e-05,0.9999424400521839,True,25.328053726184454,4.5228825625656555,4.244005218390079e-05,0.0,4.244005218390079e-05,25.328053726184454,0.0,0.0,6,1,8
3,115,4,248.47623225123712,251.68331397789586,success,8,248.47623225123712,,,,0.9999,0.010863452097554521,0.0010514756248394465,2.7857142857142856,1.95,0.029809149456393957,0.0020482768804667368,6.105739165790933e-05,0.999938942608342,True,36.41007337330551,3.2070817266587426,3.894260834202967e-05,0.0,3.894260834202967e-05,36.41007337330551,0.0,0.0,21,4,8
3,116,4,250.07411891395267,,,6,250.07411891395267,252.50843473892087,success,,0.9,0.010863452097554521,0.010616128525679757,2.7142857142857144,2.235294117647059,0.029056027166731058,0.02345082317896033,0.0006813877553700777,0.9993186122446299,True,47.04869784543443,2.434315824968195,0.0993186122446299,0.0,0.0993186122446299,47.04869784543443,0.0,0.0,19,4,6
3,117,7,251.20057205386564,253.7554622158682,success,8,251.20057205386564,,,,0.99,0.010283990677723063,0.0010514756248394465,2.1666666666666665,1.95,0.02203557004875603,0.0020482768804667368,4.513494867877226e-05,0.9999548650513213,True,45.071258659944945,2.5548901620025504,0.00995486505132126,0.0,0.00995486505132126,45.071258659944945,0.0,0.0,27,7,8
3,118,6,251.66462082117357,253.4496112095091,success,8,251.66462082117357,,,,0.999,0.010616128525679757,0.0010514756248394465,0.9411764705882353,0.8,0.009941899673566837,0.0008408268067350832,8.359415755405769e-06,0.9999916405842446,True,60.84987249861003,1.7849903883355296,0.000991640584244613,0.0,0.000991640584244613,60.84987249861003,0.0,0.0,26,6,8
3,119,4,252.5961848437598,257.96902826361014,success,8,252.5961848437598,259.10235403518817,success,,0.9999,0.010863452097554521,0.0010514756248394465,3.5714285714285716,2.5,0.03805503914879028,0.002625237084393835,9.990350002146344e-05,0.9999000964999786,True,20.68190929634641,5.372843419850341,9.649997856353565e-08,0.0,9.649997856353565e-08,20.68190929634641,0.0,0.0,21,4,8
3,120,7,254.74053271294542,257.0558387347347,success,8,254.74053271294542,260.9023540351882,success,,0.9999,0.010283990677723063,0.0010514756248394465,2.0,1.8,0.020357903186817586,0.0018908661805354873,3.849407064256899e-05,0.9999615059293574,True,49.14876298460451,2.315306021789297,6.150592935738608e-05,0.0,6.150592935738608e-05,49.14876298460451,0.0,0.0,27,7,8
3,121,7,255.8372491433657,258.77806095695695,success,8,255.8372491433657,,,,0.99,0.010283990677723063,0.0010514756248394465,1.7222222222222223,1.55,0.01755539379226526,0.001628459836527001,2.858825370511941e-05,0.9999714117462949,True,39.58732775034666,2.940811813591239,0.0099714117462949,0.0,0.0099714117462949,39.58732775034666,0.0,0.0,27,7,8
3,122,5,262.24021610389025,264.3786360765653,success,7,262.24021610389025,263.76002853740465,success,,0.99,0.014410630963079218,0.010283990677723063,1.5333333333333334,1.2777777777777777,0.021853965739974536,0.013054693293098068,0.0002852968199732405,0.9997147031800268,True,68.74109106715886,1.519812433514403,0.009714703180026762,0.0,0.009714703180026762,68.74109106715886,0.0,0.0,23,5,7
3,123,2,266.4610988837862,269.5217262978341,success,4,266.4610988837862,268.886080603285,success,,0.9,0.17132821426540978,0.010863452097554521,2.6363636363636362,2.0714285714285716,0.3634443757363307,0.02225156411784774,0.008087205829968108,0.9919127941700319,True,47.207867000021416,2.424981719498817,0.09191279417003184,0.0,0.09191279417003184,47.207867000021416,0.0,0.0,8,2,4
3,124,5,268.2576767618461,270.17486361446885,success,6,268.2576767618461,269.8506910977986,success,,0.9,0.014410630963079218,0.010616128525679757,1.6,1.411764705882353,0.02279322792422354,0.01487572234987432,0.00033906573005815157,0.9996609342699418,True,66.38214026237517,1.593014335952489,0.09966093426994183,0.0,0.09966093426994183,66.38214026237517,0.0,0.0,22,5,6
3,125,3,269.62304671520457,,,8,269.62304671520457,271.8126252588979,success,,0.999,0.03082835302631084,0.0010514756248394465,2.6666666666666665,1.6,0.07892051305134372,0.001680946623751242,0.00013266116995837207,0.9998673388300416,True,51.54736816125326,2.189578543693358,0.0008673388300416418,0.0,0.0008673388300416418,51.54736816125326,0.0,0.0,17,3,8
3,126,4,272.44255767309295,275.4935652941546,success,8,272.44255767309295,274.7333548189712,success,,0.9999,0.010863452097554521,0.0010514756248394465,2.857142857142857,2.0,0.03056168757930878,0.0021007415969017257,6.420220836936876e-05,0.9999357977916307,True,49.601136122707075,2.29079714587823,3.5797791630654e-05,0.0,3.5797791630654e-05,49.601136122707075,0.0,0.0,21,4,8
3,127,5,278.1137254701794,278.8571134513439,success,8,278.1137254701794,278.6426507909557,success,,0.999,0.014410630963079218,0.0010514756248394465,0.4,0.3,0.0057476709575940985,0.0003153929406381942,1.8127748451363483e-06,0.9999981872251549,True,131.69926055467892,0.5289253207762954,0.0009981872251548785,0.0,0.0009981872251548785,131.69926055467892,0.0,0.0,24,5,8
3,128,5,278.93788014205484,,,7,278.93788014205484,281.4330706204792,success,,0.999,0.014410630963079218,0.010283990677723063,2.533333333333333,2.111111111111111,0.035848589405684625,0.021476667233046035,0.0007699082254399882,0.99923009177456,True,46.032490147625296,2.4951904784243766,0.00023009177456001506,0.0,0.00023009177456001506,46.032490147625296,0.0,0.0,23,5,7
3,129,5,281.75246836259464,285.37381890895136,success,8,281.75246836259464,284.388924282388,success,,0.9999,0.014410630963079218,0.0010514756248394465,2.6666666666666665,2.0,0.03769934815228611,0.0021007415969017257,7.919658883958764e-05,0.9999208034111604,True,43.81120263053707,2.6364559197933772,2.080341116039719e-05,0.0,2.080341116039719e-05,43.81120263053707,0.0,0.0,24,5,8
3,130,6,282.6971539271163,283.3894140061993,success,8,282.6971539271163,284.638924282388,success,,0.9,0.010616128525679757,0.0010514756248394465,0.29411764705882354,0.25,0.0031175211504467053,0.00026283435920611297,8.193916738891639e-07,0.9999991806083262,True,113.95975572254339,0.6922600790829847,0.09999918060832613,0.0,0.09999918060832613,113.95975572254339,0.0,0.0,26,6,8
3,131,4,288.5243928350409,290.4311602373199,success,7,288.5243928350409,290.0396898462983,success,,0.999,0.010863452097554521,0.010283990677723063,1.6428571428571428,1.2777777777777777,0.017688783615357737,0.013054693293098068,0.00023092164482647364,0.9997690783551735,True,68.89169728366333,1.5152970112574167,0.0007690783551734803,0.0,0.0007690783551734803,68.89169728366333,0.0,0.0,20,4,7
3,132,5,289.24693024717976,293.08339747864954,success,6,289.24693024717976,292.4341552197843,success,,0.99,0.014410630963079218,0.010616128525679757,3.2,2.823529411764706,0.04506692460924148,0.02953015758431809,0.0013308333855514838,0.9986691666144485,True,36.63260952124929,3.187224972604554,0.008669166614448498,0.0,0.008669166614448498,36.63260952124929,0.0,0.0,22,5,6
3,133,1,294.30442132649534,,,4,294.30442132649534,295.6321007416414,success,,0.99,0.023216723348204564,0.010863452097554521,1.5,1.0714285714285714,0.03422567012025787,0.011571937041714752,0.0003960572998421219,0.9996039427001578,True,75.7476071814603,1.327679415146065,0.009603942700157853,0.0,0.009603942700157853,75.7476071814603,0.0,0.0,2,1,4
3,134,1,294.674823069043,,,8,294.674823069043,296.7116417737498,success,,0.9,0.023216723348204564,0.0010514756248394465,3.3,1.65,0.07375378342456154,0.0017334306516191488,0.0001278470688610153,0.999872152931139,True,54.74655739119462,2.036818704706832,0.09987215293113894,0.0,0.09987215293113894,54.74655739119462,0.0,0.0,6,1,8
3,135,6,295.67733788765867,297.9672609512491,success,7,295.67733788765867,297.7691729210609,success,,0.999,0.010616128525679757,0.010283990677723063,2.0,1.8888888888888888,0.021008439530761494,0.019237860036709627,0.0004041574192824673,0.9995958425807175,True,53.55547416898508,2.0918350334022193,0.0005958425807175427,0.0,0.0005958425807175427,53.55547416898508,0.0,0.0,25,6,7
3,136,3,298.0560400222042,299.22323710877356,success,4,298.0560400222042,298.9333482946844,success,,0.999,0.03082835302631084,0.010863452097554521,0.6666666666666666,0.5714285714285714,0.020342477616436785,0.006188459031945895,0.00012588858933759543,0.9998741114106624,True,99.24728615268982,0.8773082724802066,0.0008741114106624037,0.0,0.0008741114106624037,99.24728615268982,0.0,0.0,13,3,4
3,137,1,298.108681667646,,,8,298.108681667646,300.263961904286,success,,0.999,0.023216723348204564,0.0010514756248394465,3.7,1.85,0.08231572670230414,0.0019433391724286416,0.00015996737620751795,0.9998400326237925,True,52.236930813157194,2.15528023664001,0.0008400326237925082,0.0,0.0008400326237925082,52.236930813157194,0.0,0.0,6,1,8
3,138,3,301.2683073290503,,,7,301.2683073290503,302.94495667319893,success,,0.9,0.03082835302631084,0.010283990677723063,2.1666666666666665,1.4444444444444444,0.06461284407628716,0.014744867123922735,0.0009527078004035924,0.9990472921995964,True,63.863668963299126,1.6766493441486432,0.0990472921995964,0.0,0.0990472921995964,63.863668963299126,0.0,0.0,16,3,7
3,139,5,302.2235239219093,304.4414413945087,success,6,302.2235239219093,304.0920257830025,success,,0.999,0.014410630963079218,0.010616128525679757,1.9333333333333333,1.7058823529411764,0.027476027293376726,0.017946868121267116,0.0004931086383305679,0.9995068913616695,True,58.69687963510232,1.8685018610931934,0.0005068913616694815,0.0,0.0005068913616694815,58.69687963510232,0.0,0.0,22,5,6
3,140,4,303.3757485739263,305.49978980605573,success,8,303.3757485739263,304.96181042212044,success,,0.9999,0.010863452097554521,0.0010514756248394465,2.0,1.4,0.02149257516187758,0.0014709829172654984,3.161521091116667e-05,0.9999683847890888,True,66.59971972127309,1.5860618481941628,6.838478908877121e-05,0.0,6.838478908877121e-05,66.59971972127309,0.0,0.0,21,4,8
3,141,7,305.6354408563455,307.79335141299237,success,8,305.6354408563455,307.7412177100162,success,,0.99,0.010283990677723063,0.0010514756248394465,1.9444444444444444,1.75,0.019798041591110847,0.0018383904298662171,3.6396530191191516e-05,0.9999636034698088,True,53.26080219218545,2.1057768536707044,0.009963603469808846,0.0,0.009963603469808846,53.26080219218545,0.0,0.0,27,7,8
3,142,1,307.6900642737688,309.02518661300235,success,5,307.6900642737688,308.9629102387398,success,,0.99,0.023216723348204564,0.014410630963079218,0.5,0.3333333333333333,0.01154124460117879,0.004792025089230619,5.530593368979619e-05,0.9999446940663103,True,78.00252502127309,1.2728459649709976,0.009944694066310267,0.0,0.009944694066310267,78.00252502127309,0.0,0.0,3,1,5
3,143,3,308.0217341483525,,,6,308.0217341483525,309.6641769100965,success,,0.999,0.03082835302631084,0.010616128525679757,1.75,1.2352941176470589,0.052520158578092294,0.013028426741505578,0.0006842550384869312,0.9993157449615131,True,64.87221092161224,1.6424427617440074,0.00031574496151309805,0.0,0.00031574496151309805,64.87221092161224,0.0,0.0,15,3,6
3,144,1,308.5536961500316,312.9638324494024,success,7,308.5536961500316,310.93936859585955,success,,0.99,0.023216723348204564,0.010283990677723063,3.8,2.111111111111111,0.0844438175709751,0.021476667233046035,0.001813571769859878,0.9981864282301401,True,47.888303869967544,2.385672445827936,0.008186428230140153,0.0,0.008186428230140153,47.888303869967544,0.0,0.0,5,1,7
3,145,3,309.9165010917314,313.28992333174864,success,5,309.9165010917314,312.7168976505273,success,,0.9,0.03082835302631084,0.014410630963079218,3.0,2.4,0.08833716805488127,0.03399427116036354,0.003002957644396238,0.9969970423556037,True,41.448738319568214,2.80039655879591,0.09699704235560369,0.0,0.09699704235560369,41.448738319568214,0.0,0.0,14,3,5
3,146,1,313.3012593972989,,,8,313.3012593972989,315.48155282069064,success,,0.999,0.023216723348204564,0.0010514756248394465,3.4,1.7,0.07590172926278756,0.001785911920275788,0.0001355538030599579,0.99986444619694,True,51.73248385754855,2.1802934233917313,0.0008644461969400385,0.0,0.0008644461969400385,51.73248385754855,0.0,0.0,6,1,8
3,147,5,313.93488559796197,314.69256707916895,success,7,313.93488559796197,314.41129152377806,success,,0.9,0.014410630963079218,0.010283990677723063,0.4,0.3333333333333333,0.0057476709575940985,0.0034221280193016718,1.9669265829709235e-05,0.9999803307341703,True,138.86792763017945,0.47640592581609553,0.09998033073417023,0.0,0.09998033073417023,138.86792763017945,0.0,0.0,23,5,7
3,148,5,314.73168468472613,317.9119702868544,success,6,314.73168468472613,317.2952092304801,success,,0.999,0.014410630963079218,0.010616128525679757,2.4,2.1176470588235294,0.03399427116036354,0.022230393962371142,0.0007557060403585531,0.9992442939596414,True,44.935021448977885,2.563524545753978,0.0002442939596414284,0.0,0.0002442939596414284,44.935021448977885,0.0,0.0,22,5,6
3,149,4,317.1074923214489,319.94646838304203,success,8,317.1074923214489,319.42309927098137,success,,0.999,0.010863452097554521,0.0010514756248394465,2.4285714285714284,1.7,0.026037687265987812,0.001785911920275788,4.6501016064740725e-05,0.9999534989839353,True,49.14325245658281,2.31560694953248,0.0009534989839352637,0.0,0.0009534989839352637,49.14325245658281,0.0,0.0,21,4,8
3,150,3,320.67060826233484,322.38873423546136,success,5,320.67060826233484,322.2184481420505,success,,0.9,0.03082835302631084,0.014410630963079218,1.4166666666666667,1.1333333333333333,0.04273354616301724,0.01619940362412114,0.0006922579625847296,0.9993077420374152,True,67.81980041599616,1.5478398797156387,0.09930774203741521,0.0,0.09930774203741521,67.81980041599616,0.0,0.0,14,3,5
3,151,4,321.18631194833,322.04675104370295,success,7,321.18631194833,321.8995960230546,success,,0.99,0.010863452097554521,0.010283990677723063,0.5,0.3888888888888889,0.005417000897901535,0.003991343039600985,2.162110882935158e-05,0.9999783788911707,True,112.05353021707958,0.7132840747245837,0.009978378891170703,0.0,0.009978378891170703,112.05353021707958,0.0,0.0,20,4,7
3,152,2,321.2044396972395,325.14614775569737,success,7,321.2044396972395,324.01070713416567,success,,0.99,0.17132821426540978,0.010283990677723063,3.4545454545454546,2.111111111111111,0.44670341647745854,0.021476667233046035,0.00959370062755115,0.9904062993724488,True,41.36805666209322,2.8062674369261913,0.0004062993724488484,0.0,0.0004062993724488484,41.36805666209322,0.0,0.0,11,2,7
3,153,3,322.0625749529332,325.350425590173,success,8,322.0625749529332,324.15282692595855,success,,0.999,0.03082835302631084,0.0010514756248394465,2.9166666666666665,1.75,0.08599206839431216,0.0018383904298662171,0.00015808699558050466,0.9998419130044195,True,53.58911305097988,2.0902519730253744,0.0008419130044194922,0.0,0.0008419130044194922,53.58911305097988,0.0,0.0,17,3,8
3,154,6,326.9766175971513,328.98282106917975,success,8,326.9766175971513,328.8142471380473,success,,0.9999,0.010616128525679757,0.0010514756248394465,1.588235294117647,1.35,0.01671956041077446,0.0014184850911651086,2.3716447173517953e-05,0.9999762835528265,True,59.47667446130787,1.837629540895989,7.628355282651711e-05,0.0,7.628355282651711e-05,59.47667446130787,0.0,0.0,26,6,8
3,155,3,327.6455212842258,330.0671389209104,success,8,327.6455212842258,330.1142471380473,success,,0.999,0.03082835302631084,0.0010514756248394465,2.1666666666666665,1.3,0.06461284407628716,0.0013659845049829404,8.826014383108703e-05,0.9999117398561689,True,47.26545625998257,2.421617636684573,0.0009117398561688805,0.0,0.0009117398561688805,47.26545625998257,0.0,0.0,17,3,8
3,156,5,327.8210001295886,331.1601143074807,success,8,327.8210001295886,332.1642471380473,success,,0.99,0.014410630963079218,0.0010514756248394465,2.7333333333333334,2.05,0.03862339484930359,0.002153203555140694,8.316403110112327e-05,0.9999168359688989,True,34.983825522561325,3.3391141778920996,0.009916835968898918,0.0,0.009916835968898918,34.983825522561325,0.0,0.0,24,5,8
3,157,5,328.1646816428046,332.293447640814,success,7,328.1646816428046,329.5009363168189,success,,0.999,0.014410630963079218,0.010283990677723063,1.1333333333333333,0.9444444444444444,0.01619940362412114,0.009665642339270161,0.0001565776415402318,0.9998434223584598,True,75.40624476859054,1.3362546740142989,0.0008434223584598,0.0,0.0008434223584598,75.40624476859054,0.0,0.0,23,5,7
3,158,6,329.4714169236367,330.6339249918803,success,8,329.4714169236367,332.7642471380473,success,,0.9999,0.010616128525679757,0.0010514756248394465,0.7058823529411765,0.6,0.007465729735176509,0.000630686408569384,4.708534274028131e-06,0.999995291465726,True,82.95818500436549,1.1625080682435964,9.529146572595515e-05,0.0,9.529146572595515e-05,82.95818500436549,0.0,0.0,26,6,8
3,159,4,333.3031404419157,,,8,333.3031404419157,334.39625338106373,success,,0.9999,0.010863452097554521,0.0010514756248394465,1.0714285714285714,0.75,0.011571937041714752,0.0007882958500742981,9.122109947304789e-06,0.9999908778900527,True,86.40464733677898,1.0931129391480567,9.087789005268743e-05,0.0,9.087789005268743e-05,86.40464733677898,0.0,0.0,21,4,8
3,160,1,334.41572519300775,338.1092661765242,success,2,334.41572519300775,337.6209406922086,success,,0.9,0.023216723348204564,0.17132821426540978,3.2,2.909090909090909,0.07160084496653521,0.3925037949330279,0.028103603369776457,0.9718963966302235,True,36.43089590896091,3.205215499200847,0.07189639663022351,0.0,0.07189639663022351,36.43089590896091,0.0,0.0,0,1,2
3,161,1,336.6578388993011,,,6,336.6578388993011,337.385718888689,success,,0.9999,0.023216723348204564,0.010616128525679757,0.5,0.29411764705882354,0.01154124460117879,0.0031175211504467053,3.5980074146653726e-05,0.9999640199258534,True,110.77064560877939,0.7278799893878727,6.401992585336469e-05,0.0,6.401992585336469e-05,110.77064560877939,0.0,0.0,4,1,6
3,162,2,337.5227784447062,338.7860032364316,success,5,337.5227784447062,338.6458703837369,success,,0.99,0.17132821426540978,0.014410630963079218,1.0909090909090908,0.8,0.17047622380006072,0.011462306193751427,0.0019540506759507903,0.9980459493240492,True,84.88152806890758,1.1230919390307008,0.008045949324049229,0.0,0.008045949324049229,84.88152806890758,0.0,0.0,9,2,5
3,163,2,339.55134736702684,341.94569807018496,success,5,339.55134736702684,341.75742160211496,success,,0.9,0.17132821426540978,0.014410630963079218,2.0,1.4666666666666666,0.2901179351087342,0.020913800764754402,0.006067468693146013,0.993932531306854,True,51.22130384954746,2.206074235088124,0.09393253130685397,0.0,0.09393253130685397,51.22130384954746,0.0,0.0,9,2,5
3,164,4,343.0306716956591,346.63592165119167,success,8,343.0306716956591,345.80997520038653,success,,0.999,0.010863452097554521,0.0010514756248394465,3.2857142857142856,2.3,0.03506467416492453,0.002415471978470152,8.469773787956148e-05,0.9999153022621204,True,41.74076120806904,2.779303504727409,0.0009153022621204432,0.0,0.0009153022621204432,41.74076120806904,0.0,0.0,21,4,8
3,165,1,344.4769265095346,349.75268260102087,success,5,344.4769265095346,348.39548544579,success,,0.99,0.023216723348204564,0.014410630963079218,4.4,2.933333333333333,0.09710912742720579,0.04139021446708096,0.004019367610923141,0.9959806323890769,True,29.65657748284343,3.9185589362553515,0.0059806323890768676,0.0,0.0059806323890768676,29.65657748284343,0.0,0.0,3,1,5
3,166,5,347.08928826000613,,,8,347.08928826000613,349.7948078315028,success,,0.999,0.014410630963079218,0.0010514756248394465,3.3333333333333335,2.5,0.04689998809105403,0.002625237084393835,0.00012312358799426427,0.9998768764120057,True,42.7894538449752,2.7055195714966658,0.0008768764120057337,0.0,0.0008768764120057337,42.7894538449752,0.0,0.0,24,5,8
3,167,6,347.4471029414324,350.4843858802825,success,8,347.4471029414324,,,,0.9999,0.010616128525679757,0.0010514756248394465,2.5294117647058822,2.15,0.026495235892151234,0.002258119197610586,5.9829400813287744e-05,0.9999401705991867,True,38.38611433358514,3.037282938850126,4.017059918670629e-05,0.0,4.017059918670629e-05,38.38611433358514,0.0,0.0,26,6,8
3,168,2,351.3387155483467,352.9425408318101,success,8,351.3387155483467,352.5798607890397,success,,0.999,0.17132821426540978,0.0010514756248394465,1.0909090909090908,0.6,0.17047622380006072,0.000630686408569384,0.00010751703733493085,0.9998924829626651,True,79.36620382948416,1.2411452406929584,0.0008924829626650865,0.0,0.0008924829626650865,79.36620382948416,0.0,0.0,12,2,8
3,169,5,353.3568319497339,355.4755513985709,success,8,353.3568319497339,354.9248671378474,success,,0.9999,0.014410630963079218,0.0010514756248394465,1.8666666666666667,1.4,0.02654126607708001,0.0014709829172654984,3.904174900198296e-05,0.9999609582509981,True,67.17004540181223,1.5680351881135266,6.095825099805552e-05,0.0,6.095825099805552e-05,67.17004540181223,0.0,0.0,24,5,8
3,170,4,354.6915809157862,356.27185581616646,success,5,354.6915809157862,356.8088847319042,success,,0.999,0.010863452097554521,0.014410630963079218,1.4285714285714286,1.3333333333333333,0.015399414777397554,0.019030758969622998,0.00029306255090190343,0.9997069374490981,True,66.7818290350596,1.5802749003802887,0.0007069374490981106,0.0,0.0007069374490981106,66.7818290350596,0.0,0.0,18,4,5
3,171,5,357.46281233759225,358.90271573839397,success,6,357.46281233759225,358.57581035933885,success,,0.999,0.014410630963079218,0.010616128525679757,0.9333333333333333,0.8235294117647058,0.013359876184370865,0.008704587861280503,0.00011629221606268512,0.9998837077839373,True,85.3883598109458,1.1129980217465913,0.0008837077839373153,0.0,0.0008837077839373153,85.3883598109458,0.0,0.0,22,5,6
3,172,4,360.05581192092575,363.53331064523417,success,8,360.05581192092575,362.81491715024555,success,,0.9999,0.010863452097554521,0.0010514756248394465,3.0714285714285716,2.15,0.032815801476954766,0.002258119197610586,7.410199130008938e-05,0.9999258980086999,True,42.02358711468051,2.7591052293198004,2.5898008699898334e-05,0.0,2.5898008699898334e-05,42.02358711468051,0.0,0.0,21,4,8
3,173,3,374.1673399856568,375.79032371465604,success,4,374.1673399856568,375.4051951216325,success,,0.9,0.03082835302631084,0.010863452097554521,1.0,0.8571428571428571,0.030358005093296798,0.009268312316517707,0.00028136747251110997,0.9997186325274889,True,79.51038781046672,1.2378551359757353,0.09971863252748892,0.0,0.09971863252748892,79.51038781046672,0.0,0.0,13,3,4
3,174,5,378.0963335051094,381.2911214981012,success,8,378.0963335051094,380.4317477226595,success,,0.9999,0.014410630963079218,0.0010514756248394465,2.466666666666667,1.85,0.03492187564792186,0.0019433391724286416,6.78650489212884e-05,0.9999321349510787,True,48.78285109702366,2.335414217550124,3.2134951078677254e-05,0.0,3.2134951078677254e-05,48.78285109702366,0.0,0.0,24,5,8
3,175,4,378.23836123724396,381.06810397332646,success,6,378.23836123724396,380.62210009720116,success,,0.9,0.010863452097554521,0.010616128525679757,2.7142857142857144,2.235294117647059,0.029056027166731058,0.02345082317896033,0.0006813877553700777,0.9993186122446299,True,47.922202726664636,2.383738859957191,0.0993186122446299,0.0,0.0993186122446299,47.922202726664636,0.0,0.0,19,4,6
3,176,1,381.8414369377909,385.36939822244346,success,6,381.8414369377909,383.9510086880087,success,,0.99,0.023216723348204564,0.010616128525679757,2.9,1.7058823529411764,0.06511195769179134,0.017946868121267116,0.0011685557178121033,0.9988314442821878,True,53.18108231762519,2.1095717502178104,0.00883144428218785,0.0,0.00883144428218785,53.18108231762519,0.0,0.0,4,1,6
3,177,6,385.6834387210824,386.53281052832443,success,7,385.6834387210824,386.3498944109884,success,,0.9,0.010616128525679757,0.010283990677723063,0.29411764705882354,0.2777777777777778,0.0031175211504467053,0.0028525876948626103,8.8930024722382e-06,0.9999911069975278,True,116.39965196737263,0.6664556899060017,0.09999110699752778,0.0,0.09999110699752778,116.39965196737263,0.0,0.0,25,6,7
3,178,2,389.0556023106222,391.47320460263063,success,6,389.0556023106222,390.7971509848329,success,,0.9,0.17132821426540978,0.010616128525679757,2.0,1.2941176470588236,0.2901179351087342,0.013644576516205917,0.003958536364314786,0.9960414636356852,True,62.02676717558823,1.7415486742107191,0.09604146363568522,0.0,0.09604146363568522,62.02676717558823,0.0,0.0,10,2,6
3,179,4,396.5791900766625,399.7522176423306,success,6,396.5791900766625,399.3382687355228,success,,0.99,0.010863452097554521,0.010616128525679757,2.857142857142857,2.3529411764705883,0.03056168757930878,0.02466972908426687,0.0007539485529395513,0.9992460514470605,True,42.023961246679725,2.7590786588602896,0.009246051447060477,0.0,0.009246051447060477,42.023961246679725,0.0,0.0,19,4,6
3,180,6,400.5942925516596,,,8,400.5942925516596,402.51634351119117,success,,0.99,0.010616128525679757,0.0010514756248394465,1.8823529411764706,1.6,0.019784957978014404,0.001680946623751242,3.3257458314203514e-05,0.9999667425416858,True,57.386723742685966,1.9220509595315889,0.009966742541685836,0.0,0.009966742541685836,57.386723742685966,0.0,0.0,26,6,8
3,181,5,401.57314289919213,404.28164001617927,success,6,401.57314289919213,404.6938656430227,success,,0.9,0.014410630963079218,0.010616128525679757,2.2,1.9411764705882353,0.031206104753369317,0.02039688976375546,0.0006365074786106792,0.9993634925213893,True,42.746293624792,2.7084971169871324,0.09936349252138932,0.0,0.09936349252138932,42.746293624792,0.0,0.0,22,5,6
3,182,1,402.5899805003317,405.2630117890651,success,6,402.5899805003317,405.9291597606698,success,,0.9,0.023216723348204564,0.010616128525679757,2.1,1.2352941176470589,0.04758567071210434,0.013028426741505578,0.000619966424818059,0.9993800335751819,True,43.265112011951445,2.673031288733398,0.09938003357518188,0.0,0.09938003357518188,43.265112011951445,0.0,0.0,4,1,6
3,183,2,402.8260846719333,404.96677132181213,success,8,402.8260846719333,404.16557934791814,success,,0.999,0.17132821426540978,0.0010514756248394465,1.9090909090909092,1.05,0.27897476068480787,0.0011034401677662445,0.0003078319567325923,0.9996921680432674,True,75.2780323371079,1.339494675984838,0.0006921680432674382,0.0,0.0006921680432674382,75.2780323371079,0.0,0.0,12,2,8
3,184,4,407.77870337314494,409.180707461931,success,8,407.77870337314494,408.8531380777526,success,,0.9999,0.010863452097554521,0.0010514756248394465,1.2857142857142858,0.9,0.013870205435888466,0.0009458804351665591,1.3119555953547756e-05,0.9999868804440465,True,87.38149541033046,1.0744347046076541,8.688044404647766e-05,0.0,8.688044404647766e-05,87.38149541033046,0.0,0.0,21,4,8
3,185,5,409.73079830436205,,,8,409.73079830436205,411.1410939336531,success,,0.9,0.014410630963079218,0.0010514756248394465,1.4,1.05,0.019972732130827207,0.0011034401677662445,2.2038714893190234e-05,0.9999779612851069,True,72.57652959941709,1.4102956292910562,0.09997796128510683,0.0,0.09997796128510683,72.57652959941709,0.0,0.0,24,5,8
3,186,4,411.66861176695545,,,8,411.66861176695545,414.063945931624,success,,0.9,0.010863452097554521,0.0010514756248394465,2.5,1.75,0.02679315076082901,0.0018383904298662171,4.9256271944670806e-05,0.9999507437280554,True,47.71952656767671,2.3953341646685544,0.09995074372805535,0.0,0.09995074372805535,47.71952656767671,0.0,0.0,21,4,8
3,187,5,414.20172957547686,,,6,414.20172957547686,415.0420578407322,success,,0.9999,0.014410630963079218,0.010616128525679757,0.6666666666666666,0.5882352941176471,0.00956108667400542,0.006225323362769927,5.9520856245154165e-05,0.9999404791437548,True,101.85585480337657,0.840328265255323,4.047914375482353e-05,0.0,4.047914375482353e-05,101.85585480337657,0.0,0.0,22,5,6
3,188,2,415.2939169530751,416.63276487172715,success,5,415.2939169530751,416.4550143763052,success,,0.99,0.17132821426540978,0.014410630963079218,1.1818181818181819,0.8666666666666667,0.18329620238467892,0.01241154694204045,0.0022749894201951892,0.9977250105798048,True,83.02553186595183,1.1610974232301032,0.007725010579804792,0.0,0.007725010579804792,83.02553186595183,0.0,0.0,9,2,5
3,189,3,417.68906406621585,420.1489893386924,success,4,417.68906406621585,419.6639125792901,success,,0.9,0.03082835302631084,0.010863452097554521,1.9166666666666667,1.6428571428571428,0.05737588057576689,0.017688783615357737,0.0010149095362453476,0.9989850904637546,True,56.14487905740854,1.974848513074278,0.09898509046375459,0.0,0.09898509046375459,56.14487905740854,0.0,0.0,13,3,4
3,190,7,417.858403301611,419.2833303097246,success,8,417.858403301611,419.4240223892077,success,,0.9999,0.010283990677723063,0.0010514756248394465,1.0555555555555556,0.95,0.010796617086782317,0.0009984031072276184,1.0779376046990262e-05,0.999989220623953,True,72.04104543132983,1.4249270081135705,8.922062395300134e-05,0.0,8.922062395300134e-05,72.04104543132983,0.0,0.0,27,7,8
3,191,6,418.3318896254899,420.0332946232815,success,8,418.3318896254899,420.6740223892077,success,,0.9999,0.010616128525679757,0.0010514756248394465,1.4705882352941178,1.25,0.015490718888955982,0.001313481158573882,2.034676739340822e-05,0.9999796532326066,True,63.1514611624257,1.7014049977915988,7.96532326066135e-05,0.0,7.96532326066135e-05,63.1514611624257,0.0,0.0,26,6,8
3,192,7,420.8424193333544,421.87483750865164,success,8,420.8424193333544,422.00941258847934,success,,0.99,0.010283990677723063,0.0010514756248394465,0.7222222222222222,0.65,0.007399812172052194,0.0006832256511366557,5.055741489539312e-06,0.9999949442585104,True,89.66204144302728,1.0324181752972095,0.009994944258510441,0.0,0.009994944258510441,89.66204144302728,0.0,0.0,27,7,8
3,193,2,421.4552440291308,422.5504892924442,success,5,421.4552440291308,422.5747379887525,success,,0.9,0.17132821426540978,0.014410630963079218,0.8181818181818182,0.6,0.13079617486285988,0.008609106147796334,0.0011260381531200915,0.9988739618468799,True,86.29451570506161,1.095245263313359,0.09887396184687991,0.0,0.09887396184687991,86.29451570506161,0.0,0.0,9,2,5
3,194,4,422.7835694975784,,,6,422.7835694975784,425.85070607669843,success,,0.9,0.010863452097554521,0.010616128525679757,3.2857142857142856,2.7058823529411766,0.03506467416492453,0.02831732593424354,0.0009929378071062169,0.9990070621928938,True,38.026330720238846,3.0671365791200174,0.09900706219289379,0.0,0.09900706219289379,38.026330720238846,0.0,0.0,19,4,6
3,195,4,422.808728900797,424.8975983142395,success,8,422.808728900797,424.39917587810356,success,,0.99,0.010863452097554521,0.0010514756248394465,1.9285714285714286,1.35,0.02073299703162277,0.0014184850911651086,2.940944718452735e-05,0.9999705905528155,True,66.4623334043853,1.5904469773065557,0.009970590552815461,0.0,0.009970590552815461,66.4623334043853,0.0,0.0,21,4,8
3,196,3,423.43844377622344,427.7541658005661,success,8,423.43844377622344,426.59917587810355,success,,0.999,0.03082835302631084,0.0010514756248394465,3.6666666666666665,2.2,0.1068826488074622,0.0023105728821314953,0.00024696014990490637,0.9997530398500951,True,36.93293440417467,3.1607321018801144,0.0007530398500951163,0.0,0.0007530398500951163,36.93293440417467,0.0,0.0,17,3,8
3,197,5,425.5084500851118,428.032813392297,success,8,425.5084500851118,427.9491758781036,success,,0.999,0.014410630963079218,0.0010514756248394465,1.8,1.35,0.02560560639600915,0.0014184850911651086,3.632117092298092e-05,0.999963678829077,True,46.939917137859496,2.4407257929917705,0.0009636788290769971,0.0,0.0009636788290769971,46.939917137859496,0.0,0.0,24,5,8
3,198,4,425.7367883145614,431.3975983142395,success,8,425.7367883145614,430.1991758781036,success,,0.9999,0.010863452097554521,0.0010514756248394465,3.2142857142857144,2.25,0.03431563153938096,0.0023630238090363593,8.108865434967623e-05,0.9999189113456504,True,25.71658744707025,4.4623875635421655,1.891134565035202e-05,0.0,1.891134565035202e-05,25.71658744707025,0.0,0.0,21,4,8
3,199,2,426.3245645819429,428.82589436911786,success,8,426.3245645819429,431.2991758781036,success,,0.9,0.17132821426540978,0.0010514756248394465,2.0,1.1,0.2901179351087342,0.0011559545565341337,0.0003353631490212154,0.9996646368509788,True,45.93205823503688,2.5013297871749387,0.09966463685097882,0.0,0.09966463685097882,45.93205823503688,0.0,0.0,12,2,8
3,200,6,432.93011958478553,,,8,432.93011958478553,435.34976903390316,success,,0.9999,0.010616128525679757,0.0010514756248394465,2.3529411764705883,2.0,0.02466972908426687,0.0021007415969017257,5.182472607161573e-05,0.9999481752739284,True,47.29920454519399,2.419649449117628,4.817527392841914e-05,0.0,4.817527392841914e-05,47.29920454519399,0.0,0.0,26,6,8
4,1,5,2.3769405569566753,,,6,2.3769405569566753,3.274041409916212,success,,0.99,0.011957329737524265,0.006626737149545453,0.4666666666666667,0.4117647058823529,0.005564547442061786,0.002724937074024275,1.5163041625041108e-05,0.9999848369583749,True,97.90778368885545,0.8971008529595368,0.009984836958374932,0.0,0.009984836958374932,97.90778368885545,0.0,0.0,22,5,6
4,2,3,3.5868291072363885,5.706265911843668,success,8,3.5868291072363885,4.92270173368195,success,,0.99,0.009427927893981343,0.0068965156071457605,1.9166666666666667,1.15,0.017907908143503123,0.007899625603153411,0.00014146576966933674,0.9998585342303307,True,75.4213905748194,1.3358726264455614,0.009858534230330673,0.0,0.009858534230330673,75.4213905748194,0.0,0.0,17,3,8
4,3,2,4.612189131647151,5.548434032891367,success,7,4.612189131647151,5.225988969196475,success,,0.9999,0.014430720449262215,0.005063992497679112,0.6363636363636364,0.3888888888888889,0.009141149065544007,0.0019673925569243947,1.7984228633287666e-05,0.9999820157713667,True,121.75951421149317,0.6137998375493243,8.201577136668359e-05,0.0,8.201577136668359e-05,121.75951421149317,0.0,0.0,11,2,7
4,4,2,7.632951385112862,11.883605943358525,success,5,7.632951385112862,11.243837772732569,success,,0.9,0.014430720449262215,0.011957329737524265,3.8181818181818183,2.8,0.053608657745593674,0.03292625351300225,0.0017651322554231889,0.9982348677445768,True,32.31305412959746,3.610886387619707,0.09823486774457679,0.0,0.09823486774457679,32.31305412959746,0.0,0.0,9,2,5
4,5,2,20.1979615562905,21.083920489463125,success,6,20.1979615562905,20.915728862459027,success,,0.999,0.014430720449262215,0.006626737149545453,0.5454545454545454,0.35294117647058826,0.007840404486350164,0.0023361154308759497,1.8316089904871642e-05,0.9999816839100951,True,111.65604028528539,0.7177673061685255,0.0009816839100951213,0.0,0.0009816839100951213,111.65604028528539,0.0,0.0,10,2,6
4,6,7,24.805914187499937,27.378154321178517,success,8,24.805914187499937,27.261499595482753,success,,0.99,0.005063992497679112,0.0068965156071457605,2.388888888888889,2.15,0.012024437064514264,0.014718122359338977,0.00017697713601769172,0.9998230228639823,True,46.68936913983371,2.4555854079828165,0.00982302286398229,0.0,0.00982302286398229,46.68936913983371,0.0,0.0,27,7,8
4,7,2,29.263736725683877,,,8,29.263736725683877,31.1889810196191,success,,0.9,0.014430720449262215,0.0068965156071457605,2.8181818181818183,1.55,0.03985253216891706,0.010632668461777118,0.00042373876191440245,0.9995762612380856,True,57.310236446047604,1.9252442939352221,0.0995762612380856,0.0,0.0995762612380856,57.310236446047604,0.0,0.0,12,2,8
4,8,6,29.390448707801877,30.93136383693346,success,8,29.390448707801877,,,,0.9999,0.006626737149545453,0.0068965156071457605,1.2941176470588236,1.1,0.008539110399016536,0.007557464827821463,6.453402650145197e-05,0.9999354659734986,True,68.04528303153047,1.5409151291315837,3.5465973498571834e-05,0.0,3.5465973498571834e-05,68.04528303153047,0.0,0.0,26,6,8
4,9,1,31.18535149525426,34.17154227242505,success,3,31.18535149525426,33.66496213112127,success,,0.9,0.06581345682344084,0.009427927893981343,2.4,2.0,0.14610948533124607,0.01867919623741292,0.00272920774864975,0.9972707922513503,True,46.28902412468231,2.4796106358670116,0.09727079225135027,0.0,0.09727079225135027,46.28902412468231,0.0,0.0,1,1,3
4,10,6,32.070119194267924,33.049527743977826,success,7,32.070119194267924,32.91387511370538,success,,0.999,0.006626737149545453,0.005063992497679112,0.6470588235294118,0.6111111111111112,0.004278708874323877,0.0030898785509572966,1.3220690776563987e-05,0.9999867793092234,True,101.60800775048679,0.8437559194374558,0.0009867793092234178,0.0,0.0009867793092234178,101.60800775048679,0.0,0.0,25,6,7
4,11,7,35.62427378748708,37.96991900951315,success,8,35.62427378748708,37.82997878716016,success,,0.9999,0.005063992497679112,0.0068965156071457605,2.2222222222222223,2.0,0.011190234941493158,0.013698343204078957,0.0001532876787628497,0.9998467123212371,False,-8.47218747643778,2.205704999673081,-5.32876787628922e-05,5.32876787628922e-05,0.0,-6.617114999019243,0.18550724774185362,1.855072477418536,27,7,8
4,12,2,40.08949694445579,42.60409659258079,success,7,40.08949694445579,41.6850426401455,success,,0.999,0.014430720449262215,0.005063992497679112,2.090909090909091,1.2777777777777777,0.029722653935930037,0.006449767459650919,0.00019170420617042687,0.9998082957938296,True,66.30324602647802,1.595545695689708,0.0008082957938295721,0.0,0.0008082957938295721,66.30324602647802,0.0,0.0,11,2,7
4,13,3,41.577059653542406,43.12327874776122,success,7,41.577059653542406,42.563591266473864,success,,0.999,0.009427927893981343,0.005063992497679112,1.1666666666666667,0.7777777777777778,0.010938978647434625,0.003930914480375748,4.300018956572188e-05,0.9999569998104343,True,92.29423153529657,0.9865316129314579,0.0009569998104342892,0.0,0.0009569998104342892,92.29423153529657,0.0,0.0,16,3,7
4,14,2,45.59460809235021,47.21085528916669,success,7,45.59460809235021,46.604773287942365,success,,0.9,0.014430720449262215,0.005063992497679112,1.4545454545454546,0.8888888888888888,0.02077137914343308,0.004491210877578652,9.3288643951297e-05,0.9999067113560487,True,90.91923331664094,1.0101651955921582,0.09990671135604867,0.0,0.09990671135604867,90.91923331664094,0.0,0.0,11,2,7
4,15,6,45.77618675491331,46.337658863517404,success,7,45.77618675491331,46.99366217683125,success,,0.999,0.006626737149545453,0.005063992497679112,0.4117647058823529,0.3888888888888889,0.002724937074024275,0.0019673925569243947,5.361020917522698e-06,0.9999946389790825,True,127.67327444915608,0.561472108604093,0.000994638979082474,0.0,0.000994638979082474,127.67327444915608,0.0,0.0,25,6,7
4,16,6,51.57269953676264,52.193764265111504,success,8,51.57269953676264,52.1668828963069,success,,0.99,0.006626737149545453,0.0068965156071457605,0.4117647058823529,0.35,0.002724937074024275,0.0024108696369427476,6.569468054344737e-06,0.9999934305319457,True,123.90199166176087,0.5941833595442603,0.00999343053194568,0.0,0.00999343053194568,123.90199166176087,0.0,0.0,26,6,8
4,17,3,53.72182182237173,,,7,53.72182182237173,54.799799205263305,success,,0.99,0.009427927893981343,0.005063992497679112,1.1666666666666667,0.7777777777777778,0.010938978647434625,0.003930914480375748,4.300018956572188e-05,0.9999569998104343,True,87.19452337247374,1.077977382891575,0.009956999810434297,0.0,0.009956999810434297,87.19452337247374,0.0,0.0,16,3,7
4,18,1,54.58416659615119,59.11337248774971,success,4,54.58416659615119,57.6416266848076,success,,0.9,0.06581345682344084,0.007408272798742216,3.7,2.642857142857143,0.216128198303638,0.01938858272672268,0.00419041945238761,0.9958095805476124,True,38.142348042131296,3.0574600886564056,0.09580958054761235,0.0,0.09580958054761235,38.142348042131296,0.0,0.0,2,1,4
4,19,2,55.26785963245332,59.79022160378587,success,8,55.26785963245332,58.93139727739418,success,,0.9,0.014430720449262215,0.0068965156071457605,4.090909090909091,2.25,0.05732600392112383,0.015397389288326086,0.0008826707987176513,0.9991173292012824,True,31.832763081670056,3.6635376449408596,0.09911732920128236,0.0,0.09911732920128236,31.832763081670056,0.0,0.0,12,2,8
4,20,5,55.367425716298456,57.180049724608715,success,8,55.367425716298456,56.68139727739418,success,,0.9999,0.011957329737524265,0.0068965156071457605,1.2666666666666666,0.95,0.015031827978719116,0.006530274301811292,9.816195995867742e-05,0.9999018380400413,True,76.29947763100759,1.3139715610957268,1.8380400412798537e-06,0.0,1.8380400412798537e-06,76.29947763100759,0.0,0.0,24,5,8
4,21,5,57.34323172792316,60.11731836874304,success,8,57.34323172792316,60.73139727739418,success,,0.9,0.011957329737524265,0.0068965156071457605,2.4,1.8,0.028289726388301534,0.01233699561052474,0.00034901023027542196,0.9996509897697246,True,41.81350902550104,2.774086640819881,0.09965098976972453,0.0,0.09965098976972453,41.81350902550104,0.0,0.0,24,5,8
4,22,7,62.33267538000804,64.9175904380718,success,8,62.33267538000804,64.76679306937355,success,,0.9,0.005063992497679112,0.0068965156071457605,2.4444444444444446,2.2,0.012302348016520566,0.015057814381019167,0.000185246472883466,0.9998147535271166,True,47.052067105528806,2.4341176893655074,0.09981475352711655,0.0,0.09981475352711655,47.052067105528806,0.0,0.0,27,7,8
4,23,4,63.60025200557505,64.599539661129,success,7,63.60025200557505,65.47314599362736,success,,0.99,0.007408272798742216,0.005063992497679112,0.7142857142857143,0.5555555555555556,0.005277647451157976,0.0028093754634383114,1.4826893253960963e-05,0.9999851731067461,True,91.54687199420155,0.9992876555539496,0.00998517310674607,0.0,0.00998517310674607,91.54687199420155,0.0,0.0,20,4,7
4,24,1,63.802271319761545,67.93371289676678,success,5,63.802271319761545,66.66264309389241,success,,0.9,0.06581345682344084,0.011957329737524265,3.9,2.6,0.22637845243992533,0.03061076197351412,0.006929616923571041,0.9930703830764289,True,40.6365001524632,2.8603717741308685,0.0930703830764289,0.0,0.0930703830764289,40.6365001524632,0.0,0.0,3,1,5
4,25,6,66.45520526458387,68.72528663568077,success,7,66.45520526458387,68.47563477337131,success,,0.9999,0.006626737149545453,0.005063992497679112,1.7647058823529411,1.6666666666666667,0.011626130144455878,0.008404470792081304,9.771147122401542e-05,0.9999022885287759,True,55.110373323367725,2.020429508787444,2.2885287759288886e-06,0.0,2.2885287759288886e-06,55.110373323367725,0.0,0.0,25,6,7
4,26,3,68.09619763746444,,,8,68.09619763746444,69.59065568004023,success,,0.9999,0.009427927893981343,0.0068965156071457605,1.4166666666666667,0.85,0.013267432505613953,0.005844890043964462,7.754668416103346e-05,0.999922453315839,True,69.59479785423503,1.4944580425757863,2.2453315838943944e-05,0.0,2.2453315838943944e-05,69.59479785423503,0.0,0.0,17,3,8
4,27,2,68.36658554710729,72.58673617432261,success,6,68.36658554710729,71.30643371721384,success,,0.99,0.014430720449262215,0.006626737149545453,3.727272727272727,2.411764705882353,0.05236628764709532,0.015855094192556627,0.0008302724231592109,0.9991697275768407,True,39.59963385087487,2.9398481701065435,0.009169727576840758,0.0,0.009169727576840758,39.59963385087487,0.0,0.0,10,2,6
4,28,2,70.10690663688669,,,7,70.10690663688669,71.39015297039,success,,0.9,0.014430720449262215,0.005063992497679112,1.8181818181818181,1.1111111111111112,0.025896456547863943,0.005610858336382053,0.00014530134910433802,0.9998546986508957,True,77.56495695072714,1.283246333503314,0.09985469865089569,0.0,0.09985469865089569,77.56495695072714,0.0,0.0,11,2,7
4,29,3,73.52888016306605,76.88410407395052,success,4,73.52888016306605,76.27638472236318,success,,0.99,0.009427927893981343,0.007408272798742216,2.8333333333333335,2.4285714285714284,0.026358840245936883,0.01783063854108705,0.00046999495278755865,0.9995300050472125,True,42.1874575231018,2.747504559297127,0.009530005047212464,0.0,0.009530005047212464,42.1874575231018,0.0,0.0,13,3,4
4,30,7,74.5678105102992,76.58572311683528,success,8,74.5678105102992,76.56803522489638,success,,0.9999,0.005063992497679112,0.0068965156071457605,1.7777777777777777,1.6,0.008962250780010424,0.010973769010423485,9.83496698733221e-05,0.9999016503301267,True,55.56476862278437,2.0002247145971808,1.6503301266679316e-06,0.0,1.6503301266679316e-06,55.56476862278437,0.0,0.0,27,7,8
4,31,5,76.13917974089715,,,7,76.13917974089715,78.36350089461305,success,,0.999,0.011957329737524265,0.005063992497679112,2.1333333333333333,1.7777777777777777,0.02518636525581139,0.008962250780010424,0.0002257265216595231,0.9997742734783405,True,50.86474534238341,2.2243211537159056,0.0007742734783404703,0.0,0.0007742734783404703,50.86474534238341,0.0,0.0,23,5,7
4,32,5,77.4084622455073,,,8,77.4084622455073,79.87983608767617,success,,0.999,0.011957329737524265,0.0068965156071457605,2.6666666666666665,2.0,0.031383207837152274,0.013698343204078957,0.0004298979517982523,0.9995701020482017,True,46.425623989722965,2.471373842168873,0.0005701020482017372,0.0,0.0005701020482017372,46.425623989722965,0.0,0.0,24,5,8
4,33,4,78.5064724200131,80.62624442903177,success,6,78.5064724200131,80.40656344241286,success,,0.99,0.007408272798742216,0.006626737149545453,1.7857142857142858,1.4705882352941178,0.013141939166239623,0.009697871086054065,0.00012744883185495672,0.999872551168145,True,57.917655806500726,1.9000910223997636,0.009872551168145005,0.0,0.009872551168145005,57.917655806500726,0.0,0.0,19,4,6
4,34,4,80.77704681123862,82.33062648707593,success,8,80.77704681123862,82.13598775356603,success,,0.9999,0.007408272798742216,0.0068965156071457605,1.2142857142857142,0.85,0.008955419035595075,0.005844890043964462,5.234343956067947e-05,0.9999476565604393,True,74.51717725519022,1.3589409423274077,4.765656043925759e-05,0.0,4.765656043925759e-05,74.51717725519022,0.0,0.0,21,4,8
4,35,3,82.86063424358095,84.90067651720555,success,7,82.86063424358095,84.19654638296338,success,,0.99,0.009427927893981343,0.005063992497679112,1.8333333333333333,1.2222222222222223,0.01713601384077606,0.006170209752454928,0.00010573279971855906,0.9998942672002814,True,75.41982386322519,1.3359121393824296,0.009894267200281415,0.0,0.009894267200281415,75.41982386322519,0.0,0.0,16,3,7
4,36,1,90.82081137031373,,,8,90.82081137031373,92.01406927547085,success,,0.99,0.06581345682344084,0.0068965156071457605,1.6,0.8,0.09994691216804054,0.005502020620666864,0.000549909971720539,0.9994500900282794,True,81.51637362571904,1.193257905157111,0.009450090028279456,0.0,0.009450090028279456,81.51637362571904,0.0,0.0,6,1,8
4,37,2,92.90473834021115,93.70548118181993,success,7,92.90473834021115,93.44216415828643,success,,0.999,0.014430720449262215,0.005063992497679112,0.45454545454545453,0.2777777777777778,0.006537952361769097,0.0014056756937972218,9.19024072214296e-06,0.9999908097592779,True,130.6194845040266,0.5374258180752776,0.0009908097592778997,0.0,0.0009908097592778997,130.6194845040266,0.0,0.0,11,2,7
4,38,5,97.01661505154465,,,8,97.01661505154465,98.26784720600791,success,,0.99,0.011957329737524265,0.0068965156071457605,1.0,0.75,0.01188612495920757,0.0051590329467660605,6.132091027393025e-05,0.9999386790897261,True,78.92730798074834,1.251232154463267,0.009938679089726121,0.0,0.009938679089726121,78.92730798074834,0.0,0.0,24,5,8
4,39,4,97.88504395009917,99.72363468467415,success,7,97.88504395009917,99.35644227788333,success,,0.9999,0.007408272798742216,0.005063992497679112,1.5,1.1666666666666667,0.011050894448890623,0.005890573385409545,6.509610472560518e-05,0.9999349038952744,True,70.3886074060339,1.4713983277841578,3.49038952743852e-05,0.0,3.49038952743852e-05,70.3886074060339,0.0,0.0,20,4,7
4,40,1,98.76481137062432,,,4,98.76481137062432,102.86649182753129,success,,0.9,0.06581345682344084,0.007408272798742216,4.4,3.142857142857143,0.2514215043575085,0.023014182168196142,0.005786260302285621,0.9942137396977144,True,28.23255255098638,4.101680456906976,0.0942137396977144,0.0,0.0942137396977144,28.23255255098638,0.0,0.0,2,1,4
4,41,3,101.92401678363666,102.80006832641601,success,8,101.92401678363666,102.56873069785105,success,,0.999,0.009427927893981343,0.0068965156071457605,0.5,0.3,0.0047028706569123896,0.00206681587069428,9.719967711528961e-06,0.9999902800322885,True,118.54753629343126,0.6447139142143925,0.0009902800322885152,0.0,0.0009902800322885152,118.54753629343126,0.0,0.0,17,3,8
4,42,5,103.30828064540755,105.38628402881697,success,8,103.30828064540755,104.83250512323606,success,,0.99,0.011957329737524265,0.0068965156071457605,1.6666666666666667,1.25,0.01973161532332476,0.008583593297938601,0.00016936816104679302,0.9998306318389532,True,68.59452383469427,1.5242244778285112,0.009830631838953163,0.0,0.009830631838953163,68.59452383469427,0.0,0.0,24,5,8
4,43,2,104.52055503887168,,,8,104.52055503887168,105.63250512323606,success,,0.99,0.014430720449262215,0.0068965156071457605,1.4545454545454546,0.8,0.02077137914343308,0.005502020620666864,0.00011428455636685843,0.9998857154436331,True,85.44132327217145,1.1119500843643806,0.009885715443633147,0.0,0.009885715443633147,85.44132327217145,0.0,0.0,12,2,8
4,44,1,105.76474223507677,,,4,105.76474223507677,108.99117367792482,success,,0.99,0.06581345682344084,0.007408272798742216,4.1,2.9285714285714284,0.23649466972269778,0.02146199814552598,0.005075648163015319,0.9949243518369847,True,36.19529705631426,3.226431442848053,0.004924351836984697,0.0,0.004924351836984697,36.19529705631426,0.0,0.0,2,1,4
4,45,3,106.35873183337164,107.19696616608657,success,6,106.35873183337164,106.9840812180398,success,,0.9,0.009427927893981343,0.006626737149545453,0.4166666666666667,0.29411764705882354,0.003920597599191048,0.0019471421923696317,7.633961004687972e-06,0.9999923660389953,True,120.53680792139885,0.6253493846681693,0.0999923660389953,0.0,0.0999923660389953,120.53680792139885,0.0,0.0,15,3,6
4,46,7,108.00564623210003,110.55502940956866,success,8,108.00564623210003,110.50832189825147,success,,0.9999,0.005063992497679112,0.0068965156071457605,2.2777777777777777,2.05,0.011468380549006002,0.014038386811280789,0.000160997562245915,0.999839002437754,False,-9.576220000315974,2.5026756661514327,-6.0997562245979076e-05,6.0997562245979076e-05,0.0,-7.508026998454298,0.20681930018616757,2.0681930018616757,27,7,8
4,47,2,108.23868558597064,112.80139271935192,success,7,108.23868558597064,113.22169607623533,success,,0.9,0.014430720449262215,0.005063992497679112,4.363636363636363,2.6666666666666665,0.06102874867124808,0.013413210299398305,0.0008185914402365753,0.9991814085597635,True,25.077083445267213,4.562707133381281,0.09918140855976343,0.0,0.09918140855976343,25.077083445267213,0.0,0.0,11,2,7
4,48,5,109.30673627626277,111.7382412246832,success,8,109.30673627626277,111.60832189825146,success,,0.999,0.011957329737524265,0.0068965156071457605,1.4666666666666666,1.1,0.01738453149503157,0.007557464827821463,0.00013138298532185556,0.9998686170146781,True,49.401134113840165,2.3015856219886928,0.000868617014678108,0.0,0.000868617014678108,49.401134113840165,0.0,0.0,24,5,8
4,49,4,109.9951328119904,112.72964788648162,success,5,109.9951328119904,113.9382412246832,success,,0.9,0.007408272798742216,0.011957329737524265,2.357142857142857,2.2,0.017310773966535825,0.025963133483101794,0.00044944193518897316,0.9995505580648111,True,42.37220211412212,2.7345150744912132,0.09955055806481106,0.0,0.09955055806481106,42.37220211412212,0.0,0.0,18,4,5
4,50,5,117.92726934496925,119.1684726231441,success,6,117.92726934496925,118.80235469160138,success,,0.999,0.011957329737524265,0.006626737149545453,0.5333333333333333,0.47058823529411764,0.006356951072978237,0.003113607180896187,1.9793048509430757e-05,0.9999802069514906,True,99.40012472993025,0.8750853466321331,0.000980206951490592,0.0,0.000980206951490592,99.40012472993025,0.0,0.0,22,5,6
4,51,3,117.99329531390991,120.6592785507474,success,8,117.99329531390991,119.80377994767761,success,,0.999,0.009427927893981343,0.0068965156071457605,2.0,1.2,0.01867919623741292,0.008241668412968946,0.00015394774160953445,0.9998460522583905,True,60.17777595973701,1.8104846337677003,0.0008460522583905172,0.0,0.0008460522583905172,60.17777595973701,0.0,0.0,17,3,8
4,52,1,118.67949780083535,120.55485703273904,success,2,118.67949780083535,120.11380424906847,success,,0.99,0.06581345682344084,0.014430720449262215,1.0,0.9090909090909091,0.0636944905943604,0.013033159902453432,0.0008301404808216152,0.9991698595191784,True,71.70167992473506,1.4343064482331158,0.00916985951917837,0.0,0.00916985951917837,71.70167992473506,0.0,0.0,0,1,2
4,53,2,122.56666561796916,123.29607516387114,success,5,122.56666561796916,123.41536912259598,success,,0.9,0.014430720449262215,0.011957329737524265,0.45454545454545453,0.3333333333333333,0.006537952361769097,0.003977843914481257,2.6006954015431566e-05,0.9999739930459846,True,110.63805969735554,0.7294095459019729,0.09997399304598453,0.0,0.09997399304598453,110.63805969735554,0.0,0.0,9,2,5
4,54,7,129.9534949614714,131.82834757937044,success,8,129.9534949614714,131.80047154685872,success,,0.999,0.005063992497679112,0.0068965156071457605,1.6666666666666667,1.5,0.008404470792081304,0.010291450272586303,8.649419322410875e-05,0.9999135058067758,True,59.238634792113594,1.8469765853873241,0.0009135058067758495,0.0,0.0009135058067758495,59.238634792113594,0.0,0.0,27,7,8
4,55,4,132.42170090123443,134.75403872213775,success,6,132.42170090123443,134.52906441406452,success,,0.99,0.007408272798742216,0.006626737149545453,1.9285714285714286,1.588235294117647,0.014185802942305793,0.010469625729242938,0.0001485200474747349,0.9998514799525252,True,53.2274457584105,2.1073635128300907,0.009851479952525222,0.0,0.009851479952525222,53.2274457584105,0.0,0.0,19,4,6
4,56,1,132.95900498348024,,,7,132.95900498348024,135.5027530013748,success,,0.99,0.06581345682344084,0.005063992497679112,4.2,2.3333333333333335,0.24150306316944245,0.011746447916010195,0.002836803153076776,0.9971631968469232,True,45.2480896734486,2.5437480178945577,0.0071631968469232365,0.0,0.0071631968469232365,45.2480896734486,0.0,0.0,5,1,7
4,57,1,133.62547985228593,,,4,133.62547985228593,135.82546729356633,success,,0.99,0.06581345682344084,0.007408272798742216,1.5,1.0714285714285714,0.09400381633214143,0.007906016884943278,0.0007431957591710168,0.999256804240829,True,51.34120390747743,2.199987441280399,0.009256804240828975,0.0,0.009256804240828975,51.34120390747743,0.0,0.0,2,1,4
4,58,2,134.8947772623319,,,3,134.8947772623319,137.25582917135932,success,,0.99,0.014430720449262215,0.009427927893981343,2.1818181818181817,2.0,0.030994710371118808,0.01867919623741292,0.0005789562773439057,0.999421043722656,True,48.323006712561295,2.361051909027424,0.009421043722656064,0.0,0.009421043722656064,48.323006712561295,0.0,0.0,7,2,3
4,59,1,137.30041881621224,,,8,137.30041881621224,140.62669954660595,success,,0.9,0.06581345682344084,0.0068965156071457605,3.5,1.75,0.20574213136561328,0.011996365218610978,0.002468157748717334,0.9975318422512827,True,35.11851316655931,3.326280730393705,0.09753184225128264,0.0,0.09753184225128264,35.11851316655931,0.0,0.0,6,1,8
4,60,5,137.397935668244,139.42441481912024,success,8,137.397935668244,138.87669954660595,success,,0.999,0.011957329737524265,0.0068965156071457605,1.5333333333333334,1.15,0.01816751651737282,0.007899625603153411,0.00014351657862635083,0.9998564834213737,True,70.13322018216606,1.4787638783619457,0.0008564834213736772,0.0,0.0008564834213736772,70.13322018216606,0.0,0.0,24,5,8
4,61,7,141.0044099360945,143.73268493904152,success,8,141.0044099360945,143.6348682743395,success,,0.9999,0.005063992497679112,0.0068965156071457605,2.5,2.25,0.012580180794025243,0.015397389288326086,0.00019370194100312984,0.9998062980589969,False,-10.762714740910866,2.630458338245006,-9.370194100311036e-05,9.370194100311036e-05,0.0,-7.891375014735019,0.28713397261758467,2.8713397261758464,27,7,8
4,62,2,142.51798718932326,144.2991537213753,success,6,142.51798718932326,143.88627295036446,success,,0.999,0.014430720449262215,0.006626737149545453,1.2727272727272727,0.8235294117647058,0.018198737524849518,0.005442448865991158,9.904569840458798e-05,0.9999009543015954,True,74.15674635647993,1.368285761041193,0.0009009543015954247,0.0,0.0009009543015954247,74.15674635647993,0.0,0.0,10,2,6
4,63,1,143.53606859278045,145.05923181573863,success,7,143.53606859278045,144.34379605015263,success,,0.999,0.06581345682344084,0.005063992497679112,1.1,0.6111111111111112,0.0698364076072449,0.0030898785509572966,0.000215786017941537,0.9997842139820584,True,104.27882072162502,0.8077274573721809,0.0007842139820584126,0.0,0.0007842139820584126,104.27882072162502,0.0,0.0,5,1,7
4,64,3,146.53819045420343,147.93273918117504,success,8,146.53819045420343,147.47347123170516,success,,0.99,0.009427927893981343,0.0068965156071457605,1.0833333333333333,0.65,0.0101616069795819,0.00447270268400922,4.544984681142279e-05,0.9999545501531886,True,95.42725279626674,0.9352807775017311,0.00995455015318858,0.0,0.00995455015318858,95.42725279626674,0.0,0.0,17,3,8
4,65,4,149.43540504000146,152.86673406860157,success,7,149.43540504000146,152.1394741816146,success,,0.99,0.007408272798742216,0.005063992497679112,3.142857142857143,2.4444444444444446,0.023014182168196142,0.012302348016520566,0.0002831284783487508,0.9997168715216512,True,42.81050431350387,2.7040691416131324,0.009716871521651238,0.0,0.009716871521651238,42.81050431350387,0.0,0.0,20,4,7
4,66,2,149.46857721364645,150.4391207409199,success,6,149.46857721364645,150.16123366666477,success,,0.99,0.014430720449262215,0.006626737149545453,0.8181818181818182,0.5294117647058824,0.011737524539363879,0.0035021258105502363,4.110628764127301e-05,0.9999588937123587,True,113.92315686790532,0.6926564530183157,0.009958893712358696,0.0,0.009958893712358696,113.92315686790532,0.0,0.0,10,2,6
4,67,2,150.52179673559954,153.41145911515872,success,3,150.52179673559954,153.4057716057973,success,,0.99,0.014430720449262215,0.009427927893981343,2.3636363636363638,2.1666666666666665,0.03353382234011566,0.020219955702756313,0.0006780524022612387,0.9993219475977387,True,40.32397776619964,2.883974870197761,0.009321947597738744,0.0,0.009321947597738744,40.32397776619964,0.0,0.0,7,2,3
4,68,2,156.32132050681702,158.339247854273,success,3,156.32132050681702,158.3416346583066,success,,0.99,0.014430720449262215,0.009427927893981343,1.6363636363636365,1.5,0.02333727959641559,0.014042365006844876,0.0003277105983596612,0.9996722894016403,True,55.166290961256976,2.0179273474559807,0.009672289401640333,0.0,0.009672289401640333,55.166290961256976,0.0,0.0,7,2,3
4,69,1,157.2641365342626,159.27375163945032,success,4,157.2641365342626,158.59037265828505,success,,0.999,0.06581345682344084,0.007408272798742216,1.5,1.0714285714285714,0.09400381633214143,0.007906016884943278,0.0007431957591710168,0.999256804240829,True,75.80535253232232,1.3262361240224436,0.00025680424082896725,0.0,0.00025680424082896725,75.80535253232232,0.0,0.0,2,1,4
4,70,6,157.4116610958542,159.4599489439713,success,7,157.4116610958542,159.21931879868652,success,,0.9999,0.006626737149545453,0.005063992497679112,1.5294117647058822,1.4444444444444444,0.010083823616694085,0.007287968843376367,7.349059234056928e-05,0.9999265094076595,True,60.25164262459634,1.8076577028323015,2.650940765946963e-05,0.0,2.650940765946963e-05,60.25164262459634,0.0,0.0,25,6,7
4,71,6,160.0191102025928,161.9392460692563,success,8,160.0191102025928,161.75632753722962,success,,0.9999,0.006626737149545453,0.0068965156071457605,1.588235294117647,1.35,0.010469625729242938,0.009267089455952329,9.702295820323444e-05,0.9999029770417968,True,62.1463646770549,1.7372173346368243,2.977041796747848e-06,0.0,2.977041796747848e-06,62.1463646770549,0.0,0.0,26,6,8
4,72,5,160.88058759181266,162.04004688203185,success,6,160.88058759181266,162.70395195160924,success,,0.999,0.011957329737524265,0.006626737149545453,0.8666666666666667,0.7647058823529411,0.010309508028319193,0.005054686737353431,5.2111333499383745e-05,0.9999478886665006,True,83.1038747738744,1.1594592902191891,0.0009478886665006403,0.0,0.0009478886665006403,83.1038747738744,0.0,0.0,22,5,6
4,73,7,161.23817774629993,162.5110463390937,success,8,161.23817774629993,162.75632753722962,success,,0.9999,0.005063992497679112,0.0068965156071457605,1.1111111111111112,1.0,0.005610858336382053,0.006872789217856017,3.856224667720412e-05,0.9999614377533228,True,78.00156784089125,1.2728685927937704,6.143775332279056e-05,0.0,6.143775332279056e-05,78.00156784089125,0.0,0.0,27,7,8
4,74,2,163.6532067049879,165.24149417560668,success,7,163.6532067049879,164.69290715643683,success,,0.9,0.014430720449262215,0.005063992497679112,1.0909090909090908,0.6666666666666666,0.015619337030190748,0.0033703027348241897,5.264189430899262e-05,0.999947358105691,True,89.25822824370225,1.0397004514489367,0.099947358105691,0.0,0.099947358105691,89.25822824370225,0.0,0.0,11,2,7
4,75,4,164.47657187503702,166.45192910484752,success,6,164.47657187503702,166.98584672520693,success,,0.999,0.007408272798742216,0.006626737149545453,1.5714285714285714,1.2941176470588236,0.011574070639684271,0.008539110399016536,9.883226695827994e-05,0.9999011677330417,True,56.13314487199023,1.9753572298104984,0.0009011677330417189,0.0,0.0009011677330417189,56.13314487199023,0.0,0.0,19,4,6
4,76,6,164.5338642891029,165.69172907814811,success,8,164.5338642891029,165.6052947782831,success,,0.9999,0.006626737149545453,0.0068965156071457605,0.8823529411764706,0.75,0.0058300598712792895,0.0051590329467660605,3.0077470957548554e-05,0.9999699225290425,True,87.54067959183521,1.0714304891802158,6.992252904247653e-05,0.0,6.992252904247653e-05,87.54067959183521,0.0,0.0,26,6,8
4,77,7,167.19641913189992,169.5523683920138,success,8,167.19641913189992,169.50448271357118,success,,0.9999,0.005063992497679112,0.0068965156071457605,2.111111111111111,1.9,0.010633708916876414,0.013017904121165687,0.00013842860313228179,0.9998615713968677,False,-8.336449110025526,2.308063581671263,-3.842860313230112e-05,3.842860313230112e-05,0.0,-6.924190745013789,0.14122583650117368,1.4122583650117368,27,7,8
4,78,7,168.49299476396953,170.1634795031249,success,8,168.49299476396953,170.0544827135712,success,,0.99,0.005063992497679112,0.0068965156071457605,0.6111111111111112,0.55,0.0030898785509572966,0.003785898929262025,1.1697967897618927e-05,0.9999883020321024,True,67.37942653386948,1.5614879496016556,0.009988302032102436,0.0,0.009988302032102436,67.37942653386948,0.0,0.0,27,7,8
4,79,3,169.77367785126285,,,7,169.77367785126285,172.94125728090268,success,,0.9,0.009427927893981343,0.005063992497679112,4.166666666666667,2.7777777777777777,0.038521459419685655,0.013968172833456728,0.000538074402971159,0.9994619255970288,True,36.854934637524934,3.1675794296398294,0.09946192559702882,0.0,0.09946192559702882,36.854934637524934,0.0,0.0,16,3,7
4,80,5,172.94234242428118,174.71989167009798,success,7,172.94234242428118,174.23113990038567,success,,0.9999,0.011957329737524265,0.005063992497679112,1.3333333333333333,1.1111111111111112,0.01581668772385308,0.005610858336382053,8.874519416933274e-05,0.9999112548058307,True,77.33334082078599,1.2887974761044916,1.1254805830640535e-05,0.0,1.1254805830640535e-05,77.33334082078599,0.0,0.0,23,5,7
4,81,1,173.37499941486368,177.58621766425662,success,4,173.37499941486368,176.2734656824173,success,,0.99,0.06581345682344084,0.007408272798742216,3.7,2.642857142857143,0.216128198303638,0.01938858272672268,0.00419041945238761,0.9958095805476124,True,40.13404421927561,2.89846626755363,0.005809580547612381,0.0,0.005809580547612381,40.13404421927561,0.0,0.0,2,1,4
4,82,1,173.7030938032988,,,8,173.7030938032988,174.32785191389254,success,,0.99,0.06581345682344084,0.0068965156071457605,0.5,0.25,0.03237119234406854,0.0017226434453802041,5.576402231065151e-05,0.9999442359776893,True,120.5987311760563,0.6247581105937456,0.009944235977689342,0.0,0.009944235977689342,120.5987311760563,0.0,0.0,6,1,8
4,83,2,174.81168681134832,177.26984424514004,success,8,174.81168681134832,176.4207472399516,success,,0.999,0.014430720449262215,0.0068965156071457605,2.090909090909091,1.15,0.029722653935930037,0.007899625603153411,0.00023479783802594144,0.9997652021619741,True,65.88494190757528,1.6090604286032715,0.0007652021619740657,0.0,0.0007652021619740657,65.88494190757528,0.0,0.0,12,2,8
4,84,2,178.33971277535485,,,8,178.33971277535485,180.50007315451694,success,,0.9,0.014430720449262215,0.0068965156071457605,2.8181818181818183,1.55,0.03985253216891706,0.010632668461777118,0.00042373876191440245,0.9995762612380856,True,52.13379107868474,2.1603603791620856,0.0995762612380856,0.0,0.0995762612380856,52.13379107868474,0.0,0.0,12,2,8
4,85,7,181.09911751111827,183.23384983433112,success,8,181.09911751111827,183.16626397573228,success,,0.9999,0.005063992497679112,0.0068965156071457605,1.9444444444444444,1.75,0.00979833252556687,0.011996365218610978,0.00011754437551009506,0.9998824556244899,False,-6.903457923826878,2.0671464646140123,-1.754437551015897e-05,1.754437551015897e-05,0.0,-6.201439393842037,0.0702018529984841,0.7020185299848409,27,7,8
4,86,3,183.95666168087834,187.89519248106694,success,4,183.95666168087834,187.22465272543803,success,,0.999,0.009427927893981343,0.007408272798742216,3.5,3.0,0.03245926115265756,0.021979666629660725,0.0007134437391805101,0.9992865562608195,True,35.74079417149485,3.267991044559693,0.000286556260819526,0.0,0.000286556260819526,35.74079417149485,0.0,0.0,13,3,4
4,87,7,184.57944635001138,186.51549578904212,success,8,184.57944635001138,186.57101022987743,success,,0.9999,0.005063992497679112,0.0068965156071457605,1.6111111111111112,1.45,0.00812546308463768,0.009950114402278552,8.08492872636361e-05,0.9999191507127364,True,57.05276464704293,1.9360494390307394,1.915071273639324e-05,0.0,1.915071273639324e-05,57.05276464704293,0.0,0.0,27,7,8
4,88,2,185.55093543205942,186.4498706693499,success,8,185.55093543205942,186.87101022987744,success,,0.9999,0.014430720449262215,0.0068965156071457605,0.5454545454545454,0.3,0.007840404486350164,0.00206681587069428,1.6204672425051153e-05,0.999983795327575,True,97.7855445764906,0.8989352372904875,8.379532757496477e-05,0.0,8.379532757496477e-05,97.7855445764906,0.0,0.0,12,2,8
4,89,7,186.38571888130187,188.35060911058633,success,8,186.38571888130187,188.42101022987745,success,,0.9999,0.005063992497679112,0.0068965156071457605,1.7222222222222223,1.55,0.008683400016513304,0.010632668461777118,9.232771349657591e-05,0.9999076722865035,True,56.375453683735245,1.9648902292844639,7.672286503446202e-06,0.0,7.672286503446202e-06,56.375453683735245,0.0,0.0,27,7,8
4,90,4,187.0028783901153,188.48676322646511,success,5,187.0028783901153,188.83685736714045,success,,0.9,0.007408272798742216,0.011957329737524265,1.1428571428571428,1.0666666666666667,0.008430856786291073,0.012673491319012234,0.00010684839029289528,0.9998931516097072,True,69.956680485799,1.4838848363498016,0.09989315160970713,0.0,0.09989315160970713,69.956680485799,0.0,0.0,18,4,5
4,91,1,188.10605721790137,,,2,188.10605721790137,189.82066577257626,success,,0.99,0.06581345682344084,0.014430720449262215,1.3,1.1818181818181819,0.08199963785703131,0.016909883245750285,0.0013866043023562046,0.9986133956976438,True,62.77748291772456,1.7146085546748964,0.008613395697643855,0.0,0.008613395697643855,62.77748291772456,0.0,0.0,0,1,2
4,92,2,189.65362577772055,192.7075926713854,success,4,189.65362577772055,192.07305706356684,success,,0.999,0.014430720449262215,0.007408272798742216,2.6363636363636362,2.0714285714285716,0.037330020793014694,0.01522856255595365,0.0005684825568614747,0.9994315174431385,True,47.302947876971395,2.4194312858462865,0.00043151744313851825,0.0,0.00043151744313851825,47.302947876971395,0.0,0.0,8,2,4
4,93,5,189.96745861587593,,,7,189.96745861587593,192.68152114235585,success,,0.999,0.011957329737524265,0.005063992497679112,2.8,2.3333333333333335,0.03292625351300225,0.011746447916010195,0.00038676652195982863,0.9996132334780402,True,42.665814724314465,2.714062526479921,0.0006132334780402093,0.0,0.0006132334780402093,42.665814724314465,0.0,0.0,23,5,7
4,94,4,193.45784198340843,197.23453824820479,success,6,193.45784198340843,196.69594726503735,success,,0.999,0.007408272798742216,0.006626737149545453,3.5,2.8823529411764706,0.025595686096655176,0.018919334838321086,0.0004842533556791789,0.9995157466443209,True,36.06670026279735,3.2381052816289184,0.000515746644320858,0.0,0.000515746644320858,36.06670026279735,0.0,0.0,19,4,6
4,95,7,195.75610995072995,198.5150888716281,success,8,195.75610995072995,198.39514889296765,success,,0.9999,0.005063992497679112,0.0068965156071457605,2.5555555555555554,2.3,0.012857935419018267,0.015736847121636827,0.00020234336398896983,0.9997976566360111,False,-10.978006486006734,2.639038942237704,-0.00010234336398895483,0.00010234336398895483,0.0,-7.917116826713112,0.3060889659293621,3.060889659293621,27,7,8
4,96,5,197.72122024219553,201.9684650340886,success,6,197.72122024219553,201.18463183196076,success,,0.9,0.011957329737524265,0.006626737149545453,3.3333333333333335,2.9411764705882355,0.039073894003381855,0.019301693468506406,0.0007541923246741872,0.9992458076753258,True,33.72066291800343,3.4634115897652293,0.09924580767532576,0.0,0.09924580767532576,33.72066291800343,0.0,0.0,22,5,6
4,97,4,202.60563649583102,204.0449735142527,success,5,202.60563649583102,204.24533526347025,success,,0.999,0.007408272798742216,0.011957329737524265,1.2142857142857142,1.1333333333333333,0.008955419035595075,0.013460230275639784,0.00012054200243395766,0.9998794579975661,True,71.52090330572436,1.4393370184216678,0.0008794579975660577,0.0,0.0008794579975660577,71.52090330572436,0.0,0.0,18,4,5
4,98,2,203.52593658858888,204.4826638499376,success,3,203.52593658858888,204.62739662816907,success,,0.9999,0.014430720449262215,0.009427927893981343,0.45454545454545453,0.4166666666666667,0.006537952361769097,0.003920597599191048,2.5632680333177362e-05,0.9999743673196668,True,94.09000487809115,0.9567272613487319,7.436731966681265e-05,0.0,7.436731966681265e-05,94.09000487809115,0.0,0.0,7,2,3
4,99,3,203.7027061400191,,,5,203.7027061400191,207.67851913109203,success,,0.9,0.009427927893981343,0.011957329737524265,4.083333333333333,3.2666666666666666,0.037765766736868774,0.03830758125530158,0.0014467151779413662,0.9985532848220586,True,29.19968542520488,3.975812991072928,0.0985532848220586,0.0,0.0985532848220586,29.19968542520488,0.0,0.0,14,3,5
4,100,2,205.00476910456257,,,6,205.00476910456257,206.09030519880622,success,,0.9999,0.014430720449262215,0.006626737149545453,1.2727272727272727,0.8235294117647058,0.018198737524849518,0.005442448865991158,9.904569840458798e-05,0.9999009543015954,True,86.79826212083135,1.0855360942436505,9.543015954127654e-07,0.0,9.543015954127654e-07,86.79826212083135,0.0,0.0,10,2,6
4,101,1,206.31792978942738,210.44183109904884,success,2,206.31792978942738,209.93590693883664,success,,0.9,0.06581345682344084,0.014430720449262215,3.7,3.3636363636363638,0.216128198303638,0.04738047668325763,0.010240257060320002,0.98975974293968,True,32.24771234112623,3.6179771494092563,0.08975974293968003,0.0,0.08975974293968003,32.24771234112623,0.0,0.0,0,1,2
4,102,4,208.02182564001419,210.58662566535008,success,6,208.02182564001419,210.29601630884338,success,,0.9,0.007408272798742216,0.006626737149545453,2.2142857142857144,1.8235294117647058,0.016270219175127394,0.012011331170639237,0.00019542699073133989,0.9998045730092686,True,49.911716407710124,2.274190668829192,0.0998045730092686,0.0,0.0998045730092686,49.911716407710124,0.0,0.0,19,4,6
4,103,1,212.6960278606344,,,4,212.6960278606344,216.39259537617653,success,,0.99,0.06581345682344084,0.007408272798742216,4.9,3.5,0.2756538828245851,0.025595686096655176,0.007055550256102248,0.9929444497438977,True,31.53713566707277,3.6965675155421422,0.002944449743897737,0.0,0.002944449743897737,31.53713566707277,0.0,0.0,2,1,4
4,104,7,212.96148670399913,215.41431870782156,success,8,212.96148670399913,215.4736141177773,success,,0.9999,0.005063992497679112,0.0068965156071457605,2.0555555555555554,1.85,0.010355328455724469,0.012677508564546766,0.00013127976518614179,0.9998687202348139,False,-8.540473923906722,2.4528320038224365,-3.127976518613185e-05,3.127976518613185e-05,0.0,-7.3584960114673095,0.11819779124394131,1.1819779124394132,27,7,8
4,105,6,213.98525817813209,216.1212839049234,success,8,213.98525817813209,216.82361411777728,success,,0.9999,0.006626737149545453,0.0068965156071457605,1.588235294117647,1.35,0.010469625729242938,0.009267089455952329,9.702295820323444e-05,0.9999029770417968,True,52.631075877706365,2.1360257267913028,2.977041796747848e-06,0.0,2.977041796747848e-06,52.631075877706365,0.0,0.0,26,6,8
4,106,3,215.63943990107848,217.66145410227085,success,4,215.63943990107848,217.82116680474795,success,,0.9,0.009427927893981343,0.007408272798742216,1.6666666666666667,1.4285714285714286,0.015590404702649404,0.01052744133969724,0.00016412707096928158,0.9998358729290308,True,55.07501047320888,2.022014201192377,0.09983587292903073,0.0,0.09983587292903073,55.07501047320888,0.0,0.0,13,3,4
4,107,2,217.1282808312537,221.72744562632147,success,5,217.1282808312537,220.76989664018754,success,,0.9,0.014430720449262215,0.011957329737524265,4.363636363636363,3.2,0.06102874867124808,0.037540657393396626,0.0022910593450150337,0.9977089406549849,True,32.03136960744632,3.6416158089338353,0.09770894065498492,0.0,0.09770894065498492,32.03136960744632,0.0,0.0,9,2,5
4,108,7,222.02430737531236,224.26388525646834,success,8,222.02430737531236,224.2661964364982,success,,0.9999,0.005063992497679112,0.0068965156071457605,1.9444444444444444,1.75,0.00979833252556687,0.011996365218610978,0.00011754437551009506,0.9998824556244899,False,-7.420752173452783,2.2395778811559808,-1.754437551015897e-05,1.754437551015897e-05,0.0,-6.718733643467942,0.0702018529984841,0.7020185299848409,27,7,8
4,109,2,226.42001918196434,228.55647577336342,success,3,226.42001918196434,228.52069690301818,success,,0.9,0.014430720449262215,0.009427927893981343,1.8181818181818181,1.6666666666666667,0.025896456547863943,0.015590404702649404,0.000403736237945774,0.9995962637620542,True,53.368248366196596,2.1006777210538417,0.09959626376205422,0.0,0.09959626376205422,53.368248366196596,0.0,0.0,7,2,3
4,110,4,227.6466104845718,229.55730177786785,success,6,227.6466104845718,229.37692305974593,success,,0.9999,0.007408272798742216,0.006626737149545453,1.5714285714285714,1.2941176470588236,0.011574070639684271,0.008539110399016536,9.883226695827994e-05,0.9999011677330417,True,62.33788536194816,1.730312575174139,1.1677330417070308e-06,0.0,1.1677330417070308e-06,62.33788536194816,0.0,0.0,19,4,6
4,111,6,229.0558202712531,232.56726237227136,success,8,229.0558202712531,232.22113017342144,success,,0.999,0.006626737149545453,0.0068965156071457605,2.9411764705882355,2.5,0.019301693468506406,0.017093508521972788,0.00032993366179242075,0.9996700663382075,True,36.88075808580117,3.1653099021683317,0.0006700663382075422,0.0,0.0006700663382075422,36.88075808580117,0.0,0.0,26,6,8
4,112,7,230.4413955895519,232.1578194610915,success,8,230.4413955895519,,,,0.9999,0.005063992497679112,0.0068965156071457605,1.6111111111111112,1.45,0.00812546308463768,0.009950114402278552,8.08492872636361e-05,0.9999191507127364,True,62.72638020428477,1.7164238715396039,1.915071273639324e-05,0.0,1.915071273639324e-05,62.72638020428477,0.0,0.0,27,7,8
4,113,2,232.7832129156078,237.4663189614603,success,6,232.7832129156078,235.87187313662244,success,,0.99,0.014430720449262215,0.006626737149545453,4.545454545454546,2.9411764705882355,0.06348916160016604,0.019301693468506406,0.0012254483357788727,0.9987745516642211,True,37.77030651496684,3.088660221014635,0.008774551664221142,0.0,0.008774551664221142,37.77030651496684,0.0,0.0,10,2,6
4,114,4,250.10088403447963,,,7,250.10088403447963,251.71655697436904,success,,0.9999,0.007408272798742216,0.005063992497679112,1.5714285714285714,1.2222222222222223,0.011574070639684271,0.006170209752454928,7.141444353658213e-05,0.9999285855564635,True,65.6820383392794,1.6156729398894072,2.8585556463456285e-05,0.0,2.8585556463456285e-05,65.6820383392794,0.0,0.0,20,4,7
4,115,7,251.30101436345157,253.8832236410357,success,8,251.30101436345157,253.88306552486824,success,,0.9999,0.005063992497679112,0.0068965156071457605,2.1666666666666665,1.95,0.010912011071456935,0.013358182320856178,0.0001457646333797229,0.9998542353666203,False,-9.3826751307088,2.582051161416672,-4.5764633379685726e-05,4.5764633379685726e-05,0.0,-7.746153484250016,0.1636521646458784,1.636521646458784,27,7,8
4,116,6,251.7519290230457,254.1862448480139,success,8,251.7519290230457,,,,0.9,0.006626737149545453,0.0068965156071457605,2.235294117647059,1.9,0.014703538123048256,0.013017904121165687,0.0001914092495277467,0.9998085907504722,True,47.04869784543443,2.434315824968195,0.09980859075047221,0.0,0.09980859075047221,47.04869784543443,0.0,0.0,26,6,8
4,117,2,252.62126027486335,256.6843461474324,success,4,252.62126027486335,255.8383339998397,success,,0.99,0.014430720449262215,0.007408272798742216,3.5454545454545454,2.7857142857142856,0.049876652565310854,0.020425839022753398,0.0010187724762928398,0.9989812275237071,True,36.29891087193641,3.217073724976359,0.008981227523707114,0.0,0.008981227523707114,36.29891087193641,0.0,0.0,8,2,4
4,118,7,254.23335106067506,255.31005092161317,success,8,254.23335106067506,,,,0.999,0.005063992497679112,0.0068965156071457605,0.8888888888888888,0.8,0.004491210877578652,0.005502020620666864,2.4710734860201067e-05,0.9999752892651398,True,87.26185473352407,1.0766998609381062,0.0009752892651397893,0.0,0.0009752892651397893,87.26185473352407,0.0,0.0,27,7,8
4,119,7,254.3097735902884,258.08782869939097,success,8,254.3097735902884,259.08306552486823,success,,0.9999,0.005063992497679112,0.0068965156071457605,2.7777777777777777,2.5,0.013968172833456728,0.017093508521972788,0.00023876508136508136,0.9997612349186349,False,-15.11387345643258,3.7780551091025814,-0.000138765081365122,0.000138765081365122,0.0,-11.334165327307744,0.37797081291248363,3.7797081291248364,27,7,8
4,120,7,255.61067207998448,260.08782869939097,success,8,255.61067207998448,,,,0.9999,0.005063992497679112,0.0068965156071457605,2.0,1.8,0.010076869665967794,0.01233699561052474,0.00012431829683687458,0.9998756817031631,False,-14.376820374765973,4.477156619406486,-2.4318296836911557e-05,2.4318296836911557e-05,0.0,-13.431469858219458,0.09453505165465145,0.9453505165465146,27,7,8
4,121,5,259.2451457802939,261.8813090282082,success,7,259.2451457802939,261.8100509216132,success,,0.99,0.011957329737524265,0.005063992497679112,2.066666666666667,1.7222222222222223,0.024408977576732594,0.008683400016513304,0.00021195291629287267,0.9997880470837072,True,44.91330171068458,2.5649051413192865,0.009788047083707174,0.0,0.009788047083707174,44.91330171068458,0.0,0.0,23,5,7
4,122,2,259.5451103905809,261.95873235580547,success,8,259.5451103905809,,,,0.99,0.014430720449262215,0.0068965156071457605,2.090909090909091,1.15,0.029722653935930037,0.007899625603153411,0.00023479783802594144,0.9997652021619741,True,47.402811324802514,2.4136219652245927,0.009765202161974074,0.0,0.009765202161974074,47.402811324802514,0.0,0.0,12,2,8
4,123,5,260.66594974086985,263.81464236154153,success,8,260.66594974086985,263.4830655248682,success,,0.9,0.011957329737524265,0.0068965156071457605,1.9333333333333333,1.45,0.02285234188683124,0.009950114402278552,0.00022738341613395293,0.9997726165838661,True,41.219648933452866,2.8171157839983607,0.09977261658386605,0.0,0.09977261658386605,41.219648933452866,0.0,0.0,24,5,8
4,124,1,261.71789523079644,264.3998390997944,success,5,261.71789523079644,265.41464236154155,success,,0.9,0.06581345682344084,0.011957329737524265,2.4,1.6,0.14610948533124607,0.018949877627751695,0.0027687568672808945,0.9972312431327192,True,43.13375400696548,2.681943868997962,0.09723124313271914,0.0,0.09723124313271914,43.13375400696548,0.0,0.0,3,1,5
4,125,6,261.9817693213457,264.3694752999736,success,7,261.9817693213457,264.1132942253395,success,,0.999,0.006626737149545453,0.005063992497679112,1.8823529411764706,1.7777777777777777,0.012396382071616844,0.008962250780010424,0.0001110994848906553,0.9998889005151094,True,52.7239534921462,2.13152490399375,0.0008889005151093698,0.0,0.0008889005151093698,52.7239534921462,0.0,0.0,25,6,7
4,126,7,262.7638857541856,,,8,262.7638857541856,265.4830655248682,success,,0.9999,0.005063992497679112,0.0068965156071457605,2.2222222222222223,2.0,0.011190234941493158,0.013698343204078957,0.0001532876787628497,0.9998467123212371,False,-10.012611789466382,2.719179770682615,-5.32876787628922e-05,5.32876787628922e-05,0.0,-8.157539312047845,0.18550724774185362,1.855072477418536,27,7,8
4,127,4,265.97208277678834,266.5532710858773,success,6,265.97208277678834,266.5212456567815,success,,0.999,0.007408272798742216,0.006626737149545453,0.42857142857142855,0.35294117647058826,0.003169939156442421,0.0023361154308759497,7.405343778303031e-06,0.9999925946562217,True,129.16196412235792,0.5491628799931618,0.0009925946562217014,0.0,0.0009925946562217014,129.16196412235792,0.0,0.0,19,4,6
4,128,2,268.08931566891465,,,4,268.08931566891465,271.2303562357707,success,,0.999,0.014430720449262215,0.007408272798742216,3.4545454545454546,2.7142857142857144,0.048629383297265606,0.01990734809397775,0.0009680820608941339,0.9990319179391058,True,37.15873148089913,3.141040566856077,3.1917939105841064e-05,0.0,3.1917939105841064e-05,37.15873148089913,0.0,0.0,8,2,4
4,129,7,271.24396031091635,273.8480560850146,success,8,271.24396031091635,273.8804162307097,success,,0.9999,0.005063992497679112,0.0068965156071457605,2.2222222222222223,2.0,0.011190234941493158,0.013698343204078957,0.0001532876787628497,0.9998467123212371,False,-9.667359799713301,2.604095774098255,-5.32876787628922e-05,5.32876787628922e-05,0.0,-7.812287322294765,0.18550724774185362,1.855072477418536,27,7,8
4,130,3,277.8918882467721,278.8152816451059,success,5,277.8918882467721,278.9219708361477,success,,0.9,0.009427927893981343,0.011957329737524265,0.4166666666666667,0.3333333333333333,0.003920597599191048,0.003977843914481257,1.5595525301071937e-05,0.9999844044746989,True,96.18549834855926,0.9233933983338147,0.09998440447469892,0.0,0.09998440447469892,96.18549834855926,0.0,0.0,14,3,5
4,131,4,278.4646781474892,280.3714455497682,success,6,278.4646781474892,280.15693251464506,success,,0.999,0.007408272798742216,0.006626737149545453,1.6428571428571428,1.3529411764705883,0.012096970058574213,0.008925514535895209,0.00010797168209809326,0.9998920283179019,True,63.41302810171305,1.69225436715584,0.0008920283179019162,0.0,0.0008920283179019162,63.41302810171305,0.0,0.0,19,4,6
4,132,2,278.5173303101028,,,6,278.5173303101028,282.98046192640976,success,,0.99,0.014430720449262215,0.006626737149545453,4.363636363636363,2.823529411764706,0.06102874867124808,0.01853682713260346,0.0011312793642380289,0.9988687206357619,True,25.7117542562294,4.463131616306953,0.00886872063576194,0.0,0.00886872063576194,25.7117542562294,0.0,0.0,10,2,6
4,133,1,283.1083756421327,285.1208773295678,success,2,283.1083756421327,284.77951301823015,success,,0.99,0.06581345682344084,0.014430720449262215,1.5,1.3636363636363635,0.09400381633214143,0.01948590208565697,0.0018317491607261894,0.9981682508392739,True,64.02424104465241,1.6711373760974197,0.00816825083927386,0.0,0.00816825083927386,64.02424104465241,0.0,0.0,0,1,2
4,134,2,283.72224618893983,287.77951301823015,success,3,283.72224618893983,286.8942302304382,success,,0.9,0.014430720449262215,0.009427927893981343,3.0,2.75,0.0423684337369112,0.025593588116990355,0.0010843602422245038,0.9989156397577755,True,36.80490030689686,3.1719840414983764,0.09891563975777551,0.0,0.09891563975777551,36.80490030689686,0.0,0.0,7,2,3
4,135,2,283.78928682886954,290.8704221091392,success,6,283.78928682886954,286.07920989245997,success,,0.999,0.014430720449262215,0.006626737149545453,3.090909090909091,2.0,0.04362391125717521,0.013166033731966443,0.0005743538871322795,0.9994256461128678,True,49.6174009453004,2.289923063590436,0.00042564611286777243,0.0,0.00042564611286777243,49.6174009453004,0.0,0.0,10,2,6
4,136,2,291.45539131546644,292.5497196840012,success,5,291.45539131546644,292.67695397616603,success,,0.999,0.014430720449262215,0.011957329737524265,0.7272727272727273,0.5333333333333333,0.010440188337982817,0.006356951072978237,6.636776645723474e-05,0.9999336322335428,True,86.34183771380394,1.094328368534775,0.0009336322335428138,0.0,0.0009336322335428138,86.34183771380394,0.0,0.0,9,2,5
4,137,2,292.71017778824734,296.3180383411957,success,6,292.71017778824734,295.14831715074547,success,,0.999,0.014430720449262215,0.006626737149545453,3.3636363636363638,2.176470588235294,0.04738047668325763,0.014319386745422094,0.0006784593698100198,0.99932154063019,True,46.983759081005815,2.4381393624981342,0.0003215406301899648,0.0,0.0003215406301899648,46.983759081005815,0.0,0.0,10,2,6
4,138,4,293.63250105951244,295.74764936077105,success,7,293.63250105951244,295.3091504036611,success,,0.9,0.007408272798742216,0.005063992497679112,1.8571428571428572,1.4444444444444444,0.013664009147619803,0.007287968843376367,9.958287294346279e-05,0.9999004171270566,True,63.863668963299126,1.6766493441486432,0.09990041712705655,0.0,0.09990041712705655,63.863668963299126,0.0,0.0,20,4,7
4,139,3,298.4828913453557,301.106528295125,success,5,298.4828913453557,300.7008088179551,success,,0.999,0.009427927893981343,0.011957329737524265,2.4166666666666665,1.9333333333333333,0.02252656022468075,0.02285234188683124,0.0005147846557886984,0.9994852153442113,True,50.989389781423185,2.2179174725993676,0.0004852153442113094,0.0,0.0004852153442113094,50.989389781423185,0.0,0.0,14,3,5
4,140,7,301.18784873343736,302.8550413979094,success,8,301.18784873343736,302.7739105816315,success,,0.9999,0.005063992497679112,0.0068965156071457605,1.5555555555555556,1.4,0.007846376872099468,0.009608660810267388,7.539317395353056e-05,0.9999246068260464,True,66.59971972127309,1.5860618481941628,2.4606826046436048e-05,0.0,2.4606826046436048e-05,66.59971972127309,0.0,0.0,27,7,8
4,141,3,301.8775715205618,305.1823583912329,success,8,301.8775715205618,304.5239105816315,success,,0.99,0.009427927893981343,0.0068965156071457605,2.9166666666666665,1.75,0.027123491382511317,0.011996365218610978,0.00032538330862845336,0.9996746166913716,True,43.66251644053146,2.646339061069739,0.009674616691371596,0.0,0.009674616691371596,43.66251644053146,0.0,0.0,17,3,8
4,142,1,302.1514272716517,303.4865496108852,success,5,302.1514272716517,303.4242732366227,success,,0.99,0.06581345682344084,0.011957329737524265,0.5,0.3333333333333333,0.03237119234406854,0.003977843914481257,0.0001287675504703553,0.9998712324495297,True,78.00252502127309,1.2728459649709976,0.009871232449529699,0.0,0.009871232449529699,78.00252502127309,0.0,0.0,3,1,5
4,143,3,303.5687357526477,306.9323583912329,success,5,303.5687357526477,305.6812458798173,success,,0.999,0.009427927893981343,0.011957329737524265,1.75,1.4,0.01636351285277017,0.016600922063174928,0.00027164940154859884,0.9997283505984514,True,53.119497964786866,2.112510127169628,0.0007283505984514438,0.0,0.0007283505984514438,53.119497964786866,0.0,0.0,14,3,5
4,144,3,307.5056561062819,311.1715251997065,success,5,307.5056561062819,310.7253927764074,success,,0.99,0.009427927893981343,0.011957329737524265,3.1666666666666665,2.533333333333333,0.029413843556055242,0.029837700105056427,0.0008776414429626228,0.9991223585570373,True,36.26937696034806,3.219736670125485,0.009122358557037358,0.0,0.009122358557037358,36.26937696034806,0.0,0.0,14,3,5
4,145,4,312.0016558089936,,,7,312.0016558089936,314.16181443251196,success,,0.9,0.007408272798742216,0.005063992497679112,2.5714285714285716,2.0,0.018869542775727246,0.010076869665967794,0.0001901459232074076,0.9998098540767926,True,52.13788050100289,2.1601586235183845,0.09980985407679255,0.0,0.09980985407679255,52.13788050100289,0.0,0.0,20,4,7
4,146,7,314.18944822354644,316.3665131664704,success,8,314.18944822354644,316.36974164693817,success,,0.999,0.005063992497679112,0.0068965156071457605,1.8888888888888888,1.7,0.009519717012475979,0.011655617348302888,0.00011095817876154916,0.9998890418212385,True,51.79711882990312,2.1770649429239484,0.000889041821238501,0.0,0.000889041821238501,51.79711882990312,0.0,0.0,27,7,8
4,147,7,314.57138353466763,316.6998464998037,success,8,314.57138353466763,316.6697416469382,success,,0.9,0.005063992497679112,0.0068965156071457605,0.3333333333333333,0.3,0.0016865736327213905,0.00206681587069428,3.4858371512030756e-06,0.9999965141628488,True,53.4172508901369,2.098358112270546,0.09999651416284883,0.0,0.09999651416284883,53.4172508901369,0.0,0.0,27,7,8
4,148,2,315.25618444609046,,,8,315.25618444609046,318.4697416469382,success,,0.999,0.014430720449262215,0.0068965156071457605,3.272727272727273,1.8,0.0461299305738699,0.01233699561052474,0.000569104751003644,0.9994308952489963,True,36.33797064184343,3.213557200847731,0.00043089524899631026,0.0,0.00043089524899631026,36.33797064184343,0.0,0.0,12,2,8
4,149,6,317.03566812414357,319.56333122374286,success,7,317.03566812414357,319.293921182752,success,,0.999,0.006626737149545453,0.005063992497679112,2.0,1.8888888888888888,0.013166033731966443,0.009519717012475979,0.00012533691530503354,0.999874663084695,True,50.21293509497175,2.2582530586084317,0.000874663084694971,0.0,0.000874663084694971,50.21293509497175,0.0,0.0,25,6,7
4,150,1,318.13818183882887,320.2066321022798,success,3,318.13818183882887,319.8563078119554,success,,0.9,0.06581345682344084,0.009427927893981343,1.7,1.4166666666666667,0.105851022863879,0.013267432505613953,0.0014043713014967138,0.9985956286985033,True,62.67853314115698,1.7181259731265186,0.09859562869850325,0.0,0.09859562869850325,62.67853314115698,0.0,0.0,1,1,3
4,151,1,318.1685739287585,,,3,318.1685739287585,320.4396411452887,success,,0.99,0.06581345682344084,0.009427927893981343,0.7,0.5833333333333334,0.04502433430759079,0.00548452935483936,0.0002469372831920826,0.999753062716808,True,49.97050472793877,2.2710672165301844,0.009753062716807981,0.0,0.009753062716807981,49.97050472793877,0.0,0.0,1,1,3
4,152,4,318.6322336182602,321.7524881691396,success,6,318.6322336182602,,,,0.99,0.007408272798742216,0.006626737149545453,2.7142857142857144,2.235294117647059,0.01990734809397775,0.014703538123048256,0.0002927084516285939,0.9997072915483715,True,37.399498608495854,3.1202545508793946,0.009707291548371466,0.0,0.009707291548371466,37.399498608495854,0.0,0.0,19,4,6
4,153,6,318.72834058869944,321.62215475315463,success,7,318.72834058869944,321.23836562719646,success,,0.999,0.006626737149545453,0.005063992497679112,2.0588235294117645,1.9444444444444444,0.01355063460828726,0.00979833252556687,0.00013277362382445312,0.9998672263761755,True,45.79044325205266,2.5100250384970195,0.0008672263761755339,0.0,0.0008672263761755339,45.79044325205266,0.0,0.0,25,6,7
4,154,7,320.37870353498005,322.73836562719646,success,8,320.37870353498005,322.21633307587604,success,,0.9999,0.005063992497679112,0.0068965156071457605,1.5,1.35,0.007567212132377492,0.009267089455952329,7.012603176291e-05,0.9999298739682371,True,59.47667446130787,1.837629540895989,2.9873968237059678e-05,0.0,2.9873968237059678e-05,59.47667446130787,0.0,0.0,27,7,8
4,155,3,320.4887009927805,322.91031862946505,success,4,320.4887009927805,,,,0.999,0.009427927893981343,0.007408272798742216,2.1666666666666665,1.8571428571428572,0.020219955702756313,0.013664009147619803,0.00027628565968692946,0.999723714340313,True,47.26545625998257,2.421617636684573,0.0007237143403130419,0.0,0.0007237143403130419,47.26545625998257,0.0,0.0,13,3,4
4,156,2,323.38911528119525,327.439471125566,success,5,323.38911528119525,326.72822945908734,success,,0.99,0.014430720449262215,0.011957329737524265,3.727272727272727,2.7333333333333334,0.05236628764709532,0.032155038186826745,0.0016838399789947036,0.9983161600210053,True,34.983825522561325,3.3391141778920996,0.008316160021005325,0.0,0.008316160021005325,34.983825522561325,0.0,0.0,9,2,5
4,157,4,324.89724100054264,326.54687141435045,success,8,324.89724100054264,326.40025804982577,success,,0.999,0.007408272798742216,0.0068965156071457605,1.2142857142857142,0.85,0.008955419035595075,0.005844890043964462,5.234343956067947e-05,0.9999476565604393,True,69.30440638619164,1.5030170492831303,0.0009476565604392695,0.0,0.0009476565604392695,69.30440638619164,0.0,0.0,21,4,8
4,158,2,325.3658506105173,328.53038021647507,success,4,325.3658506105173,327.4040142714933,success,,0.9999,0.014430720449262215,0.007408272798742216,1.0909090909090908,0.8571428571428571,0.015619337030190748,0.006329829798629295,9.886774496853539e-05,0.9999011322550314,True,54.71688833039417,2.038163660975954,1.132255031399687e-06,0.0,1.132255031399687e-06,54.71688833039417,0.0,0.0,8,2,4
4,159,4,329.00965737241177,330.3098279032724,success,7,329.00965737241177,330.04885846923395,success,,0.9999,0.007408272798742216,0.005063992497679112,1.0714285714285714,0.8333333333333334,0.007906016884943278,0.004211102086431827,3.32930441995499e-05,0.9999667069558005,True,89.28580091470903,1.0392010968221825,6.670695580046626e-05,0.0,6.670695580046626e-05,89.28580091470903,0.0,0.0,20,4,7
4,160,2,329.92669846760896,,,4,329.92669846760896,332.59554218898666,success,,0.9,0.014430720449262215,0.007408272798742216,2.909090909090909,2.2857142857142856,0.04111130809534592,0.016790634226431195,0.0006902849367990731,0.9993097150632009,True,43.32705990355417,2.668843721377698,0.09930971506320085,0.0,0.09930971506320085,43.32705990355417,0.0,0.0,8,2,4
4,161,2,330.67276792496375,,,3,330.67276792496375,331.6414957545947,success,,0.9999,0.014430720449262215,0.009427927893981343,0.45454545454545453,0.4166666666666667,0.006537952361769097,0.003920597599191048,2.5632680333177362e-05,0.9999743673196668,True,93.358406502104,0.96872782963095,7.436731966681265e-05,0.0,7.436731966681265e-05,93.358406502104,0.0,0.0,7,2,3
4,162,5,332.89999740683203,334.02308934586273,success,7,332.89999740683203,333.69590084911096,success,,0.99,0.011957329737524265,0.005063992497679112,0.8,0.6666666666666666,0.009520256455363797,0.0033703027348241897,3.208614636774025e-05,0.9999679138536323,True,105.18822479371376,0.7959034422789273,0.009967913853632271,0.0,0.009967913853632271,105.18822479371376,0.0,0.0,23,5,7
4,163,1,334.0797178140632,,,6,334.0797178140632,335.7963540716486,success,,0.9,0.06581345682344084,0.006626737149545453,2.2,1.2941176470588236,0.13479569138700453,0.008539110399016536,0.0011510352900653941,0.9988489647099346,True,62.72040629016065,1.7166362575853782,0.09884896470993454,0.0,0.09884896470993454,62.72040629016065,0.0,0.0,4,1,6
4,164,4,336.686071591481,340.2913215470135,success,5,336.686071591481,340.4716935152387,success,,0.999,0.007408272798742216,0.011957329737524265,3.2857142857142856,3.066666666666667,0.024047603432550385,0.03600497437833663,0.0008658333454493766,0.9991341666545506,True,32.36514240102571,3.6052499555325426,0.00013416665455057153,0.0,0.00013416665455057153,32.36514240102571,0.0,0.0,18,4,5
4,165,1,338.9581619560375,344.23391804752373,success,4,338.9581619560375,343.4341786898707,success,,0.99,0.06581345682344084,0.007408272798742216,4.4,3.142857142857143,0.2514215043575085,0.023014182168196142,0.005786260302285621,0.9942137396977144,True,25.628272525346656,4.476016733833205,0.004213739697714436,0.0,0.004213739697714436,25.628272525346656,0.0,0.0,2,1,4
4,166,5,339.137779107024,,,7,339.137779107024,342.0388686276998,success,,0.999,0.011957329737524265,0.005063992497679112,3.3333333333333335,2.7777777777777777,0.039073894003381855,0.013968172833456728,0.0005457909047154062,0.9994542090952846,True,40.09981849434157,2.9010895206757823,0.00045420909528459674,0.0,0.00045420909528459674,40.09981849434157,0.0,0.0,23,5,7
4,167,7,340.99390687764327,344.4277575165887,success,8,340.99390687764327,343.7364232474782,success,,0.9999,0.005063992497679112,0.0068965156071457605,2.388888888888889,2.15,0.012024437064514264,0.014718122359338977,0.00017697713601769172,0.9998230228639823,False,-10.70672073681038,2.7425163698349593,-7.697713601773071e-05,7.697713601773071e-05,0.0,-8.227549109504878,0.24791716273055026,2.4791716273055027,27,7,8
4,168,5,343.2756637489022,,,8,343.2756637489022,344.5168089895952,success,,0.999,0.011957329737524265,0.0068965156071457605,0.8,0.6,0.009520256455363797,0.004129360013545206,3.9312566325474884e-05,0.9999606874336745,True,79.36620382948416,1.2411452406929584,0.0009606874336745008,0.0,0.0009606874336745008,79.36620382948416,0.0,0.0,24,5,8
4,169,6,344.5772829587943,346.36837194356383,success,7,344.5772829587943,346.23365962721795,success,,0.9999,0.006626737149545453,0.005063992497679112,1.6470588235294117,1.5555555555555556,0.010855277482323388,0.007846376872099468,8.517459817752437e-05,0.9999148254018225,True,64.45789433813853,1.6563766684236612,1.4825401822515794e-05,0.0,1.4825401822515794e-05,64.45789433813853,0.0,0.0,25,6,7
4,170,3,345.7643080227761,347.67921673422086,success,4,345.7643080227761,347.3445829231564,success,,0.999,0.009427927893981343,0.007408272798742216,1.6666666666666667,1.4285714285714286,0.015590404702649404,0.01052744133969724,0.00016412707096928158,0.9998358729290308,True,66.7818290350596,1.5802749003802887,0.0008358729290307565,0.0,0.0008358729290307565,66.7818290350596,0.0,0.0,13,3,4
4,171,2,346.9917387792664,348.5346367546435,success,8,346.9917387792664,348.02945215757865,success,,0.999,0.014430720449262215,0.0068965156071457605,1.2727272727272727,0.7,0.018198737524849518,0.004815926981479163,8.76437910747801e-05,0.9999123562089253,True,89.36804968898163,1.037713378312219,0.000912356208925269,0.0,0.000912356208925269,89.36804968898163,0.0,0.0,12,2,8
4,172,7,349.8003183790327,352.5546704055135,success,8,349.8003183790327,352.5594236083525,success,,0.9999,0.005063992497679112,0.0068965156071457605,2.388888888888889,2.15,0.012024437064514264,0.014718122359338977,0.00017697713601769172,0.9998230228639823,False,-10.742227706747824,2.754352026480774,-7.697713601773071e-05,7.697713601773071e-05,0.0,-8.263056079442322,0.24791716273055026,2.4791716273055027,27,7,8
4,173,2,351.4324213455855,352.98018517109404,success,7,351.4324213455855,353.2213370721802,success,,0.9,0.014430720449262215,0.005063992497679112,1.0909090909090908,0.6666666666666666,0.015619337030190748,0.0033703027348241897,5.264189430899262e-05,0.999947358105691,True,67.82226935143879,1.5477638255085253,0.099947358105691,0.0,0.099947358105691,67.82226935143879,0.0,0.0,11,2,7
4,174,7,353.3855389255904,355.732343011676,success,8,353.3855389255904,355.72095314314055,success,,0.9999,0.005063992497679112,0.0068965156071457605,2.0555555555555554,1.85,0.010355328455724469,0.012677508564546766,0.00013127976518614179,0.9998687202348139,False,-8.188220565089784,2.335414217550124,-3.127976518613185e-05,3.127976518613185e-05,0.0,-7.006242652650371,0.11819779124394131,1.1819779124394132,27,7,8
4,175,1,354.39527142675416,358.42618547034766,success,5,354.39527142675416,357.1883830591302,success,,0.9,0.06581345682344084,0.011957329737524265,3.8,2.533333333333333,0.22127019042735782,0.029837700105056427,0.00660219358416023,0.9933978064158397,True,41.54921330426285,2.7931116323760534,0.09339780641583972,0.0,0.09339780641583972,41.54921330426285,0.0,0.0,3,1,5
4,176,4,355.3972317999811,357.78264101373594,success,5,355.3972317999811,359.12171639246355,success,,0.99,0.007408272798742216,0.011957329737524265,2.0714285714285716,1.9333333333333333,0.01522856255595365,0.02285234188683124,0.0003480083179736494,0.9996519916820263,True,47.89291635552681,2.3854092137548264,0.00965199168202635,0.0,0.00965199168202635,47.89291635552681,0.0,0.0,18,4,5
4,177,4,359.69106345139903,360.480070655351,success,8,359.69106345139903,360.58885997161275,success,,0.9,0.007408272798742216,0.0068965156071457605,0.35714285714285715,0.25,0.0026423146389044725,0.0017226434453802041,4.55176599334095e-06,0.9999954482340067,True,105.72649746770388,0.7890072039519964,0.09999544823400663,0.0,0.09999544823400663,105.72649746770388,0.0,0.0,21,4,8
4,178,1,366.9013403474915,369.7973441675055,success,5,366.9013403474915,369.1510113116739,success,,0.9,0.06581345682344084,0.011957329737524265,2.2,1.4666666666666666,0.13479569138700453,0.01738453149503157,0.002343359942311936,0.9976566400576881,True,50.37643031049494,2.249670964182428,0.09765664005768804,0.0,0.09765664005768804,50.37643031049494,0.0,0.0,3,1,5
4,179,5,368.35323934833485,,,7,368.35323934833485,370.85975780822986,success,,0.99,0.011957329737524265,0.005063992497679112,2.6666666666666665,2.2222222222222223,0.031383207837152274,0.011190234941493158,0.0003511854689154433,0.9996488145310846,True,45.847464614848555,2.5065184598950054,0.00964881453108457,0.0,0.00964881453108457,45.847464614848555,0.0,0.0,23,5,7
4,180,3,368.85482818935486,371.8728231755105,success,4,368.85482818935486,371.35524311475683,success,,0.99,0.009427927893981343,0.007408272798742216,2.6666666666666665,2.2857142857142856,0.02482773452331014,0.016790634226431195,0.00041687340905183863,0.9995831265909482,True,45.94700092209866,2.5004149254019694,0.009583126590948177,0.0,0.009583126590948177,45.94700092209866,0.0,0.0,13,3,4
4,181,4,370.99849649112997,373.71238597189966,success,5,370.99849649112997,,,,0.9,0.007408272798742216,0.011957329737524265,2.357142857142857,2.2,0.017310773966535825,0.025963133483101794,0.00044944193518897316,0.9995505580648111,True,42.668313281903956,2.7138894807696943,0.09955055806481106,0.0,0.09955055806481106,42.668313281903956,0.0,0.0,18,4,5
4,182,4,373.8105080917554,375.59702373612214,success,5,373.8105080917554,375.85516829158047,success,,0.9,0.007408272798742216,0.011957329737524265,1.5,1.4,0.011050894448890623,0.016600922063174928,0.00018345503747440567,0.9998165449625256,True,60.809283489316236,1.786515644366716,0.09981654496252557,0.0,0.09981654496252557,60.809283489316236,0.0,0.0,18,4,5
4,183,4,376.0258349564856,377.71883140714215,success,5,376.0258349564856,377.86007697046284,success,,0.999,0.007408272798742216,0.011957329737524265,1.5,1.4,0.011050894448890623,0.016600922063174928,0.00018345503747440567,0.9998165449625256,True,63.39174254426571,1.6929964506565511,0.0008165449625255894,0.0,0.0008165449625255894,63.39174254426571,0.0,0.0,18,4,5
4,184,3,384.3836750361281,386.07396744115465,success,8,384.3836750361281,385.4581097407358,success,,0.9999,0.009427927893981343,0.0068965156071457605,1.5,0.9,0.014042365006844876,0.006187641257427681,8.68891170682121e-05,0.9999131108829318,True,87.38149541033046,1.0744347046076541,1.3110882931766099e-05,0.0,1.3110882931766099e-05,87.38149541033046,0.0,0.0,17,3,8
4,185,2,387.78859451690846,389.9859219294322,success,6,387.78859451690846,389.33271345966216,success,,0.9,0.014430720449262215,0.006626737149545453,1.9090909090909092,1.2352941176470589,0.02717352921787417,0.008152555609327015,0.0002215337080503916,0.9997784662919497,True,67.94078834113053,1.5441189427536983,0.09977846629194964,0.0,0.09977846629194964,67.94078834113053,0.0,0.0,10,2,6
4,186,1,391.2626972909778,,,8,391.2626972909778,393.6580314556464,success,,0.9,0.06581345682344084,0.0068965156071457605,3.5,1.75,0.20574213136561328,0.011996365218610978,0.002468157748717334,0.9975318422512827,True,47.71952656767671,2.3953341646685544,0.09753184225128264,0.0,0.09753184225128264,47.71952656767671,0.0,0.0,6,1,8
4,187,5,393.8733627958127,394.9811921619703,success,6,393.8733627958127,394.713691061068,success,,0.9999,0.011957329737524265,0.006626737149545453,0.6666666666666666,0.5882352941176471,0.007939864586754539,0.0038904930220219577,3.088998777056779e-05,0.9999691100122294,True,101.85585480337657,0.840328265255323,6.911001222942303e-05,0.0,6.911001222942303e-05,101.85585480337657,0.0,0.0,22,5,6
4,188,2,394.0489084450506,,,8,394.0489084450506,394.89519561609285,success,,0.99,0.014430720449262215,0.0068965156071457605,1.1818181818181819,0.65,0.016909883245750285,0.00447270268400922,7.563288017954985e-05,0.9999243671198205,True,101.42579350218575,0.8462871710422633,0.009924367119820476,0.0,0.009924367119820476,101.42579350218575,0.0,0.0,12,2,8
4,189,4,395.10233111738626,397.07717963046053,success,6,395.10233111738626,396.8821183412789,success,,0.9,0.007408272798742216,0.006626737149545453,1.6428571428571428,1.3529411764705883,0.012096970058574213,0.008925514535895209,0.00010797168209809326,0.9998920283179019,True,60.988703113567546,1.7797872238926402,0.0998920283179019,0.0,0.0998920283179019,60.988703113567546,0.0,0.0,19,4,6
4,190,5,395.2232819406712,397.41337723873295,success,8,395.2232819406712,396.7889010282679,success,,0.9999,0.011957329737524265,0.0068965156071457605,1.2666666666666666,0.95,0.015031827978719116,0.006530274301811292,9.816195995867742e-05,0.9999018380400413,True,67.24717214067745,1.5656190875967013,1.8380400412798537e-06,0.0,1.8380400412798537e-06,67.24717214067745,0.0,0.0,24,5,8
4,191,7,396.0533623641994,397.6038229868366,success,8,396.0533623641994,398.0389010282679,success,,0.9999,0.005063992497679112,0.0068965156071457605,1.3888888888888888,1.25,0.007008646982994483,0.008583593297938601,6.015937527084904e-05,0.9999398406247292,True,67.73482536218367,1.5504606226371607,3.984062472917049e-05,0.0,3.984062472917049e-05,67.73482536218367,0.0,0.0,27,7,8
4,192,5,397.5543790912906,,,6,397.5543790912906,398.7622220494649,success,,0.99,0.011957329737524265,0.006626737149545453,0.8666666666666667,0.7647058823529411,0.010309508028319193,0.005054686737353431,5.2111333499383745e-05,0.9999478886665006,True,80.84955382049326,1.2078429581742967,0.009947888666500648,0.0,0.009947888666500648,80.84955382049326,0.0,0.0,22,5,6
4,193,6,398.8671898725058,399.69345532842397,success,8,398.8671898725058,399.6635191789202,success,,0.9,0.006626737149545453,0.0068965156071457605,0.5294117647058824,0.45,0.0035021258105502363,0.003098621355867359,1.0851761827505248e-05,0.9999891482381725,True,105.15517686046682,0.7963293064144068,0.09998914823817251,0.0,0.09998914823817251,105.15517686046682,0.0,0.0,26,6,8
4,194,6,400.9522767050427,404.01941328416274,success,7,400.9522767050427,403.76071021892346,success,,0.9,0.006626737149545453,0.005063992497679112,2.7058823529411766,2.5555555555555554,0.01777136426205994,0.012857935419018267,0.00022850305398941596,0.9997714969460105,True,41.33835414435664,2.8084335138807432,0.09977149694601051,0.0,0.09977149694601051,41.33835414435664,0.0,0.0,25,6,7
4,195,1,401.02613592973734,404.04673189947937,success,2,401.02613592973734,403.673038966128,success,,0.99,0.06581345682344084,0.014430720449262215,2.7,2.4545454545454546,0.16280338647803266,0.03480088224383455,0.005665701481719501,0.9943342985182805,True,43.65405708153192,2.646903036390654,0.004334298518280488,0.0,0.004334298518280488,43.65405708153192,0.0,0.0,0,1,2
4,196,5,401.3445131907411,,,8,401.3445131907411,404.13948060194406,success,,0.999,0.011957329737524265,0.0068965156071457605,2.933333333333333,2.2,0.034466841054761395,0.015057814381019167,0.000518995294902688,0.9994810047050973,True,41.52358005973047,2.794967411202947,0.00048100470509726545,0.0,0.00048100470509726545,41.52358005973047,0.0,0.0,24,5,8
4,197,4,404.16222851292656,406.41273918913583,success,6,404.16222851292656,406.16438569686426,success,,0.999,0.007408272798742216,0.006626737149545453,1.9285714285714286,1.588235294117647,0.014185802942305793,0.010469625729242938,0.0001485200474747349,0.9998514799525252,True,55.52102398791079,2.0021571839376975,0.0008514799525252137,0.0,0.0008514799525252137,55.52102398791079,0.0,0.0,19,4,6
4,198,7,410.1413054549677,412.93428756173506,success,8,410.1413054549677,412.8796089662466,success,,0.9999,0.005063992497679112,0.0068965156071457605,2.5,2.25,0.012580180794025243,0.015397389288326086,0.00019370194100312984,0.9998062980589969,False,-11.086250260012548,2.7383035112789003,-9.370194100311036e-05,9.370194100311036e-05,0.0,-8.2149105338367,0.28713397261758467,2.8713397261758464,27,7,8
4,199,3,413.336627767321,415.8535926286201,success,4,413.336627767321,415.32583116139534,success,,0.9,0.009427927893981343,0.007408272798742216,1.8333333333333333,1.5714285714285714,0.01713601384077606,0.011574070639684271,0.0001983334346757495,0.9998016665653242,True,55.81541787576754,1.9892033940743659,0.09980166656532419,0.0,0.09980166656532419,55.81541787576754,0.0,0.0,13,3,4
4,200,7,416.627712222916,,,8,416.627712222916,419.0473616720336,success,,0.9999,0.005063992497679112,0.0068965156071457605,2.2222222222222223,2.0,0.011190234941493158,0.013698343204078957,0.0001532876787628497,0.9998467123212371,False,-9.114020824771421,2.419649449117628,-5.32876787628922e-05,5.32876787628922e-05,0.0,-7.258948347352884,0.18550724774185362,1.855072477418536,27,7,8
5,1,2,2.1015850506988203,3.1909290910011614,success,5,2.1015850506988203,3.417589974750559,success,,0.99,0.00884389935958758,0.00948197325705043,0.6363636363636364,0.4666666666666667,0.005612128792342261,0.004415145314987573,2.4778364144616803e-05,0.9999752216358554,True,86.59999372087212,1.089344040302341,0.009975221635855402,0.0,0.009975221635855402,86.59999372087212,0.0,0.0,9,2,5
5,2,3,2.119336636327568,,,4,2.119336636327568,3.886108863481752,success,,0.99,0.011714959499321208,0.006078983060155336,1.9166666666666667,1.6428571428571428,0.022203464863466596,0.009937197247371745,0.0002206402099233555,0.9997793597900766,True,61.338480255969806,1.766772227154184,0.009779359790076603,0.0,0.009779359790076603,61.338480255969806,0.0,0.0,13,3,4
5,3,4,4.19828470623554,4.948185760302691,success,7,4.19828470623554,4.812084543784865,success,,0.9999,0.006078983060155336,0.0047246048635579295,0.5,0.3888888888888889,0.003034876952204392,0.0018356594483395412,5.571000551861902e-06,0.9999944289994481,True,121.75951421149317,0.6137998375493243,9.442899944811511e-05,0.0,9.442899944811511e-05,121.75951421149317,0.0,0.0,20,4,7
5,4,1,4.372228062298946,,,6,4.372228062298946,7.306179947661469,success,,0.9,0.017884757412575406,0.0039391337909917695,4.2,2.4705882352941178,0.07236410817236814,0.00968477515574177,0.000700830116995161,0.9992991698830048,True,39.67506767951967,2.9339518853625224,0.0992991698830048,0.0,0.0992991698830048,39.67506767951967,0.0,0.0,4,1,6
5,5,5,7.563154120624724,8.601599847596118,success,8,7.563154120624724,8.28878460527232,success,,0.999,0.00948197325705043,0.003520470843625412,0.4,0.3,0.0037856057622274314,0.0010555837322052612,3.996023859149775e-06,0.9999960039761409,True,110.96626908380335,0.7256304846475965,0.000996003976140858,0.0,0.000996003976140858,110.96626908380335,0.0,0.0,24,5,8
5,6,6,8.031498876593535,10.822840990998975,success,8,8.031498876593535,10.487084284576353,success,,0.99,0.0039391337909917695,0.003520470843625412,2.5294117647058822,2.15,0.00991421822897613,0.007540439474928685,7.475756249682917e-05,0.9999252424375031,True,46.68936913983368,2.4555854079828183,0.009925242437503146,0.0,0.009925242437503146,46.68936913983368,0.0,0.0,26,6,8
5,7,2,15.081843554806472,18.200220808136468,success,8,15.081843554806472,17.007087848741694,success,,0.9,0.00884389935958758,0.003520470843625412,2.8181818181818183,1.55,0.024615684960219507,0.0054418689004614995,0.0001339553304485764,0.9998660446695514,True,57.310236446047604,1.9252442939352221,0.0998660446695514,0.0,0.0998660446695514,57.310236446047604,0.0,0.0,12,2,8
5,8,5,18.68945932676918,20.58802158706318,success,6,18.68945932676918,20.230374455900765,success,,0.9999,0.00948197325705043,0.0039391337909917695,1.4666666666666666,1.2941176470588236,0.013810639973760743,0.00508473131791474,7.022339359502645e-05,0.9999297766064049,True,68.04528303153047,1.5409151291315837,2.9776606404907646e-05,0.0,2.9776606404907646e-05,68.04528303153047,0.0,0.0,22,5,6
5,9,4,23.67498910890604,25.68237021177715,success,6,23.67498910890604,25.463590742969615,success,,0.9,0.006078983060155336,0.0039391337909917695,1.7142857142857142,1.411764705882353,0.010367002141910657,0.005545695598376875,5.749223814675756e-05,0.9999425077618532,True,60.753851484865336,1.7886016340635749,0.0999425077618532,0.0,0.0999425077618532,60.753851484865336,0.0,0.0,19,4,6
5,10,1,24.871827027849672,,,2,24.871827027849672,26.18202010561813,success,,0.999,0.017884757412575406,0.00884389935958758,1.1,1.0,0.01948097792732364,0.008804907114143432,0.0001715282011427631,0.9998284717988573,True,76.4529557401756,1.3101930777684565,0.0008284717988572554,0.0,0.0008284717988572554,76.4529557401756,0.0,0.0,0,1,2
5,11,6,24.964118151194654,27.8165319194402,success,7,24.964118151194654,27.309763373220726,success,,0.9999,0.0039391337909917695,0.0047246048635579295,2.3529411764705883,2.2222222222222223,0.009225729483124652,0.010444198522351978,9.635535023526956e-05,0.9999036446497648,True,48.59845503160623,2.3456452220260715,3.6446497647668608e-06,0.0,3.6446497647668608e-06,48.59845503160623,0.0,0.0,25,6,7
5,12,1,24.994587040086067,28.7888154907971,success,7,24.994587040086067,28.587541150998504,success,,0.999,0.017884757412575406,0.0047246048635579295,2.3,1.2777777777777777,0.040300382623070265,0.006018809063244459,0.00024256030818395482,0.9997574396918161,True,32.47923076178118,3.592954110912437,0.0007574396918160753,0.0,0.0007574396918160753,32.47923076178118,0.0,0.0,5,1,7
5,13,2,26.22189892809295,27.7729646476918,success,8,26.22189892809295,27.26982198668242,success,,0.999,0.00884389935958758,0.003520470843625412,1.2727272727272727,0.7,0.011192761595102685,0.002461295623116009,2.7548695124607195e-05,0.9999724513048754,True,88.80666073461917,1.0479230585894683,0.0009724513048754435,0.0,0.0009724513048754435,88.80666073461917,0.0,0.0,12,2,8
5,14,4,32.89215952669235,34.16976812144202,success,8,32.89215952669235,33.89428670453113,success,,0.9,0.006078983060155336,0.003520470843625412,1.1428571428571428,0.8,0.006923331755143502,0.002812414406732271,1.9471277970752607e-05,0.9999805287220292,True,91.3821821640578,1.00212717783878,0.09998052872202923,0.0,0.09998052872202923,91.3821821640578,0.0,0.0,21,4,8
5,15,4,41.707312446565,42.3237515375708,success,7,41.707312446565,42.2009965173591,success,,0.999,0.006078983060155336,0.0047246048635579295,0.5,0.3888888888888889,0.003034876952204392,0.0018356594483395412,5.571000551861902e-06,0.9999944289994481,True,136.40920097416813,0.49368407079410304,0.000994428999448127,0.0,0.000994428999448127,136.40920097416813,0.0,0.0,20,4,7
5,16,1,43.33416714624055,44.35974495896623,success,4,43.33416714624055,43.99695605260339,success,,0.99,0.017884757412575406,0.006078983060155336,0.7,0.5,0.01244128938695346,0.003034876952204392,3.775778241617016e-05,0.9999622422175838,True,116.75580369580324,0.6627889063628345,0.009962242217583794,0.0,0.009962242217583794,116.75580369580324,0.0,0.0,2,1,4
5,17,1,43.80696244064816,,,6,43.80696244064816,45.05934843114686,success,,0.99,0.017884757412575406,0.0039391337909917695,1.4,0.8235294117647058,0.024727793092297,0.003238736475052902,8.008680543558348e-05,0.9999199131945644,True,78.8774029987051,1.252385990498702,0.009919913194564423,0.0,0.009919913194564423,78.8774029987051,0.0,0.0,4,1,6
5,18,2,44.84885130461225,48.71001120320773,success,5,44.84885130461225,48.24837459932725,success,,0.9,0.00884389935958758,0.00948197325705043,3.3636363636363638,2.466666666666667,0.029309554764971824,0.023117467835858947,0.0006775626895625824,0.9993224373104375,True,34.36072062435158,3.399523294714996,0.09932243731043744,0.0,0.09932243731043744,34.36072062435158,0.0,0.0,9,2,5
5,19,7,45.127435861333964,47.95102552165155,success,8,45.127435861333964,47.91675196186327,success,,0.9,0.0047246048635579295,0.003520470843625412,2.5,2.25,0.011742030081011174,0.007889770475471231,9.264192225525702e-05,0.9999073580777448,True,41.60172088529417,2.7893161005293052,0.09990735807774476,0.0,0.09990735807774476,41.60172088529417,0.0,0.0,27,7,8
5,20,5,45.91129625928776,,,7,45.91129625928776,49.00658107720711,success,,0.9999,0.00948197325705043,0.0047246048635579295,1.2666666666666666,1.0555555555555556,0.011938661301977438,0.004974668060088696,5.9390877059164084e-05,0.9999406091229408,True,37.69206667371733,3.0952848179193495,4.060912294079344e-05,0.0,4.060912294079344e-05,37.69206667371733,0.0,0.0,23,5,7
5,21,6,49.080566969521264,51.411977823099015,success,8,49.080566969521264,51.12995806340118,success,,0.9,0.0039391337909917695,0.003520470843625412,2.1176470588235294,1.8,0.008306999688182467,0.006316812043212038,5.247375567326965e-05,0.9999475262443267,True,54.47031155952859,2.049391093879919,0.09994752624432668,0.0,0.09994752624432668,54.47031155952859,0.0,0.0,26,6,8
5,22,4,52.69313516872484,55.99207077115899,success,7,52.69313516872484,55.27805022678859,success,,0.9,0.006078983060155336,0.0047246048635579295,3.142857142857143,2.4444444444444446,0.018924024410863074,0.011482600012311104,0.00021729700293315196,0.9997827029970668,True,44.600463806747165,2.58491505806375,0.09978270299706682,0.0,0.09978270299706682,44.600463806747165,0.0,0.0,20,4,7
5,23,4,56.6289074534188,57.62819510897275,success,8,56.6289074534188,57.55641036532114,success,,0.99,0.006078983060155336,0.003520470843625412,0.7142857142857143,0.5,0.004332717337192808,0.0017586871160367374,7.619894158349992e-06,0.9999923801058417,True,95.9219647872507,0.9275029119023444,0.009992380105841692,0.0,0.009992380105841692,95.9219647872507,0.0,0.0,21,4,8
5,24,4,57.33850095920416,60.41390939468703,success,7,57.33850095920416,59.609316335523175,success,,0.9,0.006078983060155336,0.0047246048635579295,2.7857142857142856,2.1666666666666665,0.016791730489255394,0.010184427756647003,0.0001710141660769084,0.9998289858339231,True,49.97524993065723,2.270815376319014,0.09982898583392308,0.0,0.09982898583392308,49.97524993065723,0.0,0.0,20,4,7
5,25,6,58.94570500372629,61.215786374823196,success,8,58.94570500372629,61.03530974059425,success,,0.9999,0.0039391337909917695,0.003520470843625412,1.7647058823529411,1.5,0.006927307391323377,0.005266787846578602,3.648465837813608e-05,0.9999635153416219,True,53.60287695820265,2.0896047368679618,6.35153416218559e-05,0.0,6.35153416218559e-05,53.60287695820265,0.0,0.0,26,6,8
5,26,5,60.65992948084734,62.75994987804436,success,7,60.65992948084734,61.99104875083726,success,,0.9999,0.00948197325705043,0.0047246048635579295,1.1333333333333333,0.9444444444444444,0.010688701837672449,0.004452186318472394,4.758809208391601e-05,0.9999524119079161,True,75.61031940141642,1.3311192699899195,5.2411907916050104e-05,0.0,5.2411907916050104e-05,75.61031940141642,0.0,0.0,23,5,7
5,27,2,60.852438975704004,,,8,60.852438975704004,63.51853635063223,success,,0.99,0.00884389935958758,0.003520470843625412,3.727272727272727,2.05,0.032426245445201084,0.007190985471775834,0.0002331766599006783,0.9997668233400994,True,43.36776741586382,2.6660973749282277,0.009766823340099373,0.0,0.009766823340099373,43.36776741586382,0.0,0.0,12,2,8
5,28,3,61.71656606436019,63.69620586264902,success,8,61.71656606436019,64.51853635063223,success,,0.9,0.011714959499321208,0.003520470843625412,1.6666666666666667,1.0,0.019335555531293576,0.003514281251701361,6.795058029485556e-05,0.9999320494197051,True,56.03453326091472,1.9796397982888365,0.09993204941970513,0.0,0.09993204941970513,56.03453326091472,0.0,0.0,17,3,8
5,29,5,62.85739919150634,65.84166540230584,success,7,62.85739919150634,65.03332789804836,success,,0.99,0.00948197325705043,0.0047246048635579295,2.2666666666666666,1.8888888888888888,0.021263155328370236,0.008884550673930396,0.00018891358100255845,0.9998110864189974,True,51.81989978476876,2.1759287065420168,0.009811086418997417,0.0,0.009811086418997417,51.81989978476876,0.0,0.0,23,5,7
5,30,7,63.14476947442379,,,8,63.14476947442379,66.11853635063223,success,,0.9999,0.0047246048635579295,0.003520470843625412,1.7777777777777777,1.6,0.008364121987861546,0.0056169191386693474,4.698059687178463e-05,0.9999530194031282,True,39.17019767648068,2.973766876208437,5.301940312818498e-05,0.0,5.301940312818498e-05,39.17019767648068,0.0,0.0,27,7,8
5,31,5,64.71840906920559,67.97499873563918,success,7,64.71840906920559,,,,0.999,0.00948197325705043,0.0047246048635579295,2.1333333333333333,1.7777777777777777,0.02002499193289383,0.008364121987861546,0.00016749147533266738,0.9998325085246673,True,35.86456939413267,3.256589666433584,0.0008325085246673192,0.0,0.0008325085246673192,35.86456939413267,0.0,0.0,23,5,7
5,32,5,66.11872788960653,70.64166540230585,success,8,66.11872788960653,68.5901017317754,success,,0.999,0.00948197325705043,0.003520470843625412,2.6666666666666665,2.0,0.024968267167263452,0.007016212330686662,0.00017518266397483276,0.9998248173360251,True,46.425623989722965,2.471373842168873,0.0008248173360251299,0.0,0.0008248173360251299,46.425623989722965,0.0,0.0,24,5,8
5,33,3,66.2677174975611,68.89769074175615,success,8,66.2677174975611,69.8401017317754,success,,0.99,0.011714959499321208,0.003520470843625412,2.0833333333333335,1.25,0.024110743417916518,0.004390920152138248,0.00010586834915676425,0.9998941316508433,True,43.909189065515115,2.6299732441950567,0.009894131650843296,0.0,0.009894131650843296,43.909189065515115,0.0,0.0,17,3,8
5,34,3,66.61294811857256,70.31435740842282,success,8,66.61294811857256,70.6901017317754,success,,0.9999,0.011714959499321208,0.003520470843625412,1.4166666666666667,0.85,0.01645923452691473,0.0029879274501006118,4.917899865061228e-05,0.9999508210013494,True,31.494160827902498,3.701409289850261,5.082100134934375e-05,0.0,5.082100134934375e-05,31.494160827902498,0.0,0.0,17,3,8
5,35,4,68.48803524037388,70.18578594198046,success,5,68.48803524037388,72.10833206897252,success,,0.99,0.006078983060155336,0.00948197325705043,1.5714285714285714,1.4666666666666666,0.009507205685403823,0.013810639973760743,0.00013130059487760344,0.9998686994051224,True,63.25568187548452,1.69775070160658,0.009868699405122361,0.0,0.009868699405122361,63.25568187548452,0.0,0.0,18,4,5
5,36,6,73.6650339234552,,,8,73.6650339234552,74.85829182861231,success,,0.99,0.0039391337909917695,0.003520470843625412,0.9411764705882353,0.8,0.0037005560421020083,0.002812414406732271,1.0407497125727841e-05,0.9999895925028742,True,81.51637362571904,1.193257905157111,0.009989592502874234,0.0,0.009989592502874234,81.51637362571904,0.0,0.0,26,6,8
5,37,3,74.81576203435762,75.70451604701975,success,8,74.81576203435762,75.49850876818678,success,,0.999,0.011714959499321208,0.003520470843625412,0.4166666666666667,0.25,0.004869339266409303,0.0008797305209130817,4.283706369340779e-06,0.9999957162936307,True,114.84601298350375,0.6827467338291626,0.0009957162936307107,0.0,0.0009957162936307107,114.84601298350375,0.0,0.0,17,3,8
5,38,1,74.90285248593956,77.07116202522391,success,4,74.90285248593956,76.30843582701031,success,,0.99,0.017884757412575406,0.006078983060155336,1.5,1.0714285714285714,0.026470484929915012,0.006492031249210653,0.0001718472153467679,0.9998281527846532,True,72.75059632797468,1.4055833410707521,0.00982815278465321,0.0,0.00982815278465321,72.75059632797468,0.0,0.0,2,1,4
5,39,3,81.64437790238824,83.94843546805639,success,6,81.64437790238824,83.31500296448884,success,,0.9999,0.011714959499321208,0.0039391337909917695,1.75,1.2352941176470589,0.020292458722654054,0.004854169056485355,9.850302521151364e-05,0.9999014969747885,True,64.03920295705612,1.6706250621005978,1.4969747884618911e-06,0.0,1.4969747884618911e-06,64.03920295705612,0.0,0.0,15,3,6
5,40,5,88.71034039966449,92.25551962163313,success,6,88.71034039966449,91.64820191585946,success,,0.9,0.00948197325705043,0.0039391337909917695,2.933333333333333,2.588235294117647,0.027430546171036647,0.010143608143254096,0.0002782447115144348,0.9997217552884856,True,39.62502387612408,2.937861516194971,0.09972175528848559,0.0,0.09972175528848559,39.62502387612408,0.0,0.0,22,5,6
5,41,1,91.593120892171,92.65273944445687,success,7,91.593120892171,92.13328257403298,success,,0.999,0.017884757412575406,0.0047246048635579295,0.6,0.3333333333333333,0.010673484222843954,0.0015736288335350837,1.679610252734905e-05,0.9999832038974726,True,130.27633209416092,0.5401616818619743,0.0009832038974726398,0.0,0.0009832038974726398,130.27633209416092,0.0,0.0,5,1,7
5,42,4,93.13502856835198,95.10355917261862,success,8,93.13502856835198,94.6592530461805,success,,0.99,0.006078983060155336,0.003520470843625412,1.7857142857142858,1.25,0.01079662045005641,0.004390920152138248,4.740709830914061e-05,0.9999525929016908,True,68.59452383469427,1.5242244778285112,0.009952592901690815,0.0,0.009952592901690815,68.59452383469427,0.0,0.0,21,4,8
5,43,3,93.33281775527956,94.95711340918983,success,6,93.33281775527956,94.50260747774968,success,,0.99,0.011714959499321208,0.0039391337909917695,1.3333333333333333,0.9411764705882353,0.015498587336134463,0.0037005560421020083,5.735339101077806e-05,0.9999426466089892,True,82.61224922718517,1.1697897224701137,0.009942646608989247,0.0,0.009942646608989247,82.61224922718517,0.0,0.0,15,3,6
5,44,7,95.305665731666,97.85151752229272,success,8,95.305665731666,97.80245575308093,success,,0.99,0.0047246048635579295,0.003520470843625412,2.2777777777777777,2.05,0.010703901112881083,0.007190985471775834,7.697159739405305e-05,0.9999230284026059,True,46.00628793192761,2.496790021414938,0.009923028402605949,0.0,0.009923028402605949,46.00628793192761,0.0,0.0,27,7,8
5,45,1,101.61842144823476,102.63367081784929,success,5,101.61842144823476,102.53141032238445,success,,0.9,0.017884757412575406,0.00948197325705043,0.5,0.3333333333333333,0.008902514553105902,0.0031556681318482657,2.80933814685517e-05,0.9999719066185314,True,96.85947080035281,0.9129888741496899,0.09997190661853139,0.0,0.09997190661853139,96.85947080035281,0.0,0.0,3,1,5
5,46,6,102.83204620710846,105.6318186268349,success,8,102.83204620710846,105.3347218732599,success,,0.9999,0.0039391337909917695,0.003520470843625412,2.411764705882353,2.05,0.009455278911231924,0.007190985471775834,6.799277328225719e-05,0.9999320072267177,True,45.91009047688444,2.5026756661514327,3.200722671770073e-05,0.0,3.200722671770073e-05,45.91009047688444,0.0,0.0,26,6,8
5,47,2,106.90793631398097,111.47064344736225,success,3,106.90793631398097,111.17939645454223,success,,0.9,0.00884389935958758,0.011714959499321208,4.363636363636363,4.0,0.03785639397185278,0.04577886623707134,0.0017330227958553225,0.9982669772041447,True,27.003770762835252,4.27146014056126,0.09826697720414468,0.0,0.09826697720414468,27.003770762835252,0.0,0.0,7,2,3
5,48,4,106.9545371023697,108.95478268791105,success,6,106.9545371023697,108.79999091043067,success,,0.999,0.006078983060155336,0.0039391337909917695,1.5714285714285714,1.2941176470588236,0.009507205685403823,0.00508473131791474,4.834158649442989e-05,0.9999516584135055,True,59.277298835145515,1.8454538080609666,0.0009516584135055295,0.0,0.0009516584135055295,59.277298835145515,0.0,0.0,19,4,6
5,49,5,110.54489956540179,113.5939870544356,success,7,110.54489956540179,112.71786789434864,success,,0.9,0.00948197325705043,0.0047246048635579295,2.2,1.8333333333333333,0.02064426930116225,0.008624370481172181,0.00017804382676631276,0.9998219561732337,True,51.87933528346194,2.172968328946851,0.09982195617323364,0.0,0.09982195617323364,51.87933528346194,0.0,0.0,23,5,7
5,50,2,110.61031699117761,112.19791617463498,success,6,110.61031699117761,111.48540233780975,success,,0.999,0.00884389935958758,0.0039391337909917695,0.7272727272727273,0.47058823529411764,0.006411286242323775,0.001851992960012973,1.1873656985411658e-05,0.9999881263430146,True,99.40012472993025,0.8750853466321331,0.0009881263430145948,0.0,0.0009881263430145948,99.40012472993025,0.0,0.0,10,2,6
5,51,3,112.60047163514876,115.26645487198626,success,5,112.60047163514876,115.1939870544356,success,,0.999,0.011714959499321208,0.00948197325705043,2.0,1.6,0.023157569634217487,0.015056654980818126,0.0003486755361766833,0.9996513244638233,True,44.46712189876423,2.593515419286831,0.0006513244638233218,0.0,0.0006513244638233218,44.46712189876423,0.0,0.0,14,3,5
5,52,7,114.82467116366772,115.77413837357993,success,8,114.82467116366772,115.98119058759548,success,,0.99,0.0047246048635579295,0.003520470843625412,0.5555555555555556,0.5,0.0026213387553864764,0.0017586871160367374,4.610114695865973e-06,0.9999953898853041,True,94.53834931384748,0.9494672099122141,0.009995389885304129,0.0,0.009995389885304129,94.53834931384748,0.0,0.0,27,7,8
5,53,2,115.66209845143044,116.39150799733241,success,5,115.66209845143044,116.51080195605725,success,,0.9,0.00884389935958758,0.00948197325705043,0.45454545454545453,0.3333333333333333,0.004011885054480429,0.0031556681318482657,1.2660177815062232e-05,0.9999873398221849,True,110.63805969735554,0.7294095459019729,0.09998733982218488,0.0,0.09998733982218488,110.63805969735554,0.0,0.0,9,2,5
5,54,7,117.54253701651298,119.41738963441205,success,8,117.54253701651298,119.3895136019003,success,,0.999,0.0047246048635579295,0.003520470843625412,1.6666666666666667,1.5,0.007843420027859304,0.005266787846578602,4.130962927834058e-05,0.9999586903707217,True,59.238634792113594,1.8469765853873241,0.0009586903707217154,0.0,0.0009586903707217154,59.238634792113594,0.0,0.0,27,7,8
5,55,2,118.73496967427987,121.6740347996236,success,3,118.73496967427987,121.64567831627753,success,,0.99,0.00884389935958758,0.011714959499321208,2.4545454545454546,2.25,0.02147383536992647,0.026014301656990438,0.0005586268310458181,0.9994413731689542,True,39.97472437386615,2.910708641997658,0.009441373168954215,0.0,0.009441373168954215,39.97472437386615,0.0,0.0,7,2,3
5,56,5,121.07833134400923,124.40436805541225,success,6,121.07833134400923,123.84951198581936,success,,0.99,0.00948197325705043,0.0039391337909917695,2.8,2.4705882352941178,0.026200184911168562,0.00968477515574177,0.00025374289990352566,0.9997462571000965,True,41.85412309431659,2.7711806418101332,0.009746257100096467,0.0,0.009746257100096467,41.85412309431659,0.0,0.0,22,5,6
5,57,1,121.24214515425392,,,8,121.24214515425392,122.29347959115997,success,,0.99,0.017884757412575406,0.003520470843625412,1.5,0.75,0.026470484929915012,0.0026368704662171048,6.979923993813784e-05,0.9999302007600619,True,88.62066367081039,1.0513344369060462,0.009930200760061902,0.0,0.009930200760061902,88.62066367081039,0.0,0.0,6,1,8
5,58,2,122.99017377914542,125.43676336091706,success,5,122.99017377914542,126.00436805541224,success,,0.99,0.00884389935958758,0.00948197325705043,2.1818181818181817,1.6,0.01911080848642887,0.015056654980818126,0.0002877448497846505,0.9997122551502153,True,46.84077713204129,2.446589581771633,0.009712255150215343,0.0,0.009712255150215343,46.84077713204129,0.0,0.0,9,2,5
5,59,4,129.0574198407676,131.8927705541874,success,5,129.0574198407676,132.1452922792955,success,,0.9,0.006078983060155336,0.00948197325705043,2.5,2.3333333333333335,0.015082559082642166,0.02188165026181866,0.00033003128289959237,0.9996699687171005,True,40.97215387397706,2.8353507134197855,0.09966996871710043,0.0,0.09966996871710043,40.97215387397706,0.0,0.0,18,4,5
5,60,4,133.3197271448078,135.1817602065729,success,8,133.3197271448078,134.79849102316976,success,,0.999,0.006078983060155336,0.003520470843625412,1.6428571428571428,1.15,0.009937197247371745,0.004040357174696537,4.0149826194793106e-05,0.9999598501738052,True,70.13322018216606,1.4787638783619457,0.0009598501738051768,0.0,0.0009598501738051768,70.13322018216606,0.0,0.0,21,4,8
5,61,6,133.9686605709166,136.94182654151317,success,8,133.9686605709166,137.04849102316976,success,,0.9999,0.0039391337909917695,0.003520470843625412,2.6470588235294117,2.25,0.010372944910891902,0.007889770475471231,8.184015450164449e-05,0.9999181598454984,True,39.17773954746917,2.9731659705965683,1.8159845498355587e-05,0.0,1.8159845498355587e-05,39.17773954746917,0.0,0.0,26,6,8
5,62,5,135.81907330336276,138.35743970857126,success,7,135.81907330336276,136.9781805256341,success,,0.999,0.00948197325705043,0.0047246048635579295,0.9333333333333333,0.7777777777777778,0.00881079712182269,0.003667949251068804,3.2317556704308705e-05,0.9999676824432957,True,83.12073127893903,1.1591072222713308,0.0009676824432957032,0.0,0.0009676824432957032,83.12073127893903,0.0,0.0,23,5,7
5,63,5,136.21471441607667,137.42410637523793,success,8,136.21471441607667,137.59849102316977,success,,0.999,0.00948197325705043,0.003520470843625412,0.7333333333333333,0.55,0.006929327778612094,0.0019343856238917426,1.3403992038180937e-05,0.9999865960079618,True,80.77936063854665,1.2093919591612519,0.0009865960079618041,0.0,0.0009865960079618041,80.77936063854665,0.0,0.0,24,5,8
5,64,2,136.22118740334565,137.63123020716523,success,7,136.22118740334565,137.70040274785632,success,,0.99,0.00884389935958758,0.0047246048635579295,1.1818181818181819,0.7222222222222222,0.010397449953348629,0.0034063996352381664,3.541786972849386e-05,0.9999645821302715,True,72.58584868986338,1.4100428038195787,0.009964582130271515,0.0,0.009964582130271515,72.58584868986338,0.0,0.0,11,2,7
5,65,1,141.8858709100547,,,4,141.8858709100547,145.31719993865482,success,,0.99,0.017884757412575406,0.006078983060155336,4.4,3.142857142857143,0.07567628946348824,0.018924024410863074,0.0014320999491305914,0.9985679000508694,True,34.039697256095494,3.4313290286001177,0.008567900050869381,0.0,0.008567900050869381,34.039697256095494,0.0,0.0,2,1,4
5,66,7,141.916430100262,142.5307013820807,success,8,141.916430100262,142.5568822366265,success,,0.99,0.0047246048635579295,0.003520470843625412,0.5,0.45,0.002359514391219816,0.0015829576783859174,3.7350114228434813e-06,0.9999962649885772,True,121.70905547942841,0.6142712818187022,0.009996264988577197,0.0,0.009996264988577197,121.70905547942841,0.0,0.0,27,7,8
5,67,1,145.34003533763928,149.46281468154066,success,5,145.34003533763928,148.05966745082785,success,,0.99,0.017884757412575406,0.00948197325705043,2.6,1.7333333333333334,0.045435791924593426,0.016301095692450362,0.0007406531920250609,0.9992593468079749,True,42.58552617710688,2.719632113188567,0.00925934680797491,0.0,0.00925934680797491,42.58552617710688,0.0,0.0,3,1,5
5,68,1,146.96156686563288,,,5,146.96156686563288,149.25966745082783,success,,0.99,0.017884757412575406,0.00948197325705043,1.8,1.2,0.03167989883034242,0.011313879104521916,0.0003584225454099794,0.99964157745459,True,49.46559036890922,2.298100585194959,0.009641577454590045,0.0,0.009641577454590045,49.46559036890922,0.0,0.0,3,1,5
5,69,1,149.6887682526873,152.76281468154068,success,8,149.6887682526873,150.8209795815781,success,,0.999,0.017884757412575406,0.003520470843625412,1.5,0.75,0.026470484929915012,0.0026368704662171048,6.979923993813784e-05,0.9999302007600619,True,84.42873647689173,1.1322113288907758,0.0009302007600618944,0.0,0.0009302007600618944,84.42873647689173,0.0,0.0,6,1,8
5,70,7,152.9144475877685,154.7221052906008,success,8,152.9144475877685,154.81980301841492,success,,0.9999,0.0047246048635579295,0.003520470843625412,1.4444444444444444,1.3,0.006801195712001382,0.0045661553657869326,3.105531629412219e-05,0.9999689446837059,True,60.25164262459634,1.8076577028323015,6.894468370588491e-05,0.0,6.894468370588491e-05,60.25164262459634,0.0,0.0,27,7,8
5,71,4,154.71532564473225,156.90204196306155,success,6,154.71532564473225,156.63546151139576,success,,0.9999,0.006078983060155336,0.0039391337909917695,1.9285714285714286,1.588235294117647,0.01165529763113592,0.006236741598680147,7.269107958110356e-05,0.9999273089204189,True,57.432681254287,1.9201358666635144,2.730892041891142e-05,0.0,2.730892041891142e-05,57.432681254287,0.0,0.0,19,4,6
5,72,2,159.74663578707748,,,7,159.74663578707748,160.58597505872072,success,,0.999,0.00884389935958758,0.0047246048635579295,1.1818181818181819,0.7222222222222222,0.010397449953348629,0.0034063996352381664,3.541786972849386e-05,0.9999645821302715,True,101.92760462761882,0.8393392716432402,0.0009645821302715074,0.0,0.0009645821302715074,101.92760462761882,0.0,0.0,11,2,7
5,73,6,159.9919447150397,161.39949741996452,success,7,159.9919447150397,161.69708616983183,success,,0.9999,0.0039391337909917695,0.0047246048635579295,1.1764705882352942,1.1111111111111112,0.004623553364419141,0.005235806093902462,2.4208028880908972e-05,0.9999757919711191,True,72.67775423583035,1.407552704924825,7.579197111906577e-05,0.0,7.579197111906577e-05,72.67775423583035,0.0,0.0,25,6,7
5,74,1,161.06381571110964,,,7,161.06381571110964,162.3637528364985,success,,0.9,0.017884757412575406,0.0047246048635579295,1.2,0.6666666666666666,0.02123304518023261,0.003144781359364434,6.677328468533835e-05,0.9999332267153147,True,76.87254754070146,1.2999371253888512,0.09993322671531468,0.0,0.09993322671531468,76.87254754070146,0.0,0.0,5,1,7
5,75,2,162.48794857602147,164.97266296607975,success,7,162.48794857602147,164.07370659078742,success,,0.999,0.00884389935958758,0.0047246048635579295,2.0,1.2222222222222223,0.01753228783899817,0.005757876577496393,0.00010094874949809241,0.9998990512505019,True,66.60925824535619,1.5857580147659576,0.0008990512505019366,0.0,0.0008990512505019366,66.60925824535619,0.0,0.0,11,2,7
5,76,6,163.72911462767183,164.88697941671705,success,7,163.72911462767183,164.90703992412077,success,,0.9999,0.0039391337909917695,0.0047246048635579295,0.8823529411764706,0.8333333333333334,0.0034696730110635398,0.0039294302248757355,1.3633838000108675e-05,0.9999863661619999,True,83.18027109566037,1.1578647890452203,8.636616199986236e-05,0.0,8.636616199986236e-05,83.18027109566037,0.0,0.0,25,6,7
5,77,7,165.2200890825341,167.57603834264796,success,8,165.2200890825341,167.52815266420535,success,,0.9999,0.0047246048635579295,0.003520470843625412,2.111111111111111,1.9,0.009924588797869326,0.006666573742406716,6.616300308405948e-05,0.999933836996916,True,49.28170415115476,2.308063581671263,3.383699691594799e-05,0.0,3.383699691594799e-05,49.28170415115476,0.0,0.0,27,7,8
5,78,2,166.56878901083735,167.87083003897044,success,8,166.56878901083735,168.07815266420536,success,,0.99,0.00884389935958758,0.003520470843625412,1.0,0.55,0.008804907114143432,0.0019343856238917426,1.7032085741301184e-05,0.9999829679142587,True,76.78611208315743,1.3020410281330896,0.009982967914258678,0.0,0.009982967914258678,76.78611208315743,0.0,0.0,12,2,8
5,79,6,168.46836228075279,171.8214515267845,success,8,168.46836228075279,171.44892718543684,success,,0.9,0.0039391337909917695,0.003520470843625412,2.9411764705882355,2.5,0.011518831980347,0.008762560124494043,0.00010093445779173537,0.9998990655422083,True,39.08504085213485,2.9805649046840585,0.09989906554220829,0.0,0.09989906554220829,39.08504085213485,0.0,0.0,26,6,8
5,80,6,172.64731830883017,174.07762656134173,success,8,172.64731830883017,173.9434622504858,success,,0.9999,0.0039391337909917695,0.003520470843625412,1.1764705882352942,1.0,0.004623553364419141,0.003514281251701361,1.624846690481894e-05,0.9999837515330952,True,77.0288583199636,1.2961439416556289,8.375153309514438e-05,0.0,8.375153309514438e-05,77.0288583199636,0.0,0.0,26,6,8
5,81,5,174.950901417948,177.99268861518175,success,7,174.950901417948,177.23650518573035,success,,0.99,0.00948197325705043,0.0047246048635579295,2.466666666666667,2.0555555555555554,0.023117467835858947,0.009664681628117408,0.00022342296668182107,0.9997765770333181,True,49.6979080962788,2.285603767782362,0.009776577033318135,0.0,0.009776577033318135,49.6979080962788,0.0,0.0,23,5,7
5,82,4,182.6136191824813,183.22060078002,success,5,182.6136191824813,183.50908968170526,success,,0.99,0.006078983060155336,0.00948197325705043,0.35714285714285715,0.3333333333333333,0.0021687103208242286,0.0031556681318482657,6.843730046635447e-06,0.9999931562699533,True,122.49460458458549,0.6069815975386916,0.00999315626995334,0.0,0.00999315626995334,122.49460458458549,0.0,0.0,18,4,5
5,83,1,184.4533731740197,,,5,184.4533731740197,186.67529715025793,success,,0.999,0.017884757412575406,0.00948197325705043,2.3,1.5333333333333334,0.040300382623070265,0.014433844388632459,0.0005816894515837438,0.9994183105484162,True,50.91134369552237,2.22192397623823,0.00041831054841623416,0.0,0.00041831054841623416,50.91134369552237,0.0,0.0,3,1,5
5,84,1,184.69718295083857,,,8,184.69718295083857,188.5365175817538,success,,0.9,0.017884757412575406,0.003520470843625412,3.1,1.55,0.053933813678858744,0.0054418689004614995,0.0002935007433422664,0.9997064992566578,True,30.307247600118664,3.839334630915232,0.09970649925665775,0.0,0.09970649925665775,30.307247600118664,0.0,0.0,6,1,8
5,85,4,184.91937111713978,,,8,184.91937111713978,186.9865175817538,success,,0.9999,0.006078983060155336,0.003520470843625412,2.5,1.75,0.015082559082642166,0.006141885013475875,9.263534359454436e-05,0.9999073646564055,True,54.08431517059194,2.0671464646140123,7.364656405495218e-06,0.0,7.364656405495218e-06,54.08431517059194,0.0,0.0,21,4,8
5,86,3,184.93007967131544,188.86861047150404,success,8,184.93007967131544,,,,0.999,0.011714959499321208,0.003520470843625412,3.5,2.1,0.04017313356429749,0.007365727851385086,0.00029590436877195903,0.9997040956312281,True,29.49595530462902,3.9385308001886017,0.0007040956312280855,0.0,0.0007040956312280855,29.49595530462902,0.0,0.0,17,3,8
5,87,5,185.5157668532274,188.60863048359127,success,8,185.5157668532274,,,,0.9999,0.00948197325705043,0.003520470843625412,1.9333333333333333,1.45,0.01816480930637119,0.00509167597159589,9.248932307387158e-05,0.9999075106769262,True,37.720631764966406,3.0928636303638655,7.5106769261701345e-06,0.0,7.5106769261701345e-06,37.720631764966406,0.0,0.0,24,5,8
5,88,4,186.61497073117508,188.05937352212052,success,8,186.61497073117508,,,,0.9999,0.006078983060155336,0.003520470843625412,0.42857142857142855,0.3,0.0026018876617321086,0.0010555837322052612,2.7465102887499993e-06,0.9999972534897112,True,71.33972697320861,1.4444027909454462,9.725348971123537e-05,0.0,9.725348971123537e-05,71.33972697320861,0.0,0.0,21,4,8
5,89,4,187.32833698561197,,,6,187.32833698561197,189.49853497889416,success,,0.9999,0.006078983060155336,0.0039391337909917695,2.2142857142857144,1.8235294117647058,0.013370416518251112,0.007157389333740338,9.569727657539615e-05,0.9999043027234246,True,51.935062192382155,2.170197993282187,4.302723424554067e-06,0.0,4.302723424554067e-06,51.935062192382155,0.0,0.0,19,4,6
5,90,4,188.04302643131845,191.41651637926338,success,8,188.04302643131845,193.1865175817538,success,,0.9,0.006078983060155336,0.003520470843625412,1.1428571428571428,0.8,0.006923331755143502,0.002812414406732271,1.9471277970752607e-05,0.9999805287220292,True,34.62706944299306,3.3734899479449325,0.09998052872202923,0.0,0.09998052872202923,34.62706944299306,0.0,0.0,21,4,8
5,91,3,189.68180591123115,191.49167157118725,success,8,189.68180591123115,,,,0.99,0.011714959499321208,0.003520470843625412,1.0833333333333333,0.65,0.01261101237809683,0.0022856898719889225,2.882486326814286e-05,0.9999711751367318,True,60.193935611081415,1.8098656599561025,0.009971175136731847,0.0,0.009971175136731847,60.193935611081415,0.0,0.0,17,3,8
5,92,1,190.62305754857482,,,5,190.62305754857482,193.339396989348,success,,0.999,0.017884757412575406,0.00948197325705043,2.9,1.9333333333333333,0.05054372134781231,0.01816480930637119,0.0009181170599173732,0.9990818829400826,True,42.63296155082921,2.7163394407731687,8.188294008260044e-05,0.0,8.188294008260044e-05,42.63296155082921,0.0,0.0,3,1,5
5,93,3,193.77362667935554,,,4,193.77362667935554,197.1966591161851,success,,0.999,0.011714959499321208,0.006078983060155336,3.5,3.0,0.04017313356429749,0.018071662323906387,0.0007259953042671741,0.9992740046957328,True,34.12297747019212,3.423032436829544,0.00027400469573279906,0.0,0.00027400469573279906,34.12297747019212,0.0,0.0,13,3,4
5,94,3,194.77653241286995,,,4,194.77653241286995,200.6966591161851,success,,0.999,0.011714959499321208,0.006078983060155336,4.083333333333333,3.5,0.046709966832500845,0.021051694004635937,0.0009833239287245015,0.9990166760712755,True,18.324822082217906,5.920126703315134,1.6676071275534277e-05,0.0,1.6676071275534277e-05,18.324822082217906,0.0,0.0,13,3,4
5,95,6,197.52534833939112,,,8,197.52534833939112,200.16438728162882,success,,0.9999,0.0039391337909917695,0.003520470843625412,2.7058823529411766,2.3,0.010602228544202926,0.008064389863293954,8.550050440019589e-05,0.9999144994955999,True,43.772261300698325,2.639038942237704,1.4499495599840095e-05,0.0,1.4499495599840095e-05,43.772261300698325,0.0,0.0,26,6,8
5,96,4,198.62785217625165,,,7,198.62785217625165,201.7711945374533,success,,0.9,0.006078983060155336,0.0047246048635579295,3.5714285714285716,2.7777777777777777,0.021476673886970245,0.013038159495382864,0.0002800162995686423,0.9997199837004314,True,37.13222301232076,3.143342361201661,0.09971998370043134,0.0,0.09971998370043134,37.13222301232076,0.0,0.0,20,4,7
5,97,3,200.05532698210834,,,5,200.05532698210834,201.69502574974757,success,,0.999,0.011714959499321208,0.00948197325705043,1.4166666666666667,1.1333333333333333,0.01645923452691473,0.010688701837672449,0.0001759278503345153,0.9998240721496655,True,64.95437704186715,1.6396987676392314,0.0008240721496655112,0.0,0.0008240721496655112,64.95437704186715,0.0,0.0,14,3,5
5,98,6,200.34766655427666,201.1798361371961,success,8,200.34766655427666,201.22539381278074,success,,0.9999,0.0039391337909917695,0.003520470843625412,0.29411764705882354,0.25,0.0011578978803807262,0.0008797305209130817,1.0186381054714894e-06,0.9999989813618946,True,102.45096705424486,0.8321695829194482,9.898136189456785e-05,0.0,9.898136189456785e-05,102.45096705424486,0.0,0.0,26,6,8
5,99,1,200.68518311798886,206.21553540634997,success,3,200.68518311798886,,,,0.9,0.017884757412575406,0.011714959499321208,4.9,4.083333333333333,0.08390509474832038,0.046709966832500845,0.003919204192771886,0.9960807958072281,True,19.960417368231944,5.530352288361115,0.09608079580722806,0.0,0.09608079580722806,19.960417368231944,0.0,0.0,1,1,3
5,100,2,201.7505434458138,203.26781028885478,success,6,201.7505434458138,202.83607954005745,success,,0.9999,0.00884389935958758,0.0039391337909917695,1.2727272727272727,0.8235294117647058,0.011192761595102685,0.003238736475052902,3.6250405234630364e-05,0.9999637495947654,True,86.79826212083135,1.0855360942436505,6.374959476540543e-05,0.0,6.374959476540543e-05,86.79826212083135,0.0,0.0,10,2,6
5,101,2,201.89110458334852,,,7,201.89110458334852,204.13741572823372,success,,0.9,0.00884389935958758,0.0047246048635579295,3.3636363636363638,2.0555555555555554,0.029309554764971824,0.009664681628117408,0.0002832675154653242,0.9997167324845346,True,50.440686541867564,2.2463111448851976,0.09971673248453461,0.0,0.09971673248453461,50.440686541867564,0.0,0.0,11,2,7
5,102,7,203.89448616612552,205.9321712682929,success,8,203.89448616612552,205.9702576327008,success,,0.9,0.0047246048635579295,0.003520470843625412,1.7222222222222223,1.55,0.00810380517606874,0.0054418689004614995,4.40998453630474e-05,0.999955900154637,True,54.72744186809473,2.037685102167387,0.09995590015463696,0.0,0.09995590015463696,54.72744186809473,0.0,0.0,27,7,8
5,103,2,205.78508287056619,,,8,205.78508287056619,208.52993414387936,success,,0.99,0.00884389935958758,0.003520470843625412,4.454545454545454,2.45,0.03862963774621182,0.008588063641890534,0.00033175378742764393,0.9996682462125723,True,42.225085957242854,2.7448512733131736,0.00966824621257234,0.0,0.00966824621257234,42.225085957242854,0.0,0.0,12,2,8
5,104,6,207.22333162076055,209.9673399922343,success,7,207.22333162076055,209.67616362458298,success,,0.9999,0.0039391337909917695,0.0047246048635579295,2.176470588235294,2.0555555555555554,0.008536761973956001,0.009664681628117408,8.250508661330387e-05,0.9999174949133867,True,46.735623597122775,2.4528320038224365,1.749491338665088e-05,0.0,1.749491338665088e-05,46.735623597122775,0.0,0.0,25,6,7
5,105,4,207.60236159331868,209.95699224730294,success,6,207.60236159331868,211.55557528635194,success,,0.9999,0.006078983060155336,0.0039391337909917695,1.9285714285714286,1.588235294117647,0.01165529763113592,0.006236741598680147,7.269107958110356e-05,0.9999273089204189,True,48.437485286963884,2.354630653984259,2.730892041891142e-05,0.0,2.730892041891142e-05,48.437485286963884,0.0,0.0,19,4,6
5,106,4,209.4204108773962,211.38556367587435,success,5,209.4204108773962,211.24234707070238,success,,0.9,0.006078983060155336,0.00948197325705043,1.4285714285714286,1.3333333333333333,0.008646662234861605,0.01256304867969593,0.00010862843857345475,0.9998913715614266,True,59.88020648926237,1.8219361933061862,0.09989137156142658,0.0,0.09989137156142658,59.88020648926237,0.0,0.0,18,4,5
5,107,4,212.33623952348452,,,7,212.33623952348452,215.17955251372473,success,,0.9,0.006078983060155336,0.0047246048635579295,3.4285714285714284,2.6666666666666665,0.020626529550410933,0.012519911844008672,0.0002582423316189847,0.999741757668381,True,40.864849388939525,2.8433129902402072,0.099741757668381,0.0,0.099741757668381,40.864849388939525,0.0,0.0,20,4,7
5,108,6,213.14089634948044,215.62133907419437,success,8,213.14089634948044,215.3827854106663,success,,0.9999,0.0039391337909917695,0.003520470843625412,2.0588235294117645,1.75,0.008077184157158943,0.006141885013475875,4.960913632593928e-05,0.9999503908636741,True,50.525473398103486,2.2418890611858444,5.039086367408796e-05,0.0,5.039086367408796e-05,50.525473398103486,0.0,0.0,26,6,8
5,109,5,215.94702066754797,217.87711920066369,success,6,215.94702066754797,217.4644999413732,success,,0.9,0.00948197325705043,0.0039391337909917695,1.3333333333333333,1.1764705882352942,0.01256304867969593,0.004623553364419141,5.808592599036957e-05,0.9999419140740097,True,68.81883402789805,1.5174792738252165,0.09994191407400965,0.0,0.09994191407400965,68.81883402789805,0.0,0.0,22,5,6
5,110,7,220.68214210023132,222.20970077213428,success,8,220.68214210023132,222.29103618303253,success,,0.9999,0.0047246048635579295,0.003520470843625412,1.2222222222222223,1.1,0.005757876577496393,0.003865029400041566,2.225436225383427e-05,0.9999777456377462,True,68.48414776381384,1.5275586719029661,7.774563774620713e-05,0.0,7.774563774620713e-05,68.48414776381384,0.0,0.0,27,7,8
5,111,6,221.16815204172858,224.67959414274682,success,7,221.16815204172858,224.98747854991205,success,,0.999,0.0039391337909917695,0.0047246048635579295,2.9411764705882355,2.7777777777777777,0.011518831980347,0.013038159495382864,0.00015018436856028105,0.9998498156314397,True,33.25179141247318,3.511442101018247,0.0008498156314397098,0.0,0.0008498156314397098,33.25179141247318,0.0,0.0,25,6,7
5,112,4,221.58546561320253,223.773908362885,success,7,221.58546561320253,,,,0.9999,0.006078983060155336,0.0047246048635579295,2.0714285714285716,1.6111111111111112,0.012513229438193718,0.007582966525294079,9.48873999531474e-05,0.9999051126000469,True,51.56995080217455,2.18844274968248,5.11260004687486e-06,0.0,5.11260004687486e-06,51.56995080217455,0.0,0.0,20,4,7
5,113,3,222.02616495243728,,,8,222.02616495243728,224.79103618303253,success,,0.99,0.011714959499321208,0.003520470843625412,4.166666666666667,2.5,0.04764015888766843,0.008762560124494043,0.0004174497565936438,0.9995825502434064,True,41.94252727487335,2.764871230595247,0.009582550243406374,0.0,0.009582550243406374,41.94252727487335,0.0,0.0,17,3,8
5,114,2,223.9664003212662,226.4910012781558,success,6,223.9664003212662,225.97371178980563,success,,0.9999,0.00884389935958758,0.0039391337909917695,2.0,1.2941176470588236,0.01753228783899817,0.00508473131791474,8.914697304964973e-05,0.9999108530269504,True,55.404643893936566,2.0073114685394273,1.085302695036372e-05,0.0,1.085302695036372e-05,55.404643893936566,0.0,0.0,10,2,6
5,115,6,225.21740140763566,,,8,225.21740140763566,227.79945256905233,success,,0.9999,0.0039391337909917695,0.003520470843625412,2.2941176470588234,1.95,0.008996126859095153,0.006841408422702348,6.15461780655124e-05,0.9999384538219345,True,44.645014629254895,2.582051161416672,3.845382193445879e-05,0.0,3.845382193445879e-05,44.645014629254895,0.0,0.0,26,6,8
5,116,3,225.38738712061442,229.54720487722238,success,6,225.38738712061442,228.2090059074527,success,,0.9,0.011714959499321208,0.0039391337909917695,3.1666666666666665,2.235294117647059,0.03641769491232488,0.008766471026815773,0.0003192546673123123,0.9996807453326877,True,41.15830368154218,2.821618786838286,0.09968074533268767,0.0,0.09968074533268767,41.15830368154218,0.0,0.0,15,3,6
5,117,2,226.67374029880992,230.73682617137897,success,6,226.67374029880992,,,,0.99,0.00884389935958758,0.0039391337909917695,3.5454545454545454,2.2941176470588234,0.030869153000212448,0.008996126859095153,0.0002777028164227289,0.9997222971835773,True,28.523809133919542,4.063085872569047,0.009722297183577311,0.0,0.009722297183577311,28.523809133919542,0.0,0.0,10,2,6
5,118,1,227.04397650115686,229.06133421682182,success,2,227.04397650115686,,,,0.999,0.017884757412575406,0.00884389935958758,1.6,1.4545454545454546,0.02821006279092281,0.01278146789336654,0.000360566011832034,0.999639433988168,True,55.17903486240014,2.017357715664957,0.0006394339881680144,0.0,0.0006394339881680144,55.17903486240014,0.0,0.0,0,1,2
5,119,6,230.25529777453568,,,8,230.25529777453568,233.09031669318028,success,,0.9999,0.0039391337909917695,0.003520470843625412,2.9411764705882355,2.5,0.011518831980347,0.008762560124494043,0.00010093445779173537,0.9998990655422083,False,-8.54545129978146,2.8350189186446073,-9.344577917014263e-07,9.344577917014263e-07,0.0,-8.505056755933822,0.00403945438476383,0.0403945438476383,26,6,8
5,120,6,232.2384465417237,,,8,232.2384465417237,234.8903166931803,success,,0.9999,0.0039391337909917695,0.003520470843625412,2.1176470588235294,1.8,0.008306999688182467,0.006316812043212038,5.247375567326965e-05,0.9999475262443267,True,43.57967030545796,2.651870151456592,4.752624432668995e-05,0.0,4.752624432668995e-05,43.57967030545796,0.0,0.0,26,6,8
5,121,6,233.12712384710125,,,8,233.12712384710125,236.4403166931803,success,,0.99,0.0039391337909917695,0.003520470843625412,1.8235294117647058,1.55,0.007157389333740338,0.0054418689004614995,3.89495744237764e-05,0.9999610504255763,True,35.25672340093424,3.313192846079062,0.009961050425576268,0.0,0.009961050425576268,35.25672340093424,0.0,0.0,26,6,8
5,122,7,234.5075804551614,236.02739288867582,success,8,234.5075804551614,,,,0.99,0.0047246048635579295,0.003520470843625412,1.2777777777777777,1.15,0.006018809063244459,0.004040357174696537,2.4318138381808294e-05,0.9999756818616182,True,68.74109106715788,1.5198124335144314,0.009975681861618235,0.0,0.009975681861618235,68.74109106715788,0.0,0.0,27,7,8
5,123,4,234.56504223889652,236.99002395839537,success,7,234.56504223889652,237.63850399978693,success,,0.9,0.006078983060155336,0.0047246048635579295,2.0714285714285716,1.6111111111111112,0.012513229438193718,0.007582966525294079,9.48873999531474e-05,0.9999051126000469,True,47.20786700002094,2.4249817194988452,0.09990511260004686,0.0,0.09990511260004686,47.20786700002094,0.0,0.0,20,4,7
5,124,2,236.09404820482467,238.44503270804165,success,4,236.09404820482467,238.7043096726811,success,,0.9,0.00884389935958758,0.006078983060155336,2.1818181818181817,1.7142857142857142,0.01911080848642887,0.010367002141910657,0.00019812179251245244,0.9998018782074876,True,48.50269474319194,2.350984503216978,0.09980187820748754,0.0,0.09980187820748754,48.50269474319194,0.0,0.0,8,2,4
5,125,1,237.96970193532795,241.95580666025236,success,8,237.96970193532795,240.15928047902125,success,,0.999,0.017884757412575406,0.003520470843625412,3.2,1.6,0.05562431793917781,0.0056169191386693474,0.0003124372960079966,0.999687562703992,True,51.54736816125438,2.189578543693301,0.0006875627039919507,0.0,0.0006875627039919507,51.54736816125438,0.0,0.0,6,1,8
5,126,6,239.12369311790167,242.03253531921737,success,7,239.12369311790167,241.52039362765083,success,,0.9999,0.0039391337909917695,0.0047246048635579295,2.3529411764705883,2.2222222222222223,0.009225729483124652,0.010444198522351978,9.635535023526956e-05,0.9999036446497648,True,47.69573979898989,2.3967005097491665,3.6446497647668608e-06,0.0,3.6446497647668608e-06,47.69573979898989,0.0,0.0,25,6,7
5,127,7,240.01914273725285,241.85372696098418,success,8,240.01914273725285,240.54806805802917,success,,0.999,0.0047246048635579295,0.003520470843625412,0.3333333333333333,0.3,0.0015736288335350837,0.0010555837322052612,1.6610969972087753e-06,0.9999983389030028,True,131.69926055467522,0.5289253207763238,0.0009983389030028267,0.0,0.0009983389030028267,131.69926055467522,0.0,0.0,27,7,8
5,128,1,244.19468521676453,,,6,244.19468521676453,246.97866414485918,success,,0.999,0.017884757412575406,0.0039391337909917695,3.8,2.235294117647059,0.0657040968820915,0.008766471026815773,0.0005759930616599517,0.9994240069383401,True,41.67574065047972,2.7839789280946547,0.0004240069383401046,0.0,0.0004240069383401046,41.67574065047972,0.0,0.0,4,1,6
5,129,6,244.8720015784318,,,8,244.8720015784318,247.50845749822514,success,,0.9999,0.0039391337909917695,0.003520470843625412,2.3529411764705883,2.0,0.009225729483124652,0.007016212330686662,6.472967695907866e-05,0.999935270323041,True,43.81120263053748,2.636455919793349,3.5270323040959006e-05,0.0,3.5270323040959006e-05,43.81120263053748,0.0,0.0,26,6,8
5,130,5,247.1401881160528,248.1702707054284,success,8,247.1401881160528,247.85468762008097,success,,0.9,0.00948197325705043,0.003520470843625412,0.3333333333333333,0.25,0.0031556681318482657,0.0008797305209130817,2.7761375694596863e-06,0.9999972238624305,True,111.94546278343702,0.7144995040281685,0.09999722386243048,0.0,0.09999722386243048,111.94546278343702,0.0,0.0,24,5,8
5,131,6,247.28165374088135,,,7,247.28165374088135,248.79695075213877,success,,0.999,0.0039391337909917695,0.0047246048635579295,1.3529411764705883,1.2777777777777777,0.005315240161086476,0.006018809063244459,3.1991415654868223e-05,0.9999680085843451,True,68.89169728366333,1.5152970112574167,0.0009680085843450925,0.0,0.0009680085843450925,68.89169728366333,0.0,0.0,25,6,7
5,132,2,248.80121398859,253.5042995423436,success,3,248.80121398859,253.26409924784076,success,,0.99,0.00884389935958758,0.011714959499321208,4.363636363636363,4.0,0.03785639397185278,0.04577886623707134,0.0017330227958553225,0.9982669772041447,True,25.713354381586488,4.462885259250754,0.00826697720414471,0.0,0.00826697720414471,25.713354381586488,0.0,0.0,7,2,3
5,133,4,249.681506448114,251.00918586326011,success,8,249.681506448114,250.81588271369029,success,,0.99,0.006078983060155336,0.003520470843625412,1.0714285714285714,0.75,0.006492031249210653,0.0026368704662171048,1.7118645466802106e-05,0.9999828813545332,True,84.32194646309215,1.134376265576293,0.00998288135453318,0.0,0.00998288135453318,84.32194646309215,0.0,0.0,21,4,8
5,134,4,250.068616563859,253.36632872040298,success,8,250.068616563859,252.4658827136903,success,,0.9,0.006078983060155336,0.003520470843625412,2.357142857142857,1.65,0.01422685951776776,0.005791938566625949,8.240109632292854e-05,0.999917598903677,True,47.68589842842776,2.397266149831296,0.09991759890367702,0.0,0.09991759890367702,47.68589842842776,0.0,0.0,21,4,8
5,135,6,254.03566164681055,256.325584710401,success,7,254.03566164681055,256.1274966802128,success,,0.999,0.0039391337909917695,0.0047246048635579295,2.0,1.8888888888888888,0.007847315368546345,0.008884550673930396,6.971987104616278e-05,0.9999302801289538,True,53.55547416898447,2.0918350334022477,0.0009302801289537976,0.0,0.0009302801289537976,53.55547416898447,0.0,0.0,25,6,7
5,136,3,254.38489169820954,255.55208878477893,success,5,254.38489169820954,255.60645435890913,success,,0.999,0.011714959499321208,0.00948197325705043,0.6666666666666666,0.5333333333333333,0.007779554401409476,0.005044287041686595,3.9242305457125734e-05,0.9999607576945428,True,82.73509372290832,1.167197086569388,0.0009607576945428464,0.0,0.0009607576945428464,82.73509372290832,0.0,0.0,14,3,5
5,137,5,258.6870222258562,261.61160924748276,success,6,258.6870222258562,261.12516158835433,success,,0.999,0.00948197325705043,0.0039391337909917695,2.466666666666667,2.176470588235294,0.023117467835858947,0.008536761973956001,0.00019734832035531158,0.9998026516796447,True,46.983759081005815,2.4381393624981342,0.0008026516796446614,0.0,0.0008026516796446614,46.983759081005815,0.0,0.0,22,5,6
5,138,2,260.86460298363625,,,7,260.86460298363625,262.5412523277849,success,,0.9,0.00884389935958758,0.0047246048635579295,2.3636363636363638,1.4444444444444444,0.020686792941164867,0.006801195712001382,0.00014069492744651094,0.9998593050725535,True,63.863668963299126,1.6766493441486432,0.09985930507255347,0.0,0.09985930507255347,63.863668963299126,0.0,0.0,11,2,7
5,139,1,262.9326696874295,266.0856333667771,success,8,262.9326696874295,264.57239244694017,success,,0.999,0.017884757412575406,0.003520470843625412,2.9,1.45,0.05054372134781231,0.00509167597159589,0.00025735225150169417,0.9997426477484983,True,64.95365780342846,1.6397227595106756,0.0007426477484983041,0.0,0.0007426477484983041,64.95365780342846,0.0,0.0,6,1,8
5,140,6,267.35706628596495,269.16360669366077,success,8,267.35706628596495,268.9431281341591,success,,0.9999,0.0039391337909917695,0.003520470843625412,1.6470588235294117,1.4,0.006466983536150966,0.004916533270087647,3.179513971259528e-05,0.9999682048602874,True,66.59971972127309,1.5860618481941628,6.82048602873575e-05,0.0,6.82048602873575e-05,66.59971972127309,0.0,0.0,26,6,8
5,141,4,269.49743397091424,272.23461854002807,success,7,269.49743397091424,271.6553445275611,success,,0.99,0.006078983060155336,0.0047246048635579295,2.5,1.9444444444444444,0.015082559082642166,0.009144662584061228,0.00013792491371493066,0.9998620750862851,True,52.183484590440116,2.1579105566468684,0.009862075086285116,0.0,0.009862075086285116,52.183484590440116,0.0,0.0,20,4,7
5,142,5,275.15729884114705,276.43014480611805,success,6,275.15729884114705,275.98828084914174,success,,0.99,0.00948197325705043,0.0039391337909917695,0.3333333333333333,0.29411764705882354,0.0031556681318482657,0.0011578978803807262,3.653941441052113e-06,0.9999963460585589,True,102.53820553095288,0.8309820079946917,0.009996346058558925,0.0,0.009996346058558925,102.53820553095288,0.0,0.0,22,5,6
5,143,2,277.2881820993617,279.5772784096098,success,7,277.2881820993617,278.73985281689625,success,,0.999,0.00884389935958758,0.0047246048635579295,1.9090909090909092,1.1666666666666667,0.01674207516783125,0.005496875593709591,9.202910437810301e-05,0.9999079708956219,True,71.08129425231317,1.4516707175345687,0.0009079708956218902,0.0,0.0009079708956218902,71.08129425231317,0.0,0.0,11,2,7
5,144,2,277.47107354279956,,,3,277.47107354279956,281.13694263622415,success,,0.99,0.00884389935958758,0.011714959499321208,3.4545454545454546,3.1666666666666665,0.030089667358253292,0.03641769491232488,0.001095796325866209,0.9989042036741338,True,31.81175410174752,3.6658690934245897,0.008904203674133804,0.0,0.008904203674133804,31.81175410174752,0.0,0.0,7,2,3
5,145,1,277.92175444575435,,,5,277.92175444575435,280.72215100455026,success,,0.9,0.017884757412575406,0.00948197325705043,3.6,2.4,0.062356181670784105,0.022499754348652094,0.0014029987697125647,0.9985970012302874,True,41.448738319568214,2.80039655879591,0.09859700123028736,0.0,0.09859700123028736,41.448738319568214,0.0,0.0,3,1,5
5,146,2,278.03001053739007,,,8,278.03001053739007,280.2103039607818,success,,0.999,0.00884389935958758,0.003520470843625412,3.090909090909091,1.7,0.02696545023250715,0.005966927189754159,0.00016090087817630954,0.9998390991218237,True,51.73248385754855,2.1802934233917313,0.0008390991218236721,0.0,0.0008390991218236721,51.73248385754855,0.0,0.0,12,2,8
5,147,2,278.49565126759467,,,4,278.49565126759467,279.08319224336924,success,,0.9,0.00884389935958758,0.006078983060155336,0.5454545454545454,0.42857142857142855,0.00481232856872512,0.0026018876617321086,1.2521138327166828e-05,0.9999874788616728,True,124.64706673304836,0.5875409757745729,0.09998747886167281,0.0,0.09998747886167281,124.64706673304836,0.0,0.0,8,2,4
5,148,1,280.735364208988,,,4,280.735364208988,283.65358638136246,success,,0.999,0.017884757412575406,0.006078983060155336,3.6,2.5714285714285716,0.062356181670784105,0.01551013027877849,0.0009671525014010409,0.999032847498599,True,39.87745554182107,2.918222172374442,3.284749859899794e-05,0.0,3.284749859899794e-05,39.87745554182107,0.0,0.0,2,1,4
5,149,2,282.2711315853163,,,6,282.2711315853163,284.7987946849156,success,,0.999,0.00884389935958758,0.0039391337909917695,3.090909090909091,2.0,0.02696545023250715,0.007847315368546345,0.00021160639202932497,0.9997883936079707,True,45.505424570415826,2.5276630995992946,0.0007883936079706722,0.0,0.0007883936079706722,45.505424570415826,0.0,0.0,10,2,6
5,150,2,283.73022066298745,,,4,283.73022066298745,285.1287315089986,success,,0.9,0.00884389935958758,0.006078983060155336,1.5454545454545454,1.2142857142857142,0.013574863576818188,0.007354445025410137,9.983558790315179e-05,0.9999001644120968,True,73.01333419665796,1.3985108460111633,0.09990016441209681,0.0,0.09990016441209681,73.01333419665796,0.0,0.0,8,2,4
5,151,1,283.881364254246,286.1776624980174,success,6,283.881364254246,285.210559390798,success,,0.99,0.017884757412575406,0.0039391337909917695,0.7,0.4117647058823529,0.01244128938695346,0.0016206815418565081,2.0163368066330743e-05,0.9999798366319337,True,75.6870545648128,1.3291951365519594,0.009979836631933692,0.0,0.009979836631933692,75.6870545648128,0.0,0.0,4,1,6
5,152,4,283.9976065545687,287.84301722328433,success,8,283.9976065545687,286.5065598094592,success,,0.99,0.006078983060155336,0.003520470843625412,2.7142857142857144,1.9,0.016364715901522893,0.006666573742406716,0.00010909658533103817,0.9998909034146689,True,45.80785914195683,2.508953254890514,0.009890903414668917,0.0,0.009890903414668917,45.80785914195683,0.0,0.0,21,4,8
5,153,4,289.0520687376792,291.77890338636274,success,8,289.0520687376792,291.14232071070455,success,,0.999,0.006078983060155336,0.003520470843625412,2.5,1.75,0.015082559082642166,0.006141885013475875,9.263534359454436e-05,0.9999073646564055,True,53.58911305097988,2.0902519730253744,0.0009073646564055071,0.0,0.0009073646564055071,53.58911305097988,0.0,0.0,21,4,8
5,154,4,291.8607063462191,,,8,291.8607063462191,293.6983358871151,success,,0.9999,0.006078983060155336,0.003520470843625412,1.9285714285714286,1.35,0.01165529763113592,0.004741359736627204,5.5261958906674284e-05,0.9999447380410933,True,59.47667446130787,1.837629540895989,4.473804109328405e-05,0.0,4.473804109328405e-05,59.47667446130787,0.0,0.0,21,4,8
5,155,5,292.86503840672736,294.9489293238353,success,8,292.86503840672736,294.9983358871151,success,,0.999,0.00948197325705043,0.003520470843625412,1.7333333333333334,1.3,0.016301095692450362,0.0045661553657869326,7.443333556428847e-05,0.9999255666644357,True,53.72465303341279,2.083890917107908,0.0009255666644356619,0.0,0.0009255666644356619,53.72465303341279,0.0,0.0,24,5,8
5,156,4,293.85270445492466,,,6,293.85270445492466,296.61062964341204,success,,0.99,0.006078983060155336,0.0039391337909917695,2.9285714285714284,2.411764705882353,0.0176452036199898,0.009455278911231924,0.00016684032167248278,0.9998331596783275,True,42.040208274016194,2.757925188487377,0.009833159678327541,0.0,0.009833159678327541,42.040208274016194,0.0,0.0,19,4,6
5,157,5,296.80263271596095,,,7,296.80263271596095,298.13888738997525,success,,0.999,0.00948197325705043,0.0047246048635579295,1.1333333333333333,0.9444444444444444,0.010688701837672449,0.004452186318472394,4.758809208391601e-05,0.9999524119079161,True,75.40624476859054,1.3362546740142989,0.000952411907916062,0.0,0.000952411907916062,75.40624476859054,0.0,0.0,23,5,7
5,158,2,297.6216668319106,299.13875992376865,success,4,297.6216668319106,298.83396302317755,success,,0.9999,0.00884389935958758,0.006078983060155336,1.0909090909090908,0.8571428571428571,0.009601498631196873,0.005197005504059943,4.989904123355416e-05,0.9999501009587665,True,80.64807533457723,1.2122961912669439,5.0100958766452486e-05,0.0,5.0100958766452486e-05,80.64807533457723,0.0,0.0,8,2,4
5,159,2,298.13399531338223,,,7,298.13399531338223,299.1731964102044,success,,0.9999,0.00884389935958758,0.0047246048635579295,1.3636363636363635,0.8333333333333334,0.011987434070549542,0.0039294302248757355,4.710378575552254e-05,0.9999528962142444,True,89.28580091470903,1.0392010968221825,5.289621424442448e-05,0.0,5.289621424442448e-05,89.28580091470903,0.0,0.0,11,2,7
5,160,3,298.1821980851819,,,8,298.1821980851819,300.15235382281924,success,,0.9,0.011714959499321208,0.003520470843625412,2.6666666666666665,1.6,0.03075696846285314,0.0056169191386693474,0.00017275940480644935,0.9998272405951936,True,56.253328127283275,1.9701557376373557,0.09982724059519354,0.0,0.09982724059519354,56.253328127283275,0.0,0.0,17,3,8
5,161,1,299.1817145644843,300.3564559858851,success,5,299.1817145644843,300.27413199689346,success,,0.9999,0.017884757412575406,0.00948197325705043,0.5,0.3333333333333333,0.008902514553105902,0.0031556681318482657,2.80933814685517e-05,0.9999719066185314,True,86.44063001751354,1.0924174324091496,7.190661853140323e-05,0.0,7.190661853140323e-05,86.44063001751354,0.0,0.0,3,1,5
5,162,5,300.6355004757622,301.75859241479293,success,6,300.6355004757622,301.52600679386376,success,,0.99,0.00948197325705043,0.0039391337909917695,0.8,0.7058823529411765,0.007556880713467854,0.0027767028385151465,2.0983212127406554e-05,0.9999790167878726,True,98.34987101550568,0.8905063181015294,0.009979016787872608,0.0,0.009979016787872608,98.34987101550568,0.0,0.0,22,5,6
5,163,4,302.9438063032259,304.84386046061957,success,5,302.9438063032259,305.14988053831405,success,,0.9,0.006078983060155336,0.00948197325705043,1.5714285714285714,1.4666666666666666,0.009507205685403823,0.013810639973760743,0.00013130059487760344,0.9998686994051224,True,57.918554432916146,1.9000541573936403,0.09986869940512233,0.0,0.09986869940512233,57.918554432916146,0.0,0.0,18,4,5
5,164,3,308.0696271567484,312.4258370406934,success,4,308.0696271567484,311.67487711228097,success,,0.999,0.011714959499321208,0.006078983060155336,3.8333333333333335,3.2857142857142856,0.04391393587498999,0.019775646605610316,0.0008684264769252349,0.9991315735230748,True,32.36514240102571,3.6052499555325426,0.00013157352307480163,0.0,0.00013157352307480163,32.36514240102571,0.0,0.0,13,3,4
5,165,1,310.580216735357,315.85597282684324,success,3,310.580216735357,,,,0.99,0.017884757412575406,0.011714959499321208,4.4,3.6666666666666665,0.07567628946348824,0.04204536069187886,0.0031818368863153947,0.9968181631136847,True,21.145765628577177,5.275756091486244,0.006818163113684661,0.0,0.006818163113684661,21.145765628577177,0.0,0.0,1,1,3
5,166,6,310.7333309998695,313.8506671031692,success,8,310.7333309998695,313.4388505713662,success,,0.999,0.0039391337909917695,0.003520470843625412,2.9411764705882355,2.5,0.011518831980347,0.008762560124494043,0.00010093445779173537,0.9998990655422083,True,42.7894538449752,2.7055195714966658,0.0008990655422083105,0.0,0.0008990655422083105,42.7894538449752,0.0,0.0,26,6,8
5,167,7,312.6497356202086,315.3941343309985,success,8,312.6497356202086,315.58885057136615,success,,0.9999,0.0047246048635579295,0.003520470843625412,2.388888888888889,2.15,0.011223101839975552,0.007540439474928685,8.462712014529641e-05,0.9999153728798547,True,42.2315096523854,2.7443987107898806,1.537287985464708e-05,0.0,1.537287985464708e-05,42.2315096523854,0.0,0.0,27,7,8
5,168,4,313.4293494780534,314.71392249565815,success,8,313.4293494780534,,,,0.999,0.006078983060155336,0.003520470843625412,0.8571428571428571,0.6,0.005197005504059943,0.002110053207394826,1.0965958132690247e-05,0.9999890340418673,True,77.50948075853012,1.284573017604771,0.0009890340418673427,0.0,0.0009890340418673427,77.50948075853012,0.0,0.0,21,4,8
5,169,4,315.8895337976684,318.00155725641076,success,7,315.8895337976684,317.54591046609204,success,,0.9999,0.006078983060155336,0.0047246048635579295,2.0,1.5555555555555556,0.012084356665965532,0.007322444650429191,8.848703282257764e-05,0.9999115129671774,True,64.45789433813853,1.6563766684236612,1.1512967177385036e-05,0.0,1.1512967177385036e-05,64.45789433813853,0.0,0.0,20,4,7
5,170,1,316.7612015162697,319.0646084598874,success,7,316.7612015162697,318.6570215772031,success,,0.999,0.017884757412575406,0.0047246048635579295,2.0,1.1111111111111112,0.03513734560570458,0.005235806093902462,0.00018397232824590492,0.9998160276717541,True,58.02193049977858,1.8958200609334313,0.0008160276717541493,0.0,0.0008160276717541493,58.02193049977858,0.0,0.0,5,1,7
5,171,6,318.3343961993848,319.4473942211314,success,8,318.3343961993848,319.372109577697,success,,0.999,0.0039391337909917695,0.003520470843625412,0.8235294117647058,0.7,0.003238736475052902,0.002461295623116009,7.971487910473878e-06,0.9999920285120896,True,89.36804968898163,1.037713378312219,0.000992028512089571,0.0,0.000992028512089571,89.36804968898163,0.0,0.0,26,6,8
5,172,6,321.13106064352473,324.1825626047904,success,8,321.13106064352473,323.89016587284453,success,,0.9999,0.0039391337909917695,0.003520470843625412,2.5294117647058822,2.15,0.00991421822897613,0.007540439474928685,7.475756249682917e-05,0.9999252424375031,True,42.02358711468051,2.7591052293198004,2.5242437503125714e-05,0.0,2.5242437503125714e-05,42.02358711468051,0.0,0.0,26,6,8
5,173,6,322.50872657259424,,,7,322.50872657259424,323.51803429021055,success,,0.9,0.0039391337909917695,0.0047246048635579295,0.7058823529411765,0.6666666666666666,0.0027767028385151465,0.003144781359364434,8.732123327056745e-06,0.9999912678766729,True,90.96839250510045,1.0093077176163092,0.0999912678766729,0.0,0.0999912678766729,90.96839250510045,0.0,0.0,25,6,7
5,174,6,324.335078752285,327.06491554596687,success,7,324.335078752285,326.6818828383706,success,,0.9999,0.0039391337909917695,0.0047246048635579295,2.176470588235294,2.0555555555555554,0.008536761973956001,0.009664681628117408,8.250508661330387e-05,0.9999174949133867,True,48.57764340016776,2.3468040860855695,1.749491338665088e-05,0.0,1.749491338665088e-05,48.57764340016776,0.0,0.0,25,6,7
5,175,3,331.02920005969474,,,5,331.02920005969474,333.8223116920708,success,,0.9,0.011714959499321208,0.00948197325705043,3.1666666666666665,2.533333333333333,0.03641769491232488,0.023734790970271542,0.0008643663763631525,0.9991356336236369,True,41.54921330426285,2.7931116323760534,0.09913563362363687,0.0,0.09913563362363687,41.54921330426285,0.0,0.0,14,3,5
5,176,2,332.3522024389153,,,8,332.3522024389153,334.2731734024047,success,,0.99,0.00884389935958758,0.003520470843625412,2.6363636363636362,1.45,0.023046023173963558,0.00509167597159589,0.0001173428824357123,0.9998826571175643,True,57.41263296497053,1.9209709634894239,0.009882657117564309,0.0,0.009882657117564309,57.41263296497053,0.0,0.0,12,2,8
5,177,2,333.18012555260583,,,3,333.18012555260583,334.8014630650592,success,,0.9,0.00884389935958758,0.011714959499321208,0.45454545454545453,0.4166666666666667,0.004011885054480429,0.004869339266409303,1.9535229428102176e-05,0.9999804647705719,True,65.50913344754986,1.6213375124533513,0.09998046477057188,0.0,0.09998046477057188,65.50913344754986,0.0,0.0,7,2,3
5,178,3,333.8290335835863,,,7,333.8290335835863,335.36445752481484,success,,0.9,0.011714959499321208,0.0047246048635579295,1.8333333333333333,1.2222222222222223,0.021248428196347084,0.005757876577496393,0.0001223458270203608,0.9998776541729797,True,68.22507759686823,1.5354239412285438,0.09987765417297967,0.0,0.09987765417297967,68.22507759686823,0.0,0.0,16,3,7
5,179,2,334.5094585939613,,,7,334.5094585939613,337.58667974703707,success,,0.99,0.00884389935958758,0.0047246048635579295,3.6363636363636362,2.2222222222222223,0.03164801219470984,0.010444198522351978,0.0003305381221993659,0.9996694618778006,True,37.90602652758068,3.0772211530757545,0.0096694618778006,0.0,0.0096694618778006,37.90602652758068,0.0,0.0,11,2,7
5,180,3,335.6823703183327,339.3014630650592,success,5,335.6823703183327,338.2987800909633,success,,0.99,0.011714959499321208,0.00948197325705043,2.6666666666666665,2.1333333333333333,0.03075696846285314,0.02002499193289383,0.0006159080453489041,0.999384091954651,True,44.11538744581257,2.616409772630618,0.009384091954651064,0.0,0.009384091954651064,44.11538744581257,0.0,0.0,14,3,5
5,181,3,336.67881157139357,342.0514630650592,success,6,336.67881157139357,338.9105578231173,success,,0.9,0.011714959499321208,0.0039391337909917695,2.75,1.9411764705882353,0.031702726979247885,0.007617393310002726,0.00024149214040056576,0.9997585078595994,True,50.72087487452729,2.2317462517237345,0.09975850785959939,0.0,0.09975850785959939,50.72087487452729,0.0,0.0,15,3,6
5,182,4,337.5388755150315,339.32539115939824,success,6,337.5388755150315,340.1458519407644,success,,0.9,0.006078983060155336,0.0039391337909917695,1.5,1.2352941176470589,0.009077027374935862,0.004854169056485355,4.4061425408284144e-05,0.9999559385745918,True,60.809283489316236,1.786515644366716,0.09995593857459173,0.0,0.09995593857459173,60.809283489316236,0.0,0.0,19,4,6
5,183,2,338.0148396034645,341.36534284607046,success,6,338.0148396034645,341.38114605841145,success,,0.999,0.00884389935958758,0.0039391337909917695,1.9090909090909092,1.2352941176470589,0.01674207516783125,0.004854169056485355,8.12688632210383e-05,0.999918731136779,True,34.86498368630169,3.350503242605953,0.000918731136778983,0.0,0.000918731136778983,34.86498368630169,0.0,0.0,10,2,6
5,184,2,344.2938547906182,,,6,344.2938547906182,345.50219378112223,success,,0.9999,0.00884389935958758,0.0039391337909917695,1.6363636363636365,1.0588235294117647,0.01436762163375651,0.0041621616388451705,5.980036360546332e-05,0.9999401996363946,True,80.82706308246138,1.2083389905040463,4.0199636394566696e-05,0.0,4.0199636394566696e-05,80.82706308246138,0.0,0.0,10,2,6
5,185,4,345.06021146242887,346.8004085486229,success,8,345.06021146242887,346.4705070917199,success,,0.9,0.006078983060155336,0.003520470843625412,1.5,1.05,0.009077027374935862,0.003689670760854295,3.349124250077486e-05,0.9999665087574993,True,72.57652959941709,1.4102956292910562,0.09996650875749924,0.0,0.09996650875749924,72.57652959941709,0.0,0.0,21,4,8
5,186,1,345.71124382810854,350.07168938099994,success,8,345.71124382810854,348.2205070917199,success,,0.9,0.017884757412575406,0.003520470843625412,3.5,1.75,0.060677727958286576,0.006141885013475875,0.0003726756279987664,0.9996273243720012,True,45.80282052771682,2.5092632636113876,0.09962732437200117,0.0,0.09962732437200117,45.80282052771682,0.0,0.0,6,1,8
5,187,5,345.9567514122578,347.0645807784154,success,7,345.9567514122578,346.68877204760975,success,,0.9999,0.00948197325705043,0.0047246048635579295,0.6666666666666666,0.5555555555555556,0.0063013780223381685,0.0026213387553864764,1.651804642229563e-05,0.9999834819535777,True,110.41252071594019,0.7320206353519438,8.348195357765764e-05,0.0,8.348195357765764e-05,110.41252071594019,0.0,0.0,23,5,7
5,188,2,350.6402446024525,,,6,350.6402446024525,351.5731966314131,success,,0.99,0.00884389935958758,0.0039391337909917695,1.1818181818181819,0.7647058823529411,0.010397449953348629,0.00300774642167082,3.1272892891685775e-05,0.9999687271071083,True,95.5748193772244,0.9329520289605853,0.009968727107108277,0.0,0.009968727107108277,95.5748193772244,0.0,0.0,10,2,6
5,189,2,351.7558729621826,354.2451716973522,success,3,351.7558729621826,354.21579823465913,success,,0.9,0.00884389935958758,0.011714959499321208,2.090909090909091,1.9166666666666667,0.01832186544173604,0.022203464863466596,0.00040680889556874903,0.9995931911044312,True,46.61662042179041,2.4599252724765392,0.09959319110443121,0.0,0.09959319110443121,46.61662042179041,0.0,0.0,7,2,3
5,190,3,353.5581740277898,355.8130918203195,success,7,353.5581740277898,354.98310103590336,success,,0.9999,0.011714959499321208,0.0047246048635579295,1.5833333333333333,1.0555555555555556,0.018377717710281846,0.004974668060088696,9.142304531066547e-05,0.9999085769546894,True,72.04104543132983,1.4249270081135705,8.576954689365479e-06,0.0,8.576954689365479e-06,72.04104543132983,0.0,0.0,16,3,7
5,191,4,353.6194952562966,355.58473369062,success,6,353.6194952562966,355.3209002540882,success,,0.9999,0.006078983060155336,0.0039391337909917695,1.7857142857142858,1.4705882352941178,0.01079662045005641,0.0057760976421593795,6.236233392486057e-05,0.9999376376660751,True,63.1514611624257,1.7014049977915988,3.763766607511876e-05,0.0,3.763766607511876e-05,63.1514611624257,0.0,0.0,19,4,6
5,192,5,354.0691631788011,355.71131972815516,success,7,354.0691631788011,355.7053232581256,success,,0.99,0.00948197325705043,0.0047246048635579295,0.8666666666666667,0.7222222222222222,0.008184037077669517,0.0034063996352381664,2.787810091614907e-05,0.9999721218990838,True,65.0606213972244,1.6361600793244975,0.009972121899083808,0.0,0.009972121899083808,65.0606213972244,0.0,0.0,23,5,7
5,193,2,359.8524811494943,360.94772641280764,success,8,359.8524811494943,360.6488104559087,success,,0.9,0.00884389935958758,0.003520470843625412,0.8181818181818182,0.45,0.0072098014352460936,0.0015829576783859174,1.141281054156061e-05,0.9999885871894585,True,105.15517686046682,0.7963293064144068,0.09998858718945847,0.0,0.09998858718945847,105.15517686046682,0.0,0.0,12,2,8
5,194,3,366.38999850278765,370.6831099421668,success,4,366.38999850278765,369.9566882977522,success,,0.9,0.011714959499321208,0.006078983060155336,3.8333333333333335,3.2857142857142856,0.04391393587498999,0.019775646605610316,0.0008684264769252349,0.9991315735230748,True,32.72505192753434,3.5666897949645318,0.09913157352307478,0.0,0.09913157352307478,32.72505192753434,0.0,0.0,13,3,4
5,195,4,366.96394808067146,,,7,366.96394808067146,368.6082162670554,success,,0.99,0.006078983060155336,0.0047246048635579295,1.9285714285714286,1.5,0.01165529763113592,0.007061854385316057,8.230801468860104e-05,0.9999176919853114,True,64.81765581664501,1.644268186383954,0.00991769198531145,0.0,0.00991769198531145,64.81765581664501,0.0,0.0,20,4,7
5,196,1,368.680878509994,373.87416839159795,success,8,368.680878509994,371.47584592119694,success,,0.999,0.017884757412575406,0.003520470843625412,4.4,2.2,0.07567628946348824,0.007715120347819947,0.0005838516806872704,0.9994161483193127,True,41.52358005973047,2.794967411202947,0.00041614831931269247,0.0,0.00041614831931269247,41.52358005973047,0.0,0.0,6,1,8
5,197,3,369.37929256887867,372.9331099421668,success,5,369.37929256887867,371.90365587606385,success,,0.999,0.011714959499321208,0.00948197325705043,2.25,1.8,0.026014301656990438,0.016922726309163385,0.00044023290706526473,0.9995597670929347,True,45.558520000093544,2.524363307185183,0.0005597670929347043,0.0,0.0005597670929347043,45.558520000093544,0.0,0.0,14,3,5
5,198,7,374.5524456251926,,,8,374.5524456251926,377.2907491364715,success,,0.9999,0.0047246048635579295,0.003520470843625412,2.5,2.25,0.011742030081011174,0.007889770475471231,9.264192225525702e-05,0.9999073580777448,True,42.31818273589965,2.7383035112789003,7.358077744767932e-06,0.0,7.358077744767932e-06,42.31818273589965,0.0,0.0,27,7,8
5,199,1,375.1316814414762,,,4,375.1316814414762,377.12088483555056,success,,0.9,0.017884757412575406,0.006078983060155336,2.2,1.5714285714285714,0.03858244735364241,0.009507205685403823,0.00036681126283734286,0.9996331887371627,True,55.81541787576754,1.9892033940743659,0.09963318873716265,0.0,0.09963318873716265,55.81541787576754,0.0,0.0,2,1,4
5,200,7,376.5680210376263,,,8,376.5680210376263,379.2907491364715,success,,0.9999,0.0047246048635579295,0.003520470843625412,2.2222222222222223,2.0,0.010444198522351978,0.007016212330686662,7.327871445666536e-05,0.9999267212855434,True,42.54100394043407,2.7227280988452094,2.672128554337405e-05,0.0,2.672128554337405e-05,42.54100394043407,0.0,0.0,27,7,8
