episode,task_id,state_id,split,dataset_index,max_backlog,load,requirement,safe_set_bin,safe_set_size,effective_set_size,action_index,selected_action,myopic_action,probability,q_h5,q_h10,q_h20,q_h50,legacy_q_h5,legacy_q_h10,legacy_q_h20,legacy_q_h50
177,1,ep177_task001,test,35200,0.0,low,0.99,16-28,28,28,0,9,5,0.008819740265607834,236.91410108634847,283.1093356797047,348.73094487374624,363.0955916334071,326.9482126935108,343.0547078664846,527.6666520937474,594.5485818152612
177,1,ep177_task001,test,35200,0.0,low,0.99,16-28,28,28,1,9,5,0.009224295616149902,231.47363453846603,277.6688691318223,343.2904783258638,357.65512508552473,321.5077461456284,337.6142413186022,522.226185545865,589.1081152673787
177,1,ep177_task001,test,35200,0.0,low,0.99,16-28,28,28,2,9,5,0.013307584449648857,249.5493549007111,295.7445894940673,361.36619868810885,375.7308454477698,339.5834665078735,355.68996168084726,540.30190590811,607.1838356296238
177,1,ep177_task001,test,35200,0.0,low,0.99,16-28,28,28,3,9,5,0.011946271173655987,226.53123644192945,272.72647103528567,338.3480802293272,352.7127269889881,316.5653480490918,332.6718432220656,517.2837874493284,584.1657171708422
177,1,ep177_task001,test,35200,0.0,low,0.99,16-28,28,28,4,9,5,0.015284745953977108,248.2218910543318,294.417125647688,360.03873484172954,374.40338160139044,338.25600266149416,354.36249783446794,538.9744420617308,605.8563717832445
177,1,ep177_task001,test,35200,0.0,low,0.99,16-28,28,28,5,9,5,0.02107071503996849,261.0202003545416,307.21543494789785,372.8370441419393,387.2016909016002,351.054311961704,367.1608071346778,551.7727513619405,618.6546810834543
177,1,ep177_task001,test,35200,0.0,low,0.99,16-28,28,28,6,9,5,0.017948832362890244,246.96287252446757,293.1581071178238,358.7797163118653,373.14436307152624,336.9969841316299,353.1034793046037,537.7154235318665,604.5973532533802
177,1,ep177_task001,test,35200,0.0,low,0.99,16-28,28,28,7,9,5,0.013798289932310581,236.91410108634847,283.1093356797047,348.73094487374624,363.0955916334071,326.9482126935108,343.0547078664846,527.6666520937474,594.5485818152612
177,1,ep177_task001,test,35200,0.0,low,0.99,16-28,28,28,8,9,5,0.025107216089963913,249.5493549007111,295.7445894940673,361.36619868810885,375.7308454477698,339.5834665078735,355.68996168084726,540.30190590811,607.1838356296238
177,1,ep177_task001,test,35200,0.0,low,0.99,16-28,28,28,9,9,5,0.016073886305093765,236.91410108634847,283.1093356797047,348.73094487374624,363.0955916334071,326.9482126935108,343.0547078664846,527.6666520937474,594.5485818152612
177,1,ep177_task001,test,35200,0.0,low,0.99,16-28,28,28,10,9,5,0.02687707170844078,248.2218910543318,294.417125647688,360.03873484172954,374.40338160139044,338.25600266149416,354.36249783446794,538.9744420617308,605.8563717832445
177,1,ep177_task001,test,35200,0.0,low,0.99,16-28,28,28,11,9,5,0.03516850993037224,261.0202003545416,307.21543494789785,372.8370441419393,387.2016909016002,351.054311961704,367.1608071346778,551.7727513619405,618.6546810834543
177,1,ep177_task001,test,35200,0.0,low,0.99,16-28,28,28,12,9,5,0.031026581302285194,246.96287252446757,293.1581071178238,358.7797163118653,373.14436307152624,336.9969841316299,353.1034793046037,537.7154235318665,604.5973532533802
177,1,ep177_task001,test,35200,0.0,low,0.99,16-28,28,28,13,9,5,0.02442224510014057,249.5493549007111,295.7445894940673,361.36619868810885,375.7308454477698,339.5834665078735,355.68996168084726,540.30190590811,607.1838356296238
177,1,ep177_task001,test,35200,0.0,low,0.99,16-28,28,28,14,9,5,0.01864354871213436,231.47363453846603,277.6688691318223,343.2904783258638,357.65512508552473,321.5077461456284,337.6142413186022,522.226185545865,589.1081152673787
177,1,ep177_task001,test,35200,0.0,low,0.99,16-28,28,28,15,9,5,0.0267647635191679,248.2218910543318,294.417125647688,360.03873484172954,374.40338160139044,338.25600266149416,354.36249783446794,538.9744420617308,605.8563717832445
177,1,ep177_task001,test,35200,0.0,low,0.99,16-28,28,28,16,9,5,0.037738148123025894,261.0202003545416,307.21543494789785,372.8370441419393,387.2016909016002,351.054311961704,367.1608071346778,551.7727513619405,618.6546810834543
177,1,ep177_task001,test,35200,0.0,low,0.99,16-28,28,28,17,9,5,0.03122454695403576,246.96287252446757,293.1581071178238,358.7797163118653,373.14436307152624,336.9969841316299,353.1034793046037,537.7154235318665,604.5973532533802
177,1,ep177_task001,test,35200,0.0,low,0.99,16-28,28,28,18,9,5,0.031890273094177246,249.5493549007111,295.7445894940673,361.36619868810885,375.7308454477698,339.5834665078735,355.68996168084726,540.30190590811,607.1838356296238
177,1,ep177_task001,test,35200,0.0,low,0.99,16-28,28,28,19,9,5,0.05174010619521141,249.5493549007111,295.7445894940673,361.36619868810885,375.7308454477698,339.5834665078735,355.68996168084726,540.30190590811,607.1838356296238
177,1,ep177_task001,test,35200,0.0,low,0.99,16-28,28,28,20,9,5,0.07362302392721176,261.0202003545416,307.21543494789785,372.8370441419393,387.2016909016002,351.054311961704,367.1608071346778,551.7727513619405,618.6546810834543
177,1,ep177_task001,test,35200,0.0,low,0.99,16-28,28,28,21,9,5,0.05704217031598091,249.5493549007111,295.7445894940673,361.36619868810885,375.7308454477698,339.5834665078735,355.68996168084726,540.30190590811,607.1838356296238
177,1,ep177_task001,test,35200,0.0,low,0.99,16-28,28,28,22,9,5,0.04023901745676994,248.2218910543318,294.417125647688,360.03873484172954,374.40338160139044,338.25600266149416,354.36249783446794,538.9744420617308,605.8563717832445
177,1,ep177_task001,test,35200,0.0,low,0.99,16-28,28,28,23,9,5,0.055042117834091187,261.0202003545416,307.21543494789785,372.8370441419393,387.2016909016002,351.054311961704,367.1608071346778,551.7727513619405,618.6546810834543
177,1,ep177_task001,test,35200,0.0,low,0.99,16-28,28,28,24,9,5,0.04557676985859871,246.96287252446757,293.1581071178238,358.7797163118653,373.14436307152624,336.9969841316299,353.1034793046037,537.7154235318665,604.5973532533802
177,1,ep177_task001,test,35200,0.0,low,0.99,16-28,28,28,25,9,5,0.08753500133752823,261.0202003545416,307.21543494789785,372.8370441419393,387.2016909016002,351.054311961704,367.1608071346778,551.7727513619405,618.6546810834543
177,1,ep177_task001,test,35200,0.0,low,0.99,16-28,28,28,26,9,5,0.08042433112859726,248.2218910543318,294.417125647688,360.03873484172954,374.40338160139044,338.25600266149416,354.36249783446794,538.9744420617308,605.8563717832445
177,1,ep177_task001,test,35200,0.0,low,0.99,16-28,28,28,27,9,5,0.09244013577699661,261.0202003545416,307.21543494789785,372.8370441419393,387.2016909016002,351.054311961704,367.1608071346778,551.7727513619405,618.6546810834543
177,13,ep177_task013,test,35212,2.6575699803418167,high,0.999,16-28,28,28,0,20,6,0.008896665647625923,350.4601482705563,418.7246983094747,498.0701433549565,503.95063407370736,413.3124840900709,450.0522462270474,597.736351869642,681.3995345688162
177,13,ep177_task013,test,35212,2.6575699803418167,high,0.999,16-28,28,28,1,20,6,0.009267139248549938,350.4601482705563,418.7246983094747,498.0701433549565,503.95063407370736,413.3124840900709,450.0522462270474,597.736351869642,681.3995345688162
177,13,ep177_task013,test,35212,2.6575699803418167,high,0.999,16-28,28,28,2,20,6,0.014835024252533913,371.41863792923306,439.68318796815146,519.0286330136332,524.909123732384,435.0526343768581,471.79239651383466,619.4765021564293,703.1396848556034
177,13,ep177_task013,test,35212,2.6575699803418167,high,0.999,16-28,28,28,3,20,6,0.011883002705872059,350.4601482705563,418.7246983094747,498.0701433549565,503.95063407370736,413.3124840900709,450.0522462270474,597.736351869642,681.3995345688162
177,13,ep177_task013,test,35212,2.6575699803418167,high,0.999,16-28,28,28,4,20,6,0.014927086420357227,350.4601482705563,418.7246983094747,498.0701433549565,503.95063407370736,413.3124840900709,450.0522462270474,597.736351869642,681.3995345688162
177,13,ep177_task013,test,35212,2.6575699803418167,high,0.999,16-28,28,28,5,20,6,0.02012552320957184,350.4601482705563,418.7246983094747,498.0701433549565,503.95063407370736,413.3124840900709,450.0522462270474,597.736351869642,681.3995345688162
177,13,ep177_task013,test,35212,2.6575699803418167,high,0.999,16-28,28,28,6,20,6,0.020086269825696945,353.8399555298466,422.104505568765,501.44995061424675,507.33044133299757,414.0315183934533,450.77128053042986,598.4553861730245,682.1185688721986
177,13,ep177_task013,test,35212,2.6575699803418167,high,0.999,16-28,28,28,7,20,6,0.014111273922026157,331.03246670471526,399.29701674363366,478.64246178911543,484.52295250786625,399.1497042285727,435.88946636554925,583.573572008144,667.236754707318
177,13,ep177_task013,test,35212,2.6575699803418167,high,0.999,16-28,28,28,8,20,6,0.024757415056228638,371.41863792923306,439.68318796815146,519.0286330136332,524.909123732384,435.0526343768581,471.79239651383466,619.4765021564293,703.1396848556034
177,13,ep177_task013,test,35212,2.6575699803418167,high,0.999,16-28,28,28,9,20,6,0.016306627541780472,333.81250930995617,402.07705934887457,481.42250439435634,487.3029951131072,401.17635528779334,437.9161174247699,585.6002230673645,669.2634057665385
177,13,ep177_task013,test,35212,2.6575699803418167,high,0.999,16-28,28,28,10,20,6,0.02685672603547573,331.0843290176088,399.3488790565272,478.694324102009,484.57481482075985,399.1875118546721,435.92727399164863,583.6113796342433,667.2745623334175
177,13,ep177_task013,test,35212,2.6575699803418167,high,0.999,16-28,28,28,11,20,6,0.034534208476543427,329.4853551640939,397.7499052030123,477.09535024849407,482.97584096724495,398.02185991545974,434.7616220524363,582.445727695031,666.108910394205
177,13,ep177_task013,test,35212,2.6575699803418167,high,0.999,16-28,28,28,12,20,6,0.03070591576397419,353.8399555298466,422.104505568765,501.44995061424675,507.33044133299757,414.0315183934533,450.77128053042986,598.4553861730245,682.1185688721986
177,13,ep177_task013,test,35212,2.6575699803418167,high,0.999,16-28,28,28,13,20,6,0.024044718593358994,371.41863792923306,439.68318796815146,519.0286330136332,524.909123732384,435.0526343768581,471.79239651383466,619.4765021564293,703.1396848556034
177,13,ep177_task013,test,35212,2.6575699803418167,high,0.999,16-28,28,28,14,20,6,0.018869632855057716,333.81250930995617,402.07705934887457,481.42250439435634,487.3029951131072,401.17635528779334,437.9161174247699,585.6002230673645,669.2634057665385
177,13,ep177_task013,test,35212,2.6575699803418167,high,0.999,16-28,28,28,15,20,6,0.026660826057195663,331.0843290176088,399.3488790565272,478.694324102009,484.57481482075985,399.1875118546721,435.92727399164863,583.6113796342433,667.2745623334175
177,13,ep177_task013,test,35212,2.6575699803418167,high,0.999,16-28,28,28,16,20,6,0.037012603133916855,331.03246670471526,399.29701674363366,478.64246178911543,484.52295250786625,399.1497042285727,435.88946636554925,583.573572008144,667.236754707318
177,13,ep177_task013,test,35212,2.6575699803418167,high,0.999,16-28,28,28,17,20,6,0.030891364440321922,353.8399555298466,422.104505568765,501.44995061424675,507.33044133299757,414.0315183934533,450.77128053042986,598.4553861730245,682.1185688721986
177,13,ep177_task013,test,35212,2.6575699803418167,high,0.999,16-28,28,28,18,20,6,0.03132760524749756,371.41863792923306,439.68318796815146,519.0286330136332,524.909123732384,435.0526343768581,471.79239651383466,619.4765021564293,703.1396848556034
177,13,ep177_task013,test,35212,2.6575699803418167,high,0.999,16-28,28,28,19,20,6,0.050570785999298096,371.41863792923306,439.68318796815146,519.0286330136332,524.909123732384,435.0526343768581,471.79239651383466,619.4765021564293,703.1396848556034
177,13,ep177_task013,test,35212,2.6575699803418167,high,0.999,16-28,28,28,20,20,6,0.0718386322259903,371.41863792923306,439.68318796815146,519.0286330136332,524.909123732384,435.0526343768581,471.79239651383466,619.4765021564293,703.1396848556034
177,13,ep177_task013,test,35212,2.6575699803418167,high,0.999,16-28,28,28,21,20,6,0.06371061503887177,353.8399555298466,422.104505568765,501.44995061424675,507.33044133299757,414.0315183934533,450.77128053042986,598.4553861730245,682.1185688721986
177,13,ep177_task013,test,35212,2.6575699803418167,high,0.999,16-28,28,28,22,20,6,0.04009084403514862,333.81250930995617,402.07705934887457,481.42250439435634,487.3029951131072,401.17635528779334,437.9161174247699,585.6002230673645,669.2634057665385
177,13,ep177_task013,test,35212,2.6575699803418167,high,0.999,16-28,28,28,23,20,6,0.05438757315278053,333.81250930995617,402.07705934887457,481.42250439435634,487.3029951131072,401.17635528779334,437.9161174247699,585.6002230673645,669.2634057665385
177,13,ep177_task013,test,35212,2.6575699803418167,high,0.999,16-28,28,28,24,20,6,0.04490438103675842,353.8399555298466,422.104505568765,501.44995061424675,507.33044133299757,414.0315183934533,450.77128053042986,598.4553861730245,682.1185688721986
177,13,ep177_task013,test,35212,2.6575699803418167,high,0.999,16-28,28,28,25,20,6,0.08826155960559845,331.0843290176088,399.3488790565272,478.694324102009,484.57481482075985,399.1875118546721,435.92727399164863,583.6113796342433,667.2745623334175
177,13,ep177_task013,test,35212,2.6575699803418167,high,0.999,16-28,28,28,26,20,6,0.07985848933458328,353.8399555298466,422.104505568765,501.44995061424675,507.33044133299757,414.0315183934533,450.77128053042986,598.4553861730245,682.1185688721986
177,13,ep177_task013,test,35212,2.6575699803418167,high,0.999,16-28,28,28,27,20,6,0.09027744829654694,353.8399555298466,422.104505568765,501.44995061424675,507.33044133299757,414.0315183934533,450.77128053042986,598.4553861730245,682.1185688721986
177,26,ep177_task026,test,35225,4.582410512858578,high,0.9999,16-28,19,19,4,21,11,0.01915367878973484,175.59864359470387,218.23847435834233,234.5189343502476,236.29311546037312,191.5330777524309,364.48261335330926,552.8972176557106,622.1114764922581
177,26,ep177_task026,test,35225,4.582410512858578,high,0.9999,16-28,19,19,6,21,11,0.022338436916470528,177.5211325510071,220.16096331464556,236.44142330655086,238.2156044166763,193.2633178131038,366.2128534139822,554.6274577163836,623.8417165529311
177,26,ep177_task026,test,35225,4.582410512858578,high,0.9999,16-28,19,19,10,21,11,0.032874222844839096,175.59864359470387,218.23847435834233,234.5189343502476,236.29311546037312,191.5330777524309,364.48261335330926,552.8972176557106,622.1114764922581
177,26,ep177_task026,test,35225,4.582410512858578,high,0.9999,16-28,19,19,11,21,11,0.04160190001130104,183.53665409818873,226.1764848618272,242.45694485373247,244.23112596385798,198.67728720556727,371.6268228064456,560.041427108847,629.2556859453945
177,26,ep177_task026,test,35225,4.582410512858578,high,0.9999,16-28,19,19,12,21,11,0.03786252439022064,177.5211325510071,220.16096331464556,236.44142330655086,238.2156044166763,193.2633178131038,366.2128534139822,554.6274577163836,623.8417165529311
177,26,ep177_task026,test,35225,4.582410512858578,high,0.9999,16-28,19,19,13,21,11,0.03007819503545761,172.7542582985885,215.39408906222695,231.67454905413226,233.44873016425774,188.97313098592707,361.92266658680546,550.3372708892068,619.5515297257543
177,26,ep177_task026,test,35225,4.582410512858578,high,0.9999,16-28,19,19,15,21,11,0.03262223303318024,175.59864359470387,218.23847435834233,234.5189343502476,236.29311546037312,191.5330777524309,364.48261335330926,552.8972176557106,622.1114764922581
177,26,ep177_task026,test,35225,4.582410512858578,high,0.9999,16-28,19,19,16,21,11,0.045095596462488174,183.53665409818873,226.1764848618272,242.45694485373247,244.23112596385798,198.67728720556727,371.6268228064456,560.041427108847,629.2556859453945
177,26,ep177_task026,test,35225,4.582410512858578,high,0.9999,16-28,19,19,17,21,11,0.03777134418487549,177.5211325510071,220.16096331464556,236.44142330655086,238.2156044166763,193.2633178131038,366.2128534139822,554.6274577163836,623.8417165529311
177,26,ep177_task026,test,35225,4.582410512858578,high,0.9999,16-28,19,19,18,21,11,0.03202288970351219,171.97502568239622,214.61485644603468,230.89531643793998,232.6694975480655,188.20026365418374,361.14979925506213,549.5644035574635,618.778662394011
177,26,ep177_task026,test,35225,4.582410512858578,high,0.9999,16-28,19,19,19,21,11,0.0627061128616333,175.59864359470387,218.23847435834233,234.5189343502476,236.29311546037312,191.5330777524309,364.48261335330926,552.8972176557106,622.1114764922581
177,26,ep177_task026,test,35225,4.582410512858578,high,0.9999,16-28,19,19,20,21,11,0.08592499047517776,183.53665409818873,226.1764848618272,242.45694485373247,244.23112596385798,198.67728720556727,371.6268228064456,560.041427108847,629.2556859453945
177,26,ep177_task026,test,35225,4.582410512858578,high,0.9999,16-28,19,19,21,21,11,0.06907358765602112,177.5211325510071,220.16096331464556,236.44142330655086,238.2156044166763,193.2633178131038,366.2128534139822,554.6274577163836,623.8417165529311
177,26,ep177_task026,test,35225,4.582410512858578,high,0.9999,16-28,19,19,22,21,11,0.04011420160531998,174.8194109785116,217.45924174215006,233.73970173405536,235.5138828441808,190.76021042068757,363.70974602156593,552.1243503239673,621.3386091605148
177,26,ep177_task026,test,35225,4.582410512858578,high,0.9999,16-28,19,19,23,21,11,0.05576912313699722,182.75742148199646,225.39725224563492,241.6777122375402,243.45189334766567,197.90441987382394,370.8539554747023,559.2685597771036,628.4828186136511
177,26,ep177_task026,test,35225,4.582410512858578,high,0.9999,16-28,19,19,24,21,11,0.04544347897171974,176.74189993481482,219.38173069845328,235.66219069035856,237.43637180048407,192.49045048136048,365.4399860822389,553.8545903846402,623.0688492211877
177,26,ep177_task026,test,35225,4.582410512858578,high,0.9999,16-28,19,19,25,21,11,0.10336626321077347,183.53665409818873,226.1764848618272,242.45694485373247,244.23112596385798,198.67728720556727,371.6268228064456,560.041427108847,629.2556859453945
177,26,ep177_task026,test,35225,4.582410512858578,high,0.9999,16-28,19,19,26,21,11,0.09688443690538406,177.5211325510071,220.16096331464556,236.44142330655086,238.2156044166763,193.2633178131038,366.2128534139822,554.6274577163836,623.8417165529311
177,26,ep177_task026,test,35225,4.582410512858578,high,0.9999,16-28,19,19,27,21,11,0.1092967540025711,183.53665409818873,226.1764848618272,242.45694485373247,244.23112596385798,198.67728720556727,371.6268228064456,560.041427108847,629.2556859453945
177,38,ep177_task038,test,35237,0.0,low,0.99,16-28,28,28,0,26,5,0.008769957348704338,246.8823837429602,329.3128434389687,376.0103289668625,381.1796261138529,245.6744142284333,417.1739091882035,592.7177888489766,670.1624629364546
177,38,ep177_task038,test,35237,0.0,low,0.99,16-28,28,28,1,26,5,0.009159996174275875,246.02267470968374,328.45313440569225,375.1506199335861,380.3199170805765,244.90067609848447,416.4001710582546,591.9440507190278,669.3887248065058
177,38,ep177_task038,test,35237,0.0,low,0.99,16-28,28,28,2,26,5,0.013214568607509136,258.2363665968249,340.6668262928334,387.36431182072727,392.53360896771767,255.8929987969115,427.3924937566817,602.936373417455,680.381047504933
177,38,ep177_task038,test,35237,0.0,low,0.99,16-28,28,28,3,26,5,0.011857936158776283,247.2298105945305,329.660270290539,376.35775581843285,381.5270529654233,245.98709839484658,417.48659335461673,593.0304730153899,670.4751471028679
177,38,ep177_task038,test,35237,0.0,low,0.99,16-28,28,28,4,26,5,0.015204248018562794,261.86604885394746,344.29650854995594,390.99399407784983,396.16329122484024,259.15971282832186,430.65920778809203,606.2030874488653,683.6477615363433
177,38,ep177_task038,test,35237,0.0,low,0.99,16-28,28,28,5,26,5,0.02099272422492504,269.82267825133437,352.25313794734285,398.95062347523674,404.11992062222714,266.3206792859701,437.82017424574025,613.3640539065135,690.8087279939915
177,38,ep177_task038,test,35237,0.0,low,0.99,16-28,28,28,6,26,5,0.017916273325681686,264.4130782495986,346.84353794560707,393.5410234735009,398.7103206204913,261.4520392844079,432.95153424417805,608.4954139049513,685.9400879924293
177,38,ep177_task038,test,35237,0.0,low,0.99,16-28,28,28,7,26,5,0.013683073222637177,246.8823837429602,329.3128434389687,376.0103289668625,381.1796261138529,245.6744142284333,417.1739091882035,592.7177888489766,670.1624629364546
177,38,ep177_task038,test,35237,0.0,low,0.99,16-28,28,28,8,26,5,0.024933740496635437,258.2363665968249,340.6668262928334,387.36431182072727,392.53360896771767,255.8929987969115,427.3924937566817,602.936373417455,680.381047504933
177,38,ep177_task038,test,35237,0.0,low,0.99,16-28,28,28,9,26,5,0.01594654843211174,247.2298105945305,329.660270290539,376.35775581843285,381.5270529654233,245.98709839484658,417.48659335461673,593.0304730153899,670.4751471028679
177,38,ep177_task038,test,35237,0.0,low,0.99,16-28,28,28,10,26,5,0.02676229551434517,261.86604885394746,344.29650854995594,390.99399407784983,396.16329122484024,259.15971282832186,430.65920778809203,606.2030874488653,683.6477615363433
177,38,ep177_task038,test,35237,0.0,low,0.99,16-28,28,28,11,26,5,0.03510776907205582,269.82267825133437,352.25313794734285,398.95062347523674,404.11992062222714,266.3206792859701,437.82017424574025,613.3640539065135,690.8087279939915
177,38,ep177_task038,test,35237,0.0,low,0.99,16-28,28,28,12,26,5,0.03100125677883625,264.4130782495986,346.84353794560707,393.5410234735009,398.7103206204913,261.4520392844079,432.95153424417805,608.4954139049513,685.9400879924293
177,38,ep177_task038,test,35237,0.0,low,0.99,16-28,28,28,13,26,5,0.02423427253961563,258.2363665968249,340.6668262928334,387.36431182072727,392.53360896771767,255.8929987969115,427.3924937566817,602.936373417455,680.381047504933
177,38,ep177_task038,test,35237,0.0,low,0.99,16-28,28,28,14,26,5,0.01848217472434044,247.2298105945305,329.660270290539,376.35775581843285,381.5270529654233,245.98709839484658,417.48659335461673,593.0304730153899,670.4751471028679
177,38,ep177_task038,test,35237,0.0,low,0.99,16-28,28,28,15,26,5,0.026608049869537354,261.86604885394746,344.29650854995594,390.99399407784983,396.16329122484024,259.15971282832186,430.65920778809203,606.2030874488653,683.6477615363433
177,38,ep177_task038,test,35237,0.0,low,0.99,16-28,28,28,16,26,5,0.037641484290361404,269.82267825133437,352.25313794734285,398.95062347523674,404.11992062222714,266.3206792859701,437.82017424574025,613.3640539065135,690.8087279939915
177,38,ep177_task038,test,35237,0.0,low,0.99,16-28,28,28,17,26,5,0.031160829588770866,264.4130782495986,346.84353794560707,393.5410234735009,398.7103206204913,261.4520392844079,432.95153424417805,608.4954139049513,685.9400879924293
177,38,ep177_task038,test,35237,0.0,low,0.99,16-28,28,28,18,26,5,0.03169112652540207,258.2363665968249,340.6668262928334,387.36431182072727,392.53360896771767,255.8929987969115,427.3924937566817,602.936373417455,680.381047504933
177,38,ep177_task038,test,35237,0.0,low,0.99,16-28,28,28,19,26,5,0.0516994446516037,261.86604885394746,344.29650854995594,390.99399407784983,396.16329122484024,259.15971282832186,430.65920778809203,606.2030874488653,683.6477615363433
177,38,ep177_task038,test,35237,0.0,low,0.99,16-28,28,28,20,26,5,0.07402906566858292,269.82267825133437,352.25313794734285,398.95062347523674,404.11992062222714,266.3206792859701,437.82017424574025,613.3640539065135,690.8087279939915
177,38,ep177_task038,test,35237,0.0,low,0.99,16-28,28,28,21,26,5,0.05715123936533928,264.4130782495986,346.84353794560707,393.5410234735009,398.7103206204913,261.4520392844079,432.95153424417805,608.4954139049513,685.9400879924293
177,38,ep177_task038,test,35237,0.0,low,0.99,16-28,28,28,22,26,5,0.040070727467536926,261.86604885394746,344.29650854995594,390.99399407784983,396.16329122484024,259.15971282832186,430.65920778809203,606.2030874488653,683.6477615363433
177,38,ep177_task038,test,35237,0.0,low,0.99,16-28,28,28,23,26,5,0.05505003407597542,269.82267825133437,352.25313794734285,398.95062347523674,404.11992062222714,266.3206792859701,437.82017424574025,613.3640539065135,690.8087279939915
177,38,ep177_task038,test,35237,0.0,low,0.99,16-28,28,28,24,26,5,0.045504212379455566,264.4130782495986,346.84353794560707,393.5410234735009,398.7103206204913,261.4520392844079,432.95153424417805,608.4954139049513,685.9400879924293
177,38,ep177_task038,test,35237,0.0,low,0.99,16-28,28,28,25,26,5,0.08810658007860184,269.82267825133437,352.25313794734285,398.95062347523674,404.11992062222714,266.3206792859701,437.82017424574025,613.3640539065135,690.8087279939915
177,38,ep177_task038,test,35237,0.0,low,0.99,16-28,28,28,26,26,5,0.0809553787112236,264.4130782495986,346.84353794560707,393.5410234735009,398.7103206204913,261.4520392844079,432.95153424417805,608.4954139049513,685.9400879924293
177,38,ep177_task038,test,35237,0.0,low,0.99,16-28,28,28,27,26,5,0.09306494891643524,269.82267825133437,352.25313794734285,398.95062347523674,404.11992062222714,266.3206792859701,437.82017424574025,613.3640539065135,690.8087279939915
177,51,ep177_task051,test,35250,0.0,low,0.999,16-28,28,28,0,22,5,0.008983157575130463,258.3860240969231,334.10709198864794,365.56049671813344,367.52168027085156,235.66652500336065,442.3145131630582,599.6193807452678,682.3948298292597
177,51,ep177_task051,test,35250,0.0,low,0.999,16-28,28,28,1,22,5,0.009370632469654083,258.4485918758217,334.16965976754653,365.62306449703203,367.5842480497502,235.7228360043694,442.370824164067,599.6756917462766,682.4511408302685
177,51,ep177_task051,test,35250,0.0,low,0.999,16-28,28,28,2,22,5,0.013450856320559978,268.0156545011297,343.7367223928545,375.19012712234,377.15131067505814,249.6268446890533,456.2748328487509,613.5797004309604,696.3551495149524
177,51,ep177_task051,test,35250,0.0,low,0.999,16-28,28,28,3,22,5,0.012074022553861141,260.77710839155776,336.4981762832826,367.9515810127681,369.91276456548627,237.81850086853186,444.46648902822943,601.7713566104389,684.5468056944309
177,51,ep177_task051,test,35250,0.0,low,0.999,16-28,28,28,4,22,5,0.01540561392903328,272.1559279874454,347.87699587917024,379.33040060865574,381.2915841613739,253.76711817536903,460.41510633506664,617.7199739172762,700.4954230012681
177,51,ep177_task051,test,35250,0.0,low,0.999,16-28,28,28,5,22,5,0.021274957805871964,278.2813443084395,354.0024122001643,385.45581692964987,387.417000482368,259.8925344963631,466.5405226560607,623.8453902382703,706.6208393222622
177,51,ep177_task051,test,35250,0.0,low,0.999,16-28,28,28,6,22,5,0.01808428205549717,275.2569072417994,350.97797513352424,382.4313798630098,384.3925634157279,256.8680974297231,463.5160855894207,620.8209531716302,703.5964022556221
177,51,ep177_task051,test,35250,0.0,low,0.999,16-28,28,28,7,22,5,0.013895292766392231,258.4485918758217,334.16965976754653,365.62306449703203,367.5842480497502,235.7228360043694,442.370824164067,599.6756917462766,682.4511408302685
177,51,ep177_task051,test,35250,0.0,low,0.999,16-28,28,28,8,22,5,0.024994926527142525,268.0156545011297,343.7367223928545,375.19012712234,377.15131067505814,249.6268446890533,456.2748328487509,613.5797004309604,696.3551495149524
177,51,ep177_task051,test,35250,0.0,low,0.999,16-28,28,28,9,22,5,0.016179803758859634,260.77710839155776,336.4981762832826,367.9515810127681,369.91276456548627,237.81850086853186,444.46648902822943,601.7713566104389,684.5468056944309
177,51,ep177_task051,test,35250,0.0,low,0.999,16-28,28,28,10,22,5,0.026756957173347473,272.1559279874454,347.87699587917024,379.33040060865574,381.2915841613739,253.76711817536903,460.41510633506664,617.7199739172762,700.4954230012681
177,51,ep177_task051,test,35250,0.0,low,0.999,16-28,28,28,11,22,5,0.03507058694958687,278.2813443084395,354.0024122001643,385.45581692964987,387.417000482368,259.8925344963631,466.5405226560607,623.8453902382703,706.6208393222622
177,51,ep177_task051,test,35250,0.0,low,0.999,16-28,28,28,12,22,5,0.03099493682384491,275.2569072417994,350.97797513352424,382.4313798630098,384.3925634157279,256.8680974297231,463.5160855894207,620.8209531716302,703.5964022556221
177,51,ep177_task051,test,35250,0.0,low,0.999,16-28,28,28,13,22,5,0.024428123608231544,268.0156545011297,343.7367223928545,375.19012712234,377.15131067505814,249.6268446890533,456.2748328487509,613.5797004309604,696.3551495149524
177,51,ep177_task051,test,35250,0.0,low,0.999,16-28,28,28,14,22,5,0.01869467832148075,260.77710839155776,336.4981762832826,367.9515810127681,369.91276456548627,237.81850086853186,444.46648902822943,601.7713566104389,684.5468056944309
177,51,ep177_task051,test,35250,0.0,low,0.999,16-28,28,28,15,22,5,0.02668181248009205,272.1559279874454,347.87699587917024,379.33040060865574,381.2915841613739,253.76711817536903,460.41510633506664,617.7199739172762,700.4954230012681
177,51,ep177_task051,test,35250,0.0,low,0.999,16-28,28,28,16,22,5,0.03780979663133621,278.2813443084395,354.0024122001643,385.45581692964987,387.417000482368,259.8925344963631,466.5405226560607,623.8453902382703,706.6208393222622
177,51,ep177_task051,test,35250,0.0,low,0.999,16-28,28,28,17,22,5,0.031116381287574768,275.2569072417994,350.97797513352424,382.4313798630098,384.3925634157279,256.8680974297231,463.5160855894207,620.8209531716302,703.5964022556221
177,51,ep177_task051,test,35250,0.0,low,0.999,16-28,28,28,18,22,5,0.03194462135434151,268.0156545011297,343.7367223928545,375.19012712234,377.15131067505814,249.6268446890533,456.2748328487509,613.5797004309604,696.3551495149524
177,51,ep177_task051,test,35250,0.0,low,0.999,16-28,28,28,19,22,5,0.05139778181910515,272.1559279874454,347.87699587917024,379.33040060865574,381.2915841613739,253.76711817536903,460.41510633506664,617.7199739172762,700.4954230012681
177,51,ep177_task051,test,35250,0.0,low,0.999,16-28,28,28,20,22,5,0.07311071455478668,278.2813443084395,354.0024122001643,385.45581692964987,387.417000482368,259.8925344963631,466.5405226560607,623.8453902382703,706.6208393222622
177,51,ep177_task051,test,35250,0.0,low,0.999,16-28,28,28,21,22,5,0.056892164051532745,275.2569072417994,350.97797513352424,382.4313798630098,384.3925634157279,256.8680974297231,463.5160855894207,620.8209531716302,703.5964022556221
177,51,ep177_task051,test,35250,0.0,low,0.999,16-28,28,28,22,22,5,0.0401419997215271,272.1559279874454,347.87699587917024,379.33040060865574,381.2915841613739,253.76711817536903,460.41510633506664,617.7199739172762,700.4954230012681
177,51,ep177_task051,test,35250,0.0,low,0.999,16-28,28,28,23,22,5,0.05538344383239746,278.2813443084395,354.0024122001643,385.45581692964987,387.417000482368,259.8925344963631,466.5405226560607,623.8453902382703,706.6208393222622
177,51,ep177_task051,test,35250,0.0,low,0.999,16-28,28,28,24,22,5,0.04539687931537628,275.2569072417994,350.97797513352424,382.4313798630098,384.3925634157279,256.8680974297231,463.5160855894207,620.8209531716302,703.5964022556221
177,51,ep177_task051,test,35250,0.0,low,0.999,16-28,28,28,25,22,5,0.08757932484149933,278.2813443084395,354.0024122001643,385.45581692964987,387.417000482368,259.8925344963631,466.5405226560607,623.8453902382703,706.6208393222622
177,51,ep177_task051,test,35250,0.0,low,0.999,16-28,28,28,26,22,5,0.08018200099468231,275.2569072417994,350.97797513352424,382.4313798630098,384.3925634157279,256.8680974297231,463.5160855894207,620.8209531716302,703.5964022556221
177,51,ep177_task051,test,35250,0.0,low,0.999,16-28,28,28,27,22,5,0.09270422160625458,278.2813443084395,354.0024122001643,385.45581692964987,387.417000482368,259.8925344963631,466.5405226560607,623.8453902382703,706.6208393222622
177,63,ep177_task063,test,35262,0.0,low,0.999,16-28,28,28,0,25,5,0.008874818682670593,273.99233905150294,306.41388652068815,325.13803478134355,327.68410514597844,319.28252905499085,486.94640344204913,618.1597984460452,699.979776976694
177,63,ep177_task063,test,35262,0.0,low,0.999,16-28,28,28,1,25,5,0.009252872318029404,273.6060766516404,306.02762412082564,324.7517723814811,327.297842746116,318.89626665512833,486.5601410421866,617.7735360461827,699.5935145768315
177,63,ep177_task063,test,35262,0.0,low,0.999,16-28,28,28,2,25,5,0.013241392560303211,286.84299028505393,319.26453775423914,337.98868601489454,340.5347563795295,332.1331802885419,499.7970546756002,631.0104496795963,712.830428210245
177,63,ep177_task063,test,35262,0.0,low,0.999,16-28,28,28,3,25,5,0.011933181434869766,275.95959774911825,308.38114521830346,327.1052934789589,329.6513638435938,321.24978775260615,488.91366213966444,620.1270571436605,701.9470356743093
177,63,ep177_task063,test,35262,0.0,low,0.999,16-28,28,28,4,25,5,0.015211214311420918,291.6431636769535,324.06471114613873,342.7888594067942,345.3349297714291,336.9333536804414,504.5972280674997,635.8106230714958,717.6306016021446
177,63,ep177_task063,test,35262,0.0,low,0.999,16-28,28,28,5,25,5,0.020876113325357437,299.9332608109133,332.3548082800985,351.07895654075395,353.6250269053888,345.2234508144012,512.8873252014595,644.1007202054556,725.9206987361043
177,63,ep177_task063,test,35262,0.0,low,0.999,16-28,28,28,6,25,5,0.017926063388586044,295.1145152311002,327.5360627002854,346.2602109609408,348.80628132557575,340.40470523458816,508.06857962164645,639.2819746256425,721.1019531562913
177,63,ep177_task063,test,35262,0.0,low,0.999,16-28,28,28,7,25,5,0.013775265775620937,273.99233905150294,306.41388652068815,325.13803478134355,327.68410514597844,319.28252905499085,486.94640344204913,618.1597984460452,699.979776976694
177,63,ep177_task063,test,35262,0.0,low,0.999,16-28,28,28,8,25,5,0.02491011843085289,286.84299028505393,319.26453775423914,337.98868601489454,340.5347563795295,332.1331802885419,499.7970546756002,631.0104496795963,712.830428210245
177,63,ep177_task063,test,35262,0.0,low,0.999,16-28,28,28,9,25,5,0.015961265191435814,275.95959774911825,308.38114521830346,327.1052934789589,329.6513638435938,321.24978775260615,488.91366213966444,620.1270571436605,701.9470356743093
177,63,ep177_task063,test,35262,0.0,low,0.999,16-28,28,28,10,25,5,0.02666722610592842,291.6431636769535,324.06471114613873,342.7888594067942,345.3349297714291,336.9333536804414,504.5972280674997,635.8106230714958,717.6306016021446
177,63,ep177_task063,test,35262,0.0,low,0.999,16-28,28,28,11,25,5,0.03488728776574135,299.9332608109133,332.3548082800985,351.07895654075395,353.6250269053888,345.2234508144012,512.8873252014595,644.1007202054556,725.9206987361043
177,63,ep177_task063,test,35262,0.0,low,0.999,16-28,28,28,12,25,5,0.030816426500678062,295.1145152311002,327.5360627002854,346.2602109609408,348.80628132557575,340.40470523458816,508.06857962164645,639.2819746256425,721.1019531562913
177,63,ep177_task063,test,35262,0.0,low,0.999,16-28,28,28,13,25,5,0.024267086759209633,286.84299028505393,319.26453775423914,337.98868601489454,340.5347563795295,332.1331802885419,499.7970546756002,631.0104496795963,712.830428210245
177,63,ep177_task063,test,35262,0.0,low,0.999,16-28,28,28,14,25,5,0.018514707684516907,275.95959774911825,308.38114521830346,327.1052934789589,329.6513638435938,321.24978775260615,488.91366213966444,620.1270571436605,701.9470356743093
177,63,ep177_task063,test,35262,0.0,low,0.999,16-28,28,28,15,25,5,0.026532156392931938,291.6431636769535,324.06471114613873,342.7888594067942,345.3349297714291,336.9333536804414,504.5972280674997,635.8106230714958,717.6306016021446
177,63,ep177_task063,test,35262,0.0,low,0.999,16-28,28,28,16,25,5,0.03746766597032547,299.9332608109133,332.3548082800985,351.07895654075395,353.6250269053888,345.2234508144012,512.8873252014595,644.1007202054556,725.9206987361043
177,63,ep177_task063,test,35262,0.0,low,0.999,16-28,28,28,17,25,5,0.031030425801873207,295.1145152311002,327.5360627002854,346.2602109609408,348.80628132557575,340.40470523458816,508.06857962164645,639.2819746256425,721.1019531562913
177,63,ep177_task063,test,35262,0.0,low,0.999,16-28,28,28,18,25,5,0.03177604451775551,286.84299028505393,319.26453775423914,337.98868601489454,340.5347563795295,332.1331802885419,499.7970546756002,631.0104496795963,712.830428210245
177,63,ep177_task063,test,35262,0.0,low,0.999,16-28,28,28,19,25,5,0.05163222923874855,291.6431636769535,324.06471114613873,342.7888594067942,345.3349297714291,336.9333536804414,504.5972280674997,635.8106230714958,717.6306016021446
177,63,ep177_task063,test,35262,0.0,low,0.999,16-28,28,28,20,25,5,0.07401867210865021,299.9332608109133,332.3548082800985,351.07895654075395,353.6250269053888,345.2234508144012,512.8873252014595,644.1007202054556,725.9206987361043
177,63,ep177_task063,test,35262,0.0,low,0.999,16-28,28,28,21,25,5,0.05686577409505844,295.1145152311002,327.5360627002854,346.2602109609408,348.80628132557575,340.40470523458816,508.06857962164645,639.2819746256425,721.1019531562913
177,63,ep177_task063,test,35262,0.0,low,0.999,16-28,28,28,22,25,5,0.04003047198057175,291.6431636769535,324.06471114613873,342.7888594067942,345.3349297714291,336.9333536804414,504.5972280674997,635.8106230714958,717.6306016021446
177,63,ep177_task063,test,35262,0.0,low,0.999,16-28,28,28,23,25,5,0.05514528602361679,299.9332608109133,332.3548082800985,351.07895654075395,353.6250269053888,345.2234508144012,512.8873252014595,644.1007202054556,725.9206987361043
177,63,ep177_task063,test,35262,0.0,low,0.999,16-28,28,28,24,25,5,0.045287005603313446,295.1145152311002,327.5360627002854,346.2602109609408,348.80628132557575,340.40470523458816,508.06857962164645,639.2819746256425,721.1019531562913
177,63,ep177_task063,test,35262,0.0,low,0.999,16-28,28,28,25,25,5,0.08869649469852448,299.9332608109133,332.3548082800985,351.07895654075395,353.6250269053888,345.2234508144012,512.8873252014595,644.1007202054556,725.9206987361043
177,63,ep177_task063,test,35262,0.0,low,0.999,16-28,28,28,26,25,5,0.0809754803776741,295.1145152311002,327.5360627002854,346.2602109609408,348.80628132557575,340.40470523458816,508.06857962164645,639.2819746256425,721.1019531562913
177,63,ep177_task063,test,35262,0.0,low,0.999,16-28,28,28,27,25,5,0.09342724084854126,299.9332608109133,332.3548082800985,351.07895654075395,353.6250269053888,345.2234508144012,512.8873252014595,644.1007202054556,725.9206987361043
177,76,ep177_task076,test,35275,0.557194340073399,medium,0.9999,16-28,21,21,4,23,5,0.017251504585146904,191.0484453684872,266.2968155572892,298.84388674449485,303.34360548097544,265.47698422263727,394.35095212085525,536.515858940117,593.1483503947205
177,76,ep177_task076,test,35275,0.557194340073399,medium,0.9999,16-28,21,21,5,23,5,0.023563504219055176,197.87842671857894,273.126796907381,305.6738680945866,310.1735868310672,272.306965572729,401.18093347094697,543.3458402902087,599.9783317448122
177,76,ep177_task076,test,35275,0.557194340073399,medium,0.9999,16-28,21,21,6,23,5,0.020275304093956947,195.40885386466203,270.65722405346406,303.2042952406697,307.7040139771503,269.8373927188121,398.7113606170301,540.8762674362919,597.5087588908954
177,76,ep177_task076,test,35275,0.557194340073399,medium,0.9999,16-28,21,21,10,23,5,0.029866693541407585,191.0484453684872,266.2968155572892,298.84388674449485,303.34360548097544,265.47698422263727,394.35095212085525,536.515858940117,593.1483503947205
177,76,ep177_task076,test,35275,0.557194340073399,medium,0.9999,16-28,21,21,11,23,5,0.038929179310798645,197.87842671857894,273.126796907381,305.6738680945866,310.1735868310672,272.306965572729,401.18093347094697,543.3458402902087,599.9783317448122
177,76,ep177_task076,test,35275,0.557194340073399,medium,0.9999,16-28,21,21,12,23,5,0.03445930778980255,195.40885386466203,270.65722405346406,303.2042952406697,307.7040139771503,269.8373927188121,398.7113606170301,540.8762674362919,597.5087588908954
177,76,ep177_task076,test,35275,0.557194340073399,medium,0.9999,16-28,21,21,13,23,5,0.026108495891094208,185.32993997272774,260.57831016152977,293.12538134873546,297.62510008521605,259.75847882687776,388.63244672509575,530.7973535443575,587.429844998961
177,76,ep177_task076,test,35275,0.557194340073399,medium,0.9999,16-28,21,21,14,23,5,0.02001677267253399,177.8847151639858,253.13308535278782,285.6801565399935,290.1798752764741,252.31325401813584,381.1872219163538,523.3521287356156,579.9846201902191
177,76,ep177_task076,test,35275,0.557194340073399,medium,0.9999,16-28,21,21,15,23,5,0.02844672091305256,191.0484453684872,266.2968155572892,298.84388674449485,303.34360548097544,265.47698422263727,394.35095212085525,536.515858940117,593.1483503947205
177,76,ep177_task076,test,35275,0.557194340073399,medium,0.9999,16-28,21,21,16,23,5,0.04009786993265152,197.87842671857894,273.126796907381,305.6738680945866,310.1735868310672,272.306965572729,401.18093347094697,543.3458402902087,599.9783317448122
177,76,ep177_task076,test,35275,0.557194340073399,medium,0.9999,16-28,21,21,17,23,5,0.03321581706404686,195.40885386466203,270.65722405346406,303.2042952406697,307.7040139771503,269.8373927188121,398.7113606170301,540.8762674362919,597.5087588908954
177,76,ep177_task076,test,35275,0.557194340073399,medium,0.9999,16-28,21,21,18,23,5,0.03577732294797897,185.32993997272774,260.57831016152977,293.12538134873546,297.62510008521605,259.75847882687776,388.63244672509575,530.7973535443575,587.429844998961
177,76,ep177_task076,test,35275,0.557194340073399,medium,0.9999,16-28,21,21,19,23,5,0.057429634034633636,191.0484453684872,266.2968155572892,298.84388674449485,303.34360548097544,265.47698422263727,394.35095212085525,536.515858940117,593.1483503947205
177,76,ep177_task076,test,35275,0.557194340073399,medium,0.9999,16-28,21,21,20,23,5,0.0818726196885109,197.87842671857894,273.126796907381,305.6738680945866,310.1735868310672,272.306965572729,401.18093347094697,543.3458402902087,599.9783317448122
177,76,ep177_task076,test,35275,0.557194340073399,medium,0.9999,16-28,21,21,21,23,5,0.06320396065711975,195.40885386466203,270.65722405346406,303.2042952406697,307.7040139771503,269.8373927188121,398.7113606170301,540.8762674362919,597.5087588908954
177,76,ep177_task076,test,35275,0.557194340073399,medium,0.9999,16-28,21,21,22,23,5,0.04481601342558861,191.0484453684872,266.2968155572892,298.84388674449485,303.34360548097544,265.47698422263727,394.35095212085525,536.515858940117,593.1483503947205
177,76,ep177_task076,test,35275,0.557194340073399,medium,0.9999,16-28,21,21,23,23,5,0.06178571283817291,197.87842671857894,273.126796907381,305.6738680945866,310.1735868310672,272.306965572729,401.18093347094697,543.3458402902087,599.9783317448122
177,76,ep177_task076,test,35275,0.557194340073399,medium,0.9999,16-28,21,21,24,23,5,0.05051166191697121,195.40885386466203,270.65722405346406,303.2042952406697,307.7040139771503,269.8373927188121,398.7113606170301,540.8762674362919,597.5087588908954
177,76,ep177_task076,test,35275,0.557194340073399,medium,0.9999,16-28,21,21,25,23,5,0.09864582866430283,197.87842671857894,273.126796907381,305.6738680945866,310.1735868310672,272.306965572729,401.18093347094697,543.3458402902087,599.9783317448122
177,76,ep177_task076,test,35275,0.557194340073399,medium,0.9999,16-28,21,21,26,23,5,0.08977527171373367,195.40885386466203,270.65722405346406,303.2042952406697,307.7040139771503,269.8373927188121,398.7113606170301,540.8762674362919,597.5087588908954
177,76,ep177_task076,test,35275,0.557194340073399,medium,0.9999,16-28,21,21,27,23,5,0.10395077615976334,197.87842671857894,273.126796907381,305.6738680945866,310.1735868310672,272.306965572729,401.18093347094697,543.3458402902087,599.9783317448122
177,88,ep177_task088,test,35287,1.22253928968488,medium,0.9999,16-28,28,28,0,6,5,0.008761219680309296,259.24038890157465,302.32359243479726,343.94160514137604,348.52660801175284,332.9073621439335,385.2565831182261,518.3473490604512,577.4979627068832
177,88,ep177_task088,test,35287,1.22253928968488,medium,0.9999,16-28,28,28,1,6,5,0.0099235400557518,270.0951393810539,313.1783429142765,354.79635562085525,359.38135849123205,343.76211262341275,396.11133359770537,529.2020995399304,588.3527131863624
177,88,ep177_task088,test,35287,1.22253928968488,medium,0.9999,16-28,28,28,2,6,5,0.014102614484727383,288.71738437590733,331.80058790912994,373.4186006157088,378.0036034860856,362.3843576182662,414.73357859255884,547.8243445347839,606.9749581812158
177,88,ep177_task088,test,35287,1.22253928968488,medium,0.9999,16-28,28,28,3,6,5,0.01273607648909092,265.5360452725134,308.619248805736,350.2372615123147,354.8222643826915,339.2030185148722,391.55223948916483,524.6430054313898,583.7936190778217
177,88,ep177_task088,test,35287,1.22253928968488,medium,0.9999,16-28,28,28,4,6,5,0.015220013447105885,264.72007294206173,307.80327647528435,349.42128918186313,354.0062920522399,338.38704618442057,390.7362671587132,523.8270331009383,582.9776467473702
177,88,ep177_task088,test,35287,1.22253928968488,medium,0.9999,16-28,28,28,5,6,5,0.021997690200805664,300.96294706558893,344.04615059881155,385.6641633053903,390.2491661757671,374.6299203079477,426.97914128224033,560.0699072244654,619.2205208708973
177,88,ep177_task088,test,35287,1.22253928968488,medium,0.9999,16-28,28,28,6,6,5,0.018043454736471176,278.93170226922666,322.0149058024493,363.63291850902806,368.21792137940486,352.5986755115855,404.9478964858781,538.0386624281032,597.1892760745351
177,88,ep177_task088,test,35287,1.22253928968488,medium,0.9999,16-28,28,28,7,6,5,0.013477891683578491,270.0951393810539,313.1783429142765,354.79635562085525,359.38135849123205,343.76211262341275,396.11133359770537,529.2020995399304,588.3527131863624
177,88,ep177_task088,test,35287,1.22253928968488,medium,0.9999,16-28,28,28,8,6,5,0.024020196869969368,288.71738437590733,331.80058790912994,373.4186006157088,378.0036034860856,362.3843576182662,414.73357859255884,547.8243445347839,606.9749581812158
177,88,ep177_task088,test,35287,1.22253928968488,medium,0.9999,16-28,28,28,9,6,5,0.015535179525613785,265.5360452725134,308.619248805736,350.2372615123147,354.8222643826915,339.2030185148722,391.55223948916483,524.6430054313898,583.7936190778217
177,88,ep177_task088,test,35287,1.22253928968488,medium,0.9999,16-28,28,28,10,6,5,0.025911716744303703,264.72007294206173,307.80327647528435,349.42128918186313,354.0062920522399,338.38704618442057,390.7362671587132,523.8270331009383,582.9776467473702
177,88,ep177_task088,test,35287,1.22253928968488,medium,0.9999,16-28,28,28,11,6,5,0.033340878784656525,300.96294706558893,344.04615059881155,385.6641633053903,390.2491661757671,374.6299203079477,426.97914128224033,560.0699072244654,619.2205208708973
177,88,ep177_task088,test,35287,1.22253928968488,medium,0.9999,16-28,28,28,12,6,5,0.029738102108240128,278.93170226922666,322.0149058024493,363.63291850902806,368.21792137940486,352.5986755115855,404.9478964858781,538.0386624281032,597.1892760745351
177,88,ep177_task088,test,35287,1.22253928968488,medium,0.9999,16-28,28,28,13,6,5,0.025647230446338654,288.71738437590733,331.80058790912994,373.4186006157088,378.0036034860856,362.3843576182662,414.73357859255884,547.8243445347839,606.9749581812158
177,88,ep177_task088,test,35287,1.22253928968488,medium,0.9999,16-28,28,28,14,6,5,0.01966756023466587,270.0951393810539,313.1783429142765,354.79635562085525,359.38135849123205,343.76211262341275,396.11133359770537,529.2020995399304,588.3527131863624
177,88,ep177_task088,test,35287,1.22253928968488,medium,0.9999,16-28,28,28,15,6,5,0.026297982782125473,270.0951393810539,313.1783429142765,354.79635562085525,359.38135849123205,343.76211262341275,396.11133359770537,529.2020995399304,588.3527131863624
177,88,ep177_task088,test,35287,1.22253928968488,medium,0.9999,16-28,28,28,16,6,5,0.03912763297557831,300.96294706558893,344.04615059881155,385.6641633053903,390.2491661757671,374.6299203079477,426.97914128224033,560.0699072244654,619.2205208708973
177,88,ep177_task088,test,35287,1.22253928968488,medium,0.9999,16-28,28,28,17,6,5,0.030936546623706818,278.93170226922666,322.0149058024493,363.63291850902806,368.21792137940486,352.5986755115855,404.9478964858781,538.0386624281032,597.1892760745351
177,88,ep177_task088,test,35287,1.22253928968488,medium,0.9999,16-28,28,28,18,6,5,0.03352924436330795,288.71738437590733,331.80058790912994,373.4186006157088,378.0036034860856,362.3843576182662,414.73357859255884,547.8243445347839,606.9749581812158
177,88,ep177_task088,test,35287,1.22253928968488,medium,0.9999,16-28,28,28,19,6,5,0.050556544214487076,288.71738437590733,331.80058790912994,373.4186006157088,378.0036034860856,362.3843576182662,414.73357859255884,547.8243445347839,606.9749581812158
177,88,ep177_task088,test,35287,1.22253928968488,medium,0.9999,16-28,28,28,20,6,5,0.0755639523267746,300.96294706558893,344.04615059881155,385.6641633053903,390.2491661757671,374.6299203079477,426.97914128224033,560.0699072244654,619.2205208708973
177,88,ep177_task088,test,35287,1.22253928968488,medium,0.9999,16-28,28,28,21,6,5,0.05622293800115585,288.71738437590733,331.80058790912994,373.4186006157088,378.0036034860856,362.3843576182662,414.73357859255884,547.8243445347839,606.9749581812158
177,88,ep177_task088,test,35287,1.22253928968488,medium,0.9999,16-28,28,28,22,6,5,0.039477843791246414,265.5360452725134,308.619248805736,350.2372615123147,354.8222643826915,339.2030185148722,391.55223948916483,524.6430054313898,583.7936190778217
177,88,ep177_task088,test,35287,1.22253928968488,medium,0.9999,16-28,28,28,23,6,5,0.057526540011167526,300.96294706558893,344.04615059881155,385.6641633053903,390.2491661757671,374.6299203079477,426.97914128224033,560.0699072244654,619.2205208708973
177,88,ep177_task088,test,35287,1.22253928968488,medium,0.9999,16-28,28,28,24,6,5,0.04501435160636902,278.93170226922666,322.0149058024493,363.63291850902806,368.21792137940486,352.5986755115855,404.9478964858781,538.0386624281032,597.1892760745351
177,88,ep177_task088,test,35287,1.22253928968488,medium,0.9999,16-28,28,28,25,6,5,0.08635447174310684,300.96294706558893,344.04615059881155,385.6641633053903,390.2491661757671,374.6299203079477,426.97914128224033,560.0699072244654,619.2205208708973
177,88,ep177_task088,test,35287,1.22253928968488,medium,0.9999,16-28,28,28,26,6,5,0.07917310297489166,278.93170226922666,322.0149058024493,363.63291850902806,368.21792137940486,352.5986755115855,404.9478964858781,538.0386624281032,597.1892760745351
177,88,ep177_task088,test,35287,1.22253928968488,medium,0.9999,16-28,28,28,27,6,5,0.09209540486335754,300.96294706558893,344.04615059881155,385.6641633053903,390.2491661757671,374.6299203079477,426.97914128224033,560.0699072244654,619.2205208708973
177,100,ep177_task100,test,35299,3.4469114969688803,high,0.9999,16-28,23,23,4,19,5,0.01693076454102993,130.0651460889657,171.2888132703757,191.49441760719455,194.4710276739033,199.44074238170816,317.110349587986,445.4237490314171,500.13756462496696
177,100,ep177_task100,test,35299,3.4469114969688803,high,0.9999,16-28,23,23,5,19,5,0.02430327609181404,152.8518661199469,194.0755333013569,214.28113763817572,217.25774770488445,229.33049350568302,347.0001007119609,475.31350015539203,530.0273157489418
177,100,ep177_task100,test,35299,3.4469114969688803,high,0.9999,16-28,23,23,6,19,5,0.01904582604765892,119.28887796524765,160.51254514665766,180.7181494834765,183.69475955018524,189.7421010703619,307.41170827663973,435.72510772007087,490.4389233136207
177,100,ep177_task100,test,35299,3.4469114969688803,high,0.9999,16-28,23,23,8,19,5,0.02429213747382164,85.61302893741504,126.83669611882505,147.04230045564393,150.01891052235263,159.53134606674516,277.200953273023,405.51435271645414,460.228168310004
177,100,ep177_task100,test,35299,3.4469114969688803,high,0.9999,16-28,23,23,9,19,5,0.01869264617562294,133.0582156587464,174.2818828401564,194.48748717697524,197.464097243684,202.2320141159434,319.9016213222212,448.21502076565235,502.9288363592022
177,100,ep177_task100,test,35299,3.4469114969688803,high,0.9999,16-28,23,23,10,19,5,0.0293339304625988,130.82591178873554,172.04957897014555,192.25518330696437,195.23179337367313,200.22294063293361,317.89254783921143,446.20594728264257,500.9197628761924
177,100,ep177_task100,test,35299,3.4469114969688803,high,0.9999,16-28,23,23,11,19,5,0.0401763990521431,153.6126318197167,194.83629900112672,215.04190333794557,218.01851340465427,230.11269175690848,347.78229896318635,476.0956984066175,530.8095140001672
177,100,ep177_task100,test,35299,3.4469114969688803,high,0.9999,16-28,23,23,12,19,5,0.032367952167987823,113.11492542407862,154.3385926054886,174.54419694230748,177.5208070090162,184.28305290474242,301.95266011102024,430.2660595544514,484.9798751480012
177,100,ep177_task100,test,35299,3.4469114969688803,high,0.9999,16-28,23,23,13,19,5,0.023609351366758347,129.19771594178448,170.4213831231945,190.62698746001334,193.60359752672207,198.7575643706777,316.4271715769555,444.74057102038665,499.4543866139365
177,100,ep177_task100,test,35299,3.4469114969688803,high,0.9999,16-28,23,23,14,19,5,0.021650008857250214,133.0582156587464,174.2818828401564,194.48748717697524,197.464097243684,202.2320141159434,319.9016213222212,448.21502076565235,502.9288363592022
177,100,ep177_task100,test,35299,3.4469114969688803,high,0.9999,16-28,23,23,15,19,5,0.02920931577682495,130.82591178873554,172.04957897014555,192.25518330696437,195.23179337367313,200.22294063293361,317.89254783921143,446.20594728264257,500.9197628761924
177,100,ep177_task100,test,35299,3.4469114969688803,high,0.9999,16-28,23,23,16,19,5,0.043268974870443344,153.6126318197167,194.83629900112672,215.04190333794557,218.01851340465427,230.11269175690848,347.78229896318635,476.0956984066175,530.8095140001672
177,100,ep177_task100,test,35299,3.4469114969688803,high,0.9999,16-28,23,23,17,19,5,0.03258804976940155,129.19771594178448,170.4213831231945,190.62698746001334,193.60359752672207,198.7575643706777,316.4271715769555,444.74057102038665,499.4543866139365
177,100,ep177_task100,test,35299,3.4469114969688803,high,0.9999,16-28,23,23,18,19,5,0.030677814036607742,133.0582156587464,174.2818828401564,194.48748717697524,197.464097243684,202.2320141159434,319.9016213222212,448.21502076565235,502.9288363592022
177,100,ep177_task100,test,35299,3.4469114969688803,high,0.9999,16-28,23,23,19,19,5,0.05041815713047981,130.82591178873554,172.04957897014555,192.25518330696437,195.23179337367313,200.22294063293361,317.89254783921143,446.20594728264257,500.9197628761924
177,100,ep177_task100,test,35299,3.4469114969688803,high,0.9999,16-28,23,23,20,19,5,0.07191626727581024,153.6126318197167,194.83629900112672,215.04190333794557,218.01851340465427,230.11269175690848,347.78229896318635,476.0956984066175,530.8095140001672
177,100,ep177_task100,test,35299,3.4469114969688803,high,0.9999,16-28,23,23,21,19,5,0.056207794696092606,113.11492542407862,154.3385926054886,174.54419694230748,177.5208070090162,184.28305290474242,301.95266011102024,430.2660595544514,484.9798751480012
177,100,ep177_task100,test,35299,3.4469114969688803,high,0.9999,16-28,23,23,22,19,5,0.04387394338846207,133.0582156587464,174.2818828401564,194.48748717697524,197.464097243684,202.2320141159434,319.9016213222212,448.21502076565235,502.9288363592022
177,100,ep177_task100,test,35299,3.4469114969688803,high,0.9999,16-28,23,23,23,19,5,0.0637415423989296,153.6126318197167,194.83629900112672,215.04190333794557,218.01851340465427,230.11269175690848,347.78229896318635,476.0956984066175,530.8095140001672
177,100,ep177_task100,test,35299,3.4469114969688803,high,0.9999,16-28,23,23,24,19,5,0.04726850986480713,133.0582156587464,174.2818828401564,194.48748717697524,197.464097243684,202.2320141159434,319.9016213222212,448.21502076565235,502.9288363592022
177,100,ep177_task100,test,35299,3.4469114969688803,high,0.9999,16-28,23,23,25,19,5,0.0971543937921524,153.6126318197167,194.83629900112672,215.04190333794557,218.01851340465427,230.11269175690848,347.78229896318635,476.0956984066175,530.8095140001672
177,100,ep177_task100,test,35299,3.4469114969688803,high,0.9999,16-28,23,23,26,19,5,0.08538635075092316,130.82591178873554,172.04957897014555,192.25518330696437,195.23179337367313,200.22294063293361,317.89254783921143,446.20594728264257,500.9197628761924
177,100,ep177_task100,test,35299,3.4469114969688803,high,0.9999,16-28,23,23,27,19,5,0.0978865772485733,153.6126318197167,194.83629900112672,215.04190333794557,218.01851340465427,230.11269175690848,347.78229896318635,476.0956984066175,530.8095140001672
177,113,ep177_task113,test,35312,0.0,low,0.99,16-28,28,28,0,20,6,0.009092738851904869,126.39708546172707,179.58847559453682,216.73208959244835,219.21348729651953,149.3096622849969,251.2274524194574,368.32227364854214,440.9165258866797
177,113,ep177_task113,test,35312,0.0,low,0.99,16-28,28,28,1,20,6,0.009447038173675537,128.48950292652304,181.6808930593328,218.82450705724432,221.3059047613155,151.19283800331328,253.1106281377738,370.20544936685855,442.79970160499613
177,113,ep177_task113,test,35312,0.0,low,0.99,16-28,28,28,2,20,6,0.013415168039500713,133.68645456707637,186.8778446998861,224.0214586977976,226.5028564018688,159.03309614610498,260.9508862805655,378.04570750965024,450.6399597477878
177,113,ep177_task113,test,35312,0.0,low,0.99,16-28,28,28,3,20,6,0.012096988968551159,134.54985521029073,187.74124534310047,224.884859341012,227.3662570450832,159.89649678931937,261.8142869237799,378.90910815286463,451.5033603910022
177,113,ep177_task113,test,35312,0.0,low,0.99,16-28,28,28,4,20,6,0.015506607480347157,139.8267444191058,193.01813455191555,230.16174854982705,232.64314625389824,165.17338599813442,267.0911761325949,384.18599736167965,456.78024959981724
177,113,ep177_task113,test,35312,0.0,low,0.99,16-28,28,28,5,20,6,0.021243520081043243,142.41937194993744,195.6107620827472,232.7543760806587,235.2357737847299,167.76601352896606,269.68380366342654,386.7786248925113,459.3728771306489
177,113,ep177_task113,test,35312,0.0,low,0.99,16-28,28,28,6,20,6,0.018463755026459694,145.33584067975355,198.5272308125633,235.6708448104748,238.152242514546,170.68248225878216,272.6002723932427,389.6950936223274,462.289345860465
177,113,ep177_task113,test,35312,0.0,low,0.99,16-28,28,28,7,20,6,0.013803566806018353,128.48950292652304,181.6808930593328,218.82450705724432,221.3059047613155,151.19283800331328,253.1106281377738,370.20544936685855,442.79970160499613
177,113,ep177_task113,test,35312,0.0,low,0.99,16-28,28,28,8,20,6,0.024684607982635498,133.68645456707637,186.8778446998861,224.0214586977976,226.5028564018688,159.03309614610498,260.9508862805655,378.04570750965024,450.6399597477878
177,113,ep177_task113,test,35312,0.0,low,0.99,16-28,28,28,9,20,6,0.016025349497795105,134.54985521029073,187.74124534310047,224.884859341012,227.3662570450832,159.89649678931937,261.8142869237799,378.90910815286463,451.5033603910022
177,113,ep177_task113,test,35312,0.0,low,0.99,16-28,28,28,10,20,6,0.026795852929353714,139.8267444191058,193.01813455191555,230.16174854982705,232.64314625389824,165.17338599813442,267.0911761325949,384.18599736167965,456.78024959981724
177,113,ep177_task113,test,35312,0.0,low,0.99,16-28,28,28,11,20,6,0.03513602539896965,142.41937194993744,195.6107620827472,232.7543760806587,235.2357737847299,167.76601352896606,269.68380366342654,386.7786248925113,459.3728771306489
177,113,ep177_task113,test,35312,0.0,low,0.99,16-28,28,28,12,20,6,0.031366243958473206,145.33584067975355,198.5272308125633,235.6708448104748,238.152242514546,170.68248225878216,272.6002723932427,389.6950936223274,462.289345860465
177,113,ep177_task113,test,35312,0.0,low,0.99,16-28,28,28,13,20,6,0.0239213015884161,133.68645456707637,186.8778446998861,224.0214586977976,226.5028564018688,159.03309614610498,260.9508862805655,378.04570750965024,450.6399597477878
177,113,ep177_task113,test,35312,0.0,low,0.99,16-28,28,28,14,20,6,0.018422197550535202,134.54985521029073,187.74124534310047,224.884859341012,227.3662570450832,159.89649678931937,261.8142869237799,378.90910815286463,451.5033603910022
177,113,ep177_task113,test,35312,0.0,low,0.99,16-28,28,28,15,20,6,0.02644670382142067,139.8267444191058,193.01813455191555,230.16174854982705,232.64314625389824,165.17338599813442,267.0911761325949,384.18599736167965,456.78024959981724
177,113,ep177_task113,test,35312,0.0,low,0.99,16-28,28,28,16,20,6,0.03736007586121559,142.41937194993744,195.6107620827472,232.7543760806587,235.2357737847299,167.76601352896606,269.68380366342654,386.7786248925113,459.3728771306489
177,113,ep177_task113,test,35312,0.0,low,0.99,16-28,28,28,17,20,6,0.03135787323117256,145.33584067975355,198.5272308125633,235.6708448104748,238.152242514546,170.68248225878216,272.6002723932427,389.6950936223274,462.289345860465
177,113,ep177_task113,test,35312,0.0,low,0.99,16-28,28,28,18,20,6,0.031133553013205528,134.54985521029073,187.74124534310047,224.884859341012,227.3662570450832,159.89649678931937,261.8142869237799,378.90910815286463,451.5033603910022
177,113,ep177_task113,test,35312,0.0,low,0.99,16-28,28,28,19,20,6,0.0510479100048542,139.8267444191058,193.01813455191555,230.16174854982705,232.64314625389824,165.17338599813442,267.0911761325949,384.18599736167965,456.78024959981724
177,113,ep177_task113,test,35312,0.0,low,0.99,16-28,28,28,20,20,6,0.0743107870221138,142.41937194993744,195.6107620827472,232.7543760806587,235.2357737847299,167.76601352896606,269.68380366342654,386.7786248925113,459.3728771306489
177,113,ep177_task113,test,35312,0.0,low,0.99,16-28,28,28,21,20,6,0.05695430189371109,145.33584067975355,198.5272308125633,235.6708448104748,238.152242514546,170.68248225878216,272.6002723932427,389.6950936223274,462.289345860465
177,113,ep177_task113,test,35312,0.0,low,0.99,16-28,28,28,22,20,6,0.039376966655254364,139.8267444191058,193.01813455191555,230.16174854982705,232.64314625389824,165.17338599813442,267.0911761325949,384.18599736167965,456.78024959981724
177,113,ep177_task113,test,35312,0.0,low,0.99,16-28,28,28,23,20,6,0.054464589804410934,142.41937194993744,195.6107620827472,232.7543760806587,235.2357737847299,167.76601352896606,269.68380366342654,386.7786248925113,459.3728771306489
177,113,ep177_task113,test,35312,0.0,low,0.99,16-28,28,28,24,20,6,0.04505788907408714,145.33584067975355,198.5272308125633,235.6708448104748,238.152242514546,170.68248225878216,272.6002723932427,389.6950936223274,462.289345860465
177,113,ep177_task113,test,35312,0.0,low,0.99,16-28,28,28,25,20,6,0.08835512399673462,142.41937194993744,195.6107620827472,232.7543760806587,235.2357737847299,167.76601352896606,269.68380366342654,386.7786248925113,459.3728771306489
177,113,ep177_task113,test,35312,0.0,low,0.99,16-28,28,28,26,20,6,0.08143926411867142,145.33584067975355,198.5272308125633,235.6708448104748,238.152242514546,170.68248225878216,272.6002723932427,389.6950936223274,462.289345860465
177,113,ep177_task113,test,35312,0.0,low,0.99,16-28,28,28,27,20,6,0.09327401220798492,145.33584067975355,198.5272308125633,235.6708448104748,238.152242514546,170.68248225878216,272.6002723932427,389.6950936223274,462.289345860465
177,125,ep177_task125,test,35324,1.7103492011861507,high,0.999,16-28,26,26,2,24,6,0.014577191323041916,204.3520949917648,235.21945974689558,244.50993954869085,245.81104317722787,390.3234251517733,514.9239181129449,675.3498741115426,746.8828853962028
177,125,ep177_task125,test,35324,1.7103492011861507,high,0.999,16-28,26,26,3,24,6,0.012855974026024342,150.5920848813182,181.45944963644897,190.74992943824424,192.05103306678123,338.37582117892725,462.9763141400988,623.4022701386965,694.9352814233567
177,125,ep177_task125,test,35324,1.7103492011861507,high,0.999,16-28,26,26,4,24,6,0.015865383669734,190.29029731474174,221.15766206987252,230.44814187166781,231.7492455002048,378.93336903338457,503.5338619945561,663.9598179931538,735.492829277814
177,125,ep177_task125,test,35324,1.7103492011861507,high,0.999,16-28,26,26,5,24,6,0.020623765885829926,194.6496883052101,225.51705306034088,234.80753286213616,236.10863649067318,382.46447573566394,507.06496869683554,667.4909246954333,739.0239359800935
177,125,ep177_task125,test,35324,1.7103492011861507,high,0.999,16-28,26,26,6,24,6,0.018811263144016266,190.29029731474174,221.15766206987252,230.44814187166781,231.7492455002048,378.93336903338457,503.5338619945561,663.9598179931538,735.492829277814
177,125,ep177_task125,test,35324,1.7103492011861507,high,0.999,16-28,26,26,7,24,6,0.01503440085798502,196.46382440871054,227.33118916384132,236.62166896563656,237.9227725941736,383.9339259794993,508.5344189406709,668.9603749392686,740.4933862239288
177,125,ep177_task125,test,35324,1.7103492011861507,high,0.999,16-28,26,26,8,24,6,0.027011292055249214,204.3520949917648,235.21945974689558,244.50993954869085,245.81104317722787,390.3234251517733,514.9239181129449,675.3498741115426,746.8828853962028
177,125,ep177_task125,test,35324,1.7103492011861507,high,0.999,16-28,26,26,9,24,6,0.017189450562000275,156.02580151279338,186.89316626792416,196.18364606971943,197.48474969825645,342.7771316504222,467.3776246115938,627.8035806101915,699.3365918948517
177,125,ep177_task125,test,35324,1.7103492011861507,high,0.999,16-28,26,26,10,24,6,0.02754000946879387,195.72401394621696,226.59137870134774,235.881858503143,237.18296213168,383.3346795048795,507.9351724660511,668.3611284646488,739.894139749309
177,125,ep177_task125,test,35324,1.7103492011861507,high,0.999,16-28,26,26,11,24,6,0.034073371440172195,195.72401394621696,226.59137870134774,235.881858503143,237.18296213168,383.3346795048795,507.9351724660511,668.3611284646488,739.894139749309
177,125,ep177_task125,test,35324,1.7103492011861507,high,0.999,16-28,26,26,12,24,6,0.03222323954105377,195.72401394621696,226.59137870134774,235.881858503143,237.18296213168,383.3346795048795,507.9351724660511,668.3611284646488,739.894139749309
177,125,ep177_task125,test,35324,1.7103492011861507,high,0.999,16-28,26,26,13,24,6,0.026389913633465767,204.3520949917648,235.21945974689558,244.50993954869085,245.81104317722787,390.3234251517733,514.9239181129449,675.3498741115426,746.8828853962028
177,125,ep177_task125,test,35324,1.7103492011861507,high,0.999,16-28,26,26,14,24,6,0.019836680963635445,156.76561197528696,187.63297673041774,196.92345653221304,198.22456016075003,343.376378125042,467.9768710862136,628.4028270848113,699.9358383694715
177,125,ep177_task125,test,35324,1.7103492011861507,high,0.999,16-28,26,26,15,24,6,0.027385462075471878,196.46382440871054,227.33118916384132,236.62166896563656,237.9227725941736,383.9339259794993,508.5344189406709,668.9603749392686,740.4933862239288
177,125,ep177_task125,test,35324,1.7103492011861507,high,0.999,16-28,26,26,16,24,6,0.03657697141170502,196.46382440871054,227.33118916384132,236.62166896563656,237.9227725941736,383.9339259794993,508.5344189406709,668.9603749392686,740.4933862239288
177,125,ep177_task125,test,35324,1.7103492011861507,high,0.999,16-28,26,26,17,24,6,0.03229375183582306,196.46382440871054,227.33118916384132,236.62166896563656,237.9227725941736,383.9339259794993,508.5344189406709,668.9603749392686,740.4933862239288
177,125,ep177_task125,test,35324,1.7103492011861507,high,0.999,16-28,26,26,18,24,6,0.033859532326459885,164.65388255834125,195.52124731347203,204.81172711526727,206.1128307438043,349.76587729731597,474.36637025848756,634.7923262570853,706.3253375417455
177,125,ep177_task125,test,35324,1.7103492011861507,high,0.999,16-28,26,26,19,24,6,0.052902985364198685,204.3520949917648,235.21945974689558,244.50993954869085,245.81104317722787,390.3234251517733,514.9239181129449,675.3498741115426,746.8828853962028
177,125,ep177_task125,test,35324,1.7103492011861507,high,0.999,16-28,26,26,20,24,6,0.07175001502037048,204.3520949917648,235.21945974689558,244.50993954869085,245.81104317722787,390.3234251517733,514.9239181129449,675.3498741115426,746.8828853962028
177,125,ep177_task125,test,35324,1.7103492011861507,high,0.999,16-28,26,26,21,24,6,0.05914971977472305,204.3520949917648,235.21945974689558,244.50993954869085,245.81104317722787,390.3234251517733,514.9239181129449,675.3498741115426,746.8828853962028
177,125,ep177_task125,test,35324,1.7103492011861507,high,0.999,16-28,26,26,22,24,6,0.041286129504442215,147.16168420912334,178.02904896425412,187.31952876604936,188.62063239458638,335.5971966344494,460.197689595621,620.6236455942187,692.156656878879
177,125,ep177_task125,test,35324,1.7103492011861507,high,0.999,16-28,26,26,23,24,6,0.05371740832924843,154.95147587178656,185.81884062691734,195.10932042871258,196.4104240572496,341.9069278812066,466.5074208423782,626.9333768409759,698.4663881256362
177,125,ep177_task125,test,35324,1.7103492011861507,high,0.999,16-28,26,26,24,24,6,0.04718015342950821,134.5043880802368,165.37175283536757,174.66223263716287,175.96333626569987,322.6659117732917,447.2664047344633,607.692360733061,679.2253720177213
177,125,ep177_task125,test,35324,1.7103492011861507,high,0.999,16-28,26,26,25,24,6,0.08659182488918304,194.6496883052101,225.51705306034088,234.80753286213616,236.10863649067318,382.46447573566394,507.06496869683554,667.4909246954333,739.0239359800935
177,125,ep177_task125,test,35324,1.7103492011861507,high,0.999,16-28,26,26,26,24,6,0.08375240862369537,181.9848624674496,212.85222722258038,222.14270702437562,223.44381065291267,372.2059668070779,496.8064597682495,657.2324157668472,728.7654270515075
177,125,ep177_task125,test,35324,1.7103492011861507,high,0.999,16-28,26,26,27,24,6,0.09152171015739441,194.6496883052101,225.51705306034088,234.80753286213616,236.10863649067318,382.46447573566394,507.06496869683554,667.4909246954333,739.0239359800935
177,138,ep177_task138,test,35337,0.0,low,0.9,16-28,28,28,0,25,5,0.008748121559619904,240.69527936153497,315.10582353814306,365.7124305736182,380.1163987623956,219.48760004894618,336.77389332386707,465.0918202581323,548.5615798487871
177,138,ep177_task138,test,35337,0.0,low,0.9,16-28,28,28,1,25,5,0.009124306961894035,241.9725519904042,316.3830961670123,366.9897032024874,381.39367139126483,220.41873179539186,337.70502507031273,466.022952004578,549.4927115952328
177,138,ep177_task138,test,35337,0.0,low,0.9,16-28,28,28,2,25,5,0.01314590685069561,250.49760488569572,324.90814906230383,375.51475609777896,389.91872428655626,230.93170455222722,348.2179978271481,476.5359247614134,560.0056843520682
177,138,ep177_task138,test,35337,0.0,low,0.9,16-28,28,28,3,25,5,0.011794669553637505,246.60881506861978,321.01935924522786,371.62596628070304,386.02993446948034,223.798567579411,341.0848608543319,469.40278778859715,552.872547379252
177,138,ep177_task138,test,35337,0.0,low,0.9,16-28,28,28,4,25,5,0.01519171055406332,241.4635127957714,315.8740569723795,366.4806640078546,380.88463219663197,223.4775390580086,340.7638323329295,469.0817592671948,552.5515188578496
177,138,ep177_task138,test,35337,0.0,low,0.9,16-28,28,28,5,25,5,0.020951243117451668,261.2969627851942,335.70750696180227,386.31411399727745,400.7180821860548,245.4269146575179,362.7132079324388,491.03113486670406,574.5008944573589
177,138,ep177_task138,test,35337,0.0,low,0.9,16-28,28,28,6,25,5,0.01801264099776745,260.9971733153094,335.4077174919175,386.0143245273926,400.41829271617,245.1571041346216,362.44339740954246,490.7613243438077,574.2310839344626
177,138,ep177_task138,test,35337,0.0,low,0.9,16-28,28,28,7,25,5,0.013579186983406544,241.9725519904042,316.3830961670123,366.9897032024874,381.39367139126483,220.41873179539186,337.70502507031273,466.022952004578,549.4927115952328
177,138,ep177_task138,test,35337,0.0,low,0.9,16-28,28,28,8,25,5,0.02478889748454094,250.49760488569572,324.90814906230383,375.51475609777896,389.91872428655626,230.93170455222722,348.2179978271481,476.5359247614134,560.0056843520682
177,138,ep177_task138,test,35337,0.0,low,0.9,16-28,28,28,9,25,5,0.01583249494433403,246.60881506861978,321.01935924522786,371.62596628070304,386.02993446948034,223.798567579411,341.0848608543319,469.40278778859715,552.872547379252
177,138,ep177_task138,test,35337,0.0,low,0.9,16-28,28,28,10,25,5,0.026784518733620644,241.4635127957714,315.8740569723795,366.4806640078546,380.88463219663197,223.4775390580086,340.7638323329295,469.0817592671948,552.5515188578496
177,138,ep177_task138,test,35337,0.0,low,0.9,16-28,28,28,11,25,5,0.03518237546086311,261.2969627851942,335.70750696180227,386.31411399727745,400.7180821860548,245.4269146575179,362.7132079324388,491.03113486670406,574.5008944573589
177,138,ep177_task138,test,35337,0.0,low,0.9,16-28,28,28,12,25,5,0.03118947520852089,260.9971733153094,335.4077174919175,386.0143245273926,400.41829271617,245.1571041346216,362.44339740954246,490.7613243438077,574.2310839344626
177,138,ep177_task138,test,35337,0.0,low,0.9,16-28,28,28,13,25,5,0.02397835999727249,250.49760488569572,324.90814906230383,375.51475609777896,389.91872428655626,230.93170455222722,348.2179978271481,476.5359247614134,560.0056843520682
177,138,ep177_task138,test,35337,0.0,low,0.9,16-28,28,28,14,25,5,0.01831352710723877,246.60881506861978,321.01935924522786,371.62596628070304,386.02993446948034,223.798567579411,341.0848608543319,469.40278778859715,552.872547379252
177,138,ep177_task138,test,35337,0.0,low,0.9,16-28,28,28,15,25,5,0.026504896581172943,241.4635127957714,315.8740569723795,366.4806640078546,380.88463219663197,223.4775390580086,340.7638323329295,469.0817592671948,552.5515188578496
177,138,ep177_task138,test,35337,0.0,low,0.9,16-28,28,28,16,25,5,0.037471503019332886,261.2969627851942,335.70750696180227,386.31411399727745,400.7180821860548,245.4269146575179,362.7132079324388,491.03113486670406,574.5008944573589
177,138,ep177_task138,test,35337,0.0,low,0.9,16-28,28,28,17,25,5,0.03128891810774803,260.9971733153094,335.4077174919175,386.0143245273926,400.41829271617,245.1571041346216,362.44339740954246,490.7613243438077,574.2310839344626
177,138,ep177_task138,test,35337,0.0,low,0.9,16-28,28,28,18,25,5,0.03129948675632477,250.49760488569572,324.90814906230383,375.51475609777896,389.91872428655626,230.93170455222722,348.2179978271481,476.5359247614134,560.0056843520682
177,138,ep177_task138,test,35337,0.0,low,0.9,16-28,28,28,19,25,5,0.0516316182911396,241.4635127957714,315.8740569723795,366.4806640078546,380.88463219663197,223.4775390580086,340.7638323329295,469.0817592671948,552.5515188578496
177,138,ep177_task138,test,35337,0.0,low,0.9,16-28,28,28,20,25,5,0.07470615208148956,261.2969627851942,335.70750696180227,386.31411399727745,400.7180821860548,245.4269146575179,362.7132079324388,491.03113486670406,574.5008944573589
177,138,ep177_task138,test,35337,0.0,low,0.9,16-28,28,28,21,25,5,0.05733444541692734,260.9971733153094,335.4077174919175,386.0143245273926,400.41829271617,245.1571041346216,362.44339740954246,490.7613243438077,574.2310839344626
177,138,ep177_task138,test,35337,0.0,low,0.9,16-28,28,28,22,25,5,0.0397665873169899,222.43442670314184,296.84497087975,347.4515779152251,361.85554610400237,208.24139272744094,325.52768600236186,453.84561293662716,537.315372527282
177,138,ep177_task138,test,35337,0.0,low,0.9,16-28,28,28,23,25,5,0.05461088940501213,261.2969627851942,335.70750696180227,386.31411399727745,400.7180821860548,245.4269146575179,362.7132079324388,491.03113486670406,574.5008944573589
177,138,ep177_task138,test,35337,0.0,low,0.9,16-28,28,28,24,25,5,0.04547163099050522,260.9971733153094,335.4077174919175,386.0143245273926,400.41829271617,245.1571041346216,362.44339740954246,490.7613243438077,574.2310839344626
177,138,ep177_task138,test,35337,0.0,low,0.9,16-28,28,28,25,25,5,0.08834460377693176,246.44584060767914,320.85638478428723,371.46299181976235,385.8669600085397,233.2609547923508,350.5472480672717,478.86517500153695,562.3349345921918
177,138,ep177_task138,test,35337,0.0,low,0.9,16-28,28,28,26,25,5,0.08164791017770767,246.14605113779433,320.55659531440244,371.1632023498775,385.5671705386549,232.99114426945445,350.27743754437535,478.5953644786406,562.0651240692954
177,138,ep177_task138,test,35337,0.0,low,0.9,16-28,28,28,27,25,5,0.09330391138792038,261.2969627851942,335.70750696180227,386.31411399727745,400.7180821860548,245.4269146575179,362.7132079324388,491.03113486670406,574.5008944573589
177,150,ep177_task150,test,35349,1.6233945643840406,medium,0.9,16-28,28,28,0,17,6,0.009215322323143482,263.2006480500757,417.82188462938154,489.6201431138118,501.87064367491314,184.33507669562323,404.9357131437487,542.5504176330448,609.9946760128466
177,150,ep177_task150,test,35349,1.6233945643840406,medium,0.9,16-28,28,28,1,17,6,0.009611175395548344,264.5340137116177,419.15525029092356,490.95350877535384,503.2040093364551,185.41510288147228,406.01573932959775,543.6304438188939,611.0747021986957
177,150,ep177_task150,test,35349,1.6233945643840406,medium,0.9,16-28,28,28,2,17,6,0.012387228198349476,255.9116400316468,410.53287661095266,482.331135095383,494.58163565648425,178.43098020069587,399.03161664882134,536.6463211381175,604.0905795179193
177,150,ep177_task150,test,35349,1.6233945643840406,medium,0.9,16-28,28,28,3,17,6,0.012427807785570621,269.67528098645687,424.2965175657627,496.09477605019305,508.34527661129425,189.579529374092,410.1801658222175,547.7948703115136,615.2391286913154
177,150,ep177_task150,test,35349,1.6233945643840406,medium,0.9,16-28,28,28,4,17,6,0.01597304455935955,249.42515562037946,404.0463921996853,475.84465068411555,488.0951512452169,171.1731446350662,391.7737810831917,529.3884855724879,596.8327439522897
177,150,ep177_task150,test,35349,1.6233945643840406,medium,0.9,16-28,28,28,5,17,6,0.020274946466088295,257.7185945382754,412.33983111758124,484.1380896020116,496.3885901631128,179.894613351065,400.4952497991905,538.1099542884866,605.5542126682884
177,150,ep177_task150,test,35349,1.6233945643840406,medium,0.9,16-28,28,28,6,17,6,0.01893351972103119,286.57530082407857,441.1965374033844,512.9947958878147,525.245296448916,210.89332926539117,431.4939657135167,569.1086702028127,636.5529285826145
177,150,ep177_task150,test,35349,1.6233945643840406,medium,0.9,16-28,28,28,7,17,6,0.0143361184746027,264.5340137116177,419.15525029092356,490.95350877535384,503.2040093364551,185.41510288147228,406.01573932959775,543.6304438188939,611.0747021986957
177,150,ep177_task150,test,35349,1.6233945643840406,medium,0.9,16-28,28,28,8,17,6,0.02341339737176895,263.2006480500757,417.82188462938154,489.6201431138118,501.87064367491314,184.33507669562323,404.9357131437487,542.5504176330448,609.9946760128466
177,150,ep177_task150,test,35349,1.6233945643840406,medium,0.9,16-28,28,28,9,17,6,0.01667170599102974,269.67528098645687,424.2965175657627,496.09477605019305,508.34527661129425,189.579529374092,410.1801658222175,547.7948703115136,615.2391286913154
177,150,ep177_task150,test,35349,1.6233945643840406,medium,0.9,16-28,28,28,10,17,6,0.028266698122024536,249.42515562037946,404.0463921996853,475.84465068411555,488.0951512452169,171.1731446350662,391.7737810831917,529.3884855724879,596.8327439522897
177,150,ep177_task150,test,35349,1.6233945643840406,medium,0.9,16-28,28,28,11,17,6,0.0341804176568985,263.2006480500757,417.82188462938154,489.6201431138118,501.87064367491314,184.33507669562323,404.9357131437487,542.5504176330448,609.9946760128466
177,150,ep177_task150,test,35349,1.6233945643840406,medium,0.9,16-28,28,28,12,17,6,0.0328279584646225,286.57530082407857,441.1965374033844,512.9947958878147,525.245296448916,210.89332926539117,431.4939657135167,569.1086702028127,636.5529285826145
177,150,ep177_task150,test,35349,1.6233945643840406,medium,0.9,16-28,28,28,13,17,6,0.022574808448553085,264.5340137116177,419.15525029092356,490.95350877535384,503.2040093364551,185.41510288147228,406.01573932959775,543.6304438188939,611.0747021986957
177,150,ep177_task150,test,35349,1.6233945643840406,medium,0.9,16-28,28,28,14,17,6,0.01932489685714245,269.67528098645687,424.2965175657627,496.09477605019305,508.34527661129425,189.579529374092,410.1801658222175,547.7948703115136,615.2391286913154
177,150,ep177_task150,test,35349,1.6233945643840406,medium,0.9,16-28,28,28,15,17,6,0.027967356145381927,249.42515562037946,404.0463921996853,475.84465068411555,488.0951512452169,171.1731446350662,391.7737810831917,529.3884855724879,596.8327439522897
177,150,ep177_task150,test,35349,1.6233945643840406,medium,0.9,16-28,28,28,16,17,6,0.036365509033203125,264.5340137116177,419.15525029092356,490.95350877535384,503.2040093364551,185.41510288147228,406.01573932959775,543.6304438188939,611.0747021986957
177,150,ep177_task150,test,35349,1.6233945643840406,medium,0.9,16-28,28,28,17,17,6,0.032985564321279526,286.57530082407857,441.1965374033844,512.9947958878147,525.245296448916,210.89332926539117,431.4939657135167,569.1086702028127,636.5529285826145
177,150,ep177_task150,test,35349,1.6233945643840406,medium,0.9,16-28,28,28,18,17,6,0.02940472774207592,269.67528098645687,424.2965175657627,496.09477605019305,508.34527661129425,189.579529374092,410.1801658222175,547.7948703115136,615.2391286913154
177,150,ep177_task150,test,35349,1.6233945643840406,medium,0.9,16-28,28,28,19,17,6,0.04874078184366226,249.42515562037946,404.0463921996853,475.84465068411555,488.0951512452169,171.1731446350662,391.7737810831917,529.3884855724879,596.8327439522897
177,150,ep177_task150,test,35349,1.6233945643840406,medium,0.9,16-28,28,28,20,17,6,0.0724923238158226,257.7185945382754,412.33983111758124,484.1380896020116,496.3885901631128,179.894613351065,400.4952497991905,538.1099542884866,605.5542126682884
177,150,ep177_task150,test,35349,1.6233945643840406,medium,0.9,16-28,28,28,21,17,6,0.05398353934288025,286.57530082407857,441.1965374033844,512.9947958878147,525.245296448916,210.89332926539117,431.4939657135167,569.1086702028127,636.5529285826145
177,150,ep177_task150,test,35349,1.6233945643840406,medium,0.9,16-28,28,28,22,17,6,0.042048968374729156,249.42515562037946,404.0463921996853,475.84465068411555,488.0951512452169,171.1731446350662,391.7737810831917,529.3884855724879,596.8327439522897
177,150,ep177_task150,test,35349,1.6233945643840406,medium,0.9,16-28,28,28,23,17,6,0.05311763286590576,269.67528098645687,424.2965175657627,496.09477605019305,508.34527661129425,189.579529374092,410.1801658222175,547.7948703115136,615.2391286913154
177,150,ep177_task150,test,35349,1.6233945643840406,medium,0.9,16-28,28,28,24,17,6,0.04799608513712883,286.57530082407857,441.1965374033844,512.9947958878147,525.245296448916,210.89332926539117,431.4939657135167,569.1086702028127,636.5529285826145
177,150,ep177_task150,test,35349,1.6233945643840406,medium,0.9,16-28,28,28,25,17,6,0.08672571182250977,249.42515562037946,404.0463921996853,475.84465068411555,488.0951512452169,171.1731446350662,391.7737810831917,529.3884855724879,596.8327439522897
177,150,ep177_task150,test,35349,1.6233945643840406,medium,0.9,16-28,28,28,26,17,6,0.08644162118434906,254.5909161943052,409.212152773611,481.01041125804136,493.2609118191426,175.82232915159938,396.4229655997249,534.037670089021,601.4819284688228
177,150,ep177_task150,test,35349,1.6233945643840406,medium,0.9,16-28,28,28,27,17,6,0.09131117165088654,286.57530082407857,441.1965374033844,512.9947958878147,525.245296448916,210.89332926539117,431.4939657135167,569.1086702028127,636.5529285826145
177,163,ep177_task163,test,35362,0.551794196309686,medium,0.9,16-28,28,28,0,26,5,0.00884898193180561,123.57519933031335,185.30352677101087,232.69185402564972,243.6887886771547,266.83671345924995,337.21338846829167,502.0849476680506,579.9943490002855
177,163,ep177_task163,test,35362,0.551794196309686,medium,0.9,16-28,28,28,1,26,5,0.00884520635008812,123.73639217792048,185.464719618618,232.85304687325686,243.8499815247618,266.99790630685703,337.37458131589875,502.2461405156576,580.1555418478926
177,163,ep177_task163,test,35362,0.551794196309686,medium,0.9,16-28,28,28,2,26,5,0.013341388665139675,133.75709360835398,195.4854210490515,242.87374830369032,253.8706829551953,277.01860773729055,347.39528274633227,512.2668419460912,590.1762432783261
177,163,ep177_task163,test,35362,0.551794196309686,medium,0.9,16-28,28,28,3,26,5,0.011962154880166054,127.05984302498528,188.7881704656828,236.17649772032166,247.1734323718266,270.32135715392184,340.69803216296356,505.5695913627224,583.4789926949574
177,163,ep177_task163,test,35362,0.551794196309686,medium,0.9,16-28,28,28,4,26,5,0.015401567332446575,138.55894546559847,200.28727290629598,247.67560016093483,258.6725348124399,281.82045959453507,352.1971346035768,517.0686938033357,594.9780951355706
177,163,ep177_task163,test,35362,0.551794196309686,medium,0.9,16-28,28,28,5,26,5,0.02126142755150795,144.6404997420629,206.3688271827604,253.75715443739927,264.7540890889043,287.9020138709995,358.2786888800412,523.1502480798001,601.059649412035
177,163,ep177_task163,test,35362,0.551794196309686,medium,0.9,16-28,28,28,6,26,5,0.01799064502120018,142.223049443998,203.95137688469552,251.33970413933434,262.33663879083934,285.4845635729346,355.8612385819763,520.7327977817353,598.6421991139702
177,163,ep177_task163,test,35362,0.551794196309686,medium,0.9,16-28,28,28,7,26,5,0.01316380500793457,123.73639217792048,185.464719618618,232.85304687325686,243.8499815247618,266.99790630685703,337.37458131589875,502.2461405156576,580.1555418478926
177,163,ep177_task163,test,35362,0.551794196309686,medium,0.9,16-28,28,28,8,26,5,0.02517734467983246,133.75709360835398,195.4854210490515,242.87374830369032,253.8706829551953,277.01860773729055,347.39528274633227,512.2668419460912,590.1762432783261
177,163,ep177_task163,test,35362,0.551794196309686,medium,0.9,16-28,28,28,9,26,5,0.016085827723145485,127.05984302498528,188.7881704656828,236.17649772032166,247.1734323718266,270.32135715392184,340.69803216296356,505.5695913627224,583.4789926949574
177,163,ep177_task163,test,35362,0.551794196309686,medium,0.9,16-28,28,28,10,26,5,0.027161188423633575,138.55894546559847,200.28727290629598,247.67560016093483,258.6725348124399,281.82045959453507,352.1971346035768,517.0686938033357,594.9780951355706
177,163,ep177_task163,test,35362,0.551794196309686,medium,0.9,16-28,28,28,11,26,5,0.035654716193675995,144.6404997420629,206.3688271827604,253.75715443739927,264.7540890889043,287.9020138709995,358.2786888800412,523.1502480798001,601.059649412035
177,163,ep177_task163,test,35362,0.551794196309686,medium,0.9,16-28,28,28,12,26,5,0.031187349930405617,142.223049443998,203.95137688469552,251.33970413933434,262.33663879083934,285.4845635729346,355.8612385819763,520.7327977817353,598.6421991139702
177,163,ep177_task163,test,35362,0.551794196309686,medium,0.9,16-28,28,28,13,26,5,0.023228038102388382,133.75709360835398,195.4854210490515,242.87374830369032,253.8706829551953,277.01860773729055,347.39528274633227,512.2668419460912,590.1762432783261
177,163,ep177_task163,test,35362,0.551794196309686,medium,0.9,16-28,28,28,14,26,5,0.01774025149643421,127.05984302498528,188.7881704656828,236.17649772032166,247.1734323718266,270.32135715392184,340.69803216296356,505.5695913627224,583.4789926949574
177,163,ep177_task163,test,35362,0.551794196309686,medium,0.9,16-28,28,28,15,26,5,0.025647731497883797,138.55894546559847,200.28727290629598,247.67560016093483,258.6725348124399,281.82045959453507,352.1971346035768,517.0686938033357,594.9780951355706
177,163,ep177_task163,test,35362,0.551794196309686,medium,0.9,16-28,28,28,16,26,5,0.03626399487257004,144.6404997420629,206.3688271827604,253.75715443739927,264.7540890889043,287.9020138709995,358.2786888800412,523.1502480798001,601.059649412035
177,163,ep177_task163,test,35362,0.551794196309686,medium,0.9,16-28,28,28,17,26,5,0.03031071461737156,142.223049443998,203.95137688469552,251.33970413933434,262.33663879083934,285.4845635729346,355.8612385819763,520.7327977817353,598.6421991139702
177,163,ep177_task163,test,35362,0.551794196309686,medium,0.9,16-28,28,28,18,26,5,0.031787846237421036,133.75709360835398,195.4854210490515,242.87374830369032,253.8706829551953,277.01860773729055,347.39528274633227,512.2668419460912,590.1762432783261
177,163,ep177_task163,test,35362,0.551794196309686,medium,0.9,16-28,28,28,19,26,5,0.05226197466254234,138.55894546559847,200.28727290629598,247.67560016093483,258.6725348124399,281.82045959453507,352.1971346035768,517.0686938033357,594.9780951355706
177,163,ep177_task163,test,35362,0.551794196309686,medium,0.9,16-28,28,28,20,26,5,0.07523076236248016,144.6404997420629,206.3688271827604,253.75715443739927,264.7540890889043,287.9020138709995,358.2786888800412,523.1502480798001,601.059649412035
177,163,ep177_task163,test,35362,0.551794196309686,medium,0.9,16-28,28,28,21,26,5,0.05728975310921669,142.223049443998,203.95137688469552,251.33970413933434,262.33663879083934,285.4845635729346,355.8612385819763,520.7327977817353,598.6421991139702
177,163,ep177_task163,test,35362,0.551794196309686,medium,0.9,16-28,28,28,22,26,5,0.04035302996635437,138.55894546559847,200.28727290629598,247.67560016093483,258.6725348124399,281.82045959453507,352.1971346035768,517.0686938033357,594.9780951355706
177,163,ep177_task163,test,35362,0.551794196309686,medium,0.9,16-28,28,28,23,26,5,0.05528600886464119,144.6404997420629,206.3688271827604,253.75715443739927,264.7540890889043,287.9020138709995,358.2786888800412,523.1502480798001,601.059649412035
177,163,ep177_task163,test,35362,0.551794196309686,medium,0.9,16-28,28,28,24,26,5,0.0455106757581234,142.223049443998,203.95137688469552,251.33970413933434,262.33663879083934,285.4845635729346,355.8612385819763,520.7327977817353,598.6421991139702
177,163,ep177_task163,test,35362,0.551794196309686,medium,0.9,16-28,28,28,25,26,5,0.08888594806194305,144.6404997420629,206.3688271827604,253.75715443739927,264.7540890889043,287.9020138709995,358.2786888800412,523.1502480798001,601.059649412035
177,163,ep177_task163,test,35362,0.551794196309686,medium,0.9,16-28,28,28,26,26,5,0.08124477416276932,142.223049443998,203.95137688469552,251.33970413933434,262.33663879083934,285.4845635729346,355.8612385819763,520.7327977817353,598.6421991139702
177,163,ep177_task163,test,35362,0.551794196309686,medium,0.9,16-28,28,28,27,26,5,0.09287682175636292,144.6404997420629,206.3688271827604,253.75715443739927,264.7540890889043,287.9020138709995,358.2786888800412,523.1502480798001,601.059649412035
177,175,ep177_task175,test,35374,2.969526956611319,high,0.9,16-28,28,28,0,11,6,0.009193266741931438,207.5028542168522,292.46188615353066,344.3519651837074,345.8135028309121,317.7608517770551,466.11130453869794,614.4488871031955,646.1554548052206
177,175,ep177_task175,test,35374,2.969526956611319,high,0.9,16-28,28,28,1,11,6,0.00954343006014824,209.8369700510329,294.79600198771135,346.6860810178881,348.1476186650928,319.65148560274145,468.0019383643843,616.3395209288818,648.046088630907
177,175,ep177_task175,test,35374,2.969526956611319,high,0.9,16-28,28,28,2,11,6,0.013585380278527737,216.07293208837078,301.03196402504926,352.92204305522597,354.38358070243066,324.7026148529851,473.05306761462793,621.3906501791255,653.0972178811506
177,175,ep177_task175,test,35374,2.969526956611319,high,0.9,16-28,28,28,3,11,6,0.01221275795251131,216.57413717268022,301.5331691093587,353.4232481395355,354.88478578674017,325.1085909712758,473.45904373291864,621.7966262974162,653.5031939994414
177,175,ep177_task175,test,35374,2.969526956611319,high,0.9,16-28,28,28,4,11,6,0.014358513988554478,188.61221316142885,273.57124509810734,325.46132412828405,326.92286177548874,299.4399502559236,447.7904030175664,596.127985582064,627.8345532840891
177,175,ep177_task175,test,35374,2.969526956611319,high,0.9,16-28,28,28,5,11,6,0.020991357043385506,205.45163240496674,290.4106643416452,342.30074337182197,343.76228101902666,315.45256405452386,463.8030168161667,612.1405993806642,643.8471670826893
177,175,ep177_task175,test,35374,2.969526956611319,high,0.9,16-28,28,28,6,11,6,0.018650082871317863,223.56964586063637,308.52867779731486,360.41875682749156,361.88029447469626,317.0085865966771,465.35903935831993,613.6966219228175,645.4031896248426
177,175,ep177_task175,test,35374,2.969526956611319,high,0.9,16-28,28,28,7,11,6,0.014929424971342087,213.20820363751054,298.167235574189,350.0573146043658,351.5188522515705,322.305972341646,470.6564251032888,618.9940076677864,650.7005753698115
177,175,ep177_task175,test,35374,2.969526956611319,high,0.9,16-28,28,28,8,11,6,0.026978079229593277,219.44416567484842,304.4031976115269,356.2932766417036,357.7548142889083,327.35710159188966,475.7075543535325,624.04513691803,655.7517046200552
177,175,ep177_task175,test,35374,2.969526956611319,high,0.9,16-28,28,28,9,11,6,0.017349595203995705,219.9453707591579,304.9044026958364,356.7944817260131,358.2560193732178,327.76307771018037,476.1135304718232,624.4511130363207,656.1576807383459
177,175,ep177_task175,test,35374,2.969526956611319,high,0.9,16-28,28,28,10,11,6,0.02461370825767517,210.87408780332984,295.8331197400083,347.7231987701851,349.1847364173898,320.41533851595966,468.7657912776025,617.1033738421,648.8099415441252
177,175,ep177_task175,test,35374,2.969526956611319,high,0.9,16-28,28,28,11,11,6,0.03449847176671028,208.8228659914444,293.7818979281229,345.6719769582996,347.1335146055043,318.1070507934284,466.45750355507124,614.7950861195687,646.5016538215939
177,175,ep177_task175,test,35374,2.969526956611319,high,0.9,16-28,28,28,12,11,6,0.0341954231262207,226.940879447114,311.89991138379247,363.7899904139692,365.2515280611739,319.66307333558166,468.0135260972245,616.351108661722,648.0576763637472
177,175,ep177_task175,test,35374,2.969526956611319,high,0.9,16-28,28,28,13,11,6,0.026066454127430916,219.44416567484842,304.4031976115269,356.2932766417036,357.7548142889083,327.35710159188966,475.7075543535325,624.04513691803,655.7517046200552
177,175,ep177_task175,test,35374,2.969526956611319,high,0.9,16-28,28,28,14,11,6,0.019993586465716362,219.9453707591579,304.9044026958364,356.7944817260131,358.2560193732178,327.76307771018037,476.1135304718232,624.4511130363207,656.1576807383459
177,175,ep177_task175,test,35374,2.969526956611319,high,0.9,16-28,28,28,15,11,6,0.02422785572707653,213.20820363751054,298.167235574189,350.0573146043658,351.5188522515705,322.305972341646,470.6564251032888,618.9940076677864,650.7005753698115
177,175,ep177_task175,test,35374,2.969526956611319,high,0.9,16-28,28,28,16,11,6,0.03659626469016075,210.90968202645922,295.8687139631377,347.75879299331444,349.22033064051914,319.79737178179045,468.1478245434333,616.4854071079308,648.1919748099559
177,175,ep177_task175,test,35374,2.969526956611319,high,0.9,16-28,28,28,17,11,6,0.03423711657524109,197.61760097356773,282.5766329102462,334.46671194042295,335.92824958762765,291.7697033039734,440.12015606561624,588.4577386301138,620.164306332139
177,175,ep177_task175,test,35374,2.969526956611319,high,0.9,16-28,28,28,18,11,6,0.03394728899002075,219.9453707591579,304.9044026958364,356.7944817260131,358.2560193732178,327.76307771018037,476.1135304718232,624.4511130363207,656.1576807383459
177,175,ep177_task175,test,35374,2.969526956611319,high,0.9,16-28,28,28,19,11,6,0.04715121164917946,219.44416567484842,304.4031976115269,356.2932766417036,357.7548142889083,327.35710159188966,475.7075543535325,624.04513691803,655.7517046200552
177,175,ep177_task175,test,35374,2.969526956611319,high,0.9,16-28,28,28,20,11,6,0.07389276474714279,217.1456440637971,302.1046760004756,353.99475503065236,355.45629267785705,324.8485010320341,473.19895379367694,621.5365363581744,653.2431040601996
177,175,ep177_task175,test,35374,2.969526956611319,high,0.9,16-28,28,28,21,11,6,0.06238178536295891,226.940879447114,311.89991138379247,363.7899904139692,365.2515280611739,319.66307333558166,468.0135260972245,616.351108661722,648.0576763637472
177,175,ep177_task175,test,35374,2.969526956611319,high,0.9,16-28,28,28,22,11,6,0.03610619157552719,219.9453707591579,304.9044026958364,356.7944817260131,358.2560193732178,327.76307771018037,476.1135304718232,624.4511130363207,656.1576807383459
177,175,ep177_task175,test,35374,2.969526956611319,high,0.9,16-28,28,28,23,11,6,0.053309980779886246,217.64684914810658,302.60588108478504,354.49596011496175,355.95749776216644,325.2544771503248,473.60492991196764,621.9425124764651,653.6490801784903
177,175,ep177_task175,test,35374,2.969526956611319,high,0.9,16-28,28,28,24,11,6,0.04936186969280243,226.940879447114,311.89991138379247,363.7899904139692,365.2515280611739,319.66307333558166,468.0135260972245,616.351108661722,648.0576763637472
177,175,ep177_task175,test,35374,2.969526956611319,high,0.9,16-28,28,28,25,11,6,0.08412154018878937,206.8043097953807,291.7633417320592,343.65342076223595,345.11495840944065,315.9040037656351,464.2544565272779,612.5920390917754,644.2986067938006
177,175,ep177_task175,test,35374,2.969526956611319,high,0.9,16-28,28,28,26,11,6,0.07557269185781479,226.940879447114,311.89991138379247,363.7899904139692,365.2515280611739,319.66307333558166,468.0135260972245,616.351108661722,648.0576763637472
177,175,ep177_task175,test,35374,2.969526956611319,high,0.9,16-28,28,28,27,11,6,0.09193393588066101,224.6423578360627,309.6013897727412,361.49146880291795,362.95300645012264,314.2793866066323,462.6298393682751,610.9674219327726,642.6739896347977
177,188,ep177_task188,test,35387,3.206009251478747,high,0.99,16-28,28,28,0,20,5,0.007823092862963676,209.84902347210166,252.75876003194585,254.7645649710398,254.7645649710398,358.0776994009082,546.8313402805445,592.4283299802311,592.4283299802311
177,188,ep177_task188,test,35387,3.206009251478747,high,0.99,16-28,28,28,1,20,5,0.00811819452792406,211.5197900354953,254.4295265953395,256.4353315344335,256.4353315344335,359.58138930796247,548.3350301875988,593.9320198872854,593.9320198872854
177,188,ep177_task188,test,35387,3.206009251478747,high,0.99,16-28,28,28,2,20,5,0.011554853990674019,222.72785076872503,265.6375873285693,267.6433922676633,267.6433922676633,378.4868859296899,567.2405268093262,612.8375165090127,612.8375165090127
177,188,ep177_task188,test,35387,3.206009251478747,high,0.99,16-28,28,28,3,20,5,0.010728804394602776,166.22823949388322,209.1379760537274,211.14378099282135,211.14378099282135,318.81899382051165,507.5726347001479,553.1696243998344,553.1696243998344
177,188,ep177_task188,test,35387,3.206009251478747,high,0.99,16-28,28,28,4,20,5,0.013255851343274117,230.1202505277427,273.02998708758696,275.03579202668095,275.03579202668095,385.87928568870757,574.6329265683439,620.2299162680305,620.2299162680305
177,188,ep177_task188,test,35387,3.206009251478747,high,0.99,16-28,28,28,5,20,5,0.018230218440294266,236.4254863257213,279.33522288556554,281.34102782465953,281.34102782465953,392.18452148668615,580.9381623663224,626.535152066009,626.535152066009
177,188,ep177_task188,test,35387,3.206009251478747,high,0.99,16-28,28,28,6,20,5,0.0156981460750103,213.18829601094288,256.0980325707871,258.1038375098811,258.1038375098811,361.0830446858653,549.8366855655016,595.4336752651882,595.4336752651882
177,188,ep177_task188,test,35387,3.206009251478747,high,0.99,16-28,28,28,7,20,5,0.014216332696378231,211.5197900354953,254.4295265953395,256.4353315344335,256.4353315344335,359.58138930796247,548.3350301875988,593.9320198872854,593.9320198872854
177,188,ep177_task188,test,35387,3.206009251478747,high,0.99,16-28,28,28,8,20,5,0.025896500796079636,222.72785076872503,265.6375873285693,267.6433922676633,267.6433922676633,378.4868859296899,567.2405268093262,612.8375165090127,612.8375165090127
177,188,ep177_task188,test,35387,3.206009251478747,high,0.99,16-28,28,28,9,20,5,0.014368376694619656,209.84902347210166,252.75876003194585,254.7645649710398,254.7645649710398,358.0776994009082,546.8313402805445,592.4283299802311,592.4283299802311
177,188,ep177_task188,test,35387,3.206009251478747,high,0.99,16-28,28,28,10,20,5,0.027836326509714127,230.1202505277427,273.02998708758696,275.03579202668095,275.03579202668095,385.87928568870757,574.6329265683439,620.2299162680305,620.2299162680305
177,188,ep177_task188,test,35387,3.206009251478747,high,0.99,16-28,28,28,11,20,5,0.036461327224969864,236.4254863257213,279.33522288556554,281.34102782465953,281.34102782465953,392.18452148668615,580.9381623663224,626.535152066009,626.535152066009
177,188,ep177_task188,test,35387,3.206009251478747,high,0.99,16-28,28,28,12,20,5,0.03224792703986168,213.18829601094288,256.0980325707871,258.1038375098811,258.1038375098811,361.0830446858653,549.8366855655016,595.4336752651882,595.4336752651882
177,188,ep177_task188,test,35387,3.206009251478747,high,0.99,16-28,28,28,13,20,5,0.02509671077132225,222.72785076872503,265.6375873285693,267.6433922676633,267.6433922676633,378.4868859296899,567.2405268093262,612.8375165090127,612.8375165090127
177,188,ep177_task188,test,35387,3.206009251478747,high,0.99,16-28,28,28,14,20,5,0.016615672037005424,211.5197900354953,254.4295265953395,256.4353315344335,256.4353315344335,359.58138930796247,548.3350301875988,593.9320198872854,593.9320198872854
177,188,ep177_task188,test,35387,3.206009251478747,high,0.99,16-28,28,28,15,20,5,0.02758040279150009,230.1202505277427,273.02998708758696,275.03579202668095,275.03579202668095,385.87928568870757,574.6329265683439,620.2299162680305,620.2299162680305
177,188,ep177_task188,test,35387,3.206009251478747,high,0.99,16-28,28,28,16,20,5,0.03893627971410751,236.4254863257213,279.33522288556554,281.34102782465953,281.34102782465953,392.18452148668615,580.9381623663224,626.535152066009,626.535152066009
177,188,ep177_task188,test,35387,3.206009251478747,high,0.99,16-28,28,28,17,20,5,0.03243532404303551,213.18829601094288,256.0980325707871,258.1038375098811,258.1038375098811,361.0830446858653,549.8366855655016,595.4336752651882,595.4336752651882
177,188,ep177_task188,test,35387,3.206009251478747,high,0.99,16-28,28,28,18,20,5,0.028457066044211388,222.72785076872503,265.6375873285693,267.6433922676633,267.6433922676633,378.4868859296899,567.2405268093262,612.8375165090127,612.8375165090127
177,188,ep177_task188,test,35387,3.206009251478747,high,0.99,16-28,28,28,19,20,5,0.05398935452103615,230.1202505277427,273.02998708758696,275.03579202668095,275.03579202668095,385.87928568870757,574.6329265683439,620.2299162680305,620.2299162680305
177,188,ep177_task188,test,35387,3.206009251478747,high,0.99,16-28,28,28,20,20,5,0.07809887826442719,236.4254863257213,279.33522288556554,281.34102782465953,281.34102782465953,392.18452148668615,580.9381623663224,626.535152066009,626.535152066009
177,188,ep177_task188,test,35387,3.206009251478747,high,0.99,16-28,28,28,21,20,5,0.0595359280705452,222.72785076872503,265.6375873285693,267.6433922676633,267.6433922676633,378.4868859296899,567.2405268093262,612.8375165090127,612.8375165090127
177,188,ep177_task188,test,35387,3.206009251478747,high,0.99,16-28,28,28,22,20,5,0.035991083830595016,230.1202505277427,273.02998708758696,275.03579202668095,275.03579202668095,385.87928568870757,574.6329265683439,620.2299162680305,620.2299162680305
177,188,ep177_task188,test,35387,3.206009251478747,high,0.99,16-28,28,28,23,20,5,0.049771036952733994,236.4254863257213,279.33522288556554,281.34102782465953,281.34102782465953,392.18452148668615,580.9381623663224,626.535152066009,626.535152066009
177,188,ep177_task188,test,35387,3.206009251478747,high,0.99,16-28,28,28,24,20,5,0.04105006530880928,213.18829601094288,256.0980325707871,258.1038375098811,258.1038375098811,361.0830446858653,549.8366855655016,595.4336752651882,595.4336752651882
177,188,ep177_task188,test,35387,3.206009251478747,high,0.99,16-28,28,28,25,20,5,0.09299575537443161,236.4254863257213,279.33522288556554,281.34102782465953,281.34102782465953,392.18452148668615,580.9381623663224,626.535152066009,626.535152066009
177,188,ep177_task188,test,35387,3.206009251478747,high,0.99,16-28,28,28,26,20,5,0.08523749560117722,230.1202505277427,273.02998708758696,275.03579202668095,275.03579202668095,385.87928568870757,574.6329265683439,620.2299162680305,620.2299162680305
177,188,ep177_task188,test,35387,3.206009251478747,high,0.99,16-28,28,28,27,20,5,0.0977730005979538,236.4254863257213,279.33522288556554,281.34102782465953,281.34102782465953,392.18452148668615,580.9381623663224,626.535152066009,626.535152066009
177,200,ep177_task200,test,35399,0.0,low,0.9999,1-5,3,3,25,27,26,0.33668792247772217,46.38180042338376,46.38180042338376,46.38180042338376,46.38180042338376,46.38180042338376,46.38180042338376,46.38180042338376,46.38180042338376
177,200,ep177_task200,test,35399,0.0,low,0.9999,1-5,3,3,26,27,26,0.30730774998664856,47.29920454519399,47.29920454519399,47.29920454519399,47.29920454519399,47.29920454519399,47.29920454519399,47.29920454519399,47.29920454519399
177,200,ep177_task200,test,35399,0.0,low,0.9999,1-5,3,3,27,27,26,0.35600435733795166,47.29920454519399,47.29920454519399,47.29920454519399,47.29920454519399,47.29920454519399,47.29920454519399,47.29920454519399,47.29920454519399
