episode,task_id,state_id,split,dataset_index,max_backlog,load,requirement,safe_set_bin,safe_set_size,effective_set_size,action_index,selected_action,myopic_action,probability,q_h5,q_h10,q_h20,q_h50,legacy_q_h5,legacy_q_h10,legacy_q_h20,legacy_q_h50
146,1,ep146_task001,test,29000,0.0,low,0.99,16-28,28,28,0,14,5,0.008819740265607834,292.3550658193168,327.455991565088,337.4150702397041,338.4189212777297,306.24883310795434,459.64395571956385,606.3286635844562,682.2876339434188
146,1,ep146_task001,test,29000,0.0,low,0.99,16-28,28,28,1,14,5,0.009224295616149902,286.9145992714343,322.01552501720556,331.9746036918217,332.9784547298472,300.80836656007193,454.20348917168144,600.8881970365738,676.8471673955364
146,1,ep146_task001,test,29000,0.0,low,0.99,16-28,28,28,2,14,5,0.013307584449648857,304.9903196336794,340.09124537945064,350.0503240540668,351.05417509209235,318.884086922317,472.2792095339265,618.9639173988189,694.9228877577816
146,1,ep146_task001,test,29000,0.0,low,0.99,16-28,28,28,3,14,5,0.011946271173655987,281.97220117489775,317.073126920669,327.0322055952851,328.0360566333107,295.86596846353535,449.26109107514486,595.9457989400372,671.9047692989998
146,1,ep146_task001,test,29000,0.0,low,0.99,16-28,28,28,4,14,5,0.015284745953977108,303.66285578730003,338.76378153307127,348.7228602076874,349.726711245713,317.55662307593764,470.95174568754715,617.6364535524395,693.5954239114021
146,1,ep146_task001,test,29000,0.0,low,0.99,16-28,28,28,5,14,5,0.02107071503996849,316.46116508750987,351.5620908332811,361.52116950789724,362.5250205459228,330.3549323761475,483.750054987757,630.4347628526493,706.393733211612
146,1,ep146_task001,test,29000,0.0,low,0.99,16-28,28,28,6,14,5,0.017948832362890244,302.4038372574359,337.50476300320713,347.4638416778232,348.4676927158488,316.2976045460735,469.692727157683,616.3774350225754,692.336405381538
146,1,ep146_task001,test,29000,0.0,low,0.99,16-28,28,28,7,14,5,0.013798289932310581,292.3550658193168,327.455991565088,337.4150702397041,338.4189212777297,306.24883310795434,459.64395571956385,606.3286635844562,682.2876339434188
146,1,ep146_task001,test,29000,0.0,low,0.99,16-28,28,28,8,14,5,0.025107216089963913,304.9903196336794,340.09124537945064,350.0503240540668,351.05417509209235,318.884086922317,472.2792095339265,618.9639173988189,694.9228877577816
146,1,ep146_task001,test,29000,0.0,low,0.99,16-28,28,28,9,14,5,0.016073886305093765,292.3550658193168,327.455991565088,337.4150702397041,338.4189212777297,306.24883310795434,459.64395571956385,606.3286635844562,682.2876339434188
146,1,ep146_task001,test,29000,0.0,low,0.99,16-28,28,28,10,14,5,0.02687707170844078,303.66285578730003,338.76378153307127,348.7228602076874,349.726711245713,317.55662307593764,470.95174568754715,617.6364535524395,693.5954239114021
146,1,ep146_task001,test,29000,0.0,low,0.99,16-28,28,28,11,14,5,0.03516850993037224,316.46116508750987,351.5620908332811,361.52116950789724,362.5250205459228,330.3549323761475,483.750054987757,630.4347628526493,706.393733211612
146,1,ep146_task001,test,29000,0.0,low,0.99,16-28,28,28,12,14,5,0.031026581302285194,302.4038372574359,337.50476300320713,347.4638416778232,348.4676927158488,316.2976045460735,469.692727157683,616.3774350225754,692.336405381538
146,1,ep146_task001,test,29000,0.0,low,0.99,16-28,28,28,13,14,5,0.02442224510014057,304.9903196336794,340.09124537945064,350.0503240540668,351.05417509209235,318.884086922317,472.2792095339265,618.9639173988189,694.9228877577816
146,1,ep146_task001,test,29000,0.0,low,0.99,16-28,28,28,14,14,5,0.01864354871213436,286.9145992714343,322.01552501720556,331.9746036918217,332.9784547298472,300.80836656007193,454.20348917168144,600.8881970365738,676.8471673955364
146,1,ep146_task001,test,29000,0.0,low,0.99,16-28,28,28,15,14,5,0.0267647635191679,303.66285578730003,338.76378153307127,348.7228602076874,349.726711245713,317.55662307593764,470.95174568754715,617.6364535524395,693.5954239114021
146,1,ep146_task001,test,29000,0.0,low,0.99,16-28,28,28,16,14,5,0.037738148123025894,316.46116508750987,351.5620908332811,361.52116950789724,362.5250205459228,330.3549323761475,483.750054987757,630.4347628526493,706.393733211612
146,1,ep146_task001,test,29000,0.0,low,0.99,16-28,28,28,17,14,5,0.03122454695403576,302.4038372574359,337.50476300320713,347.4638416778232,348.4676927158488,316.2976045460735,469.692727157683,616.3774350225754,692.336405381538
146,1,ep146_task001,test,29000,0.0,low,0.99,16-28,28,28,18,14,5,0.031890273094177246,304.9903196336794,340.09124537945064,350.0503240540668,351.05417509209235,318.884086922317,472.2792095339265,618.9639173988189,694.9228877577816
146,1,ep146_task001,test,29000,0.0,low,0.99,16-28,28,28,19,14,5,0.05174010619521141,304.9903196336794,340.09124537945064,350.0503240540668,351.05417509209235,318.884086922317,472.2792095339265,618.9639173988189,694.9228877577816
146,1,ep146_task001,test,29000,0.0,low,0.99,16-28,28,28,20,14,5,0.07362302392721176,316.46116508750987,351.5620908332811,361.52116950789724,362.5250205459228,330.3549323761475,483.750054987757,630.4347628526493,706.393733211612
146,1,ep146_task001,test,29000,0.0,low,0.99,16-28,28,28,21,14,5,0.05704217031598091,304.9903196336794,340.09124537945064,350.0503240540668,351.05417509209235,318.884086922317,472.2792095339265,618.9639173988189,694.9228877577816
146,1,ep146_task001,test,29000,0.0,low,0.99,16-28,28,28,22,14,5,0.04023901745676994,303.66285578730003,338.76378153307127,348.7228602076874,349.726711245713,317.55662307593764,470.95174568754715,617.6364535524395,693.5954239114021
146,1,ep146_task001,test,29000,0.0,low,0.99,16-28,28,28,23,14,5,0.055042117834091187,316.46116508750987,351.5620908332811,361.52116950789724,362.5250205459228,330.3549323761475,483.750054987757,630.4347628526493,706.393733211612
146,1,ep146_task001,test,29000,0.0,low,0.99,16-28,28,28,24,14,5,0.04557676985859871,302.4038372574359,337.50476300320713,347.4638416778232,348.4676927158488,316.2976045460735,469.692727157683,616.3774350225754,692.336405381538
146,1,ep146_task001,test,29000,0.0,low,0.99,16-28,28,28,25,14,5,0.08753500133752823,316.46116508750987,351.5620908332811,361.52116950789724,362.5250205459228,330.3549323761475,483.750054987757,630.4347628526493,706.393733211612
146,1,ep146_task001,test,29000,0.0,low,0.99,16-28,28,28,26,14,5,0.08042433112859726,303.66285578730003,338.76378153307127,348.7228602076874,349.726711245713,317.55662307593764,470.95174568754715,617.6364535524395,693.5954239114021
146,1,ep146_task001,test,29000,0.0,low,0.99,16-28,28,28,27,14,5,0.09244013577699661,316.46116508750987,351.5620908332811,361.52116950789724,362.5250205459228,330.3549323761475,483.750054987757,630.4347628526493,706.393733211612
146,13,ep146_task013,test,29012,2.055341892758835,high,0.999,16-28,26,26,2,10,5,0.012459533289074898,394.4921807965401,458.90522603967077,497.8517674821492,503.8041062761136,385.4325151560013,484.3526539758944,629.4375521075011,709.1178655739974
146,13,ep146_task013,test,29012,2.055341892758835,high,0.999,16-28,26,26,3,10,5,0.011022334918379784,410.8841766454313,475.297221888562,514.2437633310404,520.1961021250048,403.1297000144771,502.04983883437023,647.134736965977,726.8150504324732
146,13,ep146_task013,test,29012,2.055341892758835,high,0.999,16-28,26,26,4,10,5,0.014029747806489468,424.8769810809106,489.29002632404126,528.2365677665199,534.1889065604842,414.46387160721537,513.3840104271085,658.4689085587153,738.1492220252115
146,13,ep146_task013,test,29012,2.055341892758835,high,0.999,16-28,26,26,5,10,5,0.01929708570241928,432.22260713586115,496.63565237899184,535.5821938214704,541.5345326154346,420.4138287117252,519.3339675316183,664.4188656632251,744.0991791297214
146,13,ep146_task013,test,29012,2.055341892758835,high,0.999,16-28,26,26,6,10,5,0.016567183658480644,393.6828827741335,458.09592801726416,497.0424694597426,502.994808253707,379.3509375019638,478.2710763218569,623.3559744534637,703.0362879199598
146,13,ep146_task013,test,29012,2.055341892758835,high,0.999,16-28,26,26,7,10,5,0.014443418011069298,407.8008274143931,472.2138726575238,511.1604141000023,517.1127528939666,400.6321871373362,499.5523259572293,644.6372240888361,724.3175375553323
146,13,ep146_task013,test,29012,2.055341892758835,high,0.999,16-28,26,26,8,10,5,0.024146422743797302,407.64360932277685,472.05665456590754,511.003196008386,516.9555348023504,400.504840483127,499.4249793030201,644.5098774346269,724.1901909011232
146,13,ep146_task013,test,29012,2.055341892758835,high,0.999,16-28,26,26,9,10,5,0.01675061509013176,410.8841766454313,475.297221888562,514.2437633310404,520.1961021250048,403.1297000144771,502.04983883437023,647.134736965977,726.8150504324732
146,13,ep146_task013,test,29012,2.055341892758835,high,0.999,16-28,26,26,10,10,5,0.02797042205929756,424.8769810809106,489.29002632404126,528.2365677665199,534.1889065604842,414.46387160721537,513.3840104271085,658.4689085587153,738.1492220252115
146,13,ep146_task013,test,29012,2.055341892758835,high,0.999,16-28,26,26,11,10,5,0.03662027418613434,432.22260713586115,496.63565237899184,535.5821938214704,541.5345326154346,420.4138287117252,519.3339675316183,664.4188656632251,744.0991791297214
146,13,ep146_task013,test,29012,2.055341892758835,high,0.999,16-28,26,26,12,10,5,0.03235359117388725,393.6828827741335,458.09592801726416,497.0424694597426,502.994808253707,379.3509375019638,478.2710763218569,623.3559744534637,703.0362879199598
146,13,ep146_task013,test,29012,2.055341892758835,high,0.999,16-28,26,26,13,10,5,0.023462416604161263,407.8008274143931,472.2138726575238,511.1604141000023,517.1127528939666,400.6321871373362,499.5523259572293,644.6372240888361,724.3175375553323
146,13,ep146_task013,test,29012,2.055341892758835,high,0.999,16-28,26,26,14,10,5,0.01942007802426815,410.8841766454313,475.297221888562,514.2437633310404,520.1961021250048,403.1297000144771,502.04983883437023,647.134736965977,726.8150504324732
146,13,ep146_task013,test,29012,2.055341892758835,high,0.999,16-28,26,26,15,10,5,0.02783108502626419,424.8769810809106,489.29002632404126,528.2365677665199,534.1889065604842,414.46387160721537,513.3840104271085,658.4689085587153,738.1492220252115
146,13,ep146_task013,test,29012,2.055341892758835,high,0.999,16-28,26,26,16,10,5,0.03934513032436371,432.22260713586115,496.63565237899184,535.5821938214704,541.5345326154346,420.4138287117252,519.3339675316183,664.4188656632251,744.0991791297214
146,13,ep146_task013,test,29012,2.055341892758835,high,0.999,16-28,26,26,17,10,5,0.032560091465711594,393.6828827741335,458.09592801726416,497.0424694597426,502.994808253707,379.3509375019638,478.2710763218569,623.3559744534637,703.0362879199598
146,13,ep146_task013,test,29012,2.055341892758835,high,0.999,16-28,26,26,18,10,5,0.030651675537228584,410.8841766454313,475.297221888562,514.2437633310404,520.1961021250048,403.1297000144771,502.04983883437023,647.134736965977,726.8150504324732
146,13,ep146_task013,test,29012,2.055341892758835,high,0.999,16-28,26,26,19,10,5,0.05006326362490654,424.8769810809106,489.29002632404126,528.2365677665199,534.1889065604842,414.46387160721537,513.3840104271085,658.4689085587153,738.1492220252115
146,13,ep146_task013,test,29012,2.055341892758835,high,0.999,16-28,26,26,20,10,5,0.07222644239664078,432.22260713586115,496.63565237899184,535.5821938214704,541.5345326154346,420.4138287117252,519.3339675316183,664.4188656632251,744.0991791297214
146,13,ep146_task013,test,29012,2.055341892758835,high,0.999,16-28,26,26,21,10,5,0.055282704532146454,393.6828827741335,458.09592801726416,497.0424694597426,502.994808253707,379.3509375019638,478.2710763218569,623.3559744534637,703.0362879199598
146,13,ep146_task013,test,29012,2.055341892758835,high,0.999,16-28,26,26,22,10,5,0.041993528604507446,424.8769810809106,489.29002632404126,528.2365677665199,534.1889065604842,414.46387160721537,513.3840104271085,658.4689085587153,738.1492220252115
146,13,ep146_task013,test,29012,2.055341892758835,high,0.999,16-28,26,26,23,10,5,0.057904843240976334,432.22260713586115,496.63565237899184,535.5821938214704,541.5345326154346,420.4138287117252,519.3339675316183,664.4188656632251,744.0991791297214
146,13,ep146_task013,test,29012,2.055341892758835,high,0.999,16-28,26,26,24,10,5,0.047529466450214386,393.6828827741335,458.09592801726416,497.0424694597426,502.994808253707,379.3509375019638,478.2710763218569,623.3559744534637,703.0362879199598
146,13,ep146_task013,test,29012,2.055341892758835,high,0.999,16-28,26,26,25,10,5,0.09303133934736252,432.22260713586115,496.63565237899184,535.5821938214704,541.5345326154346,420.4138287117252,519.3339675316183,664.4188656632251,744.0991791297214
146,13,ep146_task013,test,29012,2.055341892758835,high,0.999,16-28,26,26,26,10,5,0.08497247099876404,360.79329569571007,425.20634093884075,464.1528823813193,470.10522117528365,346.87961923554803,445.79975805544115,590.8846561870479,670.5649696535442
146,13,ep146_task013,test,29012,2.055341892758835,high,0.999,16-28,26,26,27,10,5,0.09806478768587112,397.17045357481123,461.5834988179419,500.5300402604204,506.48237905438475,382.17586985051275,481.09600867040587,626.1809068020126,705.8612202685089
146,26,ep146_task026,test,29025,0.0,low,0.9999,16-28,17,17,6,21,11,0.022951653227210045,240.47559637706743,317.8721712960056,361.25723849668276,368.0535808263088,229.97915894525374,365.85962998666616,548.0832845508387,610.0559403144036
146,26,ep146_task026,test,29025,0.0,low,0.9999,16-28,17,17,8,21,11,0.03174256533384323,235.7087221246488,313.105297043587,356.49036424426413,363.28670657389017,225.68897211807698,361.5694431594894,543.793097723662,605.7657534872269
146,26,ep146_task026,test,29025,0.0,low,0.9999,16-28,17,17,9,21,11,0.020758116617798805,225.09773807037138,302.49431298930955,345.8793801899867,352.67572251961275,211.25956190994876,347.14003295136115,529.3636875155337,591.3363432790986
146,26,ep146_task026,test,29025,0.0,low,0.9999,16-28,17,17,10,21,11,0.0337766595184803,238.55310742076418,315.94968233970235,359.3347495403795,366.13109187000555,228.2489188845808,364.1293899259932,546.3530444901658,608.3257002537307
146,26,ep146_task026,test,29025,0.0,low,0.9999,16-28,17,17,11,21,11,0.04399975389242172,239.46294789040405,316.8595228093422,360.2445900100194,367.04093233964545,229.45917864625392,365.33964968766634,547.5633042518389,609.5359600154038
146,26,ep146_task026,test,29025,0.0,low,0.9999,16-28,17,17,12,21,11,0.03890189528465271,240.47559637706743,317.8721712960056,361.25723849668276,368.0535808263088,229.97915894525374,365.85962998666616,548.0832845508387,610.0559403144036
146,26,ep146_task026,test,29025,0.0,low,0.9999,16-28,17,17,17,21,11,0.03914068266749382,240.47559637706743,317.8721712960056,361.25723849668276,368.0535808263088,229.97915894525374,365.85962998666616,548.0832845508387,610.0559403144036
146,26,ep146_task026,test,29025,0.0,low,0.9999,16-28,17,17,18,21,11,0.0407387837767601,235.7087221246488,313.105297043587,356.49036424426413,363.28670657389017,225.68897211807698,361.5694431594894,543.793097723662,605.7657534872269
146,26,ep146_task026,test,29025,0.0,low,0.9999,16-28,17,17,19,21,11,0.0644274652004242,238.55310742076418,315.94968233970235,359.3347495403795,366.13109187000555,228.2489188845808,364.1293899259932,546.3530444901658,608.3257002537307
146,26,ep146_task026,test,29025,0.0,low,0.9999,16-28,17,17,20,21,11,0.09067174792289734,239.46294789040405,316.8595228093422,360.2445900100194,367.04093233964545,229.45917864625392,365.33964968766634,547.5633042518389,609.5359600154038
146,26,ep146_task026,test,29025,0.0,low,0.9999,16-28,17,17,21,21,11,0.07096973806619644,240.47559637706743,317.8721712960056,361.25723849668276,368.0535808263088,229.97915894525374,365.85962998666616,548.0832845508387,610.0559403144036
146,26,ep146_task026,test,29025,0.0,low,0.9999,16-28,17,17,22,21,11,0.050788745284080505,238.55310742076418,315.94968233970235,359.3347495403795,366.13109187000555,228.2489188845808,364.1293899259932,546.3530444901658,608.3257002537307
146,26,ep146_task026,test,29025,0.0,low,0.9999,16-28,17,17,23,21,11,0.06987474858760834,239.46294789040405,316.8595228093422,360.2445900100194,367.04093233964545,229.45917864625392,365.33964968766634,547.5633042518389,609.5359600154038
146,26,ep146_task026,test,29025,0.0,low,0.9999,16-28,17,17,24,21,11,0.0570116750895977,240.47559637706743,317.8721712960056,361.25723849668276,368.0535808263088,229.97915894525374,365.85962998666616,548.0832845508387,610.0559403144036
146,26,ep146_task026,test,29025,0.0,low,0.9999,16-28,17,17,25,21,11,0.10921034216880798,239.46294789040405,316.8595228093422,360.2445900100194,367.04093233964545,229.45917864625392,365.33964968766634,547.5633042518389,609.5359600154038
146,26,ep146_task026,test,29025,0.0,low,0.9999,16-28,17,17,26,21,11,0.09954403340816498,240.47559637706743,317.8721712960056,361.25723849668276,368.0535808263088,229.97915894525374,365.85962998666616,548.0832845508387,610.0559403144036
146,26,ep146_task026,test,29025,0.0,low,0.9999,16-28,17,17,27,21,11,0.11549137532711029,239.46294789040405,316.8595228093422,360.2445900100194,367.04093233964545,229.45917864625392,365.33964968766634,547.5633042518389,609.5359600154038
146,38,ep146_task038,test,29037,0.0,low,0.99,16-28,28,28,0,20,5,0.008769957348704338,231.53825972259062,324.10894193164773,391.3594686876455,409.3003958767896,397.7191172194864,548.3881833108564,685.1096995180096,754.9931299022542
146,38,ep146_task038,test,29037,0.0,low,0.99,16-28,28,28,1,20,5,0.009159996174275875,230.67855068931416,323.2492328983713,390.4997596543691,408.44068684351316,396.9453790895376,547.6144451809076,684.3359613880608,754.2193917723054
146,38,ep146_task038,test,29037,0.0,low,0.99,16-28,28,28,2,20,5,0.013214568607509136,242.89224257645535,335.4629247855125,402.71345154151027,420.65437873065434,407.93770178796467,558.6067678793347,695.3282840864879,765.2117144707324
146,38,ep146_task038,test,29037,0.0,low,0.99,16-28,28,28,3,20,5,0.011857936158776283,231.88568657416096,324.45636878321807,391.7068955392159,409.64782272835987,398.0318013858997,548.7008674772698,685.4223836844229,755.3058140686675
146,38,ep146_task038,test,29037,0.0,low,0.99,16-28,28,28,4,20,5,0.015204248018562794,238.13461391709856,330.7052961261557,397.9558228821535,415.8967500712975,403.6558359945435,554.3249020859135,691.0464182930667,760.9298486773113
146,38,ep146_task038,test,29037,0.0,low,0.99,16-28,28,28,5,20,5,0.02099272422492504,244.3908357276225,336.9615179366796,404.2120446926774,422.1529718818215,409.2864356240151,559.9555017153851,696.6770179225383,766.5604483067829
146,38,ep146_task038,test,29037,0.0,low,0.99,16-28,28,28,6,20,5,0.017916273325681686,234.95446571671903,327.52514792577614,394.7756746817739,412.716601870918,400.5399465868958,551.2090126782658,687.930528885419,757.8139592696635
146,38,ep146_task038,test,29037,0.0,low,0.99,16-28,28,28,7,20,5,0.013683073222637177,231.53825972259062,324.10894193164773,391.3594686876455,409.3003958767896,397.7191172194864,548.3881833108564,685.1096995180096,754.9931299022542
146,38,ep146_task038,test,29037,0.0,low,0.99,16-28,28,28,8,20,5,0.024933740496635437,242.89224257645535,335.4629247855125,402.71345154151027,420.65437873065434,407.93770178796467,558.6067678793347,695.3282840864879,765.2117144707324
146,38,ep146_task038,test,29037,0.0,low,0.99,16-28,28,28,9,20,5,0.01594654843211174,231.88568657416096,324.45636878321807,391.7068955392159,409.64782272835987,398.0318013858997,548.7008674772698,685.4223836844229,755.3058140686675
146,38,ep146_task038,test,29037,0.0,low,0.99,16-28,28,28,10,20,5,0.02676229551434517,238.13461391709856,330.7052961261557,397.9558228821535,415.8967500712975,403.6558359945435,554.3249020859135,691.0464182930667,760.9298486773113
146,38,ep146_task038,test,29037,0.0,low,0.99,16-28,28,28,11,20,5,0.03510776907205582,244.3908357276225,336.9615179366796,404.2120446926774,422.1529718818215,409.2864356240151,559.9555017153851,696.6770179225383,766.5604483067829
146,38,ep146_task038,test,29037,0.0,low,0.99,16-28,28,28,12,20,5,0.03100125677883625,234.95446571671903,327.52514792577614,394.7756746817739,412.716601870918,400.5399465868958,551.2090126782658,687.930528885419,757.8139592696635
146,38,ep146_task038,test,29037,0.0,low,0.99,16-28,28,28,13,20,5,0.02423427253961563,242.89224257645535,335.4629247855125,402.71345154151027,420.65437873065434,407.93770178796467,558.6067678793347,695.3282840864879,765.2117144707324
146,38,ep146_task038,test,29037,0.0,low,0.99,16-28,28,28,14,20,5,0.01848217472434044,231.88568657416096,324.45636878321807,391.7068955392159,409.64782272835987,398.0318013858997,548.7008674772698,685.4223836844229,755.3058140686675
146,38,ep146_task038,test,29037,0.0,low,0.99,16-28,28,28,15,20,5,0.026608049869537354,238.13461391709856,330.7052961261557,397.9558228821535,415.8967500712975,403.6558359945435,554.3249020859135,691.0464182930667,760.9298486773113
146,38,ep146_task038,test,29037,0.0,low,0.99,16-28,28,28,16,20,5,0.037641484290361404,244.3908357276225,336.9615179366796,404.2120446926774,422.1529718818215,409.2864356240151,559.9555017153851,696.6770179225383,766.5604483067829
146,38,ep146_task038,test,29037,0.0,low,0.99,16-28,28,28,17,20,5,0.031160829588770866,234.95446571671903,327.52514792577614,394.7756746817739,412.716601870918,400.5399465868958,551.2090126782658,687.930528885419,757.8139592696635
146,38,ep146_task038,test,29037,0.0,low,0.99,16-28,28,28,18,20,5,0.03169112652540207,242.89224257645535,335.4629247855125,402.71345154151027,420.65437873065434,407.93770178796467,558.6067678793347,695.3282840864879,765.2117144707324
146,38,ep146_task038,test,29037,0.0,low,0.99,16-28,28,28,19,20,5,0.0516994446516037,242.89224257645535,335.4629247855125,402.71345154151027,420.65437873065434,407.93770178796467,558.6067678793347,695.3282840864879,765.2117144707324
146,38,ep146_task038,test,29037,0.0,low,0.99,16-28,28,28,20,20,5,0.07402906566858292,244.3908357276225,336.9615179366796,404.2120446926774,422.1529718818215,409.2864356240151,559.9555017153851,696.6770179225383,766.5604483067829
146,38,ep146_task038,test,29037,0.0,low,0.99,16-28,28,28,21,20,5,0.05715123936533928,234.95446571671903,327.52514792577614,394.7756746817739,412.716601870918,400.5399465868958,551.2090126782658,687.930528885419,757.8139592696635
146,38,ep146_task038,test,29037,0.0,low,0.99,16-28,28,28,22,20,5,0.040070727467536926,238.13461391709856,330.7052961261557,397.9558228821535,415.8967500712975,403.6558359945435,554.3249020859135,691.0464182930667,760.9298486773113
146,38,ep146_task038,test,29037,0.0,low,0.99,16-28,28,28,23,20,5,0.05505003407597542,244.3908357276225,336.9615179366796,404.2120446926774,422.1529718818215,409.2864356240151,559.9555017153851,696.6770179225383,766.5604483067829
146,38,ep146_task038,test,29037,0.0,low,0.99,16-28,28,28,24,20,5,0.045504212379455566,234.95446571671903,327.52514792577614,394.7756746817739,412.716601870918,400.5399465868958,551.2090126782658,687.930528885419,757.8139592696635
146,38,ep146_task038,test,29037,0.0,low,0.99,16-28,28,28,25,20,5,0.08810658007860184,244.3908357276225,336.9615179366796,404.2120446926774,422.1529718818215,409.2864356240151,559.9555017153851,696.6770179225383,766.5604483067829
146,38,ep146_task038,test,29037,0.0,low,0.99,16-28,28,28,26,20,5,0.0809553787112236,234.95446571671903,327.52514792577614,394.7756746817739,412.716601870918,400.5399465868958,551.2090126782658,687.930528885419,757.8139592696635
146,38,ep146_task038,test,29037,0.0,low,0.99,16-28,28,28,27,20,5,0.09306494891643524,234.95446571671903,327.52514792577614,394.7756746817739,412.716601870918,400.5399465868958,551.2090126782658,687.930528885419,757.8139592696635
146,51,ep146_task051,test,29050,2.267293043050845,high,0.999,16-28,24,24,3,20,5,0.012531391344964504,306.8252809818202,412.3055181856117,503.0733514425416,513.7510675675446,387.22066919616543,507.76420153865683,655.961681331037,745.1190876697225
146,51,ep146_task051,test,29050,2.267293043050845,high,0.999,16-28,24,24,4,20,5,0.016533108428120613,319.5967048572311,425.0769420610226,515.8447753179524,526.5224914429556,400.7657070851957,521.3092394276871,669.5067192200672,758.6641255587527
146,51,ep146_task051,test,29050,2.267293043050845,high,0.999,16-28,24,24,5,20,5,0.023795396089553833,313.1802668566366,418.6605040604281,509.428337317358,520.106053442361,393.94855004027585,514.4920823827672,662.6895621751473,751.8469685138328
146,51,ep146_task051,test,29050,2.267293043050845,high,0.999,16-28,24,24,6,20,5,0.01825602352619171,304.5626050362452,410.0428422400367,500.8106754969666,511.4883916219696,385.5711784318413,506.1147107743327,654.3121905667128,743.4695969053984
146,51,ep146_task051,test,29050,2.267293043050845,high,0.999,16-28,24,24,8,20,5,0.02487882599234581,320.01686720994735,425.49710441373884,516.2649376706686,526.9426537956717,401.07627093762176,521.6198032801132,669.8172830724933,758.9746894111787
146,51,ep146_task051,test,29050,2.267293043050845,high,0.999,16-28,24,24,9,20,5,0.016374077647924423,306.8252809818202,412.3055181856117,503.0733514425416,513.7510675675446,387.22066919616543,507.76420153865683,655.961681331037,745.1190876697225
146,51,ep146_task051,test,29050,2.267293043050845,high,0.999,16-28,24,24,10,20,5,0.026972295716404915,319.5967048572311,425.0769420610226,515.8447753179524,526.5224914429556,400.7657070851957,521.3092394276871,669.5067192200672,758.6641255587527
146,51,ep146_task051,test,29050,2.267293043050845,high,0.999,16-28,24,24,11,20,5,0.035070668905973434,313.1802668566366,418.6605040604281,509.428337317358,520.106053442361,393.94855004027585,514.4920823827672,662.6895621751473,751.8469685138328
146,51,ep146_task051,test,29050,2.267293043050845,high,0.999,16-28,24,24,12,20,5,0.03166491165757179,304.5626050362452,410.0428422400367,500.8106754969666,511.4883916219696,385.5711784318413,506.1147107743327,654.3121905667128,743.4695969053984
146,51,ep146_task051,test,29050,2.267293043050845,high,0.999,16-28,24,24,13,20,5,0.02779328264296055,320.01686720994735,425.49710441373884,516.2649376706686,526.9426537956717,401.07627093762176,521.6198032801132,669.8172830724933,758.9746894111787
146,51,ep146_task051,test,29050,2.267293043050845,high,0.999,16-28,24,24,14,20,5,0.019304845482110977,310.6862903416604,416.1665275454519,506.9343608023819,517.6120769273849,393.54827132758345,514.0918036700748,662.2892834624549,751.4466898011405
146,51,ep146_task051,test,29050,2.267293043050845,high,0.999,16-28,24,24,15,20,5,0.02861415594816208,319.5967048572311,425.0769420610226,515.8447753179524,526.5224914429556,400.7657070851957,521.3092394276871,669.5067192200672,758.6641255587527
146,51,ep146_task051,test,29050,2.267293043050845,high,0.999,16-28,24,24,16,20,5,0.04229278117418289,313.1802668566366,418.6605040604281,509.428337317358,520.106053442361,393.94855004027585,514.4920823827672,662.6895621751473,751.8469685138328
146,51,ep146_task051,test,29050,2.267293043050845,high,0.999,16-28,24,24,17,20,5,0.03139303997159004,310.6862903416604,416.1665275454519,506.9343608023819,517.6120769273849,393.54827132758345,514.0918036700748,662.2892834624549,751.4466898011405
146,51,ep146_task051,test,29050,2.267293043050845,high,0.999,16-28,24,24,18,20,5,0.03283969685435295,320.01686720994735,425.49710441373884,516.2649376706686,526.9426537956717,401.07627093762176,521.6198032801132,669.8172830724933,758.9746894111787
146,51,ep146_task051,test,29050,2.267293043050845,high,0.999,16-28,24,24,19,20,5,0.05523190647363663,286.3873835369831,391.8676207407746,482.63545399770453,493.3131701227075,369.6032766809325,490.1468090234239,638.344288815804,727.5016951544895
146,51,ep146_task051,test,29050,2.267293043050845,high,0.999,16-28,24,24,20,20,5,0.08193784207105637,312.9437810996155,418.42401830340697,509.19185156033694,519.8695676853399,393.72722892381466,514.2707612663061,662.4682410586862,751.6256473973716
146,51,ep146_task051,test,29050,2.267293043050845,high,0.999,16-28,24,24,21,20,5,0.057427164167165756,320.01686720994735,425.49710441373884,516.2649376706686,526.9426537956717,401.07627093762176,521.6198032801132,669.8172830724933,758.9746894111787
146,51,ep146_task051,test,29050,2.267293043050845,high,0.999,16-28,24,24,22,20,5,0.041912179440259933,319.5967048572311,425.0769420610226,515.8447753179524,526.5224914429556,400.7657070851957,521.3092394276871,669.5067192200672,758.6641255587527
146,51,ep146_task051,test,29050,2.267293043050845,high,0.999,16-28,24,24,23,20,5,0.057417456060647964,313.1802668566366,418.6605040604281,509.428337317358,520.106053442361,393.94855004027585,514.4920823827672,662.6895621751473,751.8469685138328
146,51,ep146_task051,test,29050,2.267293043050845,high,0.999,16-28,24,24,24,20,5,0.04650017246603966,306.8252809818202,412.3055181856117,503.0733514425416,513.7510675675446,387.22066919616543,507.76420153865683,655.961681331037,745.1190876697225
146,51,ep146_task051,test,29050,2.267293043050845,high,0.999,16-28,24,24,25,20,5,0.0947323739528656,287.1111754097745,392.591412613566,483.3592458704959,494.0369619954988,365.8102461175811,486.3537784600725,634.5512582524526,723.708664591138
146,51,ep146_task051,test,29050,2.267293043050845,high,0.999,16-28,24,24,26,20,5,0.08227866142988205,319.5967048572311,425.0769420610226,515.8447753179524,526.5224914429556,400.7657070851957,521.3092394276871,669.5067192200672,758.6641255587527
146,51,ep146_task051,test,29050,2.267293043050845,high,0.999,16-28,24,24,27,20,5,0.09424765408039093,313.1802668566366,418.6605040604281,509.428337317358,520.106053442361,393.94855004027585,514.4920823827672,662.6895621751473,751.8469685138328
146,63,ep146_task063,test,29062,1.8382434838132864,high,0.999,16-28,27,27,0,20,6,0.009088733233511448,272.2943724036676,343.1835370391842,366.3065051754881,368.90423466792294,394.79399757049964,518.0203937193249,677.1866793827821,757.1987785811377
146,63,ep146_task063,test,29062,1.8382434838132864,high,0.999,16-28,27,27,2,20,6,0.013513789512217045,285.14502363721857,356.0341882727352,379.15715640903915,381.754885901474,396.3391253819495,519.5655215307747,678.7318071942319,758.7439063925875
146,63,ep146_task063,test,29062,1.8382434838132864,high,0.999,16-28,27,27,3,20,6,0.011531244963407516,255.86586828498537,326.755032920502,349.8780010568059,352.4757305492407,380.0083438636857,503.234740012511,662.4010256759682,742.4131248743238
146,63,ep146_task063,test,29062,1.8382434838132864,high,0.999,16-28,27,27,4,20,6,0.015516423620283604,289.94519702911816,360.8343616646348,383.95732980093874,386.5550592933735,410.67973973340526,533.9061358822305,693.0724215456877,773.0845207440433
146,63,ep146_task063,test,29062,1.8382434838132864,high,0.999,16-28,27,27,5,20,6,0.020497990772128105,255.86586828498537,326.755032920502,349.8780010568059,352.4757305492407,380.0083438636857,503.234740012511,662.4010256759682,742.4131248743238
146,63,ep146_task063,test,29062,1.8382434838132864,high,0.999,16-28,27,27,6,20,6,0.01830250956118107,293.41654858326484,364.3057132187815,387.4286813550854,390.0264108475202,413.8039561321373,537.0303522809626,696.1966379444198,776.2087371427754
146,63,ep146_task063,test,29062,1.8382434838132864,high,0.999,16-28,27,27,7,20,6,0.014738688245415688,254.31147423676416,325.2006388722808,348.32360700858464,350.92133650101954,373.1715082756588,496.3979044244841,655.5641900879414,735.576289286297
146,63,ep146_task063,test,29062,1.8382434838132864,high,0.999,16-28,27,27,8,20,6,0.026653166860342026,285.14502363721857,356.0341882727352,379.15715640903915,381.754885901474,385.20238460766257,508.42878075648787,667.595066419945,747.6071656183007
146,63,ep146_task063,test,29062,1.8382434838132864,high,0.999,16-28,27,27,9,20,6,0.01518426463007927,272.2943724036676,343.1835370391842,366.3065051754881,368.90423466792294,394.79399757049964,518.0203937193249,677.1866793827821,757.1987785811377
146,63,ep146_task063,test,29062,1.8382434838132864,high,0.999,16-28,27,27,10,20,6,0.02853294089436531,289.94519702911816,360.8343616646348,383.95732980093874,386.5550592933735,410.67973973340526,533.9061358822305,693.0724215456877,773.0845207440433
146,63,ep146_task063,test,29062,1.8382434838132864,high,0.999,16-28,27,27,11,20,6,0.03390132635831833,272.2943724036676,343.1835370391842,366.3065051754881,368.90423466792294,394.79399757049964,518.0203937193249,677.1866793827821,757.1987785811377
146,63,ep146_task063,test,29062,1.8382434838132864,high,0.999,16-28,27,27,12,20,6,0.03297502547502518,293.41654858326484,364.3057132187815,387.4286813550854,390.0264108475202,413.8039561321373,537.0303522809626,696.1966379444198,776.2087371427754
146,63,ep146_task063,test,29062,1.8382434838132864,high,0.999,16-28,27,27,13,20,6,0.026066895574331284,267.1621254703152,338.0512901058318,361.1742582421357,363.77198773457053,374.71663608710867,497.94303223593397,657.1093178993912,737.1214170977468
146,63,ep146_task063,test,29062,1.8382434838132864,high,0.999,16-28,27,27,14,20,6,0.0175625029951334,253.9252118369017,324.81437647241836,347.9373446087222,350.535074101157,372.82387211578265,496.05026826460795,655.2165539280652,735.2286531264208
146,63,ep146_task063,test,29062,1.8382434838132864,high,0.999,16-28,27,27,15,20,6,0.02849995717406273,271.96229886221477,342.8514634977314,365.9744316340353,368.57216112647006,389.0572504385644,512.2836465873896,671.4499322508468,751.4620314492024
146,63,ep146_task063,test,29062,1.8382434838132864,high,0.999,16-28,27,27,16,20,6,0.03629259765148163,253.9252118369017,324.81437647241836,347.9373446087222,350.535074101157,372.82387211578265,496.05026826460795,655.2165539280652,735.2286531264208
146,63,ep146_task063,test,29062,1.8382434838132864,high,0.999,16-28,27,27,17,20,6,0.03333184868097305,275.43365041636144,346.3228150518781,369.44578318818196,372.04351268061674,392.1814668372964,515.4078629861217,674.5741486495789,754.5862478479345
146,63,ep146_task063,test,29062,1.8382434838132864,high,0.999,16-28,27,27,18,20,6,0.030033918097615242,285.14502363721857,356.0341882727352,379.15715640903915,381.754885901474,396.3391253819495,519.5655215307747,678.7318071942319,758.7439063925875
146,63,ep146_task063,test,29062,1.8382434838132864,high,0.999,16-28,27,27,19,20,6,0.05546162277460098,289.94519702911816,360.8343616646348,383.95732980093874,386.5550592933735,400.65928143465914,523.8856775834844,683.0519632469416,763.0640624452972
146,63,ep146_task063,test,29062,1.8382434838132864,high,0.999,16-28,27,27,20,20,6,0.07230724394321442,285.14502363721857,356.0341882727352,379.15715640903915,381.754885901474,396.3391253819495,519.5655215307747,678.7318071942319,758.7439063925875
146,63,ep146_task063,test,29062,1.8382434838132864,high,0.999,16-28,27,27,21,20,6,0.06108332425355911,293.41654858326484,364.3057132187815,387.4286813550854,390.0264108475202,403.78349783339115,527.0098939822165,686.1761796456736,766.1882788440292
146,63,ep146_task063,test,29062,1.8382434838132864,high,0.999,16-28,27,27,22,20,6,0.037862516939640045,289.94519702911816,360.8343616646348,383.95732980093874,386.5550592933735,410.67973973340526,533.9061358822305,693.0724215456877,773.0845207440433
146,63,ep146_task063,test,29062,1.8382434838132864,high,0.999,16-28,27,27,23,20,6,0.05371934548020363,247.02754287994907,317.9167075154657,341.0396756517696,343.6374051442045,367.23477648160394,490.46117263042925,649.6274582938864,729.639557492242
146,63,ep146_task063,test,29062,1.8382434838132864,high,0.999,16-28,27,27,24,20,6,0.04301632568240166,293.41654858326484,364.3057132187815,387.4286813550854,390.0264108475202,413.8039561321373,537.0303522809626,696.1966379444198,776.2087371427754
146,63,ep146_task063,test,29062,1.8382434838132864,high,0.999,16-28,27,27,25,20,6,0.08637691289186478,289.94519702911816,360.8343616646348,383.95732980093874,386.5550592933735,410.67973973340526,533.9061358822305,693.0724215456877,773.0845207440433
146,63,ep146_task063,test,29062,1.8382434838132864,high,0.999,16-28,27,27,26,20,6,0.0869811624288559,293.41654858326484,364.3057132187815,387.4286813550854,390.0264108475202,413.8039561321373,537.0303522809626,696.1966379444198,776.2087371427754
146,63,ep146_task063,test,29062,1.8382434838132864,high,0.999,16-28,27,27,27,20,6,0.09096767753362656,293.41654858326484,364.3057132187815,387.4286813550854,390.0264108475202,413.8039561321373,537.0303522809626,696.1966379444198,776.2087371427754
146,76,ep146_task076,test,29075,0.0,low,0.9999,16-28,19,19,6,21,11,0.021036522462964058,264.6645562897464,378.75523705437234,461.3925911212318,474.73071510545714,197.5724333982894,362.6282259785824,493.2308216853636,556.4103045376512
146,76,ep146_task076,test,29075,0.0,low,0.9999,16-28,19,19,8,21,11,0.02900562435388565,254.58564239781208,368.67632316243805,451.3136772292976,464.6518012135229,188.50141089554853,353.55720347584156,484.1597991826227,547.3392820349103
146,76,ep146_task076,test,29075,0.0,low,0.9999,16-28,19,19,9,21,11,0.01879383809864521,247.14041758907013,361.2310983536961,443.8684524205556,457.20657640478095,181.80070856768077,346.8565011479738,477.459096854755,540.6385797070426
146,76,ep146_task076,test,29075,0.0,low,0.9999,16-28,19,19,10,21,11,0.03098800964653492,260.30414779357153,374.3948285581975,457.032182625057,470.3703066092823,193.64806575173205,358.70385833202505,489.30645403880624,552.4859368910938
146,76,ep146_task076,test,29075,0.0,low,0.9999,16-28,19,19,11,21,11,0.0403907373547554,267.13412914366324,381.2248099082892,463.86216397514875,477.20028795937407,199.79504896681462,364.8508415471076,495.45343725388875,558.6329201061764
146,76,ep146_task076,test,29075,0.0,low,0.9999,16-28,19,19,12,21,11,0.03575306013226509,264.6645562897464,378.75523705437234,461.3925911212318,474.73071510545714,197.5724333982894,362.6282259785824,493.2308216853636,556.4103045376512
146,76,ep146_task076,test,29075,0.0,low,0.9999,16-28,19,19,15,21,11,0.030902964994311333,260.30414779357153,374.3948285581975,457.032182625057,470.3703066092823,193.64806575173205,358.70385833202505,489.30645403880624,552.4859368910938
146,76,ep146_task076,test,29075,0.0,low,0.9999,16-28,19,19,16,21,11,0.04351324960589409,267.13412914366324,381.2248099082892,463.86216397514875,477.20028795937407,199.79504896681462,364.8508415471076,495.45343725388875,558.6329201061764
146,76,ep146_task076,test,29075,0.0,low,0.9999,16-28,19,19,17,21,11,0.036025553941726685,264.6645562897464,378.75523705437234,461.3925911212318,474.73071510545714,197.5724333982894,362.6282259785824,493.2308216853636,556.4103045376512
146,76,ep146_task076,test,29075,0.0,low,0.9999,16-28,19,19,18,21,11,0.03712055832147598,254.58564239781208,368.67632316243805,451.3136772292976,464.6518012135229,188.50141089554853,353.55720347584156,484.1597991826227,547.3392820349103
146,76,ep146_task076,test,29075,0.0,low,0.9999,16-28,19,19,19,21,11,0.05958577245473862,260.30414779357153,374.3948285581975,457.032182625057,470.3703066092823,193.64806575173205,358.70385833202505,489.30645403880624,552.4859368910938
146,76,ep146_task076,test,29075,0.0,low,0.9999,16-28,19,19,20,21,11,0.08494643121957779,267.13412914366324,381.2248099082892,463.86216397514875,477.20028795937407,199.79504896681462,364.8508415471076,495.45343725388875,558.6329201061764
146,76,ep146_task076,test,29075,0.0,low,0.9999,16-28,19,19,21,21,11,0.06557688117027283,264.6645562897464,378.75523705437234,461.3925911212318,474.73071510545714,197.5724333982894,362.6282259785824,493.2308216853636,556.4103045376512
146,76,ep146_task076,test,29075,0.0,low,0.9999,16-28,19,19,22,21,11,0.04649858549237251,260.30414779357153,374.3948285581975,457.032182625057,470.3703066092823,193.64806575173205,358.70385833202505,489.30645403880624,552.4859368910938
146,76,ep146_task076,test,29075,0.0,low,0.9999,16-28,19,19,23,21,11,0.06410539895296097,267.13412914366324,381.2248099082892,463.86216397514875,477.20028795937407,199.79504896681462,364.8508415471076,495.45343725388875,558.6329201061764
146,76,ep146_task076,test,29075,0.0,low,0.9999,16-28,19,19,24,21,11,0.05240807309746742,264.6645562897464,378.75523705437234,461.3925911212318,474.73071510545714,197.5724333982894,362.6282259785824,493.2308216853636,556.4103045376512
146,76,ep146_task076,test,29075,0.0,low,0.9999,16-28,19,19,25,21,11,0.10234937071800232,267.13412914366324,381.2248099082892,463.86216397514875,477.20028795937407,199.79504896681462,364.8508415471076,495.45343725388875,558.6329201061764
146,76,ep146_task076,test,29075,0.0,low,0.9999,16-28,19,19,26,21,11,0.09314580261707306,264.6645562897464,378.75523705437234,461.3925911212318,474.73071510545714,197.5724333982894,362.6282259785824,493.2308216853636,556.4103045376512
146,76,ep146_task076,test,29075,0.0,low,0.9999,16-28,19,19,27,21,11,0.10785350948572159,267.13412914366324,381.2248099082892,463.86216397514875,477.20028795937407,199.79504896681462,364.8508415471076,495.45343725388875,558.6329201061764
146,88,ep146_task088,test,29087,4.837244183876395,high,0.9999,16-28,26,26,2,26,6,0.012576687149703503,248.22384579473515,311.26738626771095,348.3062909495883,353.91628105010346,389.7713837338447,489.5798769074634,611.6061093810575,664.1640431101939
146,88,ep146_task088,test,29087,4.837244183876395,high,0.9999,16-28,26,26,3,26,6,0.013902927748858929,251.99075537403453,315.0342958470103,352.0732005288876,357.6831906294028,393.8041850042563,493.612678177875,615.6389106514691,668.1968443806055
146,88,ep146_task088,test,29087,4.837244183876395,high,0.9999,16-28,26,26,4,26,6,0.016848135739564896,269.70149633381897,332.74503680679476,369.7839414886721,375.3939315891873,411.5149259640407,511.3234191376594,633.3496516112535,685.9075853403899
146,88,ep146_task088,test,29087,4.837244183876395,high,0.9999,16-28,26,26,5,26,6,0.0207370575517416,247.38506833862343,310.4286088115992,347.46751349347653,353.0775035939917,385.50752374254864,485.31601691616737,607.3422493897615,659.9001831188979
146,88,ep146_task088,test,29087,4.837244183876395,high,0.9999,16-28,26,26,6,26,6,0.020554793998599052,279.85621072668374,342.89975119965953,379.93865588153676,385.54864598205194,421.66964035690546,521.4781335305242,643.5043660041183,696.0622997332547
146,88,ep146_task088,test,29087,4.837244183876395,high,0.9999,16-28,26,26,7,26,6,0.01604185253381729,268.0694492704435,331.1129897434193,368.15189442529663,373.76188452581175,409.8828789006652,509.69137207428395,631.7176045478781,684.2755382770144
146,88,ep146_task088,test,29087,4.837244183876395,high,0.9999,16-28,26,26,8,26,6,0.023321153596043587,264.30253969114415,327.34608016411994,364.3849848459972,369.9949749465124,405.8500776302536,505.65857080387235,627.6848032774665,680.2427370066029
146,88,ep146_task088,test,29087,4.837244183876395,high,0.9999,16-28,26,26,9,26,6,0.018529163673520088,268.0694492704435,331.1129897434193,368.15189442529663,373.76188452581175,409.8828789006652,509.69137207428395,631.7176045478781,684.2755382770144
146,88,ep146_task088,test,29087,4.837244183876395,high,0.9999,16-28,26,26,10,26,6,0.029162846505641937,269.70149633381897,332.74503680679476,369.7839414886721,375.3939315891873,411.5149259640407,511.3234191376594,633.3496516112535,685.9075853403899
146,88,ep146_task088,test,29087,4.837244183876395,high,0.9999,16-28,26,26,11,26,6,0.03425205126404762,263.4637622350324,326.5073027080082,363.54620738988547,369.15619749040064,401.5862176389576,501.3947108125763,623.4209432861704,675.9788770153068
146,88,ep146_task088,test,29087,4.837244183876395,high,0.9999,16-28,26,26,12,26,6,0.03493744134902954,279.85621072668374,342.89975119965953,379.93865588153676,385.54864598205194,421.66964035690546,521.4781335305242,643.5043660041183,696.0622997332547
146,88,ep146_task088,test,29087,4.837244183876395,high,0.9999,16-28,26,26,13,26,6,0.022651037201285362,259.0785962742144,322.1221367471902,359.1610414290676,364.77103152958273,400.62613421332395,500.4346273869427,622.4608598605367,675.0187935896731
146,88,ep146_task088,test,29087,4.837244183876395,high,0.9999,16-28,26,26,14,26,6,0.021469445899128914,262.8455058535138,325.8890463264896,362.9279510083669,368.5379411088821,404.6589354837355,504.4674286573542,626.4936611309483,679.0515948600847
146,88,ep146_task088,test,29087,4.837244183876395,high,0.9999,16-28,26,26,15,26,6,0.02911936677992344,269.70149633381897,332.74503680679476,369.7839414886721,375.3939315891873,411.5149259640407,511.3234191376594,633.3496516112535,685.9075853403899
146,88,ep146_task088,test,29087,4.837244183876395,high,0.9999,16-28,26,26,16,26,6,0.03680365905165672,258.2398188181027,321.2833592910785,358.32226397295585,363.932254073471,396.36227422202796,496.1707673956467,618.1969998692408,670.7549335983772
146,88,ep146_task088,test,29087,4.837244183876395,high,0.9999,16-28,26,26,17,26,6,0.03524503856897354,279.85621072668374,342.89975119965953,379.93865588153676,385.54864598205194,421.66964035690546,521.4781335305242,643.5043660041183,696.0622997332547
146,88,ep146_task088,test,29087,4.837244183876395,high,0.9999,16-28,26,26,18,26,6,0.0293564572930336,209.56023127118067,272.60377174415646,309.64267642603374,315.252666526549,346.8034455946374,446.61193876825615,568.6381712418503,621.1961049709867
146,88,ep146_task088,test,29087,4.837244183876395,high,0.9999,16-28,26,26,19,26,6,0.048019539564847946,265.9345867545196,328.9781272274954,366.0170319093727,371.62702200988787,407.48212469362915,507.2906178672479,629.3168503408419,681.8747840699783
146,88,ep146_task088,test,29087,4.837244183876395,high,0.9999,16-28,26,26,20,26,6,0.07030373811721802,200.84599916967343,263.88953964264925,300.92844432452654,306.53843442504177,334.80909377344335,434.6175869470621,556.6438194206562,609.2017531497926
146,88,ep146_task088,test,29087,4.837244183876395,high,0.9999,16-28,26,26,21,26,6,0.05234427750110626,276.08930114738433,339.1328416203601,376.17174630223747,381.78173640275264,417.63683908649386,517.4453322601127,639.4715647337067,692.0294984628431
146,88,ep146_task088,test,29087,4.837244183876395,high,0.9999,16-28,26,26,22,26,6,0.04373883455991745,269.70149633381897,332.74503680679476,369.7839414886721,375.3939315891873,411.5149259640407,511.3234191376594,633.3496516112535,685.9075853403899
146,88,ep146_task088,test,29087,4.837244183876395,high,0.9999,16-28,26,26,23,26,6,0.05385814234614372,208.7214538150689,271.7649942880447,308.803898969922,314.4138890704372,342.5395856033414,442.3480787769601,564.3743112505542,616.9322449796906
146,88,ep146_task088,test,29087,4.837244183876395,high,0.9999,16-28,26,26,24,26,6,0.051353953778743744,279.85621072668374,342.89975119965953,379.93865588153676,385.54864598205194,421.66964035690546,521.4781335305242,643.5043660041183,696.0622997332547
146,88,ep146_task088,test,29087,4.837244183876395,high,0.9999,16-28,26,26,25,26,6,0.08708053082227707,265.09580929840786,328.13934977138365,365.17825445326093,370.7882445537761,403.21826470233316,503.0267578759519,625.052990349546,677.6109240786824
146,88,ep146_task088,test,29087,4.837244183876395,high,0.9999,16-28,26,26,26,26,6,0.08691099286079407,279.85621072668374,342.89975119965953,379.93865588153676,385.54864598205194,421.66964035690546,521.4781335305242,643.5043660041183,696.0622997332547
146,88,ep146_task088,test,29087,4.837244183876395,high,0.9999,16-28,26,26,27,26,6,0.09088090062141418,275.25052369127263,338.2940641642484,375.3329688461257,380.9429589466409,413.3729790951978,513.1814722688166,635.2077047424107,687.765638471547
146,100,ep146_task100,test,29099,3.063091272535833,high,0.9999,16-28,19,19,6,26,11,0.02216106839478016,182.33187837388306,265.9873113935776,303.945645474533,308.27233107531487,191.55704584330567,300.2221983217637,417.61666198000887,493.7125129587006
146,100,ep146_task100,test,29099,3.063091272535833,high,0.9999,16-28,19,19,8,26,11,0.03056526742875576,172.18869046406394,255.84412348375847,293.8024575647139,298.1291431654958,181.41385793348655,290.0790104119445,407.4734740701897,483.5693250488814
146,100,ep146_task100,test,29099,3.063091272535833,high,0.9999,16-28,19,19,9,26,11,0.019795941188931465,164.4172058201284,248.07263883982293,286.03097292077837,290.35765852156027,173.64237328955102,282.307525768009,399.70198942625416,475.7978404049459
146,100,ep146_task100,test,29099,3.063091272535833,high,0.9999,16-28,19,19,10,26,11,0.02917436696588993,159.9805115630237,243.63594458271822,281.59427866367366,285.92096426445556,169.20567903244634,277.87083151090434,395.2652951691495,471.3611461478412
146,100,ep146_task100,test,29099,3.063091272535833,high,0.9999,16-28,19,19,11,26,11,0.04254772886633873,184.9716219810987,268.62705500079323,306.58538908174864,310.91207468253054,194.19678945052132,302.8619419289793,420.2564055872245,496.3522565659162
146,100,ep146_task100,test,29099,3.063091272535833,high,0.9999,16-28,19,19,12,26,11,0.037662457674741745,182.33187837388306,265.9873113935776,303.945645474533,308.27233107531487,191.55704584330567,300.2221983217637,417.61666198000887,493.7125129587006
146,100,ep146_task100,test,29099,3.063091272535833,high,0.9999,16-28,19,19,15,26,11,0.028384698554873466,135.90767307184436,219.56310609153888,257.5214401724943,261.8481257732762,145.13284054126697,253.79799301972497,371.19245667797014,447.28830765666186
146,100,ep146_task100,test,29099,3.063091272535833,high,0.9999,16-28,19,19,16,26,11,0.03890850394964218,184.9716219810987,268.62705500079323,306.58538908174864,310.91207468253054,194.19678945052132,302.8619419289793,420.2564055872245,496.3522565659162
146,100,ep146_task100,test,29099,3.063091272535833,high,0.9999,16-28,19,19,17,26,11,0.032324425876140594,182.33187837388306,265.9873113935776,303.945645474533,308.27233107531487,191.55704584330567,300.2221983217637,417.61666198000887,493.7125129587006
146,100,ep146_task100,test,29099,3.063091272535833,high,0.9999,16-28,19,19,18,26,11,0.03910282999277115,172.18869046406394,255.84412348375847,293.8024575647139,298.1291431654958,181.41385793348655,290.0790104119445,407.4734740701897,483.5693250488814
146,100,ep146_task100,test,29099,3.063091272535833,high,0.9999,16-28,19,19,19,26,11,0.05607893690466881,172.18869046406394,255.84412348375847,293.8024575647139,298.1291431654958,181.41385793348655,290.0790104119445,407.4734740701897,483.5693250488814
146,100,ep146_task100,test,29099,3.063091272535833,high,0.9999,16-28,19,19,20,26,11,0.08952342718839645,184.9716219810987,268.62705500079323,306.58538908174864,310.91207468253054,194.19678945052132,302.8619419289793,420.2564055872245,496.3522565659162
146,100,ep146_task100,test,29099,3.063091272535833,high,0.9999,16-28,19,19,21,26,11,0.06907332688570023,182.33187837388306,265.9873113935776,303.945645474533,308.27233107531487,191.55704584330567,300.2221983217637,417.61666198000887,493.7125129587006
146,100,ep146_task100,test,29099,3.063091272535833,high,0.9999,16-28,19,19,22,26,11,0.043454404920339584,164.4172058201284,248.07263883982293,286.03097292077837,290.35765852156027,173.64237328955102,282.307525768009,399.70198942625416,475.7978404049459
146,100,ep146_task100,test,29099,3.063091272535833,high,0.9999,16-28,19,19,23,26,11,0.06750375032424927,184.9716219810987,268.62705500079323,306.58538908174864,310.91207468253054,194.19678945052132,302.8619419289793,420.2564055872245,496.3522565659162
146,100,ep146_task100,test,29099,3.063091272535833,high,0.9999,16-28,19,19,24,26,11,0.055203575640916824,182.33187837388306,265.9873113935776,303.945645474533,308.27233107531487,191.55704584330567,300.2221983217637,417.61666198000887,493.7125129587006
146,100,ep146_task100,test,29099,3.063091272535833,high,0.9999,16-28,19,19,25,26,11,0.09680625796318054,184.9716219810987,268.62705500079323,306.58538908174864,310.91207468253054,194.19678945052132,302.8619419289793,420.2564055872245,496.3522565659162
146,100,ep146_task100,test,29099,3.063091272535833,high,0.9999,16-28,19,19,26,26,11,0.08811520040035248,182.33187837388306,265.9873113935776,303.945645474533,308.27233107531487,191.55704584330567,300.2221983217637,417.61666198000887,493.7125129587006
146,100,ep146_task100,test,29099,3.063091272535833,high,0.9999,16-28,19,19,27,26,11,0.11361385136842728,184.9716219810987,268.62705500079323,306.58538908174864,310.91207468253054,194.19678945052132,302.8619419289793,420.2564055872245,496.3522565659162
146,113,ep146_task113,test,29112,0.0455796919767521,low,0.99,16-28,26,26,2,25,6,0.01368987187743187,99.0458617834834,128.580782954165,148.9644181629279,153.65858379745328,121.35835773381092,281.2190956873521,389.21870015892273,460.05220348019395
146,113,ep146_task113,test,29112,0.0455796919767521,low,0.99,16-28,26,26,3,25,6,0.012344700284302235,99.9092624266978,129.44418359737938,149.8278188061423,154.52198444066767,122.22175837702528,282.0824963305664,390.082100802137,460.91560412340823
146,113,ep146_task113,test,29112,0.0455796919767521,low,0.99,16-28,26,26,4,25,6,0.01582413911819458,105.18615163551283,134.7210728061944,155.10470801495734,159.79887364948274,127.49864758584033,287.3593855393815,395.3589900109521,466.1924933322233
146,113,ep146_task113,test,29112,0.0455796919767521,low,0.99,16-28,26,26,5,25,6,0.021678531542420387,107.77877916634448,137.31370033702603,157.69733554578897,162.39150118031438,130.091275116672,289.9520130702131,397.9516175417838,468.785120863055
146,113,ep146_task113,test,29112,0.0455796919767521,low,0.99,16-28,26,26,6,25,6,0.018758663907647133,110.6952478961606,140.23016906684214,160.61380427560508,165.30796991013048,133.0077438464881,292.86848180002926,400.86808627159985,471.7015895928711
146,113,ep146_task113,test,29112,0.0455796919767521,low,0.99,16-28,26,26,7,25,6,0.014086224138736725,93.84891014293011,123.3838313136117,143.7674665223746,148.4616321569,116.1614060932576,276.02214404679876,384.02174851836935,454.8552518396406
146,113,ep146_task113,test,29112,0.0455796919767521,low,0.99,16-28,26,26,8,25,6,0.0251900814473629,99.0458617834834,128.580782954165,148.9644181629279,153.65858379745328,121.35835773381092,281.2190956873521,389.21870015892273,460.05220348019395
146,113,ep146_task113,test,29112,0.0455796919767521,low,0.99,16-28,26,26,9,25,6,0.016353510320186615,99.9092624266978,129.44418359737938,149.8278188061423,154.52198444066767,122.22175837702528,282.0824963305664,390.082100802137,460.91560412340823
146,113,ep146_task113,test,29112,0.0455796919767521,low,0.99,16-28,26,26,10,25,6,0.027344560250639915,105.18615163551283,134.7210728061944,155.10470801495734,159.79887364948274,127.49864758584033,287.3593855393815,395.3589900109521,466.1924933322233
146,113,ep146_task113,test,29112,0.0455796919767521,low,0.99,16-28,26,26,11,25,6,0.03585552051663399,107.77877916634448,137.31370033702603,157.69733554578897,162.39150118031438,130.091275116672,289.9520130702131,397.9516175417838,468.785120863055
146,113,ep146_task113,test,29112,0.0455796919767521,low,0.99,16-28,26,26,12,25,6,0.03186742961406708,110.6952478961606,140.23016906684214,160.61380427560508,165.30796991013048,133.0077438464881,292.86848180002926,400.86808627159985,471.7015895928711
146,113,ep146_task113,test,29112,0.0455796919767521,low,0.99,16-28,26,26,13,25,6,0.024411147460341454,99.0458617834834,128.580782954165,148.9644181629279,153.65858379745328,121.35835773381092,281.2190956873521,389.21870015892273,460.05220348019395
146,113,ep146_task113,test,29112,0.0455796919767521,low,0.99,16-28,26,26,14,25,6,0.01879943534731865,99.9092624266978,129.44418359737938,149.8278188061423,154.52198444066767,122.22175837702528,282.0824963305664,390.082100802137,460.91560412340823
146,113,ep146_task113,test,29112,0.0455796919767521,low,0.99,16-28,26,26,15,25,6,0.026988260447978973,105.18615163551283,134.7210728061944,155.10470801495734,159.79887364948274,127.49864758584033,287.3593855393815,395.3589900109521,466.1924933322233
146,113,ep146_task113,test,29112,0.0455796919767521,low,0.99,16-28,26,26,16,25,6,0.03812512010335922,107.77877916634448,137.31370033702603,157.69733554578897,162.39150118031438,130.091275116672,289.9520130702131,397.9516175417838,468.785120863055
146,113,ep146_task113,test,29112,0.0455796919767521,low,0.99,16-28,26,26,17,25,6,0.031857457011938095,110.6952478961606,140.23016906684214,160.61380427560508,165.30796991013048,133.0077438464881,292.86848180002926,400.86808627159985,471.7015895928711
146,113,ep146_task113,test,29112,0.0455796919767521,low,0.99,16-28,26,26,18,25,6,0.031771086156368256,99.9092624266978,129.44418359737938,149.8278188061423,154.52198444066767,122.22175837702528,282.0824963305664,390.082100802137,460.91560412340823
146,113,ep146_task113,test,29112,0.0455796919767521,low,0.99,16-28,26,26,19,25,6,0.05209324136376381,105.18615163551283,134.7210728061944,155.10470801495734,159.79887364948274,127.49864758584033,287.3593855393815,395.3589900109521,466.1924933322233
146,113,ep146_task113,test,29112,0.0455796919767521,low,0.99,16-28,26,26,20,25,6,0.07583249360322952,107.77877916634448,137.31370033702603,157.69733554578897,162.39150118031438,130.091275116672,289.9520130702131,397.9516175417838,468.785120863055
146,113,ep146_task113,test,29112,0.0455796919767521,low,0.99,16-28,26,26,21,25,6,0.05786959454417229,110.6952478961606,140.23016906684214,160.61380427560508,165.30796991013048,133.0077438464881,292.86848180002926,400.86808627159985,471.7015895928711
146,113,ep146_task113,test,29112,0.0455796919767521,low,0.99,16-28,26,26,22,25,6,0.04018329083919525,105.18615163551283,134.7210728061944,155.10470801495734,159.79887364948274,127.49864758584033,287.3593855393815,395.3589900109521,466.1924933322233
146,113,ep146_task113,test,29112,0.0455796919767521,low,0.99,16-28,26,26,23,25,6,0.05557987466454506,107.77877916634448,137.31370033702603,157.69733554578897,162.39150118031438,130.091275116672,289.9520130702131,397.9516175417838,468.785120863055
146,113,ep146_task113,test,29112,0.0455796919767521,low,0.99,16-28,26,26,24,25,6,0.0457758903503418,110.6952478961606,140.23016906684214,160.61380427560508,165.30796991013048,133.0077438464881,292.86848180002926,400.86808627159985,471.7015895928711
146,113,ep146_task113,test,29112,0.0455796919767521,low,0.99,16-28,26,26,25,25,6,0.09016440808773041,107.77877916634448,137.31370033702603,157.69733554578897,162.39150118031438,130.091275116672,289.9520130702131,397.9516175417838,468.785120863055
146,113,ep146_task113,test,29112,0.0455796919767521,low,0.99,16-28,26,26,26,25,6,0.08276458829641342,110.6952478961606,140.23016906684214,160.61380427560508,165.30796991013048,133.0077438464881,292.86848180002926,400.86808627159985,471.7015895928711
146,113,ep146_task113,test,29112,0.0455796919767521,low,0.99,16-28,26,26,27,25,6,0.09479084610939026,110.6952478961606,140.23016906684214,160.61380427560508,165.30796991013048,133.0077438464881,292.86848180002926,400.86808627159985,471.7015895928711
146,125,ep146_task125,test,29124,0.0,low,0.999,16-28,23,23,4,4,5,0.01635078713297844,216.71523790038174,422.4859458189598,478.96272242115396,484.9451249021893,215.5969022490626,438.33044182418206,565.369492130429,638.8553192034751
146,125,ep146_task125,test,29124,0.0,low,0.999,16-28,23,23,5,4,5,0.022596606984734535,232.56029718175006,438.3310051003281,494.8077817025223,500.79018418355764,241.89353339858852,453.4232251695618,580.4622754758087,653.9481025488549
146,125,ep146_task125,test,29124,0.0,low,0.999,16-28,23,23,6,4,5,0.019232317805290222,225.6068085924446,431.37751651102263,487.8542931132168,493.8366955942522,215.5969022490626,444.32089977405286,571.3599500802998,644.8457771533459
146,125,ep146_task125,test,29124,0.0,low,0.999,16-28,23,23,8,4,5,0.026429958641529083,231.04052522391947,436.81123314249754,493.2880097446917,499.27041222572706,238.26674790210328,449.7964396730766,576.8354899793235,650.3213170523696
146,125,ep146_task125,test,29124,0.0,low,0.999,16-28,23,23,9,4,5,0.017134185880422592,235.1132106178055,440.88391853638353,497.3606951385777,503.3430976196131,243.75460729347293,455.2842990644462,582.3233493706931,655.8091764437393
146,125,ep146_task125,test,29124,0.0,low,0.999,16-28,23,23,10,4,5,0.028350474312901497,222.14895453185662,427.91966245043466,484.39643905262886,490.37884153366423,238.26674790210328,443.8059817232058,570.8450320294527,644.3308591024988
146,125,ep146_task125,test,29124,0.0,low,0.999,16-28,23,23,11,4,5,0.037210315465927124,232.56029718175006,438.3310051003281,494.8077817025223,500.79018418355764,241.89353339858852,453.4232251695618,580.4622754758087,653.9481025488549
146,125,ep146_task125,test,29124,0.0,low,0.999,16-28,23,23,12,4,5,0.032927658408880234,231.04052522391947,436.81123314249754,493.2880097446917,499.27041222572706,238.26674790210328,449.7964396730766,576.8354899793235,650.3213170523696
146,125,ep146_task125,test,29124,0.0,low,0.999,16-28,23,23,13,4,5,0.025821952149271965,227.34724619133127,433.1179541099093,489.5947307121035,495.5771331931389,215.5969022490626,445.3486107718195,572.3876610780663,645.8734881511125
146,125,ep146_task125,test,29124,0.0,low,0.999,16-28,23,23,14,4,5,0.01977236196398735,235.1132106178055,440.88391853638353,497.3606951385777,503.3430976196131,243.75460729347293,455.2842990644462,582.3233493706931,655.8091764437393
146,125,ep146_task125,test,29124,0.0,low,0.999,16-28,23,23,15,4,5,0.02823963761329651,218.4556754992684,424.2263834178465,480.70316002004057,486.68556250107605,215.5969022490626,439.3581528219487,566.3972031281955,639.8830302012417
146,125,ep146_task125,test,29124,0.0,low,0.999,16-28,23,23,16,4,5,0.04009145870804787,232.56029718175006,438.3310051003281,494.8077817025223,500.79018418355764,241.89353339858852,453.4232251695618,580.4622754758087,653.9481025488549
146,125,ep146_task125,test,29124,0.0,low,0.999,16-28,23,23,17,4,5,0.0330127589404583,227.34724619133127,433.1179541099093,489.5947307121035,495.5771331931389,215.5969022490626,445.3486107718195,572.3876610780663,645.8734881511125
146,125,ep146_task125,test,29124,0.0,low,0.999,16-28,23,23,18,4,5,0.03377319499850273,235.1132106178055,440.88391853638353,497.3606951385777,503.3430976196131,243.75460729347293,455.2842990644462,582.3233493706931,655.8091764437393
146,125,ep146_task125,test,29124,0.0,low,0.999,16-28,23,23,19,4,5,0.054452162235975266,207.83932228080673,413.61003019938477,470.0868068015789,476.06920928261434,215.5969022490626,431.89398577599786,558.9330360822448,632.418863155291
146,125,ep146_task125,test,29124,0.0,low,0.999,16-28,23,23,20,4,5,0.07771920412778854,232.56029718175006,438.3310051003281,494.8077817025223,500.79018418355764,241.89353339858852,453.4232251695618,580.4622754758087,653.9481025488549
146,125,ep146_task125,test,29124,0.0,low,0.999,16-28,23,23,21,4,5,0.060425058007240295,222.21320444783504,427.9839123664131,484.46068896860726,490.4430914496427,215.5969022490626,440.7979688184357,567.8370191246826,641.3228461977287
146,125,ep146_task125,test,29124,0.0,low,0.999,16-28,23,23,22,4,5,0.04247266799211502,226.22163992574264,431.9923478443207,488.46912444651485,494.4515269275502,243.75460729347293,449.2938411145754,576.3328914208223,649.8187184938685
146,125,ep146_task125,test,29124,0.0,low,0.999,16-28,23,23,23,4,5,0.058763537555933,235.1132106178055,440.88391853638353,497.3606951385777,503.3430976196131,243.75460729347293,455.2842990644462,582.3233493706931,655.8091764437393
146,125,ep146_task125,test,29124,0.0,low,0.999,16-28,23,23,24,4,5,0.04811695218086243,235.1132106178055,440.88391853638353,497.3606951385777,503.3430976196131,243.75460729347293,455.2842990644462,582.3233493706931,655.8091764437393
146,125,ep146_task125,test,29124,0.0,low,0.999,16-28,23,23,25,4,5,0.09313923120498657,223.6687264896872,429.43943440826524,485.91621101045945,491.8986134914948,241.89353339858852,447.432767219691,574.4718175259379,647.9576445989841
146,125,ep146_task125,test,29124,0.0,low,0.999,16-28,23,23,26,4,5,0.08531317114830017,213.32163375577218,419.0923416743502,475.56911827654443,481.5515207575798,215.5969022490626,434.8075108685649,561.8465611748118,635.3323882478579
146,125,ep146_task125,test,29124,0.0,low,0.999,16-28,23,23,27,4,5,0.0986543744802475,232.56029718175006,438.3310051003281,494.8077817025223,500.79018418355764,241.89353339858852,453.4232251695618,580.4622754758087,653.9481025488549
146,138,ep146_task138,test,29137,0.0,low,0.9,16-28,28,28,0,21,5,0.008748121559619904,179.0644161604609,229.2274466747221,253.51202858115735,259.8097408806232,187.3889229899225,346.76593463849224,495.41101586251784,581.4069388701021
146,138,ep146_task138,test,29137,0.0,low,0.9,16-28,28,28,1,21,5,0.009124306961894035,180.34168878933016,230.50471930359137,254.7893012100266,261.08701350949246,188.53846835590485,347.9154800044746,496.5605612285002,582.5564842360844
146,138,ep146_task138,test,29137,0.0,low,0.9,16-28,28,28,2,21,5,0.01314590685069561,188.86674168462167,239.02977219888288,263.3143541053181,269.61206640478395,196.2110159616672,355.5880276102369,504.23310883426245,590.2290318418467
146,138,ep146_task138,test,29137,0.0,low,0.9,16-28,28,28,3,21,5,0.011794669553637505,184.97795186754573,235.14098238180694,259.4255642882422,265.723276587708,192.71110512629883,352.0881167748686,500.7331979988942,586.7291210064784
146,138,ep146_task138,test,29137,0.0,low,0.9,16-28,28,28,4,21,5,0.01519171055406332,194.68377177221242,244.84680228647363,269.13138419290885,275.4290964923747,201.44634304049885,360.8233546890686,509.46843591309414,595.4643589206784
146,138,ep146_task138,test,29137,0.0,low,0.9,16-28,28,28,5,21,5,0.020951243117451668,199.66609958412013,249.82913009838134,274.1137120048166,280.4114243042825,205.9304380712158,365.30744971978555,513.9525309438111,599.9484539513953
146,138,ep146_task138,test,29137,0.0,low,0.9,16-28,28,28,6,21,5,0.01801264099776745,193.0036417429484,243.1666722572096,267.4512541636448,273.7489664631107,199.14295742968133,358.51996907825105,507.16505030227665,593.1609733098609
146,138,ep146_task138,test,29137,0.0,low,0.9,16-28,28,28,7,21,5,0.013579186983406544,180.34168878933016,230.50471930359137,254.7893012100266,261.08701350949246,188.53846835590485,347.9154800044746,496.5605612285002,582.5564842360844
146,138,ep146_task138,test,29137,0.0,low,0.9,16-28,28,28,8,21,5,0.02478889748454094,188.86674168462167,239.02977219888288,263.3143541053181,269.61206640478395,196.2110159616672,355.5880276102369,504.23310883426245,590.2290318418467
146,138,ep146_task138,test,29137,0.0,low,0.9,16-28,28,28,9,21,5,0.01583249494433403,184.97795186754573,235.14098238180694,259.4255642882422,265.723276587708,192.71110512629883,352.0881167748686,500.7331979988942,586.7291210064784
146,138,ep146_task138,test,29137,0.0,low,0.9,16-28,28,28,10,21,5,0.026784518733620644,194.68377177221242,244.84680228647363,269.13138419290885,275.4290964923747,201.44634304049885,360.8233546890686,509.46843591309414,595.4643589206784
146,138,ep146_task138,test,29137,0.0,low,0.9,16-28,28,28,11,21,5,0.03518237546086311,199.66609958412013,249.82913009838134,274.1137120048166,280.4114243042825,205.9304380712158,365.30744971978555,513.9525309438111,599.9484539513953
146,138,ep146_task138,test,29137,0.0,low,0.9,16-28,28,28,12,21,5,0.03118947520852089,193.0036417429484,243.1666722572096,267.4512541636448,273.7489664631107,199.14295742968133,358.51996907825105,507.16505030227665,593.1609733098609
146,138,ep146_task138,test,29137,0.0,low,0.9,16-28,28,28,13,21,5,0.02397835999727249,188.86674168462167,239.02977219888288,263.3143541053181,269.61206640478395,196.2110159616672,355.5880276102369,504.23310883426245,590.2290318418467
146,138,ep146_task138,test,29137,0.0,low,0.9,16-28,28,28,14,21,5,0.01831352710723877,184.97795186754573,235.14098238180694,259.4255642882422,265.723276587708,192.71110512629883,352.0881167748686,500.7331979988942,586.7291210064784
146,138,ep146_task138,test,29137,0.0,low,0.9,16-28,28,28,15,21,5,0.026504896581172943,194.68377177221242,244.84680228647363,269.13138419290885,275.4290964923747,201.44634304049885,360.8233546890686,509.46843591309414,595.4643589206784
146,138,ep146_task138,test,29137,0.0,low,0.9,16-28,28,28,16,21,5,0.037471503019332886,199.66609958412013,249.82913009838134,274.1137120048166,280.4114243042825,205.9304380712158,365.30744971978555,513.9525309438111,599.9484539513953
146,138,ep146_task138,test,29137,0.0,low,0.9,16-28,28,28,17,21,5,0.03128891810774803,193.0036417429484,243.1666722572096,267.4512541636448,273.7489664631107,199.14295742968133,358.51996907825105,507.16505030227665,593.1609733098609
146,138,ep146_task138,test,29137,0.0,low,0.9,16-28,28,28,18,21,5,0.03129948675632477,188.86674168462167,239.02977219888288,263.3143541053181,269.61206640478395,196.2110159616672,355.5880276102369,504.23310883426245,590.2290318418467
146,138,ep146_task138,test,29137,0.0,low,0.9,16-28,28,28,19,21,5,0.0516316182911396,194.68377177221242,244.84680228647363,269.13138419290885,275.4290964923747,201.44634304049885,360.8233546890686,509.46843591309414,595.4643589206784
146,138,ep146_task138,test,29137,0.0,low,0.9,16-28,28,28,20,21,5,0.07470615208148956,199.66609958412013,249.82913009838134,274.1137120048166,280.4114243042825,205.9304380712158,365.30744971978555,513.9525309438111,599.9484539513953
146,138,ep146_task138,test,29137,0.0,low,0.9,16-28,28,28,21,21,5,0.05733444541692734,193.0036417429484,243.1666722572096,267.4512541636448,273.7489664631107,199.14295742968133,358.51996907825105,507.16505030227665,593.1609733098609
146,138,ep146_task138,test,29137,0.0,low,0.9,16-28,28,28,22,21,5,0.0397665873169899,194.68377177221242,244.84680228647363,269.13138419290885,275.4290964923747,201.44634304049885,360.8233546890686,509.46843591309414,595.4643589206784
146,138,ep146_task138,test,29137,0.0,low,0.9,16-28,28,28,23,21,5,0.05461088940501213,199.66609958412013,249.82913009838134,274.1137120048166,280.4114243042825,205.9304380712158,365.30744971978555,513.9525309438111,599.9484539513953
146,138,ep146_task138,test,29137,0.0,low,0.9,16-28,28,28,24,21,5,0.04547163099050522,193.0036417429484,243.1666722572096,267.4512541636448,273.7489664631107,199.14295742968133,358.51996907825105,507.16505030227665,593.1609733098609
146,138,ep146_task138,test,29137,0.0,low,0.9,16-28,28,28,25,21,5,0.08834460377693176,199.66609958412013,249.82913009838134,274.1137120048166,280.4114243042825,205.9304380712158,365.30744971978555,513.9525309438111,599.9484539513953
146,138,ep146_task138,test,29137,0.0,low,0.9,16-28,28,28,26,21,5,0.08164791017770767,193.0036417429484,243.1666722572096,267.4512541636448,273.7489664631107,199.14295742968133,358.51996907825105,507.16505030227665,593.1609733098609
146,138,ep146_task138,test,29137,0.0,low,0.9,16-28,28,28,27,21,5,0.09330391138792038,193.3034312128332,243.4664617270944,267.75104363352966,274.0487559329955,199.41276795257767,358.7897796011474,507.434860825173,593.4307838327572
146,150,ep146_task150,test,29149,1.5320322942798414,medium,0.9,16-28,28,28,0,16,5,0.008163190446794033,234.14557060495721,349.35938909809835,410.1475130706,425.415841565407,290.71169858874396,439.7965790632621,570.6278525861181,637.5765702449984
146,150,ep146_task150,test,29149,1.5320322942798414,medium,0.9,16-28,28,28,1,16,5,0.009391536936163902,242.7679442849281,357.98176277806925,418.7698867505709,434.0382152453779,304.73968821483345,453.82456868935157,584.6558422122076,651.6045598710879
146,150,ep146_task150,test,29149,1.5320322942798414,medium,0.9,16-28,28,28,2,16,5,0.012689323164522648,235.6162665515056,350.83008504464675,411.6182090171484,426.8865375119554,292.03532494063745,441.12020541515557,571.9514789380116,638.9001965968919
146,150,ep146_task150,test,29149,1.5320322942798414,medium,0.9,16-28,28,28,3,16,5,0.01214380282908678,247.90921155976727,363.1230300529084,423.91115402541004,439.17948252021705,309.8809554896726,458.9658359641907,589.7971094870468,656.745827145927
146,150,ep146_task150,test,29149,1.5320322942798414,medium,0.9,16-28,28,28,4,16,5,0.015608021058142185,259.6434708234632,374.85728931660435,435.64541328910593,450.913741783913,321.6152147533685,470.7000952278866,601.5313687507427,668.4800864096229
146,150,ep146_task150,test,29149,1.5320322942798414,medium,0.9,16-28,28,28,5,16,5,0.02145991660654545,265.61694579129465,380.8307642844358,441.6188882569374,456.8872167517444,327.5886897211999,476.673570195718,607.5048437185741,674.4535613774543
146,150,ep146_task150,test,29149,1.5320322942798414,medium,0.9,16-28,28,28,6,16,5,0.01850084401667118,264.80923139738894,380.0230498905301,440.81117386303174,456.07950235783875,326.7809753272943,475.8658558018124,606.6971293246685,673.6458469835487
146,150,ep146_task150,test,29149,1.5320322942798414,medium,0.9,16-28,28,28,7,16,5,0.012605308555066586,242.7679442849281,357.98176277806925,418.7698867505709,434.0382152453779,304.73968821483345,453.82456868935157,584.6558422122076,651.6045598710879
146,150,ep146_task150,test,29149,1.5320322942798414,medium,0.9,16-28,28,28,8,16,5,0.023292263969779015,235.6162665515056,350.83008504464675,411.6182090171484,426.8865375119554,292.03532494063745,441.12020541515557,571.9514789380116,638.9001965968919
146,150,ep146_task150,test,29149,1.5320322942798414,medium,0.9,16-28,28,28,9,16,5,0.014601657167077065,247.90921155976727,363.1230300529084,423.91115402541004,439.17948252021705,309.8809554896726,458.9658359641907,589.7971094870468,656.745827145927
146,150,ep146_task150,test,29149,1.5320322942798414,medium,0.9,16-28,28,28,10,16,5,0.024721655994653702,259.6434708234632,374.85728931660435,435.64541328910593,450.913741783913,321.6152147533685,470.7000952278866,601.5313687507427,668.4800864096229
146,150,ep146_task150,test,29149,1.5320322942798414,medium,0.9,16-28,28,28,11,16,5,0.032475054264068604,265.61694579129465,380.8307642844358,441.6188882569374,456.8872167517444,327.5886897211999,476.673570195718,607.5048437185741,674.4535613774543
146,150,ep146_task150,test,29149,1.5320322942798414,medium,0.9,16-28,28,28,12,16,5,0.028734222054481506,264.80923139738894,380.0230498905301,440.81117386303174,456.07950235783875,326.7809753272943,475.8658558018124,606.6971293246685,673.6458469835487
146,150,ep146_task150,test,29149,1.5320322942798414,medium,0.9,16-28,28,28,13,16,5,0.02319083735346794,242.7679442849281,357.98176277806925,418.7698867505709,434.0382152453779,304.73968821483345,453.82456868935157,584.6558422122076,651.6045598710879
146,150,ep146_task150,test,29149,1.5320322942798414,medium,0.9,16-28,28,28,14,16,5,0.018883276730775833,247.90921155976727,363.1230300529084,423.91115402541004,439.17948252021705,309.8809554896726,458.9658359641907,589.7971094870468,656.745827145927
146,150,ep146_task150,test,29149,1.5320322942798414,medium,0.9,16-28,28,28,15,16,5,0.027328234165906906,259.6434708234632,374.85728931660435,435.64541328910593,450.913741783913,321.6152147533685,470.7000952278866,601.5313687507427,668.4800864096229
146,150,ep146_task150,test,29149,1.5320322942798414,medium,0.9,16-28,28,28,16,16,5,0.03855406865477562,265.61694579129465,380.8307642844358,441.6188882569374,456.8872167517444,327.5886897211999,476.673570195718,607.5048437185741,674.4535613774543
146,150,ep146_task150,test,29149,1.5320322942798414,medium,0.9,16-28,28,28,17,16,5,0.03223176673054695,264.80923139738894,380.0230498905301,440.81117386303174,456.07950235783875,326.7809753272943,475.8658558018124,606.6971293246685,673.6458469835487
146,150,ep146_task150,test,29149,1.5320322942798414,medium,0.9,16-28,28,28,18,16,5,0.030246395617723465,247.90921155976727,363.1230300529084,423.91115402541004,439.17948252021705,309.8809554896726,458.9658359641907,589.7971094870468,656.745827145927
146,150,ep146_task150,test,29149,1.5320322942798414,medium,0.9,16-28,28,28,19,16,5,0.05008068308234215,259.6434708234632,374.85728931660435,435.64541328910593,450.913741783913,321.6152147533685,470.7000952278866,601.5313687507427,668.4800864096229
146,150,ep146_task150,test,29149,1.5320322942798414,medium,0.9,16-28,28,28,20,16,5,0.07288414984941483,265.61694579129465,380.8307642844358,441.6188882569374,456.8872167517444,327.5886897211999,476.673570195718,607.5048437185741,674.4535613774543
146,150,ep146_task150,test,29149,1.5320322942798414,medium,0.9,16-28,28,28,21,16,5,0.05544337257742882,264.80923139738894,380.0230498905301,440.81117386303174,456.07950235783875,326.7809753272943,475.8658558018124,606.6971293246685,673.6458469835487
146,150,ep146_task150,test,29149,1.5320322942798414,medium,0.9,16-28,28,28,22,16,5,0.0410880483686924,259.6434708234632,374.85728931660435,435.64541328910593,450.913741783913,321.6152147533685,470.7000952278866,601.5313687507427,668.4800864096229
146,150,ep146_task150,test,29149,1.5320322942798414,medium,0.9,16-28,28,28,23,16,5,0.05632759630680084,265.61694579129465,380.8307642844358,441.6188882569374,456.8872167517444,327.5886897211999,476.673570195718,607.5048437185741,674.4535613774543
146,150,ep146_task150,test,29149,1.5320322942798414,medium,0.9,16-28,28,28,24,16,5,0.046899255365133286,264.80923139738894,380.0230498905301,440.81117386303174,456.07950235783875,326.7809753272943,475.8658558018124,606.6971293246685,673.6458469835487
146,150,ep146_task150,test,29149,1.5320322942798414,medium,0.9,16-28,28,28,25,16,5,0.09155741333961487,265.61694579129465,380.8307642844358,441.6188882569374,456.8872167517444,327.5886897211999,476.673570195718,607.5048437185741,674.4535613774543
146,150,ep146_task150,test,29149,1.5320322942798414,medium,0.9,16-28,28,28,26,16,5,0.08446621894836426,264.80923139738894,380.0230498905301,440.81117386303174,456.07950235783875,326.7809753272943,475.8658558018124,606.6971293246685,673.6458469835487
146,150,ep146_task150,test,29149,1.5320322942798414,medium,0.9,16-28,28,28,27,16,5,0.09643199294805527,265.61694579129465,380.8307642844358,441.6188882569374,456.8872167517444,327.5886897211999,476.673570195718,607.5048437185741,674.4535613774543
146,163,ep146_task163,test,29162,0.0411371917777668,low,0.9,16-28,28,28,0,7,5,0.008760706521570683,142.60388449999877,234.65882081697296,291.6324143894503,317.2799342948833,80.52967922665012,284.84297172389216,378.32070928789045,462.2194721885311
146,163,ep146_task163,test,29162,0.0411371917777668,low,0.9,16-28,28,28,1,7,5,0.009149844758212566,143.01229176344074,235.06722808041494,292.04082165289225,317.68834155832525,80.89724576374792,285.21053826099,378.6882758249883,462.5870387256289
146,163,ep146_task163,test,29162,0.0411371917777668,low,0.9,16-28,28,28,2,7,5,0.01320829801261425,152.78577877803937,244.84071509501356,301.8143086674909,327.4618285729239,89.69338407688667,294.00667657412873,387.484414138127,471.3831770387676
146,163,ep146_task163,test,29162,0.0411371917777668,low,0.9,16-28,28,28,3,7,5,0.011842823587357998,146.0885281946707,238.14346451164488,295.1170580841222,320.76457798955516,83.66585855185485,287.9791510490969,381.4568886130952,465.3556515137358
146,163,ep146_task163,test,29162,0.0411371917777668,low,0.9,16-28,28,28,4,7,5,0.015187529847025871,157.5876306352839,249.64256695225808,306.6161605247354,332.2636804301684,94.01505074840672,298.32834324564874,391.806080809647,475.7048437102876
146,163,ep146_task163,test,29162,0.0411371917777668,low,0.9,16-28,28,28,5,7,5,0.02104933001101017,163.66918491174832,255.7241212287225,312.6977148011998,338.3452347066328,106.36864565388723,310.68193815112926,404.15967571512755,488.0584386157682
146,163,ep146_task163,test,29162,0.0411371917777668,low,0.9,16-28,28,28,6,7,5,0.0180332213640213,161.2517346136834,253.3066709306576,310.2802645031349,335.9277844085679,103.9511953558223,308.26448785306434,401.7422254170626,485.6409883177032
146,163,ep146_task163,test,29162,0.0411371917777668,low,0.9,16-28,28,28,7,7,5,0.013644557446241379,143.01229176344074,235.06722808041494,292.04082165289225,317.68834155832525,80.89724576374792,285.21053826099,378.6882758249883,462.5870387256289
146,163,ep146_task163,test,29162,0.0411371917777668,low,0.9,16-28,28,28,8,7,5,0.024926181882619858,152.78577877803937,244.84071509501356,301.8143086674909,327.4618285729239,89.69338407688667,294.00667657412873,387.484414138127,471.3831770387676
146,163,ep146_task163,test,29162,0.0411371917777668,low,0.9,16-28,28,28,9,7,5,0.015925360843539238,146.0885281946707,238.14346451164488,295.1170580841222,320.76457798955516,83.66585855185485,287.9791510490969,381.4568886130952,465.3556515137358
146,163,ep146_task163,test,29162,0.0411371917777668,low,0.9,16-28,28,28,10,7,5,0.026785029098391533,157.5876306352839,249.64256695225808,306.6161605247354,332.2636804301684,94.01505074840672,298.32834324564874,391.806080809647,475.7048437102876
146,163,ep146_task163,test,29162,0.0411371917777668,low,0.9,16-28,28,28,11,7,5,0.03529903292655945,163.66918491174832,255.7241212287225,312.6977148011998,338.3452347066328,106.36864565388723,310.68193815112926,404.15967571512755,488.0584386157682
146,163,ep146_task163,test,29162,0.0411371917777668,low,0.9,16-28,28,28,12,7,5,0.03125656396150589,161.2517346136834,253.3066709306576,310.2802645031349,335.9277844085679,103.9511953558223,308.26448785306434,401.7422254170626,485.6409883177032
146,163,ep146_task163,test,29162,0.0411371917777668,low,0.9,16-28,28,28,13,7,5,0.024127423763275146,152.78577877803937,244.84071509501356,301.8143086674909,327.4618285729239,89.69338407688667,294.00667657412873,387.484414138127,471.3831770387676
146,163,ep146_task163,test,29162,0.0411371917777668,low,0.9,16-28,28,28,14,7,5,0.01843106932938099,146.0885281946707,238.14346451164488,295.1170580841222,320.76457798955516,83.66585855185485,287.9791510490969,381.4568886130952,465.3556515137358
146,163,ep146_task163,test,29162,0.0411371917777668,low,0.9,16-28,28,28,15,7,5,0.02654073014855385,157.5876306352839,249.64256695225808,306.6161605247354,332.2636804301684,94.01505074840672,298.32834324564874,391.806080809647,475.7048437102876
146,163,ep146_task163,test,29162,0.0411371917777668,low,0.9,16-28,28,28,16,7,5,0.037640318274497986,163.66918491174832,255.7241212287225,312.6977148011998,338.3452347066328,106.36864565388723,310.68193815112926,404.15967571512755,488.0584386157682
146,163,ep146_task163,test,29162,0.0411371917777668,low,0.9,16-28,28,28,17,7,5,0.0313735194504261,161.2517346136834,253.3066709306576,310.2802645031349,335.9277844085679,103.9511953558223,308.26448785306434,401.7422254170626,485.6409883177032
146,163,ep146_task163,test,29162,0.0411371917777668,low,0.9,16-28,28,28,18,7,5,0.03147074207663536,152.78577877803937,244.84071509501356,301.8143086674909,327.4618285729239,89.69338407688667,294.00667657412873,387.484414138127,471.3831770387676
146,163,ep146_task163,test,29162,0.0411371917777668,low,0.9,16-28,28,28,19,7,5,0.05154091864824295,157.5876306352839,249.64256695225808,306.6161605247354,332.2636804301684,94.01505074840672,298.32834324564874,391.806080809647,475.7048437102876
146,163,ep146_task163,test,29162,0.0411371917777668,low,0.9,16-28,28,28,20,7,5,0.07448028028011322,163.66918491174832,255.7241212287225,312.6977148011998,338.3452347066328,106.36864565388723,310.68193815112926,404.15967571512755,488.0584386157682
146,163,ep146_task163,test,29162,0.0411371917777668,low,0.9,16-28,28,28,21,7,5,0.057406578212976456,161.2517346136834,253.3066709306576,310.2802645031349,335.9277844085679,103.9511953558223,308.26448785306434,401.7422254170626,485.6409883177032
146,163,ep146_task163,test,29162,0.0411371917777668,low,0.9,16-28,28,28,22,7,5,0.03978733345866203,157.5876306352839,249.64256695225808,306.6161605247354,332.2636804301684,94.01505074840672,298.32834324564874,391.806080809647,475.7048437102876
146,163,ep146_task163,test,29162,0.0411371917777668,low,0.9,16-28,28,28,23,7,5,0.0547344908118248,163.66918491174832,255.7241212287225,312.6977148011998,338.3452347066328,106.36864565388723,310.68193815112926,404.15967571512755,488.0584386157682
146,163,ep146_task163,test,29162,0.0411371917777668,low,0.9,16-28,28,28,24,7,5,0.04562607407569885,161.2517346136834,253.3066709306576,310.2802645031349,335.9277844085679,103.9511953558223,308.26448785306434,401.7422254170626,485.6409883177032
146,163,ep146_task163,test,29162,0.0411371917777668,low,0.9,16-28,28,28,25,7,5,0.08767865598201752,163.66918491174832,255.7241212287225,312.6977148011998,338.3452347066328,106.36864565388723,310.68193815112926,404.15967571512755,488.0584386157682
146,163,ep146_task163,test,29162,0.0411371917777668,low,0.9,16-28,28,28,26,7,5,0.08106961101293564,161.2517346136834,253.3066709306576,310.2802645031349,335.9277844085679,103.9511953558223,308.26448785306434,401.7422254170626,485.6409883177032
146,163,ep146_task163,test,29162,0.0411371917777668,low,0.9,16-28,28,28,27,7,5,0.09302371740341187,163.66918491174832,255.7241212287225,312.6977148011998,338.3452347066328,106.36864565388723,310.68193815112926,404.15967571512755,488.0584386157682
146,175,ep146_task175,test,29174,1.7057661826660944,high,0.9,16-28,28,28,0,8,6,0.009343399666249752,258.4707981371842,416.10681969650693,551.3871451123271,555.1672375690149,236.38473924002523,333.26165667663304,505.60785957158316,533.4456059822141
146,175,ep146_task175,test,29174,1.7057661826660944,high,0.9,16-28,28,28,1,8,6,0.009716274216771126,260.8049139713649,418.4409355306876,553.7212609465078,557.5013534031956,238.08630968314296,334.9632271197508,507.309430014701,535.147176425332
146,175,ep146_task175,test,29174,1.7057661826660944,high,0.9,16-28,28,28,2,8,6,0.013877641409635544,267.04087600870275,424.6768975680255,559.9572229838457,563.7373154405335,242.6323260083623,339.50924344497014,511.85544633992026,539.6931927505512
146,175,ep146_task175,test,29174,1.7057661826660944,high,0.9,16-28,28,28,3,8,6,0.01248539425432682,236.99790111984584,394.63392267916856,529.9142480949887,533.6943405516765,216.07533091308525,312.9522483496931,485.2984512446433,513.1361976552744
146,175,ep146_task175,test,29174,1.7057661826660944,high,0.9,16-28,28,28,4,8,6,0.016057781875133514,256.85923890517256,414.4952604644953,549.7755858803155,553.5556783370033,231.68262769001862,328.55954512662646,500.90574802157664,528.7434944322077
146,175,ep146_task175,test,29174,1.7057661826660944,high,0.9,16-28,28,28,5,8,6,0.019589032977819443,238.72348317712886,396.3595047364516,531.6398301522718,535.4199226089596,219.43062307304598,316.3075405096538,488.6537434046039,516.491489815235
146,175,ep146_task175,test,29174,1.7057661826660944,high,0.9,16-28,28,28,6,8,6,0.01911911368370056,279.9469835075631,437.58300506688585,572.863330482706,576.6434229393939,252.0408783750315,348.91779581163934,521.2639987065895,549.1017451172205
146,175,ep146_task175,test,29174,1.7057661826660944,high,0.9,16-28,28,28,7,8,6,0.014311353676021099,260.8049139713649,418.4409355306876,553.7212609465078,557.5013534031956,238.08630968314296,334.9632271197508,507.309430014701,535.147176425332
146,175,ep146_task175,test,29174,1.7057661826660944,high,0.9,16-28,28,28,8,8,6,0.025861190631985664,267.04087600870275,424.6768975680255,559.9572229838457,563.7373154405335,242.6323260083623,339.50924344497014,511.85544633992026,539.6931927505512
146,175,ep146_task175,test,29174,1.7057661826660944,high,0.9,16-28,28,28,9,8,6,0.01663133129477501,240.70569648609433,398.34171804541705,533.6220434612371,537.402135917925,220.8756565752818,317.75257401188964,490.0987769068398,517.9365233174709
146,175,ep146_task175,test,29174,1.7057661826660944,high,0.9,16-28,28,28,10,8,6,0.02805342525243759,256.85923890517256,414.4952604644953,549.7755858803155,553.5556783370033,231.68262769001862,328.55954512662646,500.90574802157664,528.7434944322077
146,175,ep146_task175,test,29174,1.7057661826660944,high,0.9,16-28,28,28,11,8,6,0.03263932839035988,240.70569648609433,398.34171804541705,533.6220434612371,537.402135917925,220.8756565752818,317.75257401188964,490.0987769068398,517.9365233174709
146,175,ep146_task175,test,29174,1.7057661826660944,high,0.9,16-28,28,28,12,8,6,0.032779742032289505,279.9469835075631,437.58300506688585,572.863330482706,576.6434229393939,252.0408783750315,348.91779581163934,521.2639987065895,549.1017451172205
146,175,ep146_task175,test,29174,1.7057661826660944,high,0.9,16-28,28,28,13,8,6,0.02498730830848217,267.04087600870275,424.6768975680255,559.9572229838457,563.7373154405335,242.6323260083623,339.50924344497014,511.85544633992026,539.6931927505512
146,175,ep146_task175,test,29174,1.7057661826660944,high,0.9,16-28,28,28,14,8,6,0.01916585862636566,243.03981232027502,400.67583387959775,535.9561592954178,539.7362517521057,222.57722701839953,319.45414445500734,491.8003473499575,519.6380937605886
146,175,ep146_task175,test,29174,1.7057661826660944,high,0.9,16-28,28,28,15,8,6,0.027667991816997528,256.85923890517256,414.4952604644953,549.7755858803155,553.5556783370033,231.68262769001862,328.55954512662646,500.90574802157664,528.7434944322077
146,175,ep146_task175,test,29174,1.7057661826660944,high,0.9,16-28,28,28,16,8,6,0.03462355211377144,243.03981232027502,400.67583387959775,535.9561592954178,539.7362517521057,222.57722701839953,319.45414445500734,491.8003473499575,519.6380937605886
146,175,ep146_task175,test,29174,1.7057661826660944,high,0.9,16-28,28,28,17,8,6,0.0328197106719017,279.9469835075631,437.58300506688585,572.863330482706,576.6434229393939,252.0408783750315,348.91779581163934,521.2639987065895,549.1017451172205
146,175,ep146_task175,test,29174,1.7057661826660944,high,0.9,16-28,28,28,18,8,6,0.03254189342260361,249.2757743576129,406.91179591693566,542.1921213327557,545.9722137894436,227.12324334361884,324.0001607802267,496.3463636751768,524.1841100858079
146,175,ep146_task175,test,29174,1.7057661826660944,high,0.9,16-28,28,28,19,8,6,0.053722161799669266,256.85923890517256,414.4952604644953,549.7755858803155,553.5556783370033,231.68262769001862,328.55954512662646,500.90574802157664,528.7434944322077
146,175,ep146_task175,test,29174,1.7057661826660944,high,0.9,16-28,28,28,20,8,6,0.06995093822479248,249.2757743576129,406.91179591693566,542.1921213327557,545.9722137894436,227.12324334361884,324.0001607802267,496.3463636751768,524.1841100858079
146,175,ep146_task175,test,29174,1.7057661826660944,high,0.9,16-28,28,28,21,8,6,0.0597991980612278,279.9469835075631,437.58300506688585,572.863330482706,576.6434229393939,252.0408783750315,348.91779581163934,521.2639987065895,549.1017451172205
146,175,ep146_task175,test,29174,1.7057661826660944,high,0.9,16-28,28,28,22,8,6,0.041295770555734634,256.85923890517256,414.4952604644953,549.7755858803155,553.5556783370033,231.68262769001862,328.55954512662646,500.90574802157664,528.7434944322077
146,175,ep146_task175,test,29174,1.7057661826660944,high,0.9,16-28,28,28,23,8,6,0.05043580010533333,238.72348317712886,396.3595047364516,531.6398301522718,535.4199226089596,219.43062307304598,316.3075405096538,488.6537434046039,516.491489815235
146,175,ep146_task175,test,29174,1.7057661826660944,high,0.9,16-28,28,28,24,8,6,0.04731830954551697,262.18188185647324,419.81790341579597,555.0982288316161,558.8783212883039,236.531795710288,333.4087131468958,505.75491604184595,533.5926624524769
146,175,ep146_task175,test,29174,1.7057661826660944,high,0.9,16-28,28,28,25,8,6,0.08259644359350204,239.09413725408268,396.7301588134054,532.0104842292255,535.7905766859134,216.1735450252752,313.050462461883,485.3966653568332,513.2344117674643
146,175,ep146_task175,test,29174,1.7057661826660944,high,0.9,16-28,28,28,26,8,6,0.08560360968112946,262.89115189732166,420.5271734566444,555.8074988724645,559.5875913291524,236.07989226129533,332.95680969790317,505.3030125928533,533.1407590034843
146,175,ep146_task175,test,29174,1.7057661826660944,high,0.9,16-28,28,28,27,8,6,0.08700646460056305,262.18188185647324,419.81790341579597,555.0982288316161,558.8783212883039,236.531795710288,333.4087131468958,505.75491604184595,533.5926624524769
146,188,ep146_task188,test,29187,1.188677941927987,medium,0.99,16-28,28,28,0,12,6,0.009211547672748566,177.85497102529672,202.2276435967926,206.45321924141888,206.45321924141888,393.91570492605337,506.5239314970952,562.1820881605644,562.1820881605644
146,188,ep146_task188,test,29187,1.188677941927987,medium,0.99,16-28,28,28,1,12,6,0.008826613426208496,169.923484560757,194.2961571322529,198.52173277687916,198.52173277687916,385.98421846151365,498.5924450325555,554.2506016960247,554.2506016960247
146,188,ep146_task188,test,29187,1.188677941927987,medium,0.99,16-28,28,28,2,12,6,0.013762141577899456,190.73379832192006,215.10647089341595,219.33204653804222,219.33204653804222,406.7945322226767,519.4027587937185,575.0609154571877,575.0609154571877
146,188,ep146_task188,test,29187,1.188677941927987,medium,0.99,16-28,28,28,3,12,6,0.012396881356835365,185.5769105696652,209.94958314116107,214.17515878578735,214.17515878578735,401.63764447042183,514.2458710414636,569.9040277049328,569.9040277049328
146,188,ep146_task188,test,29187,1.188677941927987,medium,0.99,16-28,28,28,4,12,6,0.015048005618155003,175.60372942051097,199.97640199200686,204.20197763663313,204.20197763663313,391.6644633212676,504.2726898923094,559.9308465557787,559.9308465557787
146,188,ep146_task188,test,29187,1.188677941927987,medium,0.99,16-28,28,28,5,12,6,0.020255571231245995,169.923484560757,194.2961571322529,198.52173277687916,198.52173277687916,385.98421846151365,498.5924450325555,554.2506016960247,554.2506016960247
146,188,ep146_task188,test,29187,1.188677941927987,medium,0.99,16-28,28,28,6,12,6,0.018792178481817245,203.9771722058991,228.349844777395,232.57542042202127,232.57542042202127,420.0379061066557,532.6461326776976,588.3042893411667,588.3042893411667
146,188,ep146_task188,test,29187,1.188677941927987,medium,0.99,16-28,28,28,7,12,6,0.013110809028148651,177.85497102529672,202.2276435967926,206.45321924141888,206.45321924141888,393.91570492605337,506.5239314970952,562.1820881605644,562.1820881605644
146,188,ep146_task188,test,29187,1.188677941927987,medium,0.99,16-28,28,28,8,12,6,0.026064814999699593,190.73379832192006,215.10647089341595,219.33204653804222,219.33204653804222,406.7945322226767,519.4027587937185,575.0609154571877,575.0609154571877
146,188,ep146_task188,test,29187,1.188677941927987,medium,0.99,16-28,28,28,9,12,6,0.016589784994721413,185.5769105696652,209.94958314116107,214.17515878578735,214.17515878578735,401.63764447042183,514.2458710414636,569.9040277049328,569.9040277049328
146,188,ep146_task188,test,29187,1.188677941927987,medium,0.99,16-28,28,28,10,12,6,0.026552632451057434,177.85497102529672,202.2276435967926,206.45321924141888,206.45321924141888,393.91570492605337,506.5239314970952,562.1820881605644,562.1820881605644
146,188,ep146_task188,test,29187,1.188677941927987,medium,0.99,16-28,28,28,11,12,6,0.03411465138196945,177.85497102529672,202.2276435967926,206.45321924141888,206.45321924141888,393.91570492605337,506.5239314970952,562.1820881605644,562.1820881605644
146,188,ep146_task188,test,29187,1.188677941927987,medium,0.99,16-28,28,28,12,12,6,0.03246786817908287,203.9771722058991,228.349844777395,232.57542042202127,232.57542042202127,420.0379061066557,532.6461326776976,588.3042893411667,588.3042893411667
146,188,ep146_task188,test,29187,1.188677941927987,medium,0.99,16-28,28,28,13,12,6,0.023059440776705742,190.73379832192006,215.10647089341595,219.33204653804222,219.33204653804222,406.7945322226767,519.4027587937185,575.0609154571877,575.0609154571877
146,188,ep146_task188,test,29187,1.188677941927987,medium,0.99,16-28,28,28,14,12,6,0.017552461475133896,185.5769105696652,209.94958314116107,214.17515878578735,214.17515878578735,401.63764447042183,514.2458710414636,569.9040277049328,569.9040277049328
146,188,ep146_task188,test,29187,1.188677941927987,medium,0.99,16-28,28,28,15,12,6,0.02564452961087227,175.60372942051097,199.97640199200686,204.20197763663313,204.20197763663313,391.6644633212676,504.2726898923094,559.9308465557787,559.9308465557787
146,188,ep146_task188,test,29187,1.188677941927987,medium,0.99,16-28,28,28,16,12,6,0.036476098001003265,166.92780699836868,191.30047956986456,195.52605521449084,195.52605521449084,382.9885408991253,495.59676747016715,551.2549241336363,551.2549241336363
146,188,ep146_task188,test,29187,1.188677941927987,medium,0.99,16-28,28,28,17,12,6,0.029831014573574066,203.9771722058991,228.349844777395,232.57542042202127,232.57542042202127,420.0379061066557,532.6461326776976,588.3042893411667,588.3042893411667
146,188,ep146_task188,test,29187,1.188677941927987,medium,0.99,16-28,28,28,18,12,6,0.0330427922308445,190.73379832192006,215.10647089341595,219.33204653804222,219.33204653804222,406.7945322226767,519.4027587937185,575.0609154571877,575.0609154571877
146,188,ep146_task188,test,29187,1.188677941927987,medium,0.99,16-28,28,28,19,12,6,0.051539983600378036,190.73379832192006,215.10647089341595,219.33204653804222,219.33204653804222,406.7945322226767,519.4027587937185,575.0609154571877,575.0609154571877
146,188,ep146_task188,test,29187,1.188677941927987,medium,0.99,16-28,28,28,20,12,6,0.07340095192193985,190.73379832192006,215.10647089341595,219.33204653804222,219.33204653804222,406.7945322226767,519.4027587937185,575.0609154571877,575.0609154571877
146,188,ep146_task188,test,29187,1.188677941927987,medium,0.99,16-28,28,28,21,12,6,0.059941571205854416,203.9771722058991,228.349844777395,232.57542042202127,232.57542042202127,420.0379061066557,532.6461326776976,588.3042893411667,588.3042893411667
146,188,ep146_task188,test,29187,1.188677941927987,medium,0.99,16-28,28,28,22,12,6,0.039578862488269806,185.5769105696652,209.94958314116107,214.17515878578735,214.17515878578735,401.63764447042183,514.2458710414636,569.9040277049328,569.9040277049328
146,188,ep146_task188,test,29187,1.188677941927987,medium,0.99,16-28,28,28,23,12,6,0.053437478840351105,185.5769105696652,209.94958314116107,214.17515878578735,214.17515878578735,401.63764447042183,514.2458710414636,569.9040277049328,569.9040277049328
146,188,ep146_task188,test,29187,1.188677941927987,medium,0.99,16-28,28,28,24,12,6,0.04756702482700348,203.9771722058991,228.349844777395,232.57542042202127,232.57542042202127,420.0379061066557,532.6461326776976,588.3042893411667,588.3042893411667
146,188,ep146_task188,test,29187,1.188677941927987,medium,0.99,16-28,28,28,25,12,6,0.08836670219898224,175.60372942051097,199.97640199200686,204.20197763663313,204.20197763663313,391.6644633212676,504.2726898923094,559.9308465557787,559.9308465557787
146,188,ep146_task188,test,29187,1.188677941927987,medium,0.99,16-28,28,28,26,12,6,0.08159582316875458,203.9771722058991,228.349844777395,232.57542042202127,232.57542042202127,420.0379061066557,532.6461326776976,588.3042893411667,588.3042893411667
146,188,ep146_task188,test,29187,1.188677941927987,medium,0.99,16-28,28,28,27,12,6,0.09177173674106598,203.9771722058991,228.349844777395,232.57542042202127,232.57542042202127,420.0379061066557,532.6461326776976,588.3042893411667,588.3042893411667
146,200,ep146_task200,test,29199,2.9863139462182176,high,0.9999,6-15,10,10,12,25,19,0.051630791276693344,30.5915243935755,30.5915243935755,30.5915243935755,30.5915243935755,189.44862328234302,189.44862328234302,189.44862328234302,189.44862328234302
146,200,ep146_task200,test,29199,2.9863139462182176,high,0.9999,6-15,10,10,19,25,19,0.08726735413074493,38.21207934576011,38.21207934576011,38.21207934576011,38.21207934576011,197.06917823452764,197.06917823452764,197.06917823452764,197.06917823452764
146,200,ep146_task200,test,29199,2.9863139462182176,high,0.9999,6-15,10,10,20,25,19,0.11681641638278961,29.480900785178754,29.480900785178754,29.480900785178754,29.480900785178754,188.33799967394629,188.33799967394629,188.33799967394629,188.33799967394629
146,200,ep146_task200,test,29199,2.9863139462182176,high,0.9999,6-15,10,10,21,25,19,0.09381421655416489,30.5915243935755,30.5915243935755,30.5915243935755,30.5915243935755,189.44862328234302,189.44862328234302,189.44862328234302,189.44862328234302
146,200,ep146_task200,test,29199,2.9863139462182176,high,0.9999,6-15,10,10,22,25,19,0.06890826672315598,38.21207934576011,38.21207934576011,38.21207934576011,38.21207934576011,197.06917823452764,197.06917823452764,197.06917823452764,197.06917823452764
146,200,ep146_task200,test,29199,2.9863139462182176,high,0.9999,6-15,10,10,23,25,19,0.0858694314956665,35.43809977840348,35.43809977840348,35.43809977840348,35.43809977840348,194.295198667171,194.295198667171,194.295198667171,194.295198667171
146,200,ep146_task200,test,29199,2.9863139462182176,high,0.9999,6-15,10,10,24,25,19,0.0733855664730072,35.43809977840348,35.43809977840348,35.43809977840348,35.43809977840348,194.295198667171,194.295198667171,194.295198667171,194.295198667171
146,200,ep146_task200,test,29199,2.9863139462182176,high,0.9999,6-15,10,10,25,25,19,0.13985763490200043,38.21207934576011,38.21207934576011,38.21207934576011,38.21207934576011,197.06917823452764,197.06917823452764,197.06917823452764,197.06917823452764
146,200,ep146_task200,test,29199,2.9863139462182176,high,0.9999,6-15,10,10,26,25,19,0.13304562866687775,38.21207934576011,38.21207934576011,38.21207934576011,38.21207934576011,197.06917823452764,197.06917823452764,197.06917823452764,197.06917823452764
146,200,ep146_task200,test,29199,2.9863139462182176,high,0.9999,6-15,10,10,27,25,19,0.14940471947193146,30.5915243935755,30.5915243935755,30.5915243935755,30.5915243935755,189.44862328234302,189.44862328234302,189.44862328234302,189.44862328234302
