episode,task_id,state_id,split,dataset_index,max_backlog,load,requirement,safe_set_bin,safe_set_size,effective_set_size,action_index,selected_action,myopic_action,probability,q_h5,q_h10,q_h20,q_h50,legacy_q_h5,legacy_q_h10,legacy_q_h20,legacy_q_h50
44,1,ep044_task001,test,8600,0.0,low,0.99,16-28,28,28,0,20,5,0.008819740265607834,362.89715573568077,495.7683169098344,560.856958570956,574.5597348685096,244.44445237743184,474.59553422572804,623.8618687695628,694.8642408741441
44,1,ep044_task001,test,8600,0.0,low,0.99,16-28,28,28,1,20,5,0.009224295616149902,357.4566891877983,490.32785036195196,555.4164920230736,569.1192683206272,239.54803248433765,469.6991143326339,618.9654488764686,689.96782098105
44,1,ep044_task001,test,8600,0.0,low,0.99,16-28,28,28,2,20,5,0.013307584449648857,375.53240955004344,508.4035707241971,573.4922123853188,587.1949886828722,255.81618081035825,485.9672626586544,635.2335972024891,706.2359693070705
44,1,ep044_task001,test,8600,0.0,low,0.99,16-28,28,28,3,20,5,0.011946271173655987,352.5142910912617,485.3854522654154,550.474093926537,564.1768702240906,235.09987419745474,465.2509560457509,614.5172905895856,685.519662694167
44,1,ep044_task001,test,8600,0.0,low,0.99,16-28,28,28,4,20,5,0.015284745953977108,347.26181447439774,480.1329756485514,545.221617309673,558.9243936072266,230.37264524227714,460.52372709057335,609.7900616344081,680.7924337389893
44,1,ep044_task001,test,8600,0.0,low,0.99,16-28,28,28,5,20,5,0.02107071503996849,387.00325500387396,519.8744161780277,584.9630578391492,598.6658341367028,266.13994171880563,496.29102356710183,645.5573581109365,716.5597302155179
44,1,ep044_task001,test,8600,0.0,low,0.99,16-28,28,28,6,20,5,0.017948832362890244,347.26181447439774,480.1329756485514,545.221617309673,558.9243936072266,230.37264524227714,460.52372709057335,609.7900616344081,680.7924337389893
44,1,ep044_task001,test,8600,0.0,low,0.99,16-28,28,28,7,20,5,0.013798289932310581,362.89715573568077,495.7683169098344,560.856958570956,574.5597348685096,244.44445237743184,474.59553422572804,623.8618687695628,694.8642408741441
44,1,ep044_task001,test,8600,0.0,low,0.99,16-28,28,28,8,20,5,0.025107216089963913,375.53240955004344,508.4035707241971,573.4922123853188,587.1949886828722,255.81618081035825,485.9672626586544,635.2335972024891,706.2359693070705
44,1,ep044_task001,test,8600,0.0,low,0.99,16-28,28,28,9,20,5,0.016073886305093765,362.89715573568077,495.7683169098344,560.856958570956,574.5597348685096,244.44445237743184,474.59553422572804,623.8618687695628,694.8642408741441
44,1,ep044_task001,test,8600,0.0,low,0.99,16-28,28,28,10,20,5,0.02687707170844078,362.89715573568077,495.7683169098344,560.856958570956,574.5597348685096,244.44445237743184,474.59553422572804,623.8618687695628,694.8642408741441
44,1,ep044_task001,test,8600,0.0,low,0.99,16-28,28,28,11,20,5,0.03516850993037224,387.00325500387396,519.8744161780277,584.9630578391492,598.6658341367028,266.13994171880563,496.29102356710183,645.5573581109365,716.5597302155179
44,1,ep044_task001,test,8600,0.0,low,0.99,16-28,28,28,12,20,5,0.031026581302285194,362.89715573568077,495.7683169098344,560.856958570956,574.5597348685096,244.44445237743184,474.59553422572804,623.8618687695628,694.8642408741441
44,1,ep044_task001,test,8600,0.0,low,0.99,16-28,28,28,13,20,5,0.02442224510014057,375.53240955004344,508.4035707241971,573.4922123853188,587.1949886828722,255.81618081035825,485.9672626586544,635.2335972024891,706.2359693070705
44,1,ep044_task001,test,8600,0.0,low,0.99,16-28,28,28,14,20,5,0.01864354871213436,357.4566891877983,490.32785036195196,555.4164920230736,569.1192683206272,239.54803248433765,469.6991143326339,618.9654488764686,689.96782098105
44,1,ep044_task001,test,8600,0.0,low,0.99,16-28,28,28,15,20,5,0.0267647635191679,357.4566891877983,490.32785036195196,555.4164920230736,569.1192683206272,239.54803248433765,469.6991143326339,618.9654488764686,689.96782098105
44,1,ep044_task001,test,8600,0.0,low,0.99,16-28,28,28,16,20,5,0.037738148123025894,387.00325500387396,519.8744161780277,584.9630578391492,598.6658341367028,266.13994171880563,496.29102356710183,645.5573581109365,716.5597302155179
44,1,ep044_task001,test,8600,0.0,low,0.99,16-28,28,28,17,20,5,0.03122454695403576,357.4566891877983,490.32785036195196,555.4164920230736,569.1192683206272,239.54803248433765,469.6991143326339,618.9654488764686,689.96782098105
44,1,ep044_task001,test,8600,0.0,low,0.99,16-28,28,28,18,20,5,0.031890273094177246,375.53240955004344,508.4035707241971,573.4922123853188,587.1949886828722,255.81618081035825,485.9672626586544,635.2335972024891,706.2359693070705
44,1,ep044_task001,test,8600,0.0,low,0.99,16-28,28,28,19,20,5,0.05174010619521141,375.53240955004344,508.4035707241971,573.4922123853188,587.1949886828722,255.81618081035825,485.9672626586544,635.2335972024891,706.2359693070705
44,1,ep044_task001,test,8600,0.0,low,0.99,16-28,28,28,20,20,5,0.07362302392721176,387.00325500387396,519.8744161780277,584.9630578391492,598.6658341367028,266.13994171880563,496.29102356710183,645.5573581109365,716.5597302155179
44,1,ep044_task001,test,8600,0.0,low,0.99,16-28,28,28,21,20,5,0.05704217031598091,375.53240955004344,508.4035707241971,573.4922123853188,587.1949886828722,255.81618081035825,485.9672626586544,635.2335972024891,706.2359693070705
44,1,ep044_task001,test,8600,0.0,low,0.99,16-28,28,28,22,20,5,0.04023901745676994,352.5142910912617,485.3854522654154,550.474093926537,564.1768702240906,235.09987419745474,465.2509560457509,614.5172905895856,685.519662694167
44,1,ep044_task001,test,8600,0.0,low,0.99,16-28,28,28,23,20,5,0.055042117834091187,387.00325500387396,519.8744161780277,584.9630578391492,598.6658341367028,266.13994171880563,496.29102356710183,645.5573581109365,716.5597302155179
44,1,ep044_task001,test,8600,0.0,low,0.99,16-28,28,28,24,20,5,0.04557676985859871,352.5142910912617,485.3854522654154,550.474093926537,564.1768702240906,235.09987419745474,465.2509560457509,614.5172905895856,685.519662694167
44,1,ep044_task001,test,8600,0.0,low,0.99,16-28,28,28,25,20,5,0.08753500133752823,387.00325500387396,519.8744161780277,584.9630578391492,598.6658341367028,266.13994171880563,496.29102356710183,645.5573581109365,716.5597302155179
44,1,ep044_task001,test,8600,0.0,low,0.99,16-28,28,28,26,20,5,0.08042433112859726,335.7832013006731,468.65436247482677,533.7430041359484,547.445780433502,220.041893385925,450.19297523422114,599.4593097780559,670.4616818826371
44,1,ep044_task001,test,8600,0.0,low,0.99,16-28,28,28,27,20,5,0.09244013577699661,387.00325500387396,519.8744161780277,584.9630578391492,598.6658341367028,266.13994171880563,496.29102356710183,645.5573581109365,716.5597302155179
44,13,ep044_task013,test,8612,0.0,low,0.999,16-28,28,28,0,19,5,0.008873840793967247,410.5359965422134,520.1787285159139,609.6336187084141,638.8345355935703,368.097628320853,437.4219509102779,559.1156694094653,653.0339612795536
44,13,ep044_task013,test,8612,0.0,low,0.999,16-28,28,28,1,19,5,0.0092513058334589,386.9919415429678,496.6346735166683,586.0895637091686,615.2904805943247,347.0708680735064,416.3951906629313,538.0889091621187,632.007201032207
44,13,ep044_task013,test,8612,0.0,low,0.999,16-28,28,28,2,19,5,0.013247620314359665,422.5912730127406,532.234004986441,621.6888951789413,650.8898120640974,377.86240226198,447.1867248514049,568.8804433505924,662.7987352206807
44,13,ep044_task013,test,8612,0.0,low,0.999,16-28,28,28,3,19,5,0.011931546963751316,413.77656386486757,523.419295838568,612.8741860310682,642.0751029162244,370.72248785220285,440.04681044162777,561.7405289408152,655.6588208109035
44,13,ep044_task013,test,8612,0.0,low,0.999,16-28,28,28,4,19,5,0.015218476764857769,427.7693683003471,537.4121002740476,626.8669904665478,656.067907351704,382.05665944494126,451.3809820343662,573.0747005335536,666.9929924036419
44,13,ep044_task013,test,8612,0.0,low,0.999,16-28,28,28,5,19,5,0.020912474021315575,435.1149943552974,544.7577263289979,634.2126165214981,663.4135334066543,388.006616549451,457.3309391388759,579.0246576380633,672.9429495081516
44,13,ep044_task013,test,8612,0.0,low,0.999,16-28,28,28,6,19,5,0.017936956137418747,414.9750858252025,524.6178177989029,614.0727079914033,643.2736248765593,371.18024326855766,440.5045658579826,562.19828435717,656.1165762272583
44,13,ep044_task013,test,8612,0.0,low,0.999,16-28,28,28,7,19,5,0.013764661736786366,386.9919415429678,496.6346735166683,586.0895637091686,615.2904805943247,347.0708680735064,416.3951906629313,538.0889091621187,632.007201032207
44,13,ep044_task013,test,8612,0.0,low,0.999,16-28,28,28,8,19,5,0.024885883554816246,422.5912730127406,532.234004986441,621.6888951789413,650.8898120640974,377.86240226198,447.1867248514049,568.8804433505924,662.7987352206807
44,13,ep044_task013,test,8612,0.0,low,0.999,16-28,28,28,9,19,5,0.01596343331038952,413.77656386486757,523.419295838568,612.8741860310682,642.0751029162244,370.72248785220285,440.04681044162777,561.7405289408152,655.6588208109035
44,13,ep044_task013,test,8612,0.0,low,0.999,16-28,28,28,10,19,5,0.026655972003936768,427.7693683003471,537.4121002740476,626.8669904665478,656.067907351704,382.05665944494126,451.3809820343662,573.0747005335536,666.9929924036419
44,13,ep044_task013,test,8612,0.0,low,0.999,16-28,28,28,11,19,5,0.03489935025572777,435.1149943552974,544.7577263289979,634.2126165214981,663.4135334066543,388.006616549451,457.3309391388759,579.0246576380633,672.9429495081516
44,13,ep044_task013,test,8612,0.0,low,0.999,16-28,28,28,12,19,5,0.030833175405859947,414.9750858252025,524.6178177989029,614.0727079914033,643.2736248765593,371.18024326855766,440.5045658579826,562.19828435717,656.1165762272583
44,13,ep044_task013,test,8612,0.0,low,0.999,16-28,28,28,13,19,5,0.02425120770931244,398.889999921879,508.53273189557945,597.9876220880798,627.1885389732358,356.7082953604245,426.0326179498494,547.7263364490368,641.6446283191251
44,13,ep044_task013,test,8612,0.0,low,0.999,16-28,28,28,14,19,5,0.018507450819015503,390.07529077400596,499.7180227477064,589.1729129402066,618.3738298253628,349.56838095064734,418.89270354007226,540.5864220392597,634.504713909348
44,13,ep044_task013,test,8612,0.0,low,0.999,16-28,28,28,15,19,5,0.02652319334447384,404.0680952094855,513.710827183186,603.1657173756863,632.3666342608424,360.90255254338575,430.2268751328107,551.9205936319981,645.8388855020864
44,13,ep044_task013,test,8612,0.0,low,0.999,16-28,28,28,16,19,5,0.037496138364076614,411.4137212644358,521.0564532381363,610.5113434306365,639.7122603157927,366.8525096478955,436.1768322373204,557.8705507365079,651.7888426065962
44,13,ep044_task013,test,8612,0.0,low,0.999,16-28,28,28,17,19,5,0.031029963865876198,391.2738127343409,500.91654470804133,590.3714349005417,619.5723517856977,350.02613636700215,419.3504589564271,541.0441774556145,634.9624693257028
44,13,ep044_task013,test,8612,0.0,low,0.999,16-28,28,28,18,19,5,0.03176148235797882,422.5912730127406,532.234004986441,621.6888951789413,650.8898120640974,377.86240226198,447.1867248514049,568.8804433505924,662.7987352206807
44,13,ep044_task013,test,8612,0.0,low,0.999,16-28,28,28,19,19,5,0.0515969879925251,427.7693683003471,537.4121002740476,626.8669904665478,656.067907351704,382.05665944494126,451.3809820343662,573.0747005335536,666.9929924036419
44,13,ep044_task013,test,8612,0.0,low,0.999,16-28,28,28,20,19,5,0.07397089898586273,435.1149943552974,544.7577263289979,634.2126165214981,663.4135334066543,388.006616549451,457.3309391388759,579.0246576380633,672.9429495081516
44,13,ep044_task013,test,8612,0.0,low,0.999,16-28,28,28,21,19,5,0.05689331889152527,414.9750858252025,524.6178177989029,614.0727079914033,643.2736248765593,371.18024326855766,440.5045658579826,562.19828435717,656.1165762272583
44,13,ep044_task013,test,8612,0.0,low,0.999,16-28,28,28,22,19,5,0.040020085871219635,427.7693683003471,537.4121002740476,626.8669904665478,656.067907351704,382.05665944494126,451.3809820343662,573.0747005335536,666.9929924036419
44,13,ep044_task013,test,8612,0.0,low,0.999,16-28,28,28,23,19,5,0.05518365278840065,435.1149943552974,544.7577263289979,634.2126165214981,663.4135334066543,388.006616549451,457.3309391388759,579.0246576380633,672.9429495081516
44,13,ep044_task013,test,8612,0.0,low,0.999,16-28,28,28,24,19,5,0.04529586061835289,410.66623960987545,520.308971583576,609.7638617760763,638.9647786612323,367.5573251683632,436.88164775778813,558.5753662569756,652.4936581270639
44,13,ep044_task013,test,8612,0.0,low,0.999,16-28,28,28,25,19,5,0.08865945041179657,435.1149943552974,544.7577263289979,634.2126165214981,663.4135334066543,388.006616549451,457.3309391388759,579.0246576380633,672.9429495081516
44,13,ep044_task013,test,8612,0.0,low,0.999,16-28,28,28,26,19,5,0.08097929507493973,414.9750858252025,524.6178177989029,614.0727079914033,643.2736248765593,371.18024326855766,440.5045658579826,562.19828435717,656.1165762272583
44,13,ep044_task013,test,8612,0.0,low,0.999,16-28,28,28,27,19,5,0.09345633536577225,418.4626566258797,528.1053885995801,617.5602787920805,646.7611956772365,374.0051756171062,443.3294982065311,565.0232167057186,658.9415085758069
44,26,ep044_task026,test,8625,3.232857519520355,high,0.9999,16-28,20,20,4,26,5,0.016932716593146324,146.044736149765,222.60880628460714,305.76513802570537,318.2243585713004,244.22374734260015,385.22329523320684,556.1915906314774,623.3349324004846
44,26,ep044_task026,test,8625,3.232857519520355,high,0.9999,16-28,20,20,5,26,5,0.027329348027706146,176.65310684986858,253.21717698471073,336.37350872580896,348.832729271404,274.83211804270377,415.8316659333105,586.7999613315811,653.9433031005883
44,26,ep044_task026,test,8625,3.232857519520355,high,0.9999,16-28,20,20,6,26,5,0.021289391443133354,152.97276711813305,229.5368372529752,312.6931689940734,325.1523895396685,251.15177831096824,392.151326201575,563.1196215998456,630.2629633688528
44,26,ep044_task026,test,8625,3.232857519520355,high,0.9999,16-28,20,20,10,26,5,0.029141945764422417,155.25972699599112,231.82379713083327,314.98012887193147,327.43934941752656,253.4387381888263,394.43828607943306,565.4065814777036,632.5499232467109
44,26,ep044_task026,test,8625,3.232857519520355,high,0.9999,16-28,20,20,11,26,5,0.04452233389019966,176.65310684986858,253.21717698471073,336.37350872580896,348.832729271404,274.83211804270377,415.8316659333105,586.7999613315811,653.9433031005883
44,26,ep044_task026,test,8625,3.232857519520355,high,0.9999,16-28,20,20,12,26,5,0.03610808402299881,155.25972699599112,231.82379713083327,314.98012887193147,327.43934941752656,253.4387381888263,394.43828607943306,565.4065814777036,632.5499232467109
44,26,ep044_task026,test,8625,3.232857519520355,high,0.9999,16-28,20,20,13,26,5,0.027305472642183304,165.87071105026837,242.43478118511052,325.5911129262088,338.0503334718038,264.04972224310353,405.04927013371025,576.0175655319808,643.1609073009881
44,26,ep044_task026,test,8625,3.232857519520355,high,0.9999,16-28,20,20,14,26,5,0.021017171442508698,154.42491405263246,230.9889841874746,314.1453159285728,326.6045364741679,252.60392524546762,393.60347313607434,564.571768534345,631.7151103033523
44,26,ep044_task026,test,8625,3.232857519520355,high,0.9999,16-28,20,20,15,26,5,0.0299163106828928,131.00283214573568,207.56690228057784,290.72323402167603,303.1824545672711,229.18184333857087,370.1813912291776,541.1496866274482,608.2930283964554
44,26,ep044_task026,test,8625,3.232857519520355,high,0.9999,16-28,20,20,16,26,5,0.04190889745950699,176.65310684986858,253.21717698471073,336.37350872580896,348.832729271404,274.83211804270377,415.8316659333105,586.7999613315811,653.9433031005883
44,26,ep044_task026,test,8625,3.232857519520355,high,0.9999,16-28,20,20,17,26,5,0.03522907570004463,152.97276711813305,229.5368372529752,312.6931689940734,325.1523895396685,251.15177831096824,392.151326201575,563.1196215998456,630.2629633688528
44,26,ep044_task026,test,8625,3.232857519520355,high,0.9999,16-28,20,20,19,26,5,0.05542673543095589,165.87071105026837,242.43478118511052,325.5911129262088,338.0503334718038,264.04972224310353,405.04927013371025,576.0175655319808,643.1609073009881
44,26,ep044_task026,test,8625,3.232857519520355,high,0.9999,16-28,20,20,20,26,5,0.09174863994121552,176.65310684986858,253.21717698471073,336.37350872580896,348.832729271404,274.83211804270377,415.8316659333105,586.7999613315811,653.9433031005883
44,26,ep044_task026,test,8625,3.232857519520355,high,0.9999,16-28,20,20,21,26,5,0.06584526598453522,165.87071105026837,242.43478118511052,325.5911129262088,338.0503334718038,264.04972224310353,405.04927013371025,576.0175655319808,643.1609073009881
44,26,ep044_task026,test,8625,3.232857519520355,high,0.9999,16-28,20,20,22,26,5,0.043192099779844284,154.42491405263246,230.9889841874746,314.1453159285728,326.6045364741679,252.60392524546762,393.60347313607434,564.571768534345,631.7151103033523
44,26,ep044_task026,test,8625,3.232857519520355,high,0.9999,16-28,20,20,23,26,5,0.07070464640855789,176.65310684986858,253.21717698471073,336.37350872580896,348.832729271404,274.83211804270377,415.8316659333105,586.7999613315811,653.9433031005883
44,26,ep044_task026,test,8625,3.232857519520355,high,0.9999,16-28,20,20,24,26,5,0.052692241966724396,154.42491405263246,230.9889841874746,314.1453159285728,326.6045364741679,252.60392524546762,393.60347313607434,564.571768534345,631.7151103033523
44,26,ep044_task026,test,8625,3.232857519520355,high,0.9999,16-28,20,20,25,26,5,0.09453349560499191,176.65310684986858,253.21717698471073,336.37350872580896,348.832729271404,274.83211804270377,415.8316659333105,586.7999613315811,653.9433031005883
44,26,ep044_task026,test,8625,3.232857519520355,high,0.9999,16-28,20,20,26,26,5,0.08779963850975037,152.97276711813305,229.5368372529752,312.6931689940734,325.1523895396685,251.15177831096824,392.151326201575,563.1196215998456,630.2629633688528
44,26,ep044_task026,test,8625,3.232857519520355,high,0.9999,16-28,20,20,27,26,5,0.1073564738035202,176.65310684986858,253.21717698471073,336.37350872580896,348.832729271404,274.83211804270377,415.8316659333105,586.7999613315811,653.9433031005883
44,38,ep044_task038,test,8637,0.0,low,0.99,16-28,28,28,0,13,5,0.008769957348704338,246.63174375533882,336.0316241350481,394.5423676674188,402.4394002967774,232.79988963842794,380.8211272341739,556.4815204474736,627.9595446768652
44,38,ep044_task038,test,8637,0.0,low,0.99,16-28,28,28,1,13,5,0.009159996174275875,245.7720347220627,335.17191510177196,393.6826586341427,401.5796912635013,232.02615150847947,380.04738910422543,555.7077823175251,627.1858065469168
44,38,ep044_task038,test,8637,0.0,low,0.99,16-28,28,28,2,13,5,0.013214568607509136,257.98572660920394,347.3856069889132,405.896350521284,413.79338315064257,250.29353383970408,398.3147714354501,573.9751646487498,645.4531888781414
44,38,ep044_task038,test,8637,0.0,low,0.99,16-28,28,28,3,13,5,0.011857936158776283,246.97917060690912,336.3790509866184,394.8897945189891,402.78682714834775,233.11257380484125,381.1338114005872,556.7942046138869,628.2722288432785
44,38,ep044_task038,test,8637,0.0,low,0.99,16-28,28,28,4,13,5,0.015204248018562794,261.615408866326,351.01528924603525,409.526032778406,417.4230654077646,253.92321609682614,401.9444536925721,577.6048469058718,649.0828711352634
44,38,ep044_task038,test,8637,0.0,low,0.99,16-28,28,28,5,13,5,0.02099272422492504,269.5720382637128,358.97191864342204,417.48266217579277,425.37969480515136,261.8798454942129,409.9010830899589,585.5614763032586,657.0395005326502
44,38,ep044_task038,test,8637,0.0,low,0.99,16-28,28,28,6,13,5,0.017916273325681686,264.16243826197734,353.5623186416866,412.0730621740574,419.970094803416,256.4702454924775,404.4914830882235,580.1518763015232,651.6299005309148
44,38,ep044_task038,test,8637,0.0,low,0.99,16-28,28,28,7,13,5,0.013683073222637177,246.63174375533882,336.0316241350481,394.5423676674188,402.4394002967774,232.79988963842794,380.8211272341739,556.4815204474736,627.9595446768652
44,38,ep044_task038,test,8637,0.0,low,0.99,16-28,28,28,8,13,5,0.024933740496635437,257.98572660920394,347.3856069889132,405.896350521284,413.79338315064257,250.29353383970408,398.3147714354501,573.9751646487498,645.4531888781414
44,38,ep044_task038,test,8637,0.0,low,0.99,16-28,28,28,9,13,5,0.01594654843211174,246.97917060690912,336.3790509866184,394.8897945189891,402.78682714834775,233.11257380484125,381.1338114005872,556.7942046138869,628.2722288432785
44,38,ep044_task038,test,8637,0.0,low,0.99,16-28,28,28,10,13,5,0.02676229551434517,261.615408866326,351.01528924603525,409.526032778406,417.4230654077646,253.92321609682614,401.9444536925721,577.6048469058718,649.0828711352634
44,38,ep044_task038,test,8637,0.0,low,0.99,16-28,28,28,11,13,5,0.03510776907205582,269.5720382637128,358.97191864342204,417.48266217579277,425.37969480515136,261.8798454942129,409.9010830899589,585.5614763032586,657.0395005326502
44,38,ep044_task038,test,8637,0.0,low,0.99,16-28,28,28,12,13,5,0.03100125677883625,264.16243826197734,353.5623186416866,412.0730621740574,419.970094803416,256.4702454924775,404.4914830882235,580.1518763015232,651.6299005309148
44,38,ep044_task038,test,8637,0.0,low,0.99,16-28,28,28,13,13,5,0.02423427253961563,257.98572660920394,347.3856069889132,405.896350521284,413.79338315064257,250.29353383970408,398.3147714354501,573.9751646487498,645.4531888781414
44,38,ep044_task038,test,8637,0.0,low,0.99,16-28,28,28,14,13,5,0.01848217472434044,246.97917060690912,336.3790509866184,394.8897945189891,402.78682714834775,233.11257380484125,381.1338114005872,556.7942046138869,628.2722288432785
44,38,ep044_task038,test,8637,0.0,low,0.99,16-28,28,28,15,13,5,0.026608049869537354,261.615408866326,351.01528924603525,409.526032778406,417.4230654077646,253.92321609682614,401.9444536925721,577.6048469058718,649.0828711352634
44,38,ep044_task038,test,8637,0.0,low,0.99,16-28,28,28,16,13,5,0.037641484290361404,269.5720382637128,358.97191864342204,417.48266217579277,425.37969480515136,261.8798454942129,409.9010830899589,585.5614763032586,657.0395005326502
44,38,ep044_task038,test,8637,0.0,low,0.99,16-28,28,28,17,13,5,0.031160829588770866,264.16243826197734,353.5623186416866,412.0730621740574,419.970094803416,256.4702454924775,404.4914830882235,580.1518763015232,651.6299005309148
44,38,ep044_task038,test,8637,0.0,low,0.99,16-28,28,28,18,13,5,0.03169112652540207,257.98572660920394,347.3856069889132,405.896350521284,413.79338315064257,250.29353383970408,398.3147714354501,573.9751646487498,645.4531888781414
44,38,ep044_task038,test,8637,0.0,low,0.99,16-28,28,28,19,13,5,0.0516994446516037,261.615408866326,351.01528924603525,409.526032778406,417.4230654077646,253.92321609682614,401.9444536925721,577.6048469058718,649.0828711352634
44,38,ep044_task038,test,8637,0.0,low,0.99,16-28,28,28,20,13,5,0.07402906566858292,269.5720382637128,358.97191864342204,417.48266217579277,425.37969480515136,261.8798454942129,409.9010830899589,585.5614763032586,657.0395005326502
44,38,ep044_task038,test,8637,0.0,low,0.99,16-28,28,28,21,13,5,0.05715123936533928,264.16243826197734,353.5623186416866,412.0730621740574,419.970094803416,256.4702454924775,404.4914830882235,580.1518763015232,651.6299005309148
44,38,ep044_task038,test,8637,0.0,low,0.99,16-28,28,28,22,13,5,0.040070727467536926,261.615408866326,351.01528924603525,409.526032778406,417.4230654077646,253.92321609682614,401.9444536925721,577.6048469058718,649.0828711352634
44,38,ep044_task038,test,8637,0.0,low,0.99,16-28,28,28,23,13,5,0.05505003407597542,269.5720382637128,358.97191864342204,417.48266217579277,425.37969480515136,261.8798454942129,409.9010830899589,585.5614763032586,657.0395005326502
44,38,ep044_task038,test,8637,0.0,low,0.99,16-28,28,28,24,13,5,0.045504212379455566,264.16243826197734,353.5623186416866,412.0730621740574,419.970094803416,256.4702454924775,404.4914830882235,580.1518763015232,651.6299005309148
44,38,ep044_task038,test,8637,0.0,low,0.99,16-28,28,28,25,13,5,0.08810658007860184,269.5720382637128,358.97191864342204,417.48266217579277,425.37969480515136,261.8798454942129,409.9010830899589,585.5614763032586,657.0395005326502
44,38,ep044_task038,test,8637,0.0,low,0.99,16-28,28,28,26,13,5,0.0809553787112236,264.16243826197734,353.5623186416866,412.0730621740574,419.970094803416,256.4702454924775,404.4914830882235,580.1518763015232,651.6299005309148
44,38,ep044_task038,test,8637,0.0,low,0.99,16-28,28,28,27,13,5,0.09306494891643524,269.5720382637128,358.97191864342204,417.48266217579277,425.37969480515136,261.8798454942129,409.9010830899589,585.5614763032586,657.0395005326502
44,51,ep044_task051,test,8650,0.0,low,0.999,16-28,26,26,1,14,5,0.009700227528810501,242.8996500574867,312.5772525155116,349.69765930050727,353.6381499860779,274.13009545810036,399.4169230539055,558.7790967905319,642.8524273906796
44,51,ep044_task051,test,8650,0.0,low,0.999,16-28,26,26,2,14,5,0.013923965394496918,252.46671268279468,322.1443151408196,359.2647219258152,363.2052126113859,282.7404518208775,408.0272794166827,567.389453153309,651.4627837534567
44,51,ep044_task051,test,8650,0.0,low,0.999,16-28,26,26,3,14,5,0.01249870378524065,245.22816657322272,314.90576903124764,352.0261758162433,355.96666650181396,276.2257603222628,401.51258791806794,560.8747616546942,644.948092254842
44,51,ep044_task051,test,8650,0.0,low,0.999,16-28,26,26,4,14,5,0.015947477892041206,256.6069861691104,326.28458862713535,363.404995412131,367.3454860977016,286.46669795856167,411.75352555436683,571.1156992909931,655.1890298911409
44,51,ep044_task051,test,8650,0.0,low,0.999,16-28,26,26,5,14,5,0.022023266181349754,258.0689867944382,327.74658925246314,364.86699603745876,368.8074867230294,287.2092566922338,412.49608428803896,571.8582580246652,655.931588624813
44,51,ep044_task051,test,8650,0.0,low,0.999,16-28,26,26,6,14,5,0.018720364198088646,259.70796542346443,329.38556788148935,366.505974666485,370.44646535205567,289.2575792874803,414.5444068832855,573.9065806199118,657.9799112200595
44,51,ep044_task051,test,8650,0.0,low,0.999,16-28,26,26,7,14,5,0.014384034089744091,242.8996500574867,312.5772525155116,349.69765930050727,353.6381499860779,274.13009545810036,399.4169230539055,558.7790967905319,642.8524273906796
44,51,ep044_task051,test,8650,0.0,low,0.999,16-28,26,26,9,14,5,0.01674889773130417,245.22816657322272,314.90576903124764,352.0261758162433,355.96666650181396,276.2257603222628,401.51258791806794,560.8747616546942,644.948092254842
44,51,ep044_task051,test,8650,0.0,low,0.999,16-28,26,26,10,14,5,0.027698084712028503,256.6069861691104,326.28458862713535,363.404995412131,367.3454860977016,286.46669795856167,411.75352555436683,571.1156992909931,655.1890298911409
44,51,ep044_task051,test,8650,0.0,low,0.999,16-28,26,26,11,14,5,0.036304131150245667,258.0689867944382,327.74658925246314,364.86699603745876,368.8074867230294,287.2092566922338,412.49608428803896,571.8582580246652,655.931588624813
44,51,ep044_task051,test,8650,0.0,low,0.999,16-28,26,26,12,14,5,0.032085128128528595,259.70796542346443,329.38556788148935,366.505974666485,370.44646535205567,289.2575792874803,414.5444068832855,573.9065806199118,657.9799112200595
44,51,ep044_task051,test,8650,0.0,low,0.999,16-28,26,26,13,14,5,0.025287337601184845,252.46671268279468,322.1443151408196,359.2647219258152,363.2052126113859,282.7404518208775,408.0272794166827,567.389453153309,651.4627837534567
44,51,ep044_task051,test,8650,0.0,low,0.999,16-28,26,26,14,14,5,0.019352229312062263,245.22816657322272,314.90576903124764,352.0261758162433,355.96666650181396,276.2257603222628,401.51258791806794,560.8747616546942,644.948092254842
44,51,ep044_task051,test,8650,0.0,low,0.999,16-28,26,26,15,14,5,0.02762029692530632,256.6069861691104,326.28458862713535,363.404995412131,367.3454860977016,286.46669795856167,411.75352555436683,571.1156992909931,655.1890298911409
44,51,ep044_task051,test,8650,0.0,low,0.999,16-28,26,26,16,14,5,0.03913968428969383,258.0689867944382,327.74658925246314,364.86699603745876,368.8074867230294,287.2092566922338,412.49608428803896,571.8582580246652,655.931588624813
44,51,ep044_task051,test,8650,0.0,low,0.999,16-28,26,26,17,14,5,0.03221084550023079,259.70796542346443,329.38556788148935,366.505974666485,370.44646535205567,289.2575792874803,414.5444068832855,573.9065806199118,657.9799112200595
44,51,ep044_task051,test,8650,0.0,low,0.999,16-28,26,26,18,14,5,0.0330682173371315,252.46671268279468,322.1443151408196,359.2647219258152,363.2052126113859,282.7404518208775,408.0272794166827,567.389453153309,651.4627837534567
44,51,ep044_task051,test,8650,0.0,low,0.999,16-28,26,26,19,14,5,0.05320560559630394,256.6069861691104,326.28458862713535,363.404995412131,367.3454860977016,286.46669795856167,411.75352555436683,571.1156992909931,655.1890298911409
44,51,ep044_task051,test,8650,0.0,low,0.999,16-28,26,26,20,14,5,0.07568224519491196,258.0689867944382,327.74658925246314,364.86699603745876,368.8074867230294,287.2092566922338,412.49608428803896,571.8582580246652,655.931588624813
44,51,ep044_task051,test,8650,0.0,low,0.999,16-28,26,26,21,14,5,0.05889324098825455,259.70796542346443,329.38556788148935,366.505974666485,370.44646535205567,289.2575792874803,414.5444068832855,573.9065806199118,657.9799112200595
44,51,ep044_task051,test,8650,0.0,low,0.999,16-28,26,26,22,14,5,0.04155392199754715,256.6069861691104,326.28458862713535,363.404995412131,367.3454860977016,286.46669795856167,411.75352555436683,571.1156992909931,655.1890298911409
44,51,ep044_task051,test,8650,0.0,low,0.999,16-28,26,26,23,14,5,0.05733145400881767,258.0689867944382,327.74658925246314,364.86699603745876,368.8074867230294,287.2092566922338,412.49608428803896,571.8582580246652,655.931588624813
44,51,ep044_task051,test,8650,0.0,low,0.999,16-28,26,26,24,14,5,0.04699363186955452,259.70796542346443,329.38556788148935,366.505974666485,370.44646535205567,289.2575792874803,414.5444068832855,573.9065806199118,657.9799112200595
44,51,ep044_task051,test,8650,0.0,low,0.999,16-28,26,26,25,14,5,0.09065976738929749,258.0689867944382,327.74658925246314,364.86699603745876,368.8074867230294,287.2092566922338,412.49608428803896,571.8582580246652,655.931588624813
44,51,ep044_task051,test,8650,0.0,low,0.999,16-28,26,26,26,14,5,0.08300226181745529,259.70796542346443,329.38556788148935,366.505974666485,370.44646535205567,289.2575792874803,414.5444068832855,573.9065806199118,657.9799112200595
44,51,ep044_task051,test,8650,0.0,low,0.999,16-28,26,26,27,14,5,0.09596492350101471,258.0689867944382,327.74658925246314,364.86699603745876,368.8074867230294,287.2092566922338,412.49608428803896,571.8582580246652,655.931588624813
44,63,ep044_task063,test,8662,0.5705548914727625,medium,0.999,16-28,28,28,0,16,5,0.008941806852817535,176.0237148271839,230.80479644185726,255.35489124686725,256.95158045550824,246.18656031627842,399.50486016033443,552.9446742514324,618.351945124424
44,63,ep044_task063,test,8662,0.5705548914727625,medium,0.999,16-28,28,28,1,16,5,0.008908191695809364,167.0537101397168,221.83479175439015,246.38488655940014,247.98157576804113,237.2165556288113,390.5348554728673,543.9746695639653,609.3819404369569
44,63,ep044_task063,test,8662,0.5705548914727625,medium,0.999,16-28,28,28,2,16,5,0.01334134116768837,188.87436606073493,243.65544767540828,268.2055424804183,269.8022316890593,259.0372115498294,412.3555113938854,565.7953254849834,631.2025963579752
44,63,ep044_task063,test,8662,0.5705548914727625,medium,0.999,16-28,28,28,3,16,5,0.012023260816931725,177.99097352479927,232.77205513947263,257.3221499444826,258.9188391531236,248.15381901389378,401.4721188579498,554.9119329490478,620.3192038220395
44,63,ep044_task063,test,8662,0.5705548914727625,medium,0.999,16-28,28,28,4,16,5,0.015326038002967834,193.67453945263455,248.4556210673079,273.0057158723178,274.6024050809589,263.83738494172906,417.15568478578507,570.5954988768831,636.0027697498747
44,63,ep044_task063,test,8662,0.5705548914727625,medium,0.999,16-28,28,28,5,16,5,0.021033694967627525,201.96463658659428,256.74571820126766,281.29581300627757,282.89250221491864,272.12748207568876,425.4457819197448,578.8855960108427,644.2928668838344
44,63,ep044_task063,test,8662,0.5705548914727625,medium,0.999,16-28,28,28,6,16,5,0.01806137152016163,197.1458910067812,251.92697262145455,276.47706742646454,278.07375663510555,267.3087364958757,420.6270363399317,574.0668504310297,639.4741213040213
44,63,ep044_task063,test,8662,0.5705548914727625,medium,0.999,16-28,28,28,7,16,5,0.013239853084087372,176.0237148271839,230.80479644185726,255.35489124686725,256.95158045550824,246.18656031627842,399.50486016033443,552.9446742514324,618.351945124424
44,63,ep044_task063,test,8662,0.5705548914727625,medium,0.999,16-28,28,28,8,16,5,0.025098148733377457,188.87436606073493,243.65544767540828,268.2055424804183,269.8022316890593,259.0372115498294,412.3555113938854,565.7953254849834,631.2025963579752
44,63,ep044_task063,test,8662,0.5705548914727625,medium,0.999,16-28,28,28,9,16,5,0.016081752255558968,177.99097352479927,232.77205513947263,257.3221499444826,258.9188391531236,248.15381901389378,401.4721188579498,554.9119329490478,620.3192038220395
44,63,ep044_task063,test,8662,0.5705548914727625,medium,0.999,16-28,28,28,10,16,5,0.026868512853980064,193.67453945263455,248.4556210673079,273.0057158723178,274.6024050809589,263.83738494172906,417.15568478578507,570.5954988768831,636.0027697498747
44,63,ep044_task063,test,8662,0.5705548914727625,medium,0.999,16-28,28,28,11,16,5,0.035150621086359024,201.96463658659428,256.74571820126766,281.29581300627757,282.89250221491864,272.12748207568876,425.4457819197448,578.8855960108427,644.2928668838344
44,63,ep044_task063,test,8662,0.5705548914727625,medium,0.999,16-28,28,28,12,16,5,0.03104904107749462,197.1458910067812,251.92697262145455,276.47706742646454,278.07375663510555,267.3087364958757,420.6270363399317,574.0668504310297,639.4741213040213
44,63,ep044_task063,test,8662,0.5705548914727625,medium,0.999,16-28,28,28,13,16,5,0.023286668583750725,188.87436606073493,243.65544767540828,268.2055424804183,269.8022316890593,259.0372115498294,412.3555113938854,565.7953254849834,631.2025963579752
44,63,ep044_task063,test,8662,0.5705548914727625,medium,0.999,16-28,28,28,14,16,5,0.017760034650564194,177.99097352479927,232.77205513947263,257.3221499444826,258.9188391531236,248.15381901389378,401.4721188579498,554.9119329490478,620.3192038220395
44,63,ep044_task063,test,8662,0.5705548914727625,medium,0.999,16-28,28,28,15,16,5,0.025467773899435997,193.67453945263455,248.4556210673079,273.0057158723178,274.6024050809589,263.83738494172906,417.15568478578507,570.5954988768831,636.0027697498747
44,63,ep044_task063,test,8662,0.5705548914727625,medium,0.999,16-28,28,28,16,16,5,0.036012887954711914,201.96463658659428,256.74571820126766,281.29581300627757,282.89250221491864,272.12748207568876,425.4457819197448,578.8855960108427,644.2928668838344
44,63,ep044_task063,test,8662,0.5705548914727625,medium,0.999,16-28,28,28,17,16,5,0.029830479994416237,197.1458910067812,251.92697262145455,276.47706742646454,278.07375663510555,267.3087364958757,420.6270363399317,574.0668504310297,639.4741213040213
44,63,ep044_task063,test,8662,0.5705548914727625,medium,0.999,16-28,28,28,18,16,5,0.032015904784202576,188.87436606073493,243.65544767540828,268.2055424804183,269.8022316890593,259.0372115498294,412.3555113938854,565.7953254849834,631.2025963579752
44,63,ep044_task063,test,8662,0.5705548914727625,medium,0.999,16-28,28,28,19,16,5,0.05202195793390274,193.67453945263455,248.4556210673079,273.0057158723178,274.6024050809589,263.83738494172906,417.15568478578507,570.5954988768831,636.0027697498747
44,63,ep044_task063,test,8662,0.5705548914727625,medium,0.999,16-28,28,28,20,16,5,0.07457739114761353,201.96463658659428,256.74571820126766,281.29581300627757,282.89250221491864,272.12748207568876,425.4457819197448,578.8855960108427,644.2928668838344
44,63,ep044_task063,test,8662,0.5705548914727625,medium,0.999,16-28,28,28,21,16,5,0.05729503557085991,197.1458910067812,251.92697262145455,276.47706742646454,278.07375663510555,267.3087364958757,420.6270363399317,574.0668504310297,639.4741213040213
44,63,ep044_task063,test,8662,0.5705548914727625,medium,0.999,16-28,28,28,22,16,5,0.04033263772726059,193.67453945263455,248.4556210673079,273.0057158723178,274.6024050809589,263.83738494172906,417.15568478578507,570.5954988768831,636.0027697498747
44,63,ep044_task063,test,8662,0.5705548914727625,medium,0.999,16-28,28,28,23,16,5,0.05556154623627663,201.96463658659428,256.74571820126766,281.29581300627757,282.89250221491864,272.12748207568876,425.4457819197448,578.8855960108427,644.2928668838344
44,63,ep044_task063,test,8662,0.5705548914727625,medium,0.999,16-28,28,28,24,16,5,0.0456288643181324,197.1458910067812,251.92697262145455,276.47706742646454,278.07375663510555,267.3087364958757,420.6270363399317,574.0668504310297,639.4741213040213
44,63,ep044_task063,test,8662,0.5705548914727625,medium,0.999,16-28,28,28,25,16,5,0.08936598896980286,201.96463658659428,256.74571820126766,281.29581300627757,282.89250221491864,272.12748207568876,425.4457819197448,578.8855960108427,644.2928668838344
44,63,ep044_task063,test,8662,0.5705548914727625,medium,0.999,16-28,28,28,26,16,5,0.08158673346042633,197.1458910067812,251.92697262145455,276.47706742646454,278.07375663510555,267.3087364958757,420.6270363399317,574.0668504310297,639.4741213040213
44,63,ep044_task063,test,8662,0.5705548914727625,medium,0.999,16-28,28,28,27,16,5,0.09413246810436249,201.96463658659428,256.74571820126766,281.29581300627757,282.89250221491864,272.12748207568876,425.4457819197448,578.8855960108427,644.2928668838344
44,76,ep044_task076,test,8675,1.284220844308292,medium,0.9999,16-28,20,20,4,19,6,0.018343539908528328,249.27116100280477,342.3695653413722,353.79097197233773,354.5205023060973,297.9317085652708,465.17487900816116,612.1090584846762,674.3943599510119
44,76,ep044_task076,test,8675,1.284220844308292,medium,0.9999,16-28,20,20,5,19,6,0.02407035417854786,242.00783418005025,335.1062385186177,346.52764514958324,347.2571754833428,291.39486749853216,458.6380379414225,605.5722174179375,667.8575188842732
44,76,ep044_task076,test,8675,1.284220844308292,medium,0.9999,16-28,20,20,6,19,6,0.021558750420808792,253.80596894198882,346.9043732805563,358.3257799115218,359.0553102452813,302.0131887842768,469.25635922716714,616.1905387036821,678.4758401700178
44,76,ep044_task076,test,8675,1.284220844308292,medium,0.9999,16-28,20,20,10,19,6,0.03128034621477127,249.27116100280477,342.3695653413722,353.79097197233773,354.5205023060973,297.9317085652708,465.17487900816116,612.1090584846762,674.3943599510119
44,76,ep044_task076,test,8675,1.284220844308292,medium,0.9999,16-28,20,20,11,19,6,0.03992503881454468,242.00783418005025,335.1062385186177,346.52764514958324,347.2571754833428,291.39486749853216,458.6380379414225,605.5722174179375,667.8575188842732
44,76,ep044_task076,test,8675,1.284220844308292,medium,0.9999,16-28,20,20,12,19,6,0.036101531237363815,253.80596894198882,346.9043732805563,358.3257799115218,359.0553102452813,302.0131887842768,469.25635922716714,616.1905387036821,678.4758401700178
44,76,ep044_task076,test,8675,1.284220844308292,medium,0.9999,16-28,20,20,13,19,6,0.02908465452492237,243.7270550500545,336.82545938862194,348.2468660195875,348.97639635334696,292.94216628153595,460.1853367244263,607.1195162009413,669.404817667277
44,76,ep044_task076,test,8675,1.284220844308292,medium,0.9999,16-28,20,20,14,19,6,0.020317265763878822,232.40993044640683,325.5083347849743,336.9297414159398,337.65927174969926,282.7567541382531,449.99992458114343,596.9341040576585,659.2194055239942
44,76,ep044_task076,test,8675,1.284220844308292,medium,0.9999,16-28,20,20,15,19,6,0.03167012706398964,249.27116100280477,342.3695653413722,353.79097197233773,354.5205023060973,297.9317085652708,465.17487900816116,612.1090584846762,674.3943599510119
44,76,ep044_task076,test,8675,1.284220844308292,medium,0.9999,16-28,20,20,16,19,6,0.042830269783735275,242.00783418005025,335.1062385186177,346.52764514958324,347.2571754833428,291.39486749853216,458.6380379414225,605.5722174179375,667.8575188842732
44,76,ep044_task076,test,8675,1.284220844308292,medium,0.9999,16-28,20,20,17,19,6,0.03691988065838814,253.80596894198882,346.9043732805563,358.3257799115218,359.0553102452813,302.0131887842768,469.25635922716714,616.1905387036821,678.4758401700178
44,76,ep044_task076,test,8675,1.284220844308292,medium,0.9999,16-28,20,20,19,19,6,0.061064980924129486,249.27116100280477,342.3695653413722,353.79097197233773,354.5205023060973,297.9317085652708,465.17487900816116,612.1090584846762,674.3943599510119
44,76,ep044_task076,test,8675,1.284220844308292,medium,0.9999,16-28,20,20,20,19,6,0.08392492681741714,243.7270550500545,336.82545938862194,348.2468660195875,348.97639635334696,292.94216628153595,460.1853367244263,607.1195162009413,669.404817667277
44,76,ep044_task076,test,8675,1.284220844308292,medium,0.9999,16-28,20,20,21,19,6,0.06720483303070068,253.80596894198882,346.9043732805563,358.3257799115218,359.0553102452813,302.0131887842768,469.25635922716714,616.1905387036821,678.4758401700178
44,76,ep044_task076,test,8675,1.284220844308292,medium,0.9999,16-28,20,20,22,19,6,0.04333222657442093,249.27116100280477,342.3695653413722,353.79097197233773,354.5205023060973,297.9317085652708,465.17487900816116,612.1090584846762,674.3943599510119
44,76,ep044_task076,test,8675,1.284220844308292,medium,0.9999,16-28,20,20,23,19,6,0.06048818677663803,242.00783418005025,335.1062385186177,346.52764514958324,347.2571754833428,291.39486749853216,458.6380379414225,605.5722174179375,667.8575188842732
44,76,ep044_task076,test,8675,1.284220844308292,medium,0.9999,16-28,20,20,24,19,6,0.049019068479537964,253.80596894198882,346.9043732805563,358.3257799115218,359.0553102452813,302.0131887842768,469.25635922716714,616.1905387036821,678.4758401700178
44,76,ep044_task076,test,8675,1.284220844308292,medium,0.9999,16-28,20,20,25,19,6,0.10099055618047714,239.37731183292203,332.47571617148947,343.897122802455,344.62665313621454,285.91175143906963,453.15492188196,600.089101358475,662.3744028248107
44,76,ep044_task076,test,8675,1.284220844308292,medium,0.9999,16-28,20,20,26,19,6,0.09545813500881195,253.63156949897962,346.72997383754705,358.15138046851257,358.8809108022721,301.85607621182817,469.0992466547185,616.0334261312336,678.3187275975693
44,76,ep044_task076,test,8675,1.284220844308292,medium,0.9999,16-28,20,20,27,19,6,0.10641540586948395,253.80596894198882,346.9043732805563,358.3257799115218,359.0553102452813,302.0131887842768,469.25635922716714,616.1905387036821,678.4758401700178
44,88,ep044_task088,test,8687,0.0,low,0.9999,16-28,27,27,1,25,5,0.009638809598982334,237.5388520212067,288.9488037498657,308.30501782056626,311.8981816167093,203.23457510485244,374.91439731667947,483.571327916868,541.7378942407636
44,88,ep044_task088,test,8687,0.0,low,0.9999,16-28,27,27,2,25,5,0.013697976246476173,256.1610970160602,307.5710487447191,326.9272628154197,330.5204266115627,221.85682009970589,393.5366423115329,502.1935729117214,560.3601392356171
44,88,ep044_task088,test,8687,0.0,low,0.9999,16-28,27,27,3,25,5,0.012370653450489044,232.97975791266617,284.38970964132517,303.74592371202573,307.33908750816875,198.6754809963119,370.35530320813893,479.01223380832744,537.178800132223
44,88,ep044_task088,test,8687,0.0,low,0.9999,16-28,27,27,4,25,5,0.015637433156371117,255.41995813388863,306.8299098625476,326.18612393324815,329.77928772939117,221.1156812175344,392.7955034293615,501.45243402955,559.6190003534457
44,88,ep044_task088,test,8687,0.0,low,0.9999,16-28,27,27,5,25,5,0.02136652171611786,268.40665970574173,319.81661143440067,339.1728255051012,342.76598930124425,234.10238278938746,405.7822050012145,514.439135601403,572.6057019252987
44,88,ep044_task088,test,8687,0.0,low,0.9999,16-28,27,27,6,25,5,0.01828939840197563,254.5495568943766,305.95950862303556,325.3157226937361,328.90888648987914,220.24527997802235,391.92510218984944,500.58203279003794,558.7485991139337
44,88,ep044_task088,test,8687,0.0,low,0.9999,16-28,27,27,7,25,5,0.014273842796683311,242.76279543813638,294.1727471667954,313.5289612374959,317.1221250336389,208.45851852178214,380.1383407336092,488.7952713337977,546.9618376576934
44,88,ep044_task088,test,8687,0.0,low,0.9999,16-28,27,27,8,25,5,0.025412701070308685,256.1610970160602,307.5710487447191,326.9272628154197,330.5204266115627,221.85682009970589,393.5366423115329,502.1935729117214,560.3601392356171
44,88,ep044_task088,test,8687,0.0,low,0.9999,16-28,27,27,9,25,5,0.01648702472448349,242.76279543813638,294.1727471667954,313.5289612374959,317.1221250336389,208.45851852178214,380.1383407336092,488.7952713337977,546.9618376576934
44,88,ep044_task088,test,8687,0.0,low,0.9999,16-28,27,27,10,25,5,0.027046680450439453,255.41995813388863,306.8299098625476,326.18612393324815,329.77928772939117,221.1156812175344,392.7955034293615,501.45243402955,559.6190003534457
44,88,ep044_task088,test,8687,0.0,low,0.9999,16-28,27,27,11,25,5,0.0351908877491951,268.40665970574173,319.81661143440067,339.1728255051012,342.76598930124425,234.10238278938746,405.7822050012145,514.439135601403,572.6057019252987
44,88,ep044_task088,test,8687,0.0,low,0.9999,16-28,27,27,12,25,5,0.031086906790733337,254.5495568943766,305.95950862303556,325.3157226937361,328.90888648987914,220.24527997802235,391.92510218984944,500.58203279003794,558.7485991139337
44,88,ep044_task088,test,8687,0.0,low,0.9999,16-28,27,27,13,25,5,0.02491134963929653,256.1610970160602,307.5710487447191,326.9272628154197,330.5204266115627,221.85682009970589,393.5366423115329,502.1935729117214,560.3601392356171
44,88,ep044_task088,test,8687,0.0,low,0.9999,16-28,27,27,14,25,5,0.01910324953496456,237.5388520212067,288.9488037498657,308.30501782056626,311.8981816167093,203.23457510485244,374.91439731667947,483.571327916868,541.7378942407636
44,88,ep044_task088,test,8687,0.0,low,0.9999,16-28,27,27,15,25,5,0.02704332210123539,255.41995813388863,306.8299098625476,326.18612393324815,329.77928772939117,221.1156812175344,392.7955034293615,501.45243402955,559.6190003534457
44,88,ep044_task088,test,8687,0.0,low,0.9999,16-28,27,27,16,25,5,0.03800496459007263,268.40665970574173,319.81661143440067,339.1728255051012,342.76598930124425,234.10238278938746,405.7822050012145,514.439135601403,572.6057019252987
44,88,ep044_task088,test,8687,0.0,low,0.9999,16-28,27,27,17,25,5,0.031360600143671036,254.5495568943766,305.95950862303556,325.3157226937361,328.90888648987914,220.24527997802235,391.92510218984944,500.58203279003794,558.7485991139337
44,88,ep044_task088,test,8687,0.0,low,0.9999,16-28,27,27,18,25,5,0.032567210495471954,256.1610970160602,307.5710487447191,326.9272628154197,330.5204266115627,221.85682009970589,393.5366423115329,502.1935729117214,560.3601392356171
44,88,ep044_task088,test,8687,0.0,low,0.9999,16-28,27,27,19,25,5,0.05189488083124161,256.1610970160602,307.5710487447191,326.9272628154197,330.5204266115627,221.85682009970589,393.5366423115329,502.1935729117214,560.3601392356171
44,88,ep044_task088,test,8687,0.0,low,0.9999,16-28,27,27,20,25,5,0.07339584082365036,268.40665970574173,319.81661143440067,339.1728255051012,342.76598930124425,234.10238278938746,405.7822050012145,514.439135601403,572.6057019252987
44,88,ep044_task088,test,8687,0.0,low,0.9999,16-28,27,27,21,25,5,0.05695606395602226,256.1610970160602,307.5710487447191,326.9272628154197,330.5204266115627,221.85682009970589,393.5366423115329,502.1935729117214,560.3601392356171
44,88,ep044_task088,test,8687,0.0,low,0.9999,16-28,27,27,22,25,5,0.04068497195839882,255.41995813388863,306.8299098625476,326.18612393324815,329.77928772939117,221.1156812175344,392.7955034293615,501.45243402955,559.6190003534457
44,88,ep044_task088,test,8687,0.0,low,0.9999,16-28,27,27,23,25,5,0.05587596073746681,268.40665970574173,319.81661143440067,339.1728255051012,342.76598930124425,234.10238278938746,405.7822050012145,514.439135601403,572.6057019252987
44,88,ep044_task088,test,8687,0.0,low,0.9999,16-28,27,27,24,25,5,0.04569411650300026,254.5495568943766,305.95950862303556,325.3157226937361,328.90888648987914,220.24527997802235,391.92510218984944,500.58203279003794,558.7485991139337
44,88,ep044_task088,test,8687,0.0,low,0.9999,16-28,27,27,25,25,5,0.08840081095695496,268.40665970574173,319.81661143440067,339.1728255051012,342.76598930124425,234.10238278938746,405.7822050012145,514.439135601403,572.6057019252987
44,88,ep044_task088,test,8687,0.0,low,0.9999,16-28,27,27,26,25,5,0.08041307330131531,255.41995813388863,306.8299098625476,326.18612393324815,329.77928772939117,221.1156812175344,392.7955034293615,501.45243402955,559.6190003534457
44,88,ep044_task088,test,8687,0.0,low,0.9999,16-28,27,27,27,25,5,0.09319479018449783,268.40665970574173,319.81661143440067,339.1728255051012,342.76598930124425,234.10238278938746,405.7822050012145,514.439135601403,572.6057019252987
44,100,ep044_task100,test,8699,3.74537378416655,high,0.9999,16-28,20,20,4,20,5,0.01872255653142929,202.71229979901847,276.6039141759522,334.4275762265978,347.26805230237665,201.0475339053164,281.14327314517845,388.5941629712988,461.08084790344697
44,100,ep044_task100,test,8699,3.74537378416655,high,0.9999,16-28,20,20,5,20,5,0.025558140128850937,209.73106863910485,283.62268301603854,341.44634506668416,354.286821142463,207.36442586139412,287.46016510125617,394.9110549273765,467.3977398595247
44,100,ep044_task100,test,8699,3.74537378416655,high,0.9999,16-28,20,20,6,20,5,0.022006439045071602,201.980515487892,275.8721298648257,333.6957919154713,346.5362679912502,200.32633719745053,280.42207643731257,387.8729662634329,460.3596511955811
44,100,ep044_task100,test,8699,3.74537378416655,high,0.9999,16-28,20,20,10,20,5,0.03242429718375206,202.71229979901847,276.6039141759522,334.4275762265978,347.26805230237665,201.0475339053164,281.14327314517845,388.5941629712988,461.08084790344697
44,100,ep044_task100,test,8699,3.74537378416655,high,0.9999,16-28,20,20,11,20,5,0.042250849306583405,209.73106863910485,283.62268301603854,341.44634506668416,354.286821142463,207.36442586139412,287.46016510125617,394.9110549273765,467.3977398595247
44,100,ep044_task100,test,8699,3.74537378416655,high,0.9999,16-28,20,20,12,20,5,0.037399664521217346,201.980515487892,275.8721298648257,333.6957919154713,346.5362679912502,200.32633719745053,280.42207643731257,387.8729662634329,460.3596511955811
44,100,ep044_task100,test,8699,3.74537378416655,high,0.9999,16-28,20,20,13,20,5,0.024627573788166046,192.56042914883656,266.45204352577025,324.2757055764159,337.1161816521947,191.14605410946322,271.24179334932523,378.69268317544555,451.17936810759375
44,100,ep044_task100,test,8699,3.74537378416655,high,0.9999,16-28,20,20,14,20,5,0.019756251946091652,140.1083553437714,213.99996972070505,271.82363177135073,284.66410784712957,139.05166130066672,219.14740054052874,326.59829036664905,399.08497529879725
44,100,ep044_task100,test,8699,3.74537378416655,high,0.9999,16-28,20,20,15,20,5,0.026866508647799492,198.32459182578495,272.21620620271864,330.03986825336426,342.8803443291431,196.33380051871677,276.4295397585788,383.88042958469913,456.3671145168473
44,100,ep044_task100,test,8699,3.74537378416655,high,0.9999,16-28,20,20,16,20,5,0.03789021819829941,205.34336066587133,279.23497504280505,337.05863709345067,349.8991131692295,202.6506924747945,282.7464317146565,390.19732154077684,462.68400647292503
44,100,ep044_task100,test,8699,3.74537378416655,high,0.9999,16-28,20,20,17,20,5,0.031495533883571625,197.5928075146585,271.48442189159215,329.3080839422378,342.1485600180167,195.61260381085089,275.7083430507129,383.15923287683324,455.64591780898144
44,100,ep044_task100,test,8699,3.74537378416655,high,0.9999,16-28,20,20,19,20,5,0.0623479038476944,202.71229979901847,276.6039141759522,334.4275762265978,347.26805230237665,201.0475339053164,281.14327314517845,388.5941629712988,461.08084790344697
44,100,ep044_task100,test,8699,3.74537378416655,high,0.9999,16-28,20,20,20,20,5,0.08889877051115036,209.73106863910485,283.62268301603854,341.44634506668416,354.286821142463,207.36442586139412,287.46016510125617,394.9110549273765,467.3977398595247
44,100,ep044_task100,test,8699,3.74537378416655,high,0.9999,16-28,20,20,21,20,5,0.06859136372804642,201.980515487892,275.8721298648257,333.6957919154713,346.5362679912502,200.32633719745053,280.42207643731257,387.8729662634329,460.3596511955811
44,100,ep044_task100,test,8699,3.74537378416655,high,0.9999,16-28,20,20,22,20,5,0.040874119848012924,202.71229979901847,276.6039141759522,334.4275762265978,347.26805230237665,201.0475339053164,281.14327314517845,388.5941629712988,461.08084790344697
44,100,ep044_task100,test,8699,3.74537378416655,high,0.9999,16-28,20,20,23,20,5,0.056567806750535965,209.73106863910485,283.62268301603854,341.44634506668416,354.286821142463,207.36442586139412,287.46016510125617,394.9110549273765,467.3977398595247
44,100,ep044_task100,test,8699,3.74537378416655,high,0.9999,16-28,20,20,24,20,5,0.046357303857803345,201.980515487892,275.8721298648257,333.6957919154713,346.5362679912502,200.32633719745053,280.42207643731257,387.8729662634329,460.3596511955811
44,100,ep044_task100,test,8699,3.74537378416655,high,0.9999,16-28,20,20,25,20,5,0.10709375143051147,209.73106863910485,283.62268301603854,341.44634506668416,354.286821142463,207.36442586139412,287.46016510125617,394.9110549273765,467.3977398595247
44,100,ep044_task100,test,8699,3.74537378416655,high,0.9999,16-28,20,20,26,20,5,0.09744992107152939,197.71216812493043,271.6037825018641,329.42744455250977,342.2679206282886,196.4325511701217,276.52829040998375,383.97918023610407,456.46586516825226
44,100,ep044_task100,test,8699,3.74537378416655,high,0.9999,16-28,20,20,27,20,5,0.11282110214233398,204.62025909510766,278.5118734720414,336.335535522687,349.17601159846583,202.70210644394461,282.79784568380666,390.248735509927,462.73542044207517
44,113,ep044_task113,test,8712,4.036501021176353,high,0.99,16-28,28,28,0,19,6,0.01028809417039156,164.69843017050084,228.005409005686,269.56907336540667,275.44462506701564,185.69584885469698,333.15036630636786,460.6153408701008,543.4671020517317
44,113,ep044_task113,test,8712,4.036501021176353,high,0.99,16-28,28,28,1,19,6,0.00940915197134018,161.7303249449592,225.03730378014436,266.600968139865,272.476519841474,183.53210014527713,330.986617596948,458.45159216068095,541.3033533423119
44,113,ep044_task113,test,8712,4.036501021176353,high,0.99,16-28,28,28,2,19,6,0.013469347730278969,161.7303249449592,225.03730378014436,266.600968139865,272.476519841474,183.53210014527713,330.986617596948,458.45159216068095,541.3033533423119
44,113,ep044_task113,test,8712,4.036501021176353,high,0.99,16-28,28,28,3,19,6,0.013687292113900185,172.85119991906453,236.1581787542497,277.72184311397035,283.5973948155793,191.6392180013999,339.0937354530708,466.55871001680373,549.4104711984346
44,113,ep044_task113,test,8712,4.036501021176353,high,0.99,16-28,28,28,4,19,6,0.016166523098945618,157.23987124460007,220.54685007978523,262.1105144395059,267.98606614111486,177.58725700270372,325.0417744543746,452.50674901810754,535.3585101997384
44,113,ep044_task113,test,8712,4.036501021176353,high,0.99,16-28,28,28,5,19,6,0.019728749990463257,161.7303249449592,225.03730378014436,266.600968139865,272.476519841474,183.53210014527713,330.986617596948,458.45159216068095,541.3033533423119
44,113,ep044_task113,test,8712,4.036501021176353,high,0.99,16-28,28,28,6,19,6,0.02089104987680912,171.95119234353658,235.25817117872174,276.8218355384424,282.69738724005134,189.24661578260836,336.7011332342792,464.16610779801215,547.017868979643
44,113,ep044_task113,test,8712,4.036501021176353,high,0.99,16-28,28,28,7,19,6,0.01365260686725378,164.69843017050084,228.005409005686,269.56907336540667,275.44462506701564,185.69584885469698,333.15036630636786,460.6153408701008,543.4671020517317
44,113,ep044_task113,test,8712,4.036501021176353,high,0.99,16-28,28,28,8,19,6,0.02471054717898369,164.69843017050084,228.005409005686,269.56907336540667,275.44462506701564,185.69584885469698,333.15036630636786,460.6153408701008,543.4671020517317
44,113,ep044_task113,test,8712,4.036501021176353,high,0.99,16-28,28,28,9,19,6,0.018132084980607033,172.85119991906453,236.1581787542497,277.72184311397035,283.5973948155793,191.6392180013999,339.0937354530708,466.55871001680373,549.4104711984346
44,113,ep044_task113,test,8712,4.036501021176353,high,0.99,16-28,28,28,10,19,6,0.027905955910682678,157.23987124460007,220.54685007978523,262.1105144395059,267.98606614111486,177.58725700270372,325.0417744543746,452.50674901810754,535.3585101997384
44,113,ep044_task113,test,8712,4.036501021176353,high,0.99,16-28,28,28,11,19,6,0.03249524161219597,164.69843017050084,228.005409005686,269.56907336540667,275.44462506701564,185.69584885469698,333.15036630636786,460.6153408701008,543.4671020517317
44,113,ep044_task113,test,8712,4.036501021176353,high,0.99,16-28,28,28,12,19,6,0.03548973426222801,171.95119234353658,235.25817117872174,276.8218355384424,282.69738724005134,189.24661578260836,336.7011332342792,464.16610779801215,547.017868979643
44,113,ep044_task113,test,8712,4.036501021176353,high,0.99,16-28,28,28,13,19,6,0.024124590680003166,160.7799825066999,224.08696134188506,265.65062570160575,271.52617740321466,182.83930050778605,330.29381795945693,457.75879252318987,540.6105537048207
44,113,ep044_task113,test,8712,4.036501021176353,high,0.99,16-28,28,28,14,19,6,0.018062850460410118,172.85119991906453,236.1581787542497,277.72184311397035,283.5973948155793,191.6392180013999,339.0937354530708,466.55871001680373,549.4104711984346
44,113,ep044_task113,test,8712,4.036501021176353,high,0.99,16-28,28,28,15,19,6,0.026321185752749443,157.23987124460007,220.54685007978523,262.1105144395059,267.98606614111486,177.58725700270372,325.0417744543746,452.50674901810754,535.3585101997384
44,113,ep044_task113,test,8712,4.036501021176353,high,0.99,16-28,28,28,16,19,6,0.035696446895599365,156.738033703392,220.04501253857717,261.60867689829786,267.48422859990677,178.6985995256787,326.15311697734955,453.6180915410825,536.4698527227133
44,113,ep044_task113,test,8712,4.036501021176353,high,0.99,16-28,28,28,17,19,6,0.030633049085736275,171.95119234353658,235.25817117872174,276.8218355384424,282.69738724005134,189.24661578260836,336.7011332342792,464.16610779801215,547.017868979643
44,113,ep044_task113,test,8712,4.036501021176353,high,0.99,16-28,28,28,18,19,6,0.030994540080428123,172.85119991906453,236.1581787542497,277.72184311397035,283.5973948155793,191.6392180013999,339.0937354530708,466.55871001680373,549.4104711984346
44,113,ep044_task113,test,8712,4.036501021176353,high,0.99,16-28,28,28,19,19,6,0.0518948994576931,157.23987124460007,220.54685007978523,262.1105144395059,267.98606614111486,177.58725700270372,325.0417744543746,452.50674901810754,535.3585101997384
44,113,ep044_task113,test,8712,4.036501021176353,high,0.99,16-28,28,28,20,19,6,0.07126245647668839,160.7799825066999,224.08696134188506,265.65062570160575,271.52617740321466,182.83930050778605,330.29381795945693,457.75879252318987,540.6105537048207
44,113,ep044_task113,test,8712,4.036501021176353,high,0.99,16-28,28,28,21,19,6,0.05682951956987381,171.95119234353658,235.25817117872174,276.8218355384424,282.69738724005134,189.24661578260836,336.7011332342792,464.16610779801215,547.017868979643
44,113,ep044_task113,test,8712,4.036501021176353,high,0.99,16-28,28,28,22,19,6,0.040935926139354706,160.70471400707723,224.0116928422624,265.5753572019831,271.45090890359205,180.11312737654958,327.56764482822047,455.0326193919534,537.8843805735842
44,113,ep044_task113,test,8712,4.036501021176353,high,0.99,16-28,28,28,23,19,6,0.0503036193549633,172.85119991906453,236.1581787542497,277.72184311397035,283.5973948155793,191.6392180013999,339.0937354530708,466.55871001680373,549.4104711984346
44,113,ep044_task113,test,8712,4.036501021176353,high,0.99,16-28,28,28,24,19,6,0.050981320440769196,171.95119234353658,235.25817117872174,276.8218355384424,282.69738724005134,189.24661578260836,336.7011332342792,464.16610779801215,547.017868979643
44,113,ep044_task113,test,8712,4.036501021176353,high,0.99,16-28,28,28,25,19,6,0.08401964604854584,157.23987124460007,220.54685007978523,262.1105144395059,267.98606614111486,177.58725700270372,325.0417744543746,452.50674901810754,535.3585101997384
44,113,ep044_task113,test,8712,4.036501021176353,high,0.99,16-28,28,28,26,19,6,0.08518928289413452,159.8047064315493,223.11168526673447,264.6753496264551,270.55090132806407,177.72052515775806,325.17504260942894,452.6400171731619,535.4917783547927
44,113,ep044_task113,test,8712,4.036501021176353,high,0.99,16-28,28,28,27,19,6,0.08672429621219635,171.95119234353658,235.25817117872174,276.8218355384424,282.69738724005134,189.24661578260836,336.7011332342792,464.16610779801215,547.017868979643
44,125,ep044_task125,test,8724,1.335945273794788,medium,0.999,16-28,23,23,1,20,5,0.010383605025708675,209.79695617422175,286.9936845083008,317.77386990904887,320.3728775985104,289.6909755603439,419.30673817097676,583.2672387462306,656.4473900700885
44,125,ep044_task125,test,8724,1.335945273794788,medium,0.999,16-28,23,23,4,20,5,0.01645246148109436,186.19080016458477,263.3875284986638,294.16771389941186,296.7667215888734,259.47252057397463,389.0882831846075,553.0487837598614,626.2289350837193
44,125,ep044_task125,test,8724,1.335945273794788,medium,0.999,16-28,23,23,5,20,5,0.0235862135887146,227.22867479747157,304.42540313155064,335.20558853229863,337.80459622176016,305.37952232126867,434.9952849319015,598.9557855071554,672.1359368310133
44,125,ep044_task125,test,8724,1.335945273794788,medium,0.999,16-28,23,23,6,20,5,0.020074589177966118,221.0241988262891,298.2209271603682,329.00111256111614,331.60012025057773,299.57946371521166,429.19522632584454,593.1557269010984,666.3358782249563
44,125,ep044_task125,test,8724,1.335945273794788,medium,0.999,16-28,23,23,7,20,5,0.014007189311087132,209.79695617422175,286.9936845083008,317.77386990904887,320.3728775985104,289.6909755603439,419.30673817097676,583.2672387462306,656.4473900700885
44,125,ep044_task125,test,8724,1.335945273794788,medium,0.999,16-28,23,23,10,20,5,0.02719150483608246,199.92649999135014,277.1232283254292,307.90341372617723,310.5024214156388,275.2424686946716,404.8582313053044,568.8187318805583,641.9988832044162
44,125,ep044_task125,test,8724,1.335945273794788,medium,0.999,16-28,23,23,11,20,5,0.03544577956199646,227.22867479747157,304.42540313155064,335.20558853229863,337.80459622176016,305.37952232126867,434.9952849319015,598.9557855071554,672.1359368310133
44,125,ep044_task125,test,8724,1.335945273794788,medium,0.999,16-28,23,23,12,20,5,0.03136655315756798,221.0241988262891,298.2209271603682,329.00111256111614,331.60012025057773,299.57946371521166,429.19522632584454,593.1557269010984,666.3358782249563
44,125,ep044_task125,test,8724,1.335945273794788,medium,0.999,16-28,23,23,13,20,5,0.026592601090669632,217.685226757276,294.8819550913551,325.6621404921031,328.2611481815647,296.7904190850927,426.4061816957256,590.3666822709795,663.5468335948374
44,125,ep044_task125,test,8724,1.335945273794788,medium,0.999,16-28,23,23,14,20,5,0.02063828334212303,213.12983110561385,290.32655943969297,321.10674484044097,323.70575252990255,292.69056299859676,422.30632560922965,586.2668261844835,659.4469775083414
44,125,ep044_task125,test,8724,1.335945273794788,medium,0.999,16-28,23,23,15,20,5,0.028405211865901947,199.92649999135014,277.1232283254292,307.90341372617723,310.5024214156388,275.2424686946716,404.8582313053044,568.8187318805583,641.9988832044162
44,125,ep044_task125,test,8724,1.335945273794788,medium,0.999,16-28,23,23,16,20,5,0.04184724763035774,227.22867479747157,304.42540313155064,335.20558853229863,337.80459622176016,305.37952232126867,434.9952849319015,598.9557855071554,672.1359368310133
44,125,ep044_task125,test,8724,1.335945273794788,medium,0.999,16-28,23,23,17,20,5,0.03445853665471077,221.0241988262891,298.2209271603682,329.00111256111614,331.60012025057773,299.57946371521166,429.19522632584454,593.1557269010984,666.3358782249563
44,125,ep044_task125,test,8724,1.335945273794788,medium,0.999,16-28,23,23,18,20,5,0.03476393222808838,217.685226757276,294.8819550913551,325.6621404921031,328.2611481815647,296.7904190850927,426.4061816957256,590.3666822709795,663.5468335948374
44,125,ep044_task125,test,8724,1.335945273794788,medium,0.999,16-28,23,23,19,20,5,0.05499088391661644,199.92649999135014,277.1232283254292,307.90341372617723,310.5024214156388,275.2424686946716,404.8582313053044,568.8187318805583,641.9988832044162
44,125,ep044_task125,test,8724,1.335945273794788,medium,0.999,16-28,23,23,20,20,5,0.08018916845321655,227.22867479747157,304.42540313155064,335.20558853229863,337.80459622176016,305.37952232126867,434.9952849319015,598.9557855071554,672.1359368310133
44,125,ep044_task125,test,8724,1.335945273794788,medium,0.999,16-28,23,23,21,20,5,0.062284208834171295,221.0241988262891,298.2209271603682,329.00111256111614,331.60012025057773,299.57946371521166,429.19522632584454,593.1557269010984,666.3358782249563
44,125,ep044_task125,test,8724,1.335945273794788,medium,0.999,16-28,23,23,22,20,5,0.04267505928874016,199.92649999135014,277.1232283254292,307.90341372617723,310.5024214156388,275.2424686946716,404.8582313053044,568.8187318805583,641.9988832044162
44,125,ep044_task125,test,8724,1.335945273794788,medium,0.999,16-28,23,23,23,20,5,0.06133706122636795,227.22867479747157,304.42540313155064,335.20558853229863,337.80459622176016,305.37952232126867,434.9952849319015,598.9557855071554,672.1359368310133
44,125,ep044_task125,test,8724,1.335945273794788,medium,0.999,16-28,23,23,24,20,5,0.05022421479225159,221.0241988262891,298.2209271603682,329.00111256111614,331.60012025057773,299.57946371521166,429.19522632584454,593.1557269010984,666.3358782249563
44,125,ep044_task125,test,8724,1.335945273794788,medium,0.999,16-28,23,23,25,20,5,0.09399265795946121,204.79775680413718,281.99448513821625,312.77467053896424,315.37367822842583,279.6265998261799,409.2423624368128,573.2028630120667,646.3830143359246
44,125,ep044_task125,test,8724,1.335945273794788,medium,0.999,16-28,23,23,26,20,5,0.08611808717250824,185.9577000125285,263.1544283466076,293.93461374735557,296.53362143681716,259.11311709801856,388.7288797086514,552.6893802839053,625.8695316077632
44,125,ep044_task125,test,8724,1.335945273794788,medium,0.999,16-28,23,23,27,20,5,0.10297489911317825,222.20078415718092,299.39751249126004,330.177697892008,332.77670558146957,300.63839051301426,430.2541531236471,594.214653698901,667.3948050227589
44,138,ep044_task138,test,8737,2.2477694801114203,high,0.9,16-28,28,28,0,27,5,0.009186114184558392,204.69236396704414,259.3088462761027,285.0009194497436,293.0619816148897,208.9420408614849,368.66250669286586,522.2802728990241,606.8942306373464
44,138,ep044_task138,test,8737,2.2477694801114203,high,0.9,16-28,28,28,1,27,5,0.008424818515777588,198.87934086794016,253.49582317699873,279.1878963506397,287.2489585157858,204.2334921512107,363.95395798259165,517.5717241887498,602.1856819270721
44,138,ep044_task138,test,8737,2.2477694801114203,high,0.9,16-28,28,28,2,27,5,0.01380408275872469,214.11973063374634,268.7362129428049,294.4282861164458,302.48934828159196,221.33951283443957,381.0599786658205,534.6777448719786,619.2917026103008
44,138,ep044_task138,test,8737,2.2477694801114203,high,0.9,16-28,28,28,3,27,5,0.012385193258523941,210.60589967412898,265.2223819831875,290.91445515682847,298.97551732197456,218.15780169642883,377.8782675278098,531.496033733968,616.1099914722903
44,138,ep044_task138,test,8737,2.2477694801114203,high,0.9,16-28,28,28,4,27,5,0.014511247165501118,202.89897703017644,257.515459339235,283.20753251287596,291.26859467802205,207.48939744262208,367.20986327400306,520.8276294801612,605.4415872184835
44,138,ep044_task138,test,8737,2.2477694801114203,high,0.9,16-28,28,28,5,27,5,0.022000210359692574,225.29404739070338,279.9105296997619,305.6026028734029,313.66366503854897,231.3771346413458,391.09760047272675,544.7153666788848,629.3293244172071
44,138,ep044_task138,test,8737,2.2477694801114203,high,0.9,16-28,28,28,6,27,5,0.01891447976231575,224.99425792081857,279.61074022987714,305.30281340351803,313.3638755686641,231.10732411844947,390.8277899498304,544.4455561559885,629.0595138943107
44,138,ep044_task138,test,8737,2.2477694801114203,high,0.9,16-28,28,28,7,27,5,0.01245047990232706,204.69236396704414,259.3088462761027,285.0009194497436,293.0619816148897,208.9420408614849,368.66250669286586,522.2802728990241,606.8942306373464
44,138,ep044_task138,test,8737,2.2477694801114203,high,0.9,16-28,28,28,8,27,5,0.026030004024505615,214.11973063374634,268.7362129428049,294.4282861164458,302.48934828159196,221.33951283443957,381.0599786658205,534.6777448719786,619.2917026103008
44,138,ep044_task138,test,8737,2.2477694801114203,high,0.9,16-28,28,28,9,27,5,0.01662518084049225,210.60589967412898,265.2223819831875,290.91445515682847,298.97551732197456,218.15780169642883,377.8782675278098,531.496033733968,616.1099914722903
44,138,ep044_task138,test,8737,2.2477694801114203,high,0.9,16-28,28,28,10,27,5,0.025570767000317574,204.69236396704414,259.3088462761027,285.0009194497436,293.0619816148897,208.9420408614849,368.66250669286586,522.2802728990241,606.8942306373464
44,138,ep044_task138,test,8737,2.2477694801114203,high,0.9,16-28,28,28,11,27,5,0.03694385290145874,225.29404739070338,279.9105296997619,305.6026028734029,313.66366503854897,231.3771346413458,391.09760047272675,544.7153666788848,629.3293244172071
44,138,ep044_task138,test,8737,2.2477694801114203,high,0.9,16-28,28,28,12,27,5,0.032751038670539856,224.99425792081857,279.61074022987714,305.30281340351803,313.3638755686641,231.10732411844947,390.8277899498304,544.4455561559885,629.0595138943107
44,138,ep044_task138,test,8737,2.2477694801114203,high,0.9,16-28,28,28,13,27,5,0.021806303411722183,214.11973063374634,268.7362129428049,294.4282861164458,302.48934828159196,221.33951283443957,381.0599786658205,534.6777448719786,619.2917026103008
44,138,ep044_task138,test,8737,2.2477694801114203,high,0.9,16-28,28,28,14,27,5,0.016655754297971725,210.60589967412898,265.2223819831875,290.91445515682847,298.97551732197456,218.15780169642883,377.8782675278098,531.496033733968,616.1099914722903
44,138,ep044_task138,test,8737,2.2477694801114203,high,0.9,16-28,28,28,15,27,5,0.024588780477643013,202.89897703017644,257.515459339235,283.20753251287596,291.26859467802205,207.48939744262208,367.20986327400306,520.8276294801612,605.4415872184835
44,138,ep044_task138,test,8737,2.2477694801114203,high,0.9,16-28,28,28,16,27,5,0.03407573699951172,225.29404739070338,279.9105296997619,305.6026028734029,313.66366503854897,231.3771346413458,391.09760047272675,544.7153666788848,629.3293244172071
44,138,ep044_task138,test,8737,2.2477694801114203,high,0.9,16-28,28,28,17,27,5,0.02844008058309555,224.99425792081857,279.61074022987714,305.30281340351803,313.3638755686641,231.10732411844947,390.8277899498304,544.4455561559885,629.0595138943107
44,138,ep044_task138,test,8737,2.2477694801114203,high,0.9,16-28,28,28,18,27,5,0.03286655619740486,195.15109556374316,249.76757787280172,275.4596510464426,283.52071321158877,205.24224291135585,364.9627087427368,518.580474948895,603.1944326872173
44,138,ep044_task138,test,8737,2.2477694801114203,high,0.9,16-28,28,28,19,27,5,0.049317434430122375,214.11973063374634,268.7362129428049,294.4282861164458,302.48934828159196,221.33951283443957,381.0599786658205,534.6777448719786,619.2917026103008
44,138,ep044_task138,test,8737,2.2477694801114203,high,0.9,16-28,28,28,20,27,5,0.07844646275043488,224.9190885332448,279.53557084230334,305.2276440159443,313.2887061810904,231.05893494398822,390.77940077536914,544.3971669815272,629.0111247198495
44,138,ep044_task138,test,8737,2.2477694801114203,high,0.9,16-28,28,28,21,27,5,0.06020500883460045,224.61929906336,279.23578137241856,304.92785454605945,312.9889167112056,230.78912442109188,390.50959025247283,544.127356458631,628.7413141969532
44,138,ep044_task138,test,8737,2.2477694801114203,high,0.9,16-28,28,28,22,27,5,0.03782624378800392,210.60589967412898,265.2223819831875,290.91445515682847,298.97551732197456,218.15780169642883,377.8782675278098,531.496033733968,616.1099914722903
44,138,ep044_task138,test,8737,2.2477694801114203,high,0.9,16-28,28,28,23,27,5,0.05734509229660034,225.29404739070338,279.9105296997619,305.6026028734029,313.66366503854897,231.3771346413458,391.09760047272675,544.7153666788848,629.3293244172071
44,138,ep044_task138,test,8737,2.2477694801114203,high,0.9,16-28,28,28,24,27,5,0.04774826020002365,224.99425792081857,279.61074022987714,305.30281340351803,313.3638755686641,231.10732411844947,390.8277899498304,544.4455561559885,629.0595138943107
44,138,ep044_task138,test,8737,2.2477694801114203,high,0.9,16-28,28,28,25,27,5,0.08477876335382462,225.29404739070338,279.9105296997619,305.6026028734029,313.66366503854897,231.3771346413458,391.09760047272675,544.7153666788848,629.3293244172071
44,138,ep044_task138,test,8737,2.2477694801114203,high,0.9,16-28,28,28,26,27,5,0.07832663506269455,224.99425792081857,279.61074022987714,305.30281340351803,313.3638755686641,231.10732411844947,390.8277899498304,544.4455561559885,629.0595138943107
44,138,ep044_task138,test,8737,2.2477694801114203,high,0.9,16-28,28,28,27,27,5,0.09797535836696625,225.29404739070338,279.9105296997619,305.6026028734029,313.66366503854897,231.3771346413458,391.09760047272675,544.7153666788848,629.3293244172071
44,150,ep044_task150,test,8749,0.0,low,0.9,16-28,28,28,0,27,5,0.008723589591681957,282.07165417076436,447.7681021436947,552.3305561624844,570.1548246724766,180.159414280805,353.53518013107066,488.72319642009535,557.1382370458259
44,150,ep044_task150,test,8749,0.0,low,0.9,16-28,28,28,1,27,5,0.00909832026809454,283.4050198323064,449.1014678052367,553.6639218240265,571.4881903340187,181.13143784806914,354.5072036983348,489.6952199873595,558.1102606130901
44,150,ep044_task150,test,8749,0.0,low,0.9,16-28,28,28,2,27,5,0.01308851782232523,276.8280305630838,442.52447853601416,547.0869325548039,564.911201064796,175.56851101058658,348.94427686085226,484.13229314987694,552.5473337756075
44,150,ep044_task150,test,8749,0.0,low,0.9,16-28,28,28,3,27,5,0.011764655821025372,288.54628710714553,454.2427350800759,558.8051890988656,576.6294576088577,184.8794216914269,358.2551875416925,493.4432038307172,561.8582444564478
44,150,ep044_task150,test,8749,0.0,low,0.9,16-28,28,28,4,27,5,0.015120716765522957,300.2805463708415,465.9769943437718,570.5394483625615,588.3637168725537,193.43369669466122,366.8094625449269,501.99747883395156,570.4125194596821
44,150,ep044_task150,test,8749,0.0,low,0.9,16-28,28,28,5,27,5,0.02078990638256073,306.25402133867294,471.9504693116033,576.5129233303929,594.3371918403851,197.78835994621033,371.16412579647596,506.3521420855007,574.7671827112313
44,150,ep044_task150,test,8749,0.0,low,0.9,16-28,28,28,6,27,5,0.017923224717378616,305.4463069447673,471.14275491769763,575.7052089364873,593.5294774464795,197.19953615305312,370.57530200331877,505.7633182923435,574.1783589180741
44,150,ep044_task150,test,8749,0.0,low,0.9,16-28,28,28,7,27,5,0.013571138493716717,283.4050198323064,449.1014678052367,553.6639218240265,571.4881903340187,181.13143784806914,354.5072036983348,489.6952199873595,558.1102606130901
44,150,ep044_task150,test,8749,0.0,low,0.9,16-28,28,28,8,27,5,0.02481737546622753,276.8280305630838,442.52447853601416,547.0869325548039,564.911201064796,175.56851101058658,348.94427686085226,484.13229314987694,552.5473337756075
44,150,ep044_task150,test,8749,0.0,low,0.9,16-28,28,28,9,27,5,0.015782097354531288,288.54628710714553,454.2427350800759,558.8051890988656,576.6294576088577,184.8794216914269,358.2551875416925,493.4432038307172,561.8582444564478
44,150,ep044_task150,test,8749,0.0,low,0.9,16-28,28,28,10,27,5,0.026758376508951187,300.2805463708415,465.9769943437718,570.5394483625615,588.3637168725537,193.43369669466122,366.8094625449269,501.99747883395156,570.4125194596821
44,150,ep044_task150,test,8749,0.0,low,0.9,16-28,28,28,11,27,5,0.035080596804618835,306.25402133867294,471.9504693116033,576.5129233303929,594.3371918403851,197.78835994621033,371.16412579647596,506.3521420855007,574.7671827112313
44,150,ep044_task150,test,8749,0.0,low,0.9,16-28,28,28,12,27,5,0.03107624500989914,305.4463069447673,471.14275491769763,575.7052089364873,593.5294774464795,197.19953615305312,370.57530200331877,505.7633182923435,574.1783589180741
44,150,ep044_task150,test,8749,0.0,low,0.9,16-28,28,28,13,27,5,0.023989170789718628,270.6261708379649,436.3226188108952,540.885072829685,558.709341339677,170.76560514093154,344.14137099119716,479.32938728022185,547.7444279059525
44,150,ep044_task150,test,8749,0.0,low,0.9,16-28,28,28,14,27,5,0.0182937141507864,288.54628710714553,454.2427350800759,558.8051890988656,576.6294576088577,184.8794216914269,358.2551875416925,493.4432038307172,561.8582444564478
44,150,ep044_task150,test,8749,0.0,low,0.9,16-28,28,28,15,27,5,0.026475008577108383,300.2805463708415,465.9769943437718,570.5394483625615,588.3637168725537,193.43369669466122,366.8094625449269,501.99747883395156,570.4125194596821
44,150,ep044_task150,test,8749,0.0,low,0.9,16-28,28,28,16,27,5,0.037350356578826904,306.25402133867294,471.9504693116033,576.5129233303929,594.3371918403851,197.78835994621033,371.16412579647596,506.3521420855007,574.7671827112313
44,150,ep044_task150,test,8749,0.0,low,0.9,16-28,28,28,17,27,5,0.031225446611642838,305.4463069447673,471.14275491769763,575.7052089364873,593.5294774464795,197.19953615305312,370.57530200331877,505.7633182923435,574.1783589180741
44,150,ep044_task150,test,8749,0.0,low,0.9,16-28,28,28,18,27,5,0.03133270516991615,276.8280305630838,442.52447853601416,547.0869325548039,564.911201064796,175.56851101058658,348.94427686085226,484.13229314987694,552.5473337756075
44,150,ep044_task150,test,8749,0.0,low,0.9,16-28,28,28,19,27,5,0.05175623297691345,283.3687560461179,449.0652040190482,553.627658037838,571.4519265478301,180.33669988771842,353.7124657379841,488.90048202700876,557.3155226527393
44,150,ep044_task150,test,8749,0.0,low,0.9,16-28,28,28,20,27,5,0.07496993243694305,289.34223101394934,455.0386789868797,559.6011330056695,577.4254015156616,184.69136313926757,358.0671289895332,493.2551452785579,561.6701859042885
44,150,ep044_task150,test,8749,0.0,low,0.9,16-28,28,28,21,27,5,0.05725426599383354,288.5345166200437,454.23096459297403,558.7934186117637,576.6176871217559,184.10253934611032,357.47830519637597,492.6663214854007,561.0813621111313
44,150,ep044_task150,test,8749,0.0,low,0.9,16-28,28,28,22,27,5,0.03980522230267525,300.2805463708415,465.9769943437718,570.5394483625615,588.3637168725537,193.43369669466122,366.8094625449269,501.99747883395156,570.4125194596821
44,150,ep044_task150,test,8749,0.0,low,0.9,16-28,28,28,23,27,5,0.05456896871328354,306.25402133867294,471.9504693116033,576.5129233303929,594.3371918403851,197.78835994621033,371.16412579647596,506.3521420855007,574.7671827112313
44,150,ep044_task150,test,8749,0.0,low,0.9,16-28,28,28,24,27,5,0.045434996485710144,305.4463069447673,471.14275491769763,575.7052089364873,593.5294774464795,197.19953615305312,370.57530200331877,505.7633182923435,574.1783589180741
44,150,ep044_task150,test,8749,0.0,low,0.9,16-28,28,28,25,27,5,0.0886988639831543,306.25402133867294,471.9504693116033,576.5129233303929,594.3371918403851,197.78835994621033,371.16412579647596,506.3521420855007,574.7671827112313
44,150,ep044_task150,test,8749,0.0,low,0.9,16-28,28,28,26,27,5,0.08182906359434128,305.4463069447673,471.14275491769763,575.7052089364873,593.5294774464795,197.19953615305312,370.57530200331877,505.7633182923435,574.1783589180741
44,150,ep044_task150,test,8749,0.0,low,0.9,16-28,28,28,27,27,5,0.09342125058174133,306.25402133867294,471.9504693116033,576.5129233303929,594.3371918403851,197.78835994621033,371.16412579647596,506.3521420855007,574.7671827112313
44,163,ep044_task163,test,8762,0.0,low,0.9,16-28,28,28,0,27,5,0.008749744854867458,132.96739378633131,218.80805624369486,268.94634042010455,275.98566137715625,127.17462244990634,293.57199554308664,399.1627151133623,467.15652952824945
44,163,ep044_task163,test,8762,0.0,low,0.9,16-28,28,28,1,27,5,0.009138396009802818,133.37580104977332,219.21646350713687,269.3547476835465,276.3940686405983,127.58302971334832,293.9804028065286,399.5711223768043,467.5649367916914
44,163,ep044_task163,test,8762,0.0,low,0.9,16-28,28,28,2,27,5,0.013191771693527699,143.14928806437194,228.9899505217355,279.12823469814515,286.1675556551969,137.35651672794694,303.75388982112725,409.3446093914029,477.33842380629005
44,163,ep044_task163,test,8762,0.0,low,0.9,16-28,28,28,3,27,5,0.011828006245195866,136.45203748100326,222.2926999383668,272.43098411477644,279.4703050718282,130.65926614457825,297.05663923775853,402.6473588080342,470.64117322292134
44,163,ep044_task163,test,8762,0.0,low,0.9,16-28,28,28,4,27,5,0.015228845179080963,147.95113992161643,233.79180237897998,283.93008655538966,290.9694075124414,142.15836858519145,308.55574167837176,414.1464612486474,482.14027566353457
44,163,ep044_task163,test,8762,0.0,low,0.9,16-28,28,28,5,27,5,0.021022992208600044,154.03269419808086,239.8733566554444,290.0116408318541,297.05096178890585,148.23992286165588,314.6372959548362,420.22801552511186,488.221829939999
44,163,ep044_task163,test,8762,0.0,low,0.9,16-28,28,28,6,27,5,0.018010657280683517,151.61524390001597,237.45590635737952,287.59419053378923,294.63351149084093,145.82247256359096,312.21984565677127,417.81056522704694,485.8043796419341
44,163,ep044_task163,test,8762,0.0,low,0.9,16-28,28,28,7,27,5,0.013627485372126102,133.37580104977332,219.21646350713687,269.3547476835465,276.3940686405983,127.58302971334832,293.9804028065286,399.5711223768043,467.5649367916914
44,163,ep044_task163,test,8762,0.0,low,0.9,16-28,28,28,8,27,5,0.024894993752241135,143.14928806437194,228.9899505217355,279.12823469814515,286.1675556551969,137.35651672794694,303.75388982112725,409.3446093914029,477.33842380629005
44,163,ep044_task163,test,8762,0.0,low,0.9,16-28,28,28,9,27,5,0.015905434265732765,136.45203748100326,222.2926999383668,272.43098411477644,279.4703050718282,130.65926614457825,297.05663923775853,402.6473588080342,470.64117322292134
44,163,ep044_task163,test,8762,0.0,low,0.9,16-28,28,28,10,27,5,0.026856591925024986,147.95113992161643,233.79180237897998,283.93008655538966,290.9694075124414,142.15836858519145,308.55574167837176,414.1464612486474,482.14027566353457
44,163,ep044_task163,test,8762,0.0,low,0.9,16-28,28,28,11,27,5,0.035254865884780884,154.03269419808086,239.8733566554444,290.0116408318541,297.05096178890585,148.23992286165588,314.6372959548362,420.22801552511186,488.221829939999
44,163,ep044_task163,test,8762,0.0,low,0.9,16-28,28,28,12,27,5,0.031217455863952637,151.61524390001597,237.45590635737952,287.59419053378923,294.63351149084093,145.82247256359096,312.21984565677127,417.81056522704694,485.8043796419341
44,163,ep044_task163,test,8762,0.0,low,0.9,16-28,28,28,13,27,5,0.02409723401069641,143.14928806437194,228.9899505217355,279.12823469814515,286.1675556551969,137.35651672794694,303.75388982112725,409.3446093914029,477.33842380629005
44,163,ep044_task163,test,8762,0.0,low,0.9,16-28,28,28,14,27,5,0.01840800978243351,136.45203748100326,222.2926999383668,272.43098411477644,279.4703050718282,130.65926614457825,297.05663923775853,402.6473588080342,470.64117322292134
44,163,ep044_task163,test,8762,0.0,low,0.9,16-28,28,28,15,27,5,0.026614496484398842,147.95113992161643,233.79180237897998,283.93008655538966,290.9694075124414,142.15836858519145,308.55574167837176,414.1464612486474,482.14027566353457
44,163,ep044_task163,test,8762,0.0,low,0.9,16-28,28,28,16,27,5,0.03759322315454483,154.03269419808086,239.8733566554444,290.0116408318541,297.05096178890585,148.23992286165588,314.6372959548362,420.22801552511186,488.221829939999
44,163,ep044_task163,test,8762,0.0,low,0.9,16-28,28,28,17,27,5,0.03133426606655121,151.61524390001597,237.45590635737952,287.59419053378923,294.63351149084093,145.82247256359096,312.21984565677127,417.81056522704694,485.8043796419341
44,163,ep044_task163,test,8762,0.0,low,0.9,16-28,28,28,18,27,5,0.03143136203289032,143.14928806437194,228.9899505217355,279.12823469814515,286.1675556551969,137.35651672794694,303.75388982112725,409.3446093914029,477.33842380629005
44,163,ep044_task163,test,8762,0.0,low,0.9,16-28,28,28,19,27,5,0.051675885915756226,147.95113992161643,233.79180237897998,283.93008655538966,290.9694075124414,142.15836858519145,308.55574167837176,414.1464612486474,482.14027566353457
44,163,ep044_task163,test,8762,0.0,low,0.9,16-28,28,28,20,27,5,0.0743870884180069,154.03269419808086,239.8733566554444,290.0116408318541,297.05096178890585,148.23992286165588,314.6372959548362,420.22801552511186,488.221829939999
44,163,ep044_task163,test,8762,0.0,low,0.9,16-28,28,28,21,27,5,0.05733475089073181,151.61524390001597,237.45590635737952,287.59419053378923,294.63351149084093,145.82247256359096,312.21984565677127,417.81056522704694,485.8043796419341
44,163,ep044_task163,test,8762,0.0,low,0.9,16-28,28,28,22,27,5,0.039900489151477814,147.95113992161643,233.79180237897998,283.93008655538966,290.9694075124414,142.15836858519145,308.55574167837176,414.1464612486474,482.14027566353457
44,163,ep044_task163,test,8762,0.0,low,0.9,16-28,28,28,23,27,5,0.054666005074977875,154.03269419808086,239.8733566554444,290.0116408318541,297.05096178890585,148.23992286165588,314.6372959548362,420.22801552511186,488.221829939999
44,163,ep044_task163,test,8762,0.0,low,0.9,16-28,28,28,24,27,5,0.045568984001874924,151.61524390001597,237.45590635737952,287.59419053378923,294.63351149084093,145.82247256359096,312.21984565677127,417.81056522704694,485.8043796419341
44,163,ep044_task163,test,8762,0.0,low,0.9,16-28,28,28,25,27,5,0.08788913488388062,154.03269419808086,239.8733566554444,290.0116408318541,297.05096178890585,148.23992286165588,314.6372959548362,420.22801552511186,488.221829939999
44,163,ep044_task163,test,8762,0.0,low,0.9,16-28,28,28,26,27,5,0.08126455545425415,151.61524390001597,237.45590635737952,287.59419053378923,294.63351149084093,145.82247256359096,312.21984565677127,417.81056522704694,485.8043796419341
44,163,ep044_task163,test,8762,0.0,low,0.9,16-28,28,28,27,27,5,0.09290732443332672,154.03269419808086,239.8733566554444,290.0116408318541,297.05096178890585,148.23992286165588,314.6372959548362,420.22801552511186,488.221829939999
44,175,ep044_task175,test,8774,4.069666430434472,high,0.9,16-28,28,28,0,16,5,0.009916087612509727,168.3175402146267,293.4710800424363,311.3737131818172,312.6311291935896,174.21728660558597,309.6653693766415,493.3585792774336,518.0067624629816
44,175,ep044_task175,test,8774,4.069666430434472,high,0.9,16-28,28,28,1,16,5,0.01031181775033474,177.51025794033725,302.6637977681469,320.5664309075278,321.82384691930014,186.060459299672,321.5085420707275,505.2017519715197,529.8499351570676
44,175,ep044_task175,test,8774,4.069666430434472,high,0.9,16-28,28,28,2,16,5,0.014728257432579994,183.74621997767514,308.89975980548473,326.8023929448657,328.05980895663805,191.11158854991572,326.55967132097123,510.25288122176335,534.9010644073113
44,175,ep044_task175,test,8774,4.069666430434472,high,0.9,16-28,28,28,3,16,5,0.013250671327114105,184.2474250619846,309.4009648897942,327.3035980291751,328.56101404094744,191.51756466820638,326.9656474392619,510.65885734005406,535.307040525602
44,175,ep044_task175,test,8774,4.069666430434472,high,0.9,16-28,28,28,4,16,5,0.013971667736768723,171.46834673990807,296.6218865677177,314.5245197070986,315.78193571887095,176.7387874535659,312.1868702246214,495.88008012541354,520.5282633109615
44,175,ep044_task175,test,8774,4.069666430434472,high,0.9,16-28,28,28,5,16,5,0.023370927199721336,193.7441248730681,318.8976647008777,336.8002978402586,338.057713852031,199.20989151518404,334.65797428623955,518.3511841870317,542.9993673725796
44,175,ep044_task175,test,8774,4.069666430434472,high,0.9,16-28,28,28,6,16,5,0.017239229753613472,220.0983394421263,345.2518792699359,363.15451240931685,364.4119284210892,227.31022859163554,362.758311362691,546.4515212634832,571.0997044490312
44,175,ep044_task175,test,8774,4.069666430434472,high,0.9,16-28,28,28,7,16,5,0.015188544057309628,170.65165604880738,295.805195876617,313.7078290159979,314.96524502777027,181.10627391189647,316.554356682952,500.2475665837442,524.8957497692921
44,175,ep044_task175,test,8774,4.069666430434472,high,0.9,16-28,28,28,8,16,5,0.027446316555142403,176.88761808614527,302.04115791395486,319.94379105333576,321.2012070651081,186.15740316214016,321.60548593319567,505.29869583398784,529.9468790195358
44,175,ep044_task175,test,8774,4.069666430434472,high,0.9,16-28,28,28,9,16,5,0.017650721594691277,177.3888231704547,302.5423629982643,320.44499613764526,321.7024121494176,186.5633792804308,322.0114620514863,505.70467195227843,530.3528551378264
44,175,ep044_task175,test,8774,4.069666430434472,high,0.9,16-28,28,28,10,16,5,0.024246452376246452,168.3175402146267,293.4710800424363,311.3737131818172,312.6311291935896,174.21728660558597,309.6653693766415,493.3585792774336,518.0067624629816
44,175,ep044_task175,test,8774,4.069666430434472,high,0.9,16-28,28,28,11,16,5,0.03904605284333229,186.88552298153823,312.03906280934785,329.94169594872875,331.1991119605011,194.25570612740847,329.703788898464,513.3969987992562,538.0451819848041
44,175,ep044_task175,test,8774,4.069666430434472,high,0.9,16-28,28,28,12,16,5,0.02947784960269928,143.65887354520635,260.4099117124544,278.31254485183536,279.5699608636077,128.26045299513714,279.3746160759411,463.0678259767333,487.71600916228124
44,175,ep044_task175,test,8774,4.069666430434472,high,0.9,16-28,28,28,13,16,5,0.026518872007727623,183.74621997767514,308.89975980548473,326.8023929448657,328.05980895663805,191.11158854991572,326.55967132097123,510.25288122176335,534.9010644073113
44,175,ep044_task175,test,8774,4.069666430434472,high,0.9,16-28,28,28,14,16,5,0.020340602844953537,184.2474250619846,309.4009648897942,327.3035980291751,328.56101404094744,191.51756466820638,326.9656474392619,510.65885734005406,535.307040525602
44,175,ep044_task175,test,8774,4.069666430434472,high,0.9,16-28,28,28,15,16,5,0.023860419169068336,177.51025794033725,302.6637977681469,320.5664309075278,321.82384691930014,186.060459299672,321.5085420707275,505.2017519715197,529.8499351570676
44,175,ep044_task175,test,8774,4.069666430434472,high,0.9,16-28,28,28,16,16,5,0.0414251983165741,193.7441248730681,318.8976647008777,336.8002978402586,338.057713852031,199.20989151518404,334.65797428623955,518.3511841870317,542.9993673725796
44,175,ep044_task175,test,8774,4.069666430434472,high,0.9,16-28,28,28,17,16,5,0.029464781284332275,210.13110739901254,335.28464722682213,353.187280366203,354.4446963779754,225.27085850412521,360.7189412751807,544.4121511759729,569.0603343615209
44,175,ep044_task175,test,8774,4.069666430434472,high,0.9,16-28,28,28,18,16,5,0.034536492079496384,184.2474250619846,309.4009648897942,327.3035980291751,328.56101404094744,191.51756466820638,326.9656474392619,510.65885734005406,535.307040525602
44,175,ep044_task175,test,8774,4.069666430434472,high,0.9,16-28,28,28,19,16,5,0.046415265649557114,183.74621997767514,308.89975980548473,326.8023929448657,328.05980895663805,191.11158854991572,326.55967132097123,510.25288122176335,534.9010644073113
44,175,ep044_task175,test,8774,4.069666430434472,high,0.9,16-28,28,28,20,16,5,0.08311226218938828,193.7441248730681,318.8976647008777,336.8002978402586,338.057713852031,199.20989151518404,334.65797428623955,518.3511841870317,542.9993673725796
44,175,ep044_task175,test,8774,4.069666430434472,high,0.9,16-28,28,28,21,16,5,0.053832609206438065,232.37621267989334,357.52975250770294,375.4323856470839,376.68980165885625,241.6830296879853,377.1311124590408,560.824322359833,585.472505545381
44,175,ep044_task175,test,8774,4.069666430434472,high,0.9,16-28,28,28,22,16,5,0.035535115748643875,184.2474250619846,309.4009648897942,327.3035980291751,328.56101404094744,191.51756466820638,326.9656474392619,510.65885734005406,535.307040525602
44,175,ep044_task175,test,8774,4.069666430434472,high,0.9,16-28,28,28,23,16,5,0.06031804531812668,193.7441248730681,318.8976647008777,336.8002978402586,338.057713852031,199.20989151518404,334.65797428623955,518.3511841870317,542.9993673725796
44,175,ep044_task175,test,8774,4.069666430434472,high,0.9,16-28,28,28,24,16,5,0.04244762659072876,232.87741776420282,358.0309575920124,375.93359073139334,377.1910067431657,242.08900580627596,377.5370885773315,561.2302984781236,585.8784816636716
44,175,ep044_task175,test,8774,4.069666430434472,high,0.9,16-28,28,28,25,16,5,0.08066223561763763,193.7441248730681,318.8976647008777,336.8002978402586,338.057713852031,199.20989151518404,334.65797428623955,518.3511841870317,542.9993673725796
44,175,ep044_task175,test,8774,4.069666430434472,high,0.9,16-28,28,28,26,16,5,0.07729384303092957,167.26889736358532,279.4996713312867,297.4023044706676,298.65972048244,173.98352871776055,296.9470795919756,480.6402894927677,505.28847267831566
44,175,ep044_task175,test,8774,4.069666430434472,high,0.9,16-28,28,28,27,16,5,0.08839195966720581,242.37411757528633,367.52765740309593,385.4302905424769,386.68770655424925,249.78133265325363,385.22941542430914,568.9226253251013,593.5708085106493
44,188,ep044_task188,test,8787,0.0,low,0.99,16-28,28,28,0,3,5,0.008769497275352478,289.9505165887877,408.48249459547867,439.1739684424551,439.1739684424551,262.68156874120115,329.13779845911574,426.10665854152,426.10665854152
44,188,ep044_task188,test,8787,0.0,low,0.99,16-28,28,28,1,3,5,0.00913904421031475,291.6212831521813,410.1532611588723,440.8447350058487,440.8447350058487,264.1852586482554,330.64148836617,427.61034844857426,427.61034844857426
44,188,ep044_task188,test,8787,0.0,low,0.99,16-28,28,28,2,3,5,0.013101712800562382,302.82934388541105,421.361321892102,452.0527957390784,452.0527957390784,283.0907552699828,349.5469849878974,446.5158450703017,446.5158450703017
44,188,ep044_task188,test,8787,0.0,low,0.99,16-28,28,28,3,3,5,0.011801975779235363,297.6724561331562,416.20443413984714,446.89590798682354,446.89590798682354,277.93386751772795,344.39009723564254,441.3589573180468,441.3589573180468
44,188,ep044_task188,test,8787,0.0,low,0.99,16-28,28,28,4,3,5,0.015109272673726082,310.2217436444287,428.7537216511197,459.4451954980961,459.4451954980961,290.4831550290005,356.9393847469151,453.90824482931936,453.90824482931936
44,188,ep044_task188,test,8787,0.0,low,0.99,16-28,28,28,5,3,5,0.02072969079017639,316.5269794424073,435.0589574490983,465.7504312960747,465.7504312960747,296.7883908269791,363.2446205448937,460.21348062729794,460.21348062729794
44,188,ep044_task188,test,8787,0.0,low,0.99,16-28,28,28,6,3,5,0.01789036951959133,316.0727177693901,434.6046957760811,465.2961696230575,465.2961696230575,296.33412915396184,362.79035887187644,459.7592189542807,459.7592189542807
44,188,ep044_task188,test,8787,0.0,low,0.99,16-28,28,28,7,3,5,0.01362207904458046,291.6212831521813,410.1532611588723,440.8447350058487,440.8447350058487,264.1852586482554,330.64148836617,427.61034844857426,427.61034844857426
44,188,ep044_task188,test,8787,0.0,low,0.99,16-28,28,28,8,3,5,0.024814000353217125,302.82934388541105,421.361321892102,452.0527957390784,452.0527957390784,283.0907552699828,349.5469849878974,446.5158450703017,446.5158450703017
44,188,ep044_task188,test,8787,0.0,low,0.99,16-28,28,28,9,3,5,0.015793662518262863,297.6724561331562,416.20443413984714,446.89590798682354,446.89590798682354,277.93386751772795,344.39009723564254,441.3589573180468,441.3589573180468
44,188,ep044_task188,test,8787,0.0,low,0.99,16-28,28,28,10,3,5,0.026672745123505592,310.2217436444287,428.7537216511197,459.4451954980961,459.4451954980961,290.4831550290005,356.9393847469151,453.90824482931936,453.90824482931936
44,188,ep044_task188,test,8787,0.0,low,0.99,16-28,28,28,11,3,5,0.034937210381031036,316.5269794424073,435.0589574490983,465.7504312960747,465.7504312960747,296.7883908269791,363.2446205448937,460.21348062729794,460.21348062729794
44,188,ep044_task188,test,8787,0.0,low,0.99,16-28,28,28,12,3,5,0.03090978041291237,316.0727177693901,434.6046957760811,465.2961696230575,465.2961696230575,296.33412915396184,362.79035887187644,459.7592189542807,459.7592189542807
44,188,ep044_task188,test,8787,0.0,low,0.99,16-28,28,28,13,3,5,0.024047644808888435,302.82934388541105,421.361321892102,452.0527957390784,452.0527957390784,283.0907552699828,349.5469849878974,446.5158450703017,446.5158450703017
44,188,ep044_task188,test,8787,0.0,low,0.99,16-28,28,28,14,3,5,0.018320681527256966,297.6724561331562,416.20443413984714,446.89590798682354,446.89590798682354,277.93386751772795,344.39009723564254,441.3589573180468,441.3589573180468
44,188,ep044_task188,test,8787,0.0,low,0.99,16-28,28,28,15,3,5,0.026427514851093292,310.2217436444287,428.7537216511197,459.4451954980961,459.4451954980961,290.4831550290005,356.9393847469151,453.90824482931936,453.90824482931936
44,188,ep044_task188,test,8787,0.0,low,0.99,16-28,28,28,16,3,5,0.0373087041079998,316.5269794424073,435.0589574490983,465.7504312960747,465.7504312960747,296.7883908269791,363.2446205448937,460.21348062729794,460.21348062729794
44,188,ep044_task188,test,8787,0.0,low,0.99,16-28,28,28,17,3,5,0.031089557334780693,316.0727177693901,434.6046957760811,465.2961696230575,465.2961696230575,296.33412915396184,362.79035887187644,459.7592189542807,459.7592189542807
44,188,ep044_task188,test,8787,0.0,low,0.99,16-28,28,28,18,3,5,0.03145712614059448,302.82934388541105,421.361321892102,452.0527957390784,452.0527957390784,283.0907552699828,349.5469849878974,446.5158450703017,446.5158450703017
44,188,ep044_task188,test,8787,0.0,low,0.99,16-28,28,28,19,3,5,0.05173253268003464,310.2217436444287,428.7537216511197,459.4451954980961,459.4451954980961,290.4831550290005,356.9393847469151,453.90824482931936,453.90824482931936
44,188,ep044_task188,test,8787,0.0,low,0.99,16-28,28,28,20,3,5,0.07483427971601486,316.5269794424073,435.0589574490983,465.7504312960747,465.7504312960747,296.7883908269791,363.2446205448937,460.21348062729794,460.21348062729794
44,188,ep044_task188,test,8787,0.0,low,0.99,16-28,28,28,21,3,5,0.057065047323703766,316.0727177693901,434.6046957760811,465.2961696230575,465.2961696230575,296.33412915396184,362.79035887187644,459.7592189542807,459.7592189542807
44,188,ep044_task188,test,8787,0.0,low,0.99,16-28,28,28,22,3,5,0.039828136563301086,310.2217436444287,428.7537216511197,459.4451954980961,459.4451954980961,290.4831550290005,356.9393847469151,453.90824482931936,453.90824482931936
44,188,ep044_task188,test,8787,0.0,low,0.99,16-28,28,28,23,3,5,0.05479179695248604,316.5269794424073,435.0589574490983,465.7504312960747,465.7504312960747,296.7883908269791,363.2446205448937,460.21348062729794,460.21348062729794
44,188,ep044_task188,test,8787,0.0,low,0.99,16-28,28,28,24,3,5,0.04528435319662094,316.0727177693901,434.6046957760811,465.2961696230575,465.2961696230575,296.33412915396184,362.79035887187644,459.7592189542807,459.7592189542807
44,188,ep044_task188,test,8787,0.0,low,0.99,16-28,28,28,25,3,5,0.08910846710205078,316.5269794424073,435.0589574490983,465.7504312960747,465.7504312960747,296.7883908269791,363.2446205448937,460.21348062729794,460.21348062729794
44,188,ep044_task188,test,8787,0.0,low,0.99,16-28,28,28,26,3,5,0.08169911801815033,316.0727177693901,434.6046957760811,465.2961696230575,465.2961696230575,296.33412915396184,362.79035887187644,459.7592189542807,459.7592189542807
44,188,ep044_task188,test,8787,0.0,low,0.99,16-28,28,28,27,3,5,0.09371402859687805,316.5269794424073,435.0589574490983,465.7504312960747,465.7504312960747,296.7883908269791,363.2446205448937,460.21348062729794,460.21348062729794
44,200,ep044_task200,test,8799,3.224157432431576,high,0.9999,6-15,6,6,15,25,15,0.08503887802362442,42.6863511912967,42.6863511912967,42.6863511912967,42.6863511912967,63.99334394629812,63.99334394629812,63.99334394629812,63.99334394629812
44,200,ep044_task200,test,8799,3.224157432431576,high,0.9999,6-15,6,6,16,25,15,0.10174370557069778,30.714021225713857,30.714021225713857,30.714021225713857,30.714021225713857,52.021013980715274,52.021013980715274,52.021013980715274,52.021013980715274
44,200,ep044_task200,test,8799,3.224157432431576,high,0.9999,6-15,6,6,17,25,15,0.08665183931589127,30.714021225713857,30.714021225713857,30.714021225713857,30.714021225713857,52.021013980715274,52.021013980715274,52.021013980715274,52.021013980715274
44,200,ep044_task200,test,8799,3.224157432431576,high,0.9999,6-15,6,6,25,25,15,0.2403607815504074,42.6863511912967,42.6863511912967,42.6863511912967,42.6863511912967,63.99334394629812,63.99334394629812,63.99334394629812,63.99334394629812
44,200,ep044_task200,test,8799,3.224157432431576,high,0.9999,6-15,6,6,26,25,15,0.22539012134075165,42.6863511912967,42.6863511912967,42.6863511912967,42.6863511912967,63.99334394629812,63.99334394629812,63.99334394629812,63.99334394629812
44,200,ep044_task200,test,8799,3.224157432431576,high,0.9999,6-15,6,6,27,25,15,0.26081469655036926,26.044864892505615,26.044864892505615,26.044864892505615,26.044864892505615,47.35185764750703,47.35185764750703,47.35185764750703,47.35185764750703
