state_id,trial_id,task_id,requirement,load_tertile,safe_set_size,reference_action,alternative_action,initial_peak_queue_difference_seconds,peak_step,half_life_50_steps,half_life_25_steps,half_life_10_steps,right_censored
trial_007_ep1_task002,7,2,0.99,low,27,6,0,0.0,1,,,,False
trial_007_ep1_task002,7,2,0.99,low,27,6,1,0.0,1,,,,False
trial_007_ep1_task002,7,2,0.99,low,27,6,2,0.0,1,,,,False
trial_007_ep1_task002,7,2,0.99,low,27,6,3,0.0,1,,,,False
trial_007_ep1_task002,7,2,0.99,low,27,6,4,0.0,1,,,,False
trial_007_ep1_task002,7,2,0.99,low,27,6,5,0.0,1,,,,False
trial_007_ep1_task002,7,2,0.99,low,27,6,7,0.0,1,,,,False
trial_007_ep1_task002,7,2,0.99,low,27,6,9,0.0,1,,,,False
trial_007_ep1_task002,7,2,0.99,low,27,6,10,0.0,1,,,,False
trial_007_ep1_task002,7,2,0.99,low,27,6,11,0.0,1,,,,False
trial_007_ep1_task002,7,2,0.99,low,27,6,12,0.0,1,,,,False
trial_007_ep1_task002,7,2,0.99,low,27,6,13,0.0,1,,,,False
trial_007_ep1_task002,7,2,0.99,low,27,6,14,0.0,1,,,,False
trial_007_ep1_task002,7,2,0.99,low,27,6,15,0.0,1,,,,False
trial_007_ep1_task002,7,2,0.99,low,27,6,16,0.0,1,,,,False
trial_007_ep1_task002,7,2,0.99,low,27,6,17,0.0,1,,,,False
trial_007_ep1_task002,7,2,0.99,low,27,6,18,0.0,1,,,,False
trial_007_ep1_task002,7,2,0.99,low,27,6,19,0.0,1,,,,False
trial_007_ep1_task002,7,2,0.99,low,27,6,20,0.0,1,,,,False
trial_007_ep1_task002,7,2,0.99,low,27,6,21,0.0,1,,,,False
trial_007_ep1_task002,7,2,0.99,low,27,6,22,0.0,1,,,,False
trial_007_ep1_task002,7,2,0.99,low,27,6,23,0.0,1,,,,False
trial_007_ep1_task002,7,2,0.99,low,27,6,24,0.0,1,,,,False
trial_007_ep1_task002,7,2,0.99,low,27,6,25,0.0,1,,,,False
trial_007_ep1_task002,7,2,0.99,low,27,6,26,0.0,1,,,,False
trial_007_ep1_task002,7,2,0.99,low,27,6,27,0.0,1,,,,False
trial_007_ep1_task003,7,3,0.9999,low,20,5,1,0.0,1,,,,False
trial_007_ep1_task003,7,3,0.9999,low,20,5,3,0.0,1,,,,False
trial_007_ep1_task003,7,3,0.9999,low,20,5,4,0.0,1,,,,False
trial_007_ep1_task003,7,3,0.9999,low,20,5,6,0.0,1,,,,False
trial_007_ep1_task003,7,3,0.9999,low,20,5,10,0.0,1,,,,False
trial_007_ep1_task003,7,3,0.9999,low,20,5,12,0.0,1,,,,False
trial_007_ep1_task003,7,3,0.9999,low,20,5,14,0.0,1,,,,False
trial_007_ep1_task003,7,3,0.9999,low,20,5,15,0.0,1,,,,False
trial_007_ep1_task003,7,3,0.9999,low,20,5,16,0.0,1,,,,False
trial_007_ep1_task003,7,3,0.9999,low,20,5,17,0.0,1,,,,False
trial_007_ep1_task003,7,3,0.9999,low,20,5,19,0.0,1,,,,False
trial_007_ep1_task003,7,3,0.9999,low,20,5,20,0.0,1,,,,False
trial_007_ep1_task003,7,3,0.9999,low,20,5,21,0.0,1,,,,False
trial_007_ep1_task003,7,3,0.9999,low,20,5,22,0.0,1,,,,False
trial_007_ep1_task003,7,3,0.9999,low,20,5,23,0.0,1,,,,False
trial_007_ep1_task003,7,3,0.9999,low,20,5,24,0.0,1,,,,False
trial_007_ep1_task003,7,3,0.9999,low,20,5,25,0.0,1,,,,False
trial_007_ep1_task003,7,3,0.9999,low,20,5,26,0.0,1,,,,False
trial_007_ep1_task003,7,3,0.9999,low,20,5,27,0.0,1,,,,False
trial_007_ep1_task004,7,4,0.9,low,28,6,0,1.610063633165855,1,3.0,3.0,3.0,False
trial_007_ep1_task004,7,4,0.9,low,28,6,1,1.4491446295527082,1,3.0,3.0,3.0,False
trial_007_ep1_task004,7,4,0.9,low,28,6,2,0.7198030249733973,1,3.0,3.0,3.0,False
trial_007_ep1_task004,7,4,0.9,low,28,6,3,0.9702954625399016,1,3.0,3.0,3.0,False
trial_007_ep1_task004,7,4,0.9,low,28,6,4,0.2933609602827163,1,3.0,3.0,3.0,False
trial_007_ep1_task004,7,4,0.9,low,28,6,5,0.017096963301408863,1,3.0,3.0,3.0,False
trial_007_ep1_task004,7,4,0.9,low,28,6,7,0.7790112876919633,1,3.0,3.0,3.0,False
trial_007_ep1_task004,7,4,0.9,low,28,6,8,0.04966968311265241,1,3.0,3.0,3.0,False
trial_007_ep1_task004,7,4,0.9,low,28,6,9,0.3001621206791567,1,3.0,3.0,3.0,False
trial_007_ep1_task004,7,4,0.9,low,28,6,10,0.3767723815780286,1,3.0,3.0,3.0,False
trial_007_ep1_task004,7,4,0.9,low,28,6,11,0.6530363785593356,1,3.0,3.0,3.0,False
trial_007_ep1_task004,7,4,0.9,low,28,6,12,0.6701333418607454,1,3.0,3.0,3.0,False
trial_007_ep1_task004,7,4,0.9,low,28,6,13,0.11124932050049452,1,3.0,3.0,3.0,False
trial_007_ep1_task004,7,4,0.9,low,28,6,14,0.13924311706600978,1,3.0,3.0,3.0,False
trial_007_ep1_task004,7,4,0.9,low,28,6,15,0.5376913851911755,1,3.0,3.0,3.0,False
trial_007_ep1_task004,7,4,0.9,low,28,6,16,0.8139553821724825,1,3.0,3.0,3.0,False
trial_007_ep1_task004,7,4,0.9,low,28,6,17,0.8310523454738923,1,3.0,3.0,3.0,False
trial_007_ep1_task004,7,4,0.9,low,28,6,18,0.5900984875133011,1,3.0,3.0,3.0,False
trial_007_ep1_task004,7,4,0.9,low,28,6,19,1.2670329897704864,1,3.0,3.0,3.0,False
trial_007_ep1_task004,7,4,0.9,low,28,6,20,1.5432969867517934,1,3.0,3.0,3.0,False
trial_007_ep1_task004,7,4,0.9,low,28,6,21,1.5603939500532031,1,3.0,3.0,3.0,False
trial_007_ep1_task004,7,4,0.9,low,28,6,22,1.016540552203982,1,3.0,3.0,3.0,False
trial_007_ep1_task004,7,4,0.9,low,28,6,23,1.292804549185289,1,3.0,3.0,3.0,False
trial_007_ep1_task004,7,4,0.9,low,28,6,24,1.3099015124866988,1,3.0,3.0,3.0,False
trial_007_ep1_task004,7,4,0.9,low,28,6,25,1.9697390514424744,1,3.0,3.0,3.0,False
trial_007_ep1_task004,7,4,0.9,low,28,6,26,1.9868360147438842,1,3.0,3.0,3.0,False
trial_007_ep1_task004,7,4,0.9,low,28,6,27,2.263100011725191,1,3.0,3.0,3.0,False
trial_007_ep1_task006,7,6,0.99,high,25,6,1,0.0,1,,,,False
trial_007_ep1_task006,7,6,0.99,high,25,6,3,0.0,1,,,,False
trial_007_ep1_task006,7,6,0.99,high,25,6,4,0.0,1,,,,False
trial_007_ep1_task006,7,6,0.99,high,25,6,5,0.0,1,,,,False
trial_007_ep1_task006,7,6,0.99,high,25,6,7,0.0,1,,,,False
trial_007_ep1_task006,7,6,0.99,high,25,6,9,0.0,1,,,,False
trial_007_ep1_task006,7,6,0.99,high,25,6,10,0.0,1,,,,False
trial_007_ep1_task006,7,6,0.99,high,25,6,11,0.0,1,,,,False
trial_007_ep1_task006,7,6,0.99,high,25,6,12,0.0,1,,,,False
trial_007_ep1_task006,7,6,0.99,high,25,6,13,0.0,1,,,,False
trial_007_ep1_task006,7,6,0.99,high,25,6,14,0.0,1,,,,False
trial_007_ep1_task006,7,6,0.99,high,25,6,15,0.0,1,,,,False
trial_007_ep1_task006,7,6,0.99,high,25,6,16,0.0,1,,,,False
trial_007_ep1_task006,7,6,0.99,high,25,6,17,0.0,1,,,,False
trial_007_ep1_task006,7,6,0.99,high,25,6,18,0.0,1,,,,False
trial_007_ep1_task006,7,6,0.99,high,25,6,19,0.0,1,,,,False
trial_007_ep1_task006,7,6,0.99,high,25,6,20,0.0,1,,,,False
trial_007_ep1_task006,7,6,0.99,high,25,6,21,0.0,1,,,,False
trial_007_ep1_task006,7,6,0.99,high,25,6,22,0.0,1,,,,False
trial_007_ep1_task006,7,6,0.99,high,25,6,23,0.0,1,,,,False
trial_007_ep1_task006,7,6,0.99,high,25,6,24,0.0,1,,,,False
trial_007_ep1_task006,7,6,0.99,high,25,6,25,0.0,1,,,,False
trial_007_ep1_task006,7,6,0.99,high,25,6,26,0.0,1,,,,False
trial_007_ep1_task006,7,6,0.99,high,25,6,27,0.0,1,,,,False
trial_007_ep1_task007,7,7,0.9,low,28,6,0,1.193132959394776,1,2.0,2.0,2.0,False
trial_007_ep1_task007,7,7,0.9,low,28,6,1,1.0674464509638089,1,2.0,2.0,2.0,False
trial_007_ep1_task007,7,7,0.9,low,28,6,2,0.5392042829739725,1,2.0,2.0,2.0,False
trial_007_ep1_task007,7,7,0.9,low,28,6,3,0.7042888136342791,1,2.0,2.0,2.0,False
trial_007_ep1_task007,7,7,0.9,low,28,6,4,0.2199230840596762,1,2.0,2.0,2.0,False
trial_007_ep1_task007,7,7,0.9,low,28,6,5,0.022124504648134202,1,2.0,2.0,2.0,False
trial_007_ep1_task007,7,7,0.9,low,28,6,7,0.5854979790468433,1,2.0,2.0,2.0,False
trial_007_ep1_task007,7,7,0.9,low,28,6,8,0.057255811057006945,1,2.0,2.0,2.0,False
trial_007_ep1_task007,7,7,0.9,low,28,6,9,0.22234034171731354,1,2.0,2.0,2.0,False
trial_007_ep1_task007,7,7,0.9,low,28,6,10,0.26202538785728957,1,2.0,2.0,2.0,False
trial_007_ep1_task007,7,7,0.9,low,28,6,11,0.45982396726883135,1,2.0,2.0,2.0,False
trial_007_ep1_task007,7,7,0.9,low,28,6,12,0.48194847191696577,1,2.0,2.0,2.0,False
trial_007_ep1_task007,7,7,0.9,low,28,6,13,0.06843069737396013,1,2.0,2.0,2.0,False
trial_007_ep1_task007,7,7,0.9,low,28,6,14,0.09665383328634647,1,2.0,2.0,2.0,False
trial_007_ep1_task007,7,7,0.9,low,28,6,15,0.38771189628825664,1,2.0,2.0,2.0,False
trial_007_ep1_task007,7,7,0.9,low,28,6,16,0.5855104756997984,1,2.0,2.0,2.0,False
trial_007_ep1_task007,7,7,0.9,low,28,6,17,0.6076349803479328,1,2.0,2.0,2.0,False
trial_007_ep1_task007,7,7,0.9,low,28,6,18,0.4315883347034899,1,2.0,2.0,2.0,False
trial_007_ep1_task007,7,7,0.9,low,28,6,19,0.915954064278093,1,2.0,2.0,2.0,False
trial_007_ep1_task007,7,7,0.9,low,28,6,20,1.1137526436896348,1,2.0,2.0,2.0,False
trial_007_ep1_task007,7,7,0.9,low,28,6,21,1.1358771483377692,1,2.0,2.0,2.0,False
trial_007_ep1_task007,7,7,0.9,low,28,6,22,0.7508695336177864,1,2.0,2.0,2.0,False
trial_007_ep1_task007,7,7,0.9,low,28,6,23,0.9486681130293282,1,2.0,2.0,2.0,False
trial_007_ep1_task007,7,7,0.9,low,28,6,24,0.9707926176774626,1,2.0,2.0,2.0,False
trial_007_ep1_task007,7,7,0.9,low,28,6,25,1.4330338426039313,1,2.0,2.0,2.0,False
trial_007_ep1_task007,7,7,0.9,low,28,6,26,1.4551583472520657,1,2.0,2.0,2.0,False
trial_007_ep1_task007,7,7,0.9,low,28,6,27,1.6529569266636075,1,2.0,2.0,2.0,False
trial_007_ep1_task008,7,8,0.9999,medium,12,6,4,0.0,1,,,,False
trial_007_ep1_task008,7,8,0.9999,medium,12,6,14,0.4886957620557635,1,2.0,2.0,2.0,False
trial_007_ep1_task008,7,8,0.9999,medium,12,6,15,0.4886957620557635,1,2.0,2.0,2.0,False
trial_007_ep1_task008,7,8,0.9999,medium,12,6,16,0.4886957620557635,1,2.0,2.0,2.0,False
trial_007_ep1_task008,7,8,0.9999,medium,12,6,17,0.4886957620557635,1,2.0,2.0,2.0,False
trial_007_ep1_task008,7,8,0.9999,medium,12,6,22,0.0,1,,,,False
trial_007_ep1_task008,7,8,0.9999,medium,12,6,23,0.0,1,,,,False
trial_007_ep1_task008,7,8,0.9999,medium,12,6,24,0.0,1,,,,False
trial_007_ep1_task008,7,8,0.9999,medium,12,6,25,0.0,1,,,,False
trial_007_ep1_task008,7,8,0.9999,medium,12,6,26,0.0,1,,,,False
trial_007_ep1_task008,7,8,0.9999,medium,12,6,27,0.0,1,,,,False
trial_007_ep1_task015,7,15,0.999,medium,27,5,0,0.0,1,,,,False
trial_007_ep1_task015,7,15,0.999,medium,27,5,1,0.0,1,,,,False
trial_007_ep1_task015,7,15,0.999,medium,27,5,2,0.0,1,,,,False
trial_007_ep1_task015,7,15,0.999,medium,27,5,3,0.0,1,,,,False
trial_007_ep1_task015,7,15,0.999,medium,27,5,4,0.0,1,,,,False
trial_007_ep1_task015,7,15,0.999,medium,27,5,6,0.0,1,,,,False
trial_007_ep1_task015,7,15,0.999,medium,27,5,7,0.0,1,,,,False
trial_007_ep1_task015,7,15,0.999,medium,27,5,9,0.0,1,,,,False
trial_007_ep1_task015,7,15,0.999,medium,27,5,10,0.0,1,,,,False
trial_007_ep1_task015,7,15,0.999,medium,27,5,11,0.0,1,,,,False
trial_007_ep1_task015,7,15,0.999,medium,27,5,12,0.0,1,,,,False
trial_007_ep1_task015,7,15,0.999,medium,27,5,13,0.0,1,,,,False
trial_007_ep1_task015,7,15,0.999,medium,27,5,14,0.0,1,,,,False
trial_007_ep1_task015,7,15,0.999,medium,27,5,15,0.0,1,,,,False
trial_007_ep1_task015,7,15,0.999,medium,27,5,16,0.0,1,,,,False
trial_007_ep1_task015,7,15,0.999,medium,27,5,17,0.0,1,,,,False
trial_007_ep1_task015,7,15,0.999,medium,27,5,18,0.0,1,,,,False
trial_007_ep1_task015,7,15,0.999,medium,27,5,19,0.0,1,,,,False
trial_007_ep1_task015,7,15,0.999,medium,27,5,20,0.0,1,,,,False
trial_007_ep1_task015,7,15,0.999,medium,27,5,21,0.0,1,,,,False
trial_007_ep1_task015,7,15,0.999,medium,27,5,22,0.0,1,,,,False
trial_007_ep1_task015,7,15,0.999,medium,27,5,23,0.0,1,,,,False
trial_007_ep1_task015,7,15,0.999,medium,27,5,24,0.0,1,,,,False
trial_007_ep1_task015,7,15,0.999,medium,27,5,25,0.0,1,,,,False
trial_007_ep1_task015,7,15,0.999,medium,27,5,26,0.0,1,,,,False
trial_007_ep1_task015,7,15,0.999,medium,27,5,27,0.0,1,,,,False
trial_007_ep1_task017,7,17,0.99,low,27,5,0,0.5950160299874271,2,3.0,4.0,4.0,False
trial_007_ep1_task017,7,17,0.99,low,27,5,1,1.011463790578171,3,6.0,6.0,6.0,False
trial_007_ep1_task017,7,17,0.99,low,27,5,2,0.3291204154276741,3,6.0,6.0,6.0,False
trial_007_ep1_task017,7,17,0.99,low,27,5,3,0.728396562172879,3,6.0,6.0,6.0,False
trial_007_ep1_task017,7,17,0.99,low,27,5,4,0.17440860760713062,2,6.0,6.0,6.0,False
trial_007_ep1_task017,7,17,0.99,low,27,5,6,0.1223552922980865,2,3.0,3.0,3.0,False
trial_007_ep1_task017,7,17,0.99,low,27,5,7,1.6626095261514733,2,6.0,6.0,6.0,False
trial_007_ep1_task017,7,17,0.99,low,27,5,9,0.5950160299874271,2,6.0,6.0,9.0,False
trial_007_ep1_task017,7,17,0.99,low,27,5,10,1.2025113861402406,2,3.0,3.0,5.0,False
trial_007_ep1_task017,7,17,0.99,low,27,5,11,1.02810277853311,2,3.0,5.0,5.0,False
trial_007_ep1_task017,7,17,0.99,low,27,5,12,1.1504580708311964,2,3.0,4.0,5.0,False
trial_007_ep1_task017,7,17,0.99,low,27,5,13,1.323171230065579,2,6.0,6.0,6.0,False
trial_007_ep1_task017,7,17,0.99,low,27,5,14,1.525968765876554,5,6.0,6.0,6.0,False
trial_007_ep1_task017,7,17,0.99,low,27,5,15,1.2420021037711768,2,6.0,6.0,6.0,False
trial_007_ep1_task017,7,17,0.99,low,27,5,16,1.0675934961640463,2,6.0,6.0,6.0,False
trial_007_ep1_task017,7,17,0.99,low,27,5,17,1.1899487884621327,2,6.0,6.0,6.0,False
trial_007_ep1_task017,7,17,0.99,low,27,5,18,0.8436253907260589,5,6.0,6.0,9.0,False
trial_007_ep1_task017,7,17,0.99,low,27,5,19,0.8630730900543463,2,3.0,6.0,9.0,False
trial_007_ep1_task017,7,17,0.99,low,27,5,20,0.6886644824472156,2,3.0,6.0,9.0,False
trial_007_ep1_task017,7,17,0.99,low,27,5,21,0.8110197747453022,2,3.0,6.0,9.0,False
trial_007_ep1_task017,7,17,0.99,low,27,5,22,0.6597293881403612,5,6.0,6.0,9.0,False
trial_007_ep1_task017,7,17,0.99,low,27,5,23,0.5145049752983848,5,6.0,6.0,9.0,False
trial_007_ep1_task017,7,17,0.99,low,27,5,24,0.5145049752983848,5,6.0,6.0,9.0,False
trial_007_ep1_task017,7,17,0.99,low,27,5,25,0.6074953561528135,2,4.0,4.0,9.0,False
trial_007_ep1_task017,7,17,0.99,low,27,5,26,0.7298506484508999,2,4.0,4.0,9.0,False
trial_007_ep1_task017,7,17,0.99,low,27,5,27,0.5864175606355264,3,4.0,5.0,9.0,False
trial_007_ep1_task020,7,20,0.9999,high,13,16,4,1.4633349036625294,3,5.0,6.0,6.0,False
trial_007_ep1_task020,7,20,0.9999,high,13,16,6,1.4633349036625294,3,5.0,6.0,6.0,False
trial_007_ep1_task020,7,20,0.9999,high,13,16,14,1.2666666666666675,2,3.0,3.0,3.0,False
trial_007_ep1_task020,7,20,0.9999,high,13,16,15,1.117647058823529,2,3.0,3.0,3.0,False
trial_007_ep1_task020,7,20,0.9999,high,13,16,17,0.9736491225071813,1,2.0,2.0,2.0,False
trial_007_ep1_task020,7,20,0.9999,high,13,16,21,0.3834937346356764,1,3.0,3.0,3.0,False
trial_007_ep1_task020,7,20,0.9999,high,13,16,22,0.9736491225071813,1,3.0,3.0,3.0,False
trial_007_ep1_task020,7,20,0.9999,high,13,16,23,0.31666666666666643,2,3.0,3.0,3.0,False
trial_007_ep1_task020,7,20,0.9999,high,13,16,24,0.9736491225071813,1,2.0,3.0,3.0,False
trial_007_ep1_task020,7,20,0.9999,high,13,16,25,0.46568627450980316,2,3.0,3.0,3.0,False
trial_007_ep1_task020,7,20,0.9999,high,13,16,26,0.9736491225071813,1,2.0,3.0,3.0,False
trial_007_ep1_task020,7,20,0.9999,high,13,16,27,1.5833333333333321,2,3.0,3.0,3.0,False
trial_007_ep1_task023,7,23,0.99,medium,28,5,0,0.4043196993650362,2,3.0,4.0,4.0,False
trial_007_ep1_task023,7,23,0.99,medium,28,5,1,0.18010136727253645,2,3.0,3.0,3.0,False
trial_007_ep1_task023,7,23,0.99,medium,28,5,2,0.4805138580362964,2,3.0,3.0,3.0,False
trial_007_ep1_task023,7,23,0.99,medium,28,5,3,0.1718804790700581,2,3.0,3.0,3.0,False
trial_007_ep1_task023,7,23,0.99,medium,28,5,4,0.5038307090927816,2,3.0,3.0,3.0,False
trial_007_ep1_task023,7,23,0.99,medium,28,5,6,0.5038307090927816,2,3.0,3.0,3.0,False
trial_007_ep1_task023,7,23,0.99,medium,28,5,7,0.27195095881471865,2,3.0,4.0,4.0,False
trial_007_ep1_task023,7,23,0.99,medium,28,5,8,0.5723634495784786,2,3.0,3.0,4.0,False
trial_007_ep1_task023,7,23,0.99,medium,28,5,9,0.2637300706122403,2,3.0,4.0,4.0,False
trial_007_ep1_task023,7,23,0.99,medium,28,5,10,0.5956803006349638,2,3.0,3.0,4.0,False
trial_007_ep1_task023,7,23,0.99,medium,28,5,11,0.129350837041335,3,4.0,4.0,4.0,False
trial_007_ep1_task023,7,23,0.99,medium,28,5,12,0.5956803006349638,2,3.0,3.0,4.0,False
trial_007_ep1_task023,7,23,0.99,medium,28,5,13,1.1567845162160513,2,3.0,3.0,3.0,False
trial_007_ep1_task023,7,23,0.99,medium,28,5,14,0.848151137249813,2,3.0,3.0,3.0,False
trial_007_ep1_task023,7,23,0.99,medium,28,5,15,1.1801013672725365,2,3.0,3.0,3.0,False
trial_007_ep1_task023,7,23,0.99,medium,28,5,16,0.6762706581797548,2,3.0,3.0,3.0,False
trial_007_ep1_task023,7,23,0.99,medium,28,5,17,1.1801013672725365,2,3.0,3.0,3.0,False
trial_007_ep1_task023,7,23,0.99,medium,28,5,18,1.1485636280135747,2,3.0,3.0,3.0,False
trial_007_ep1_task023,7,23,0.99,medium,28,5,19,1.4805138580362964,2,3.0,3.0,3.0,False
trial_007_ep1_task023,7,23,0.99,medium,28,5,20,0.9766831489435148,2,3.0,3.0,3.0,False
trial_007_ep1_task023,7,23,0.99,medium,28,5,21,1.4805138580362964,2,3.0,3.0,3.0,False
trial_007_ep1_task023,7,23,0.99,medium,28,5,22,1.171880479070058,2,3.0,3.0,3.0,False
trial_007_ep1_task023,7,23,0.99,medium,28,5,23,0.6680497699772765,2,3.0,3.0,3.0,False
trial_007_ep1_task023,7,23,0.99,medium,28,5,24,1.171880479070058,2,3.0,3.0,3.0,False
trial_007_ep1_task023,7,23,0.99,medium,28,5,25,0.9999999999999991,2,3.0,3.0,3.0,False
trial_007_ep1_task023,7,23,0.99,medium,28,5,26,1.5038307090927807,2,3.0,3.0,3.0,False
trial_007_ep1_task023,7,23,0.99,medium,28,5,27,0.9999999999999991,2,3.0,3.0,3.0,False
trial_007_ep1_task025,7,25,0.9999,high,8,6,15,0.09491350662874964,1,2.0,2.0,2.0,False
trial_007_ep1_task025,7,25,0.9999,high,8,6,17,0.09491350662874964,1,2.0,2.0,2.0,False
trial_007_ep1_task025,7,25,0.9999,high,8,6,22,0.09491350662874964,1,2.0,2.0,2.0,False
trial_007_ep1_task025,7,25,0.9999,high,8,6,24,0.09491350662874964,1,2.0,2.0,2.0,False
trial_007_ep1_task025,7,25,0.9999,high,8,6,25,0.09491350662874964,1,2.0,2.0,2.0,False
trial_007_ep1_task025,7,25,0.9999,high,8,6,26,0.09491350662874964,1,2.0,2.0,2.0,False
trial_007_ep1_task025,7,25,0.9999,high,8,6,27,0.09491350662874964,1,2.0,2.0,2.0,False
trial_007_ep1_task026,7,26,0.9999,low,13,16,4,0.0,1,,,,False
trial_007_ep1_task026,7,26,0.9999,low,13,16,6,0.0,1,,,,False
trial_007_ep1_task026,7,26,0.9999,low,13,16,14,0.0,1,,,,False
trial_007_ep1_task026,7,26,0.9999,low,13,16,15,0.0,1,,,,False
trial_007_ep1_task026,7,26,0.9999,low,13,16,17,0.0,1,,,,False
trial_007_ep1_task026,7,26,0.9999,low,13,16,21,0.0,1,,,,False
trial_007_ep1_task026,7,26,0.9999,low,13,16,22,0.0,1,,,,False
trial_007_ep1_task026,7,26,0.9999,low,13,16,23,0.0,1,,,,False
trial_007_ep1_task026,7,26,0.9999,low,13,16,24,0.0,1,,,,False
trial_007_ep1_task026,7,26,0.9999,low,13,16,25,0.0,1,,,,False
trial_007_ep1_task026,7,26,0.9999,low,13,16,26,0.0,1,,,,False
trial_007_ep1_task026,7,26,0.9999,low,13,16,27,0.0,1,,,,False
trial_007_ep1_task028,7,28,0.9,medium,28,5,0,0.0,1,,,,False
trial_007_ep1_task028,7,28,0.9,medium,28,5,1,0.0,1,,,,False
trial_007_ep1_task028,7,28,0.9,medium,28,5,2,0.0,1,,,,False
trial_007_ep1_task028,7,28,0.9,medium,28,5,3,0.0,1,,,,False
trial_007_ep1_task028,7,28,0.9,medium,28,5,4,0.0,1,,,,False
trial_007_ep1_task028,7,28,0.9,medium,28,5,6,0.0,1,,,,False
trial_007_ep1_task028,7,28,0.9,medium,28,5,7,0.0,1,,,,False
trial_007_ep1_task028,7,28,0.9,medium,28,5,8,0.0,1,,,,False
trial_007_ep1_task028,7,28,0.9,medium,28,5,9,0.0,1,,,,False
trial_007_ep1_task028,7,28,0.9,medium,28,5,10,0.0,1,,,,False
trial_007_ep1_task028,7,28,0.9,medium,28,5,11,0.0,1,,,,False
trial_007_ep1_task028,7,28,0.9,medium,28,5,12,0.0,1,,,,False
trial_007_ep1_task028,7,28,0.9,medium,28,5,13,0.0,1,,,,False
trial_007_ep1_task028,7,28,0.9,medium,28,5,14,0.0,1,,,,False
trial_007_ep1_task028,7,28,0.9,medium,28,5,15,0.0,1,,,,False
trial_007_ep1_task028,7,28,0.9,medium,28,5,16,0.0,1,,,,False
trial_007_ep1_task028,7,28,0.9,medium,28,5,17,0.0,1,,,,False
trial_007_ep1_task028,7,28,0.9,medium,28,5,18,0.0,1,,,,False
trial_007_ep1_task028,7,28,0.9,medium,28,5,19,0.0,1,,,,False
trial_007_ep1_task028,7,28,0.9,medium,28,5,20,0.0,1,,,,False
trial_007_ep1_task028,7,28,0.9,medium,28,5,21,0.0,1,,,,False
trial_007_ep1_task028,7,28,0.9,medium,28,5,22,0.0,1,,,,False
trial_007_ep1_task028,7,28,0.9,medium,28,5,23,0.0,1,,,,False
trial_007_ep1_task028,7,28,0.9,medium,28,5,24,0.0,1,,,,False
trial_007_ep1_task028,7,28,0.9,medium,28,5,25,0.0,1,,,,False
trial_007_ep1_task028,7,28,0.9,medium,28,5,26,0.0,1,,,,False
trial_007_ep1_task028,7,28,0.9,medium,28,5,27,0.0,1,,,,False
trial_007_ep1_task029,7,29,0.99,low,26,5,1,1.179295204342461,1,2.0,4.0,4.0,False
trial_007_ep1_task029,7,29,0.99,low,26,5,2,0.571575852755112,1,4.0,4.0,4.0,False
trial_007_ep1_task029,7,29,0.99,low,26,5,3,0.8083375042574703,1,4.0,4.0,4.0,False
trial_007_ep1_task029,7,29,0.99,low,26,5,4,0.28637660858900293,3,4.0,4.0,4.0,False
trial_007_ep1_task029,7,29,0.99,low,26,5,6,0.6482560840964169,2,4.0,4.0,4.0,False
trial_007_ep1_task029,7,29,0.99,low,26,5,7,1.0573301383877651,3,4.0,4.0,4.0,False
trial_007_ep1_task029,7,29,0.99,low,26,5,9,1.0573301383877651,3,4.0,4.0,4.0,False
trial_007_ep1_task029,7,29,0.99,low,26,5,10,0.43302416446258407,2,4.0,4.0,4.0,False
trial_007_ep1_task029,7,29,0.99,low,26,5,11,0.5642374136714676,1,4.0,4.0,4.0,False
trial_007_ep1_task029,7,29,0.99,low,26,5,12,1.2124934977678845,2,4.0,4.0,4.0,False
trial_007_ep1_task029,7,29,0.99,low,26,5,13,1.0109541371542083,3,4.0,4.0,4.0,False
trial_007_ep1_task029,7,29,0.99,low,26,5,14,1.0703452265641933,3,4.0,4.0,4.0,False
trial_007_ep1_task029,7,29,0.99,low,26,5,15,0.5514291013580355,2,4.0,4.0,4.0,False
trial_007_ep1_task029,7,29,0.99,low,26,5,16,0.682642350566919,1,4.0,4.0,4.0,False
trial_007_ep1_task029,7,29,0.99,low,26,5,17,1.330898434663336,2,4.0,4.0,4.0,False
trial_007_ep1_task029,7,29,0.99,low,26,5,18,1.352189587018425,2,4.0,4.0,4.0,False
trial_007_ep1_task029,7,29,0.99,low,26,5,19,1.1591484529453844,2,3.0,3.0,4.0,False
trial_007_ep1_task029,7,29,0.99,low,26,5,20,1.290361702154268,1,3.0,4.0,4.0,False
trial_007_ep1_task029,7,29,0.99,low,26,5,21,1.9386177862506848,2,4.0,4.0,4.0,False
trial_007_ep1_task029,7,29,0.99,low,26,5,22,0.9223868014430257,2,3.0,4.0,4.0,False
trial_007_ep1_task029,7,29,0.99,low,26,5,23,1.0536000506519092,1,4.0,4.0,4.0,False
trial_007_ep1_task029,7,29,0.99,low,26,5,24,1.701856134748326,2,4.0,4.0,4.0,False
trial_007_ep1_task029,7,29,0.99,low,26,5,25,1.627809379089784,1,3.0,3.0,4.0,False
trial_007_ep1_task029,7,29,0.99,low,26,5,26,1.625338389543252,1,3.0,3.0,4.0,False
trial_007_ep1_task029,7,29,0.99,low,26,5,27,1.8594665653628482,1,3.0,4.0,4.0,False
trial_007_ep1_task031,7,31,0.999,medium,18,6,1,1.1062496837102929,1,2.0,2.0,2.0,False
trial_007_ep1_task031,7,31,0.999,medium,18,6,3,0.7510399270732675,1,2.0,2.0,2.0,False
trial_007_ep1_task031,7,31,0.999,medium,18,6,4,0.9097155017328769,1,2.0,2.0,2.0,False
trial_007_ep1_task031,7,31,0.999,medium,18,6,5,0.6499769789540588,1,2.0,2.0,2.0,False
trial_007_ep1_task031,7,31,0.999,medium,18,6,12,0.5231294575650285,1,2.0,2.0,2.0,False
trial_007_ep1_task031,7,31,0.999,medium,18,6,14,0.1121518816236029,1,2.0,2.0,2.0,False
trial_007_ep1_task031,7,31,0.999,medium,18,6,15,0.2708274562832136,1,2.0,2.0,2.0,False
trial_007_ep1_task031,7,31,0.999,medium,18,6,16,0.01108893350439466,1,2.0,2.0,2.0,False
trial_007_ep1_task031,7,31,0.999,medium,18,6,17,0.6388880454496637,1,2.0,2.0,2.0,False
trial_007_ep1_task031,7,31,0.999,medium,18,6,19,0.29484567087274893,1,2.0,2.0,2.0,False
trial_007_ep1_task031,7,31,0.999,medium,18,6,21,1.2045611726056258,1,2.0,2.0,2.0,False
trial_007_ep1_task031,7,31,0.999,medium,18,6,22,0.08438230035381222,1,2.0,2.0,2.0,False
trial_007_ep1_task031,7,31,0.999,medium,18,6,23,0.3441208231326307,1,2.0,2.0,2.0,False
trial_007_ep1_task031,7,31,0.999,medium,18,6,24,0.9940978020866891,1,2.0,2.0,2.0,False
trial_007_ep1_task031,7,31,0.999,medium,18,6,25,0.18544524847302046,1,2.0,2.0,2.0,False
trial_007_ep1_task031,7,31,0.999,medium,18,6,26,0.8354222274270788,1,2.0,2.0,2.0,False
trial_007_ep1_task031,7,31,0.999,medium,18,6,27,1.0951607502058973,1,2.0,2.0,2.0,False
trial_007_ep1_task033,7,33,0.99,low,27,5,0,0.9840557008297033,2,3.0,3.0,3.0,False
trial_007_ep1_task033,7,33,0.99,low,27,5,1,0.9404324043322294,2,3.0,3.0,3.0,False
trial_007_ep1_task033,7,33,0.99,low,27,5,2,0.43023116915583604,2,3.0,3.0,3.0,False
trial_007_ep1_task033,7,33,0.99,low,27,5,3,0.9928335059023858,2,3.0,3.0,3.0,False
trial_007_ep1_task033,7,33,0.99,low,27,5,4,0.3838577110924444,2,3.0,3.0,3.0,False
trial_007_ep1_task033,7,33,0.99,low,27,5,6,0.061545745093749105,2,3.0,3.0,3.0,False
trial_007_ep1_task033,7,33,0.99,low,27,5,7,0.44591349841598404,2,3.0,3.0,3.0,False
trial_007_ep1_task033,7,33,0.99,low,27,5,9,1.4873524118186308,2,3.0,3.0,3.0,False
trial_007_ep1_task033,7,33,0.99,low,27,5,10,0.1106611948238001,2,3.0,3.0,3.0,False
trial_007_ep1_task033,7,33,0.99,low,27,5,11,0.49451890591624537,2,3.0,3.0,3.0,False
trial_007_ep1_task033,7,33,0.99,low,27,5,12,0.4329731608224958,2,3.0,3.0,3.0,False
trial_007_ep1_task033,7,33,0.99,low,27,5,13,0.10791103325788232,2,3.0,3.0,3.0,False
trial_007_ep1_task033,7,33,0.99,low,27,5,14,1.5309757083161046,2,3.0,3.0,3.0,False
trial_007_ep1_task033,7,33,0.99,low,27,5,15,0.15428449132127398,2,3.0,3.0,3.0,False
trial_007_ep1_task033,7,33,0.99,low,27,5,16,0.5381422024137192,2,3.0,3.0,3.0,False
trial_007_ep1_task033,7,33,0.99,low,27,5,17,0.4765964573199697,2,3.0,3.0,3.0,False
trial_007_ep1_task033,7,33,0.99,low,27,5,18,2.0411769434924976,2,3.0,3.0,3.0,False
trial_007_ep1_task033,7,33,0.99,low,27,5,19,0.6644857264976674,2,3.0,3.0,3.0,False
trial_007_ep1_task033,7,33,0.99,low,27,5,20,1.0483434375901122,2,3.0,3.0,3.0,False
trial_007_ep1_task033,7,33,0.99,low,27,5,21,0.9867976924963626,2,3.0,3.0,3.0,False
trial_007_ep1_task033,7,33,0.99,low,27,5,22,2.0875504015558892,2,3.0,3.0,3.0,False
trial_007_ep1_task033,7,33,0.99,low,27,5,23,2.471408112648334,2,3.0,3.0,3.0,False
trial_007_ep1_task033,7,33,0.99,low,27,5,24,2.4098623675545845,2,3.0,3.0,3.0,False
trial_007_ep1_task033,7,33,0.99,low,27,5,25,1.0947168956535038,2,3.0,3.0,3.0,False
trial_007_ep1_task033,7,33,0.99,low,27,5,26,1.0331711505597543,2,3.0,3.0,3.0,False
trial_007_ep1_task033,7,33,0.99,low,27,5,27,1.417028861652199,2,3.0,3.0,3.0,False
trial_007_ep1_task035,7,35,0.99,high,27,6,0,0.0,1,,,,False
trial_007_ep1_task035,7,35,0.99,high,27,6,1,0.0,1,,,,False
trial_007_ep1_task035,7,35,0.99,high,27,6,2,0.0,1,,,,False
trial_007_ep1_task035,7,35,0.99,high,27,6,3,0.0,1,,,,False
trial_007_ep1_task035,7,35,0.99,high,27,6,4,0.0,1,,,,False
trial_007_ep1_task035,7,35,0.99,high,27,6,5,0.0,1,,,,False
trial_007_ep1_task035,7,35,0.99,high,27,6,7,0.0,1,,,,False
trial_007_ep1_task035,7,35,0.99,high,27,6,9,0.0,1,,,,False
trial_007_ep1_task035,7,35,0.99,high,27,6,10,0.0,1,,,,False
trial_007_ep1_task035,7,35,0.99,high,27,6,11,0.0,1,,,,False
trial_007_ep1_task035,7,35,0.99,high,27,6,12,0.0,1,,,,False
trial_007_ep1_task035,7,35,0.99,high,27,6,13,0.0,1,,,,False
trial_007_ep1_task035,7,35,0.99,high,27,6,14,0.0,1,,,,False
trial_007_ep1_task035,7,35,0.99,high,27,6,15,0.0,1,,,,False
trial_007_ep1_task035,7,35,0.99,high,27,6,16,0.0,1,,,,False
trial_007_ep1_task035,7,35,0.99,high,27,6,17,0.0,1,,,,False
trial_007_ep1_task035,7,35,0.99,high,27,6,18,0.0,1,,,,False
trial_007_ep1_task035,7,35,0.99,high,27,6,19,0.0,1,,,,False
trial_007_ep1_task035,7,35,0.99,high,27,6,20,0.0,1,,,,False
trial_007_ep1_task035,7,35,0.99,high,27,6,21,0.0,1,,,,False
trial_007_ep1_task035,7,35,0.99,high,27,6,22,0.0,1,,,,False
trial_007_ep1_task035,7,35,0.99,high,27,6,23,0.0,1,,,,False
trial_007_ep1_task035,7,35,0.99,high,27,6,24,0.0,1,,,,False
trial_007_ep1_task035,7,35,0.99,high,27,6,25,0.0,1,,,,False
trial_007_ep1_task035,7,35,0.99,high,27,6,26,0.0,1,,,,False
trial_007_ep1_task035,7,35,0.99,high,27,6,27,0.0,1,,,,False
trial_007_ep1_task036,7,36,0.99,low,27,5,0,0.08262074540961484,2,3.0,3.0,3.0,False
trial_007_ep1_task036,7,36,0.99,low,27,5,1,0.07581092387956301,2,3.0,3.0,3.0,False
trial_007_ep1_task036,7,36,0.99,low,27,5,2,0.0756409035098744,2,3.0,3.0,3.0,False
trial_007_ep1_task036,7,36,0.99,low,27,5,3,0.3033558244741432,2,3.0,3.0,3.0,False
trial_007_ep1_task036,7,36,0.99,low,27,5,4,0.0,1,,,,False
trial_007_ep1_task036,7,36,0.99,low,27,5,6,0.0,1,,,,False
trial_007_ep1_task036,7,36,0.99,low,27,5,7,0.2793811709921099,2,3.0,4.0,4.0,False
trial_007_ep1_task036,7,36,0.99,low,27,5,9,0.08761140286785585,3,4.0,4.0,4.0,False
trial_007_ep1_task036,7,36,0.99,low,27,5,10,0.3551920948716729,2,3.0,3.0,4.0,False
trial_007_ep1_task036,7,36,0.99,low,27,5,11,0.3551920948716729,2,3.0,3.0,4.0,False
trial_007_ep1_task036,7,36,0.99,low,27,5,12,0.3551920948716729,2,3.0,3.0,4.0,False
trial_007_ep1_task036,7,36,0.99,low,27,5,13,0.2863610128918504,2,3.0,4.0,4.0,False
trial_007_ep1_task036,7,36,0.99,low,27,5,14,0.08761140286785585,3,4.0,4.0,4.0,False
trial_007_ep1_task036,7,36,0.99,low,27,5,15,0.36200191640172474,2,3.0,3.0,4.0,False
trial_007_ep1_task036,7,36,0.99,low,27,5,16,0.36200191640172474,2,3.0,3.0,4.0,False
trial_007_ep1_task036,7,36,0.99,low,27,5,17,0.36200191640172474,2,3.0,3.0,4.0,False
trial_007_ep1_task036,7,36,0.99,low,27,5,18,0.08761140286785585,3,4.0,4.0,4.0,False
trial_007_ep1_task036,7,36,0.99,low,27,5,19,0.3621719367714134,2,3.0,3.0,4.0,False
trial_007_ep1_task036,7,36,0.99,low,27,5,20,0.3621719367714134,2,3.0,3.0,4.0,False
trial_007_ep1_task036,7,36,0.99,low,27,5,21,0.3621719367714134,2,3.0,3.0,4.0,False
trial_007_ep1_task036,7,36,0.99,low,27,5,22,0.13445701580714448,2,4.0,4.0,4.0,False
trial_007_ep1_task036,7,36,0.99,low,27,5,23,0.13445701580714448,2,4.0,4.0,4.0,False
trial_007_ep1_task036,7,36,0.99,low,27,5,24,0.13445701580714448,2,4.0,4.0,4.0,False
trial_007_ep1_task036,7,36,0.99,low,27,5,25,0.43781284028128775,2,3.0,3.0,4.0,False
trial_007_ep1_task036,7,36,0.99,low,27,5,26,0.43781284028128775,2,3.0,3.0,4.0,False
trial_007_ep1_task036,7,36,0.99,low,27,5,27,0.43781284028128775,2,3.0,3.0,4.0,False
trial_007_ep1_task040,7,40,0.9,medium,28,6,0,1.7184205481819559,1,2.0,2.0,2.0,False
trial_007_ep1_task040,7,40,0.9,medium,28,6,1,1.50374823567486,1,2.0,2.0,2.0,False
trial_007_ep1_task040,7,40,0.9,medium,28,6,2,0.8068913898270784,1,2.0,2.0,2.0,False
trial_007_ep1_task040,7,40,0.9,medium,28,6,3,0.937281962878429,1,2.0,2.0,2.0,False
trial_007_ep1_task040,7,40,0.9,medium,28,6,4,0.3299642571047601,1,2.0,2.0,2.0,False
trial_007_ep1_task040,7,40,0.9,medium,28,6,5,0.0812855408083566,1,2.0,2.0,2.0,False
trial_007_ep1_task040,7,40,0.9,medium,28,6,7,0.8862030308267519,1,2.0,2.0,2.0,False
trial_007_ep1_task040,7,40,0.9,medium,28,6,8,0.18934618497897082,1,2.0,2.0,2.0,False
trial_007_ep1_task040,7,40,0.9,medium,28,6,9,0.319736758030321,1,2.0,2.0,2.0,False
trial_007_ep1_task040,7,40,0.9,medium,28,6,10,0.2875809477433475,1,2.0,2.0,2.0,False
trial_007_ep1_task040,7,40,0.9,medium,28,6,11,0.5362596640397514,1,2.0,2.0,2.0,False
trial_007_ep1_task040,7,40,0.9,medium,28,6,12,0.617545204848108,1,2.0,2.0,2.0,False
trial_007_ep1_task040,7,40,0.9,medium,28,6,13,0.025326127528124687,1,2.0,2.0,2.0,False
trial_007_ep1_task040,7,40,0.9,medium,28,6,14,0.10506444552322503,1,2.0,2.0,2.0,False
trial_007_ep1_task040,7,40,0.9,medium,28,6,15,0.502253260250443,1,2.0,2.0,2.0,False
trial_007_ep1_task040,7,40,0.9,medium,28,6,16,0.750931976546847,1,2.0,2.0,2.0,False
trial_007_ep1_task040,7,40,0.9,medium,28,6,17,0.8322175173552036,1,2.0,2.0,2.0,False
trial_007_ep1_task040,7,40,0.9,medium,28,6,18,0.5917924003245565,1,2.0,2.0,2.0,False
trial_007_ep1_task040,7,40,0.9,medium,28,6,19,1.1991101060982245,1,2.0,2.0,2.0,False
trial_007_ep1_task040,7,40,0.9,medium,28,6,20,1.4477888223946285,1,2.0,2.0,2.0,False
trial_007_ep1_task040,7,40,0.9,medium,28,6,21,1.529074363202985,1,2.0,2.0,2.0,False
trial_007_ep1_task040,7,40,0.9,medium,28,6,22,1.0687195330468748,1,2.0,2.0,2.0,False
trial_007_ep1_task040,7,40,0.9,medium,28,6,23,1.3173982493432788,1,2.0,2.0,2.0,False
trial_007_ep1_task040,7,40,0.9,medium,28,6,24,1.3986837901516354,1,2.0,2.0,2.0,False
trial_007_ep1_task040,7,40,0.9,medium,28,6,25,1.9247159551169468,1,2.0,2.0,2.0,False
trial_007_ep1_task040,7,40,0.9,medium,28,6,26,2.0060014959253034,1,2.0,2.0,2.0,False
trial_007_ep1_task040,7,40,0.9,medium,28,6,27,2.2546802122217073,1,2.0,2.0,2.0,False
trial_007_ep1_task041,7,41,0.999,high,27,5,0,0.0,1,,,,False
trial_007_ep1_task041,7,41,0.999,high,27,5,1,0.0,1,,,,False
trial_007_ep1_task041,7,41,0.999,high,27,5,2,0.0,1,,,,False
trial_007_ep1_task041,7,41,0.999,high,27,5,3,0.0,1,,,,False
trial_007_ep1_task041,7,41,0.999,high,27,5,4,0.0,1,,,,False
trial_007_ep1_task041,7,41,0.999,high,27,5,6,0.0,1,,,,False
trial_007_ep1_task041,7,41,0.999,high,27,5,7,0.0,1,,,,False
trial_007_ep1_task041,7,41,0.999,high,27,5,9,0.0,1,,,,False
trial_007_ep1_task041,7,41,0.999,high,27,5,10,0.0,1,,,,False
trial_007_ep1_task041,7,41,0.999,high,27,5,11,0.0,1,,,,False
trial_007_ep1_task041,7,41,0.999,high,27,5,12,0.0,1,,,,False
trial_007_ep1_task041,7,41,0.999,high,27,5,13,0.0,1,,,,False
trial_007_ep1_task041,7,41,0.999,high,27,5,14,0.0,1,,,,False
trial_007_ep1_task041,7,41,0.999,high,27,5,15,0.0,1,,,,False
trial_007_ep1_task041,7,41,0.999,high,27,5,16,0.0,1,,,,False
trial_007_ep1_task041,7,41,0.999,high,27,5,17,0.0,1,,,,False
trial_007_ep1_task041,7,41,0.999,high,27,5,18,0.0,1,,,,False
trial_007_ep1_task041,7,41,0.999,high,27,5,19,0.0,1,,,,False
trial_007_ep1_task041,7,41,0.999,high,27,5,20,0.0,1,,,,False
trial_007_ep1_task041,7,41,0.999,high,27,5,21,0.0,1,,,,False
trial_007_ep1_task041,7,41,0.999,high,27,5,22,0.0,1,,,,False
trial_007_ep1_task041,7,41,0.999,high,27,5,23,0.0,1,,,,False
trial_007_ep1_task041,7,41,0.999,high,27,5,24,0.0,1,,,,False
trial_007_ep1_task041,7,41,0.999,high,27,5,25,0.0,1,,,,False
trial_007_ep1_task041,7,41,0.999,high,27,5,26,0.0,1,,,,False
trial_007_ep1_task041,7,41,0.999,high,27,5,27,0.0,1,,,,False
trial_007_ep1_task043,7,43,0.99,medium,27,5,0,0.0,1,,,,False
trial_007_ep1_task043,7,43,0.99,medium,27,5,1,0.0,1,,,,False
trial_007_ep1_task043,7,43,0.99,medium,27,5,2,0.0,1,,,,False
trial_007_ep1_task043,7,43,0.99,medium,27,5,3,0.0,1,,,,False
trial_007_ep1_task043,7,43,0.99,medium,27,5,4,0.0,1,,,,False
trial_007_ep1_task043,7,43,0.99,medium,27,5,6,0.0,1,,,,False
trial_007_ep1_task043,7,43,0.99,medium,27,5,7,0.0,1,,,,False
trial_007_ep1_task043,7,43,0.99,medium,27,5,9,0.0,1,,,,False
trial_007_ep1_task043,7,43,0.99,medium,27,5,10,0.0,1,,,,False
trial_007_ep1_task043,7,43,0.99,medium,27,5,11,0.0,1,,,,False
trial_007_ep1_task043,7,43,0.99,medium,27,5,12,0.0,1,,,,False
trial_007_ep1_task043,7,43,0.99,medium,27,5,13,0.0,1,,,,False
trial_007_ep1_task043,7,43,0.99,medium,27,5,14,0.0,1,,,,False
trial_007_ep1_task043,7,43,0.99,medium,27,5,15,0.0,1,,,,False
trial_007_ep1_task043,7,43,0.99,medium,27,5,16,0.0,1,,,,False
trial_007_ep1_task043,7,43,0.99,medium,27,5,17,0.0,1,,,,False
trial_007_ep1_task043,7,43,0.99,medium,27,5,18,0.0,1,,,,False
trial_007_ep1_task043,7,43,0.99,medium,27,5,19,0.0,1,,,,False
trial_007_ep1_task043,7,43,0.99,medium,27,5,20,0.0,1,,,,False
trial_007_ep1_task043,7,43,0.99,medium,27,5,21,0.0,1,,,,False
trial_007_ep1_task043,7,43,0.99,medium,27,5,22,0.0,1,,,,False
trial_007_ep1_task043,7,43,0.99,medium,27,5,23,0.0,1,,,,False
trial_007_ep1_task043,7,43,0.99,medium,27,5,24,0.0,1,,,,False
trial_007_ep1_task043,7,43,0.99,medium,27,5,25,0.0,1,,,,False
trial_007_ep1_task043,7,43,0.99,medium,27,5,26,0.0,1,,,,False
trial_007_ep1_task043,7,43,0.99,medium,27,5,27,0.0,1,,,,False
trial_007_ep1_task045,7,45,0.9,high,28,5,0,0.0,1,,,,False
trial_007_ep1_task045,7,45,0.9,high,28,5,1,0.0,1,,,,False
trial_007_ep1_task045,7,45,0.9,high,28,5,2,0.0,1,,,,False
trial_007_ep1_task045,7,45,0.9,high,28,5,3,0.0,1,,,,False
trial_007_ep1_task045,7,45,0.9,high,28,5,4,0.0,1,,,,False
trial_007_ep1_task045,7,45,0.9,high,28,5,6,0.0,1,,,,False
trial_007_ep1_task045,7,45,0.9,high,28,5,7,0.0,1,,,,False
trial_007_ep1_task045,7,45,0.9,high,28,5,8,0.0,1,,,,False
trial_007_ep1_task045,7,45,0.9,high,28,5,9,0.0,1,,,,False
trial_007_ep1_task045,7,45,0.9,high,28,5,10,0.0,1,,,,False
trial_007_ep1_task045,7,45,0.9,high,28,5,11,0.0,1,,,,False
trial_007_ep1_task045,7,45,0.9,high,28,5,12,0.0,1,,,,False
trial_007_ep1_task045,7,45,0.9,high,28,5,13,0.0,1,,,,False
trial_007_ep1_task045,7,45,0.9,high,28,5,14,0.0,1,,,,False
trial_007_ep1_task045,7,45,0.9,high,28,5,15,0.0,1,,,,False
trial_007_ep1_task045,7,45,0.9,high,28,5,16,0.0,1,,,,False
trial_007_ep1_task045,7,45,0.9,high,28,5,17,0.0,1,,,,False
trial_007_ep1_task045,7,45,0.9,high,28,5,18,0.0,1,,,,False
trial_007_ep1_task045,7,45,0.9,high,28,5,19,0.0,1,,,,False
trial_007_ep1_task045,7,45,0.9,high,28,5,20,0.0,1,,,,False
trial_007_ep1_task045,7,45,0.9,high,28,5,21,0.0,1,,,,False
trial_007_ep1_task045,7,45,0.9,high,28,5,22,0.0,1,,,,False
trial_007_ep1_task045,7,45,0.9,high,28,5,23,0.0,1,,,,False
trial_007_ep1_task045,7,45,0.9,high,28,5,24,0.0,1,,,,False
trial_007_ep1_task045,7,45,0.9,high,28,5,25,0.0,1,,,,False
trial_007_ep1_task045,7,45,0.9,high,28,5,26,0.0,1,,,,False
trial_007_ep1_task045,7,45,0.9,high,28,5,27,0.0,1,,,,False
trial_007_ep1_task047,7,47,0.9,low,28,6,0,1.9138686712001292,2,3.0,3.0,3.0,False
trial_007_ep1_task047,7,47,0.9,low,28,6,1,3.1582081975257132,2,3.0,4.0,4.0,False
trial_007_ep1_task047,7,47,0.9,low,28,6,2,0.9456252745110483,2,3.0,3.0,3.0,False
trial_007_ep1_task047,7,47,0.9,low,28,6,3,1.622852965259229,2,3.0,3.0,3.0,False
trial_007_ep1_task047,7,47,0.9,low,28,6,4,1.9817376092904198,2,3.0,3.0,3.0,False
trial_007_ep1_task047,7,47,0.9,low,28,6,5,1.3893535040164213,2,3.0,3.0,3.0,False
trial_007_ep1_task047,7,47,0.9,low,28,6,7,2.5891307146654636,2,3.0,4.0,4.0,False
trial_007_ep1_task047,7,47,0.9,low,28,6,8,2.2132277341459483,3,4.0,4.0,4.0,False
trial_007_ep1_task047,7,47,0.9,low,28,6,9,2.2132277341459483,3,4.0,4.0,4.0,False
trial_007_ep1_task047,7,47,0.9,low,28,6,10,2.2132277341459483,3,4.0,4.0,4.0,False
trial_007_ep1_task047,7,47,0.9,low,28,6,11,2.2132277341459483,3,4.0,4.0,4.0,False
trial_007_ep1_task047,7,47,0.9,low,28,6,12,2.2132277341459483,3,4.0,4.0,4.0,False
trial_007_ep1_task047,7,47,0.9,low,28,6,13,1.6208873179763827,2,4.0,4.0,4.0,False
trial_007_ep1_task047,7,47,0.9,low,28,6,14,2.2981150087245634,2,3.0,4.0,4.0,False
trial_007_ep1_task047,7,47,0.9,low,28,6,15,2.6569996527557542,2,3.0,4.0,4.0,False
trial_007_ep1_task047,7,47,0.9,low,28,6,16,2.064615547481756,2,3.0,4.0,4.0,False
trial_007_ep1_task047,7,47,0.9,low,28,6,17,0.902447533917683,3,4.0,4.0,4.0,False
trial_007_ep1_task047,7,47,0.9,low,28,6,18,2.2132277341459483,3,4.0,4.0,4.0,False
trial_007_ep1_task047,7,47,0.9,low,28,6,19,2.2132277341459483,3,4.0,4.0,4.0,False
trial_007_ep1_task047,7,47,0.9,low,28,6,20,2.2132277341459483,3,4.0,4.0,4.0,False
trial_007_ep1_task047,7,47,0.9,low,28,6,21,2.2132277341459483,3,4.0,4.0,4.0,False
trial_007_ep1_task047,7,47,0.9,low,28,6,22,2.2132277341459483,3,4.0,4.0,4.0,False
trial_007_ep1_task047,7,47,0.9,low,28,6,23,2.2132277341459483,3,4.0,4.0,4.0,False
trial_007_ep1_task047,7,47,0.9,low,28,6,24,2.2132277341459483,3,4.0,4.0,4.0,False
trial_007_ep1_task047,7,47,0.9,low,28,6,25,2.2132277341459483,3,4.0,4.0,4.0,False
trial_007_ep1_task047,7,47,0.9,low,28,6,26,2.2132277341459483,3,4.0,4.0,4.0,False
trial_007_ep1_task047,7,47,0.9,low,28,6,27,2.2132277341459483,3,4.0,4.0,4.0,False
trial_007_ep1_task048,7,48,0.999,high,20,5,1,0.6111111111111107,1,2.0,2.0,2.0,False
trial_007_ep1_task048,7,48,0.999,high,20,5,3,0.45398928972421615,1,2.0,2.0,2.0,False
trial_007_ep1_task048,7,48,0.999,high,20,5,4,0.07189542483660105,1,2.0,2.0,2.0,False
trial_007_ep1_task048,7,48,0.999,high,20,5,6,0.12222222222222179,1,2.0,2.0,2.0,False
trial_007_ep1_task048,7,48,0.999,high,20,5,10,0.4711581864536285,1,3.0,3.0,3.0,False
trial_007_ep1_task048,7,48,0.999,high,20,5,12,0.6652758335124531,1,2.0,3.0,3.0,False
trial_007_ep1_task048,7,48,0.999,high,20,5,14,0.28285178991443427,2,3.0,3.0,3.0,False
trial_007_ep1_task048,7,48,0.999,high,20,5,15,0.5108667458667906,1,3.0,3.0,3.0,False
trial_007_ep1_task048,7,48,0.999,high,20,5,16,0.43897132103018954,1,3.0,3.0,3.0,False
trial_007_ep1_task048,7,48,0.999,high,20,5,17,0.316749098807966,1,3.0,3.0,3.0,False
trial_007_ep1_task048,7,48,0.999,high,20,5,19,0.9854930178476078,1,2.0,3.0,3.0,False
trial_007_ep1_task048,7,48,0.999,high,20,5,20,1.0573884426842088,1,2.0,3.0,3.0,False
trial_007_ep1_task048,7,48,0.999,high,20,5,21,1.1796106649064315,1,2.0,2.0,3.0,False
trial_007_ep1_task048,7,48,0.999,high,20,5,22,0.5542336549685363,1,3.0,3.0,3.0,False
trial_007_ep1_task048,7,48,0.999,high,20,5,23,0.6261290798051391,1,2.0,3.0,3.0,False
trial_007_ep1_task048,7,48,0.999,high,20,5,24,0.7483513020273609,1,2.0,3.0,3.0,False
trial_007_ep1_task048,7,48,0.999,high,20,5,25,0.28285178991443427,2,3.0,3.0,3.0,False
trial_007_ep1_task048,7,48,0.999,high,20,5,26,0.28285178991443427,2,3.0,3.0,3.0,False
trial_007_ep1_task048,7,48,0.999,high,20,5,27,0.29436201230314474,1,3.0,3.0,3.0,False
trial_007_ep1_task051,7,51,0.999,low,19,5,1,0.9663591232435302,1,2.0,2.0,2.0,False
trial_007_ep1_task051,7,51,0.999,low,19,5,3,0.8161028370575858,1,2.0,2.0,2.0,False
trial_007_ep1_task051,7,51,0.999,low,19,5,4,0.23541313551784526,1,2.0,2.0,2.0,False
trial_007_ep1_task051,7,51,0.999,low,19,5,6,0.11086052017373671,1,2.0,2.0,2.0,False
trial_007_ep1_task051,7,51,0.999,low,19,5,10,0.3083604873400809,1,2.0,2.0,2.0,False
trial_007_ep1_task051,7,51,0.999,low,19,5,12,0.4329131026841895,1,2.0,2.0,2.0,False
trial_007_ep1_task051,7,51,0.999,low,19,5,14,0.2681065622048133,1,2.0,2.0,2.0,False
trial_007_ep1_task051,7,51,0.999,low,19,5,15,0.312583139334927,1,2.0,2.0,2.0,False
trial_007_ep1_task051,7,51,0.999,low,19,5,16,0.5479962748527727,1,2.0,2.0,2.0,False
trial_007_ep1_task051,7,51,0.999,low,19,5,17,0.43713575467903554,1,2.0,2.0,2.0,False
trial_007_ep1_task051,7,51,0.999,low,19,5,19,0.8572909060415719,1,2.0,2.0,2.0,False
trial_007_ep1_task051,7,51,0.999,low,19,5,21,0.9818435213856804,1,2.0,2.0,2.0,False
trial_007_ep1_task051,7,51,0.999,low,19,5,22,0.46283942552087143,1,2.0,2.0,2.0,False
trial_007_ep1_task051,7,51,0.999,low,19,5,23,0.6982525610387171,1,2.0,2.0,2.0,False
trial_007_ep1_task051,7,51,0.999,low,19,5,24,0.58739204086498,1,2.0,2.0,2.0,False
trial_007_ep1_task051,7,51,0.999,low,19,5,25,1.2789422625784574,1,2.0,2.0,2.0,False
trial_007_ep1_task051,7,51,0.999,low,19,5,26,1.1680817424047203,1,2.0,2.0,2.0,False
trial_007_ep1_task051,7,51,0.999,low,19,5,27,1.403494877922566,1,2.0,2.0,2.0,False
trial_007_ep1_task052,7,52,0.99,medium,28,5,0,0.0,1,,,,False
trial_007_ep1_task052,7,52,0.99,medium,28,5,1,0.0,1,,,,False
trial_007_ep1_task052,7,52,0.99,medium,28,5,2,0.0,1,,,,False
trial_007_ep1_task052,7,52,0.99,medium,28,5,3,0.0,1,,,,False
trial_007_ep1_task052,7,52,0.99,medium,28,5,4,0.0,1,,,,False
trial_007_ep1_task052,7,52,0.99,medium,28,5,6,0.0,1,,,,False
trial_007_ep1_task052,7,52,0.99,medium,28,5,7,0.0,1,,,,False
trial_007_ep1_task052,7,52,0.99,medium,28,5,8,0.0,1,,,,False
trial_007_ep1_task052,7,52,0.99,medium,28,5,9,0.0,1,,,,False
trial_007_ep1_task052,7,52,0.99,medium,28,5,10,0.0,1,,,,False
trial_007_ep1_task052,7,52,0.99,medium,28,5,11,0.0,1,,,,False
trial_007_ep1_task052,7,52,0.99,medium,28,5,12,0.0,1,,,,False
trial_007_ep1_task052,7,52,0.99,medium,28,5,13,0.0,1,,,,False
trial_007_ep1_task052,7,52,0.99,medium,28,5,14,0.0,1,,,,False
trial_007_ep1_task052,7,52,0.99,medium,28,5,15,0.0,1,,,,False
trial_007_ep1_task052,7,52,0.99,medium,28,5,16,0.0,1,,,,False
trial_007_ep1_task052,7,52,0.99,medium,28,5,17,0.0,1,,,,False
trial_007_ep1_task052,7,52,0.99,medium,28,5,18,0.0,1,,,,False
trial_007_ep1_task052,7,52,0.99,medium,28,5,19,0.0,1,,,,False
trial_007_ep1_task052,7,52,0.99,medium,28,5,20,0.0,1,,,,False
trial_007_ep1_task052,7,52,0.99,medium,28,5,21,0.0,1,,,,False
trial_007_ep1_task052,7,52,0.99,medium,28,5,22,0.0,1,,,,False
trial_007_ep1_task052,7,52,0.99,medium,28,5,23,0.0,1,,,,False
trial_007_ep1_task052,7,52,0.99,medium,28,5,24,0.0,1,,,,False
trial_007_ep1_task052,7,52,0.99,medium,28,5,25,0.0,1,,,,False
trial_007_ep1_task052,7,52,0.99,medium,28,5,26,0.0,1,,,,False
trial_007_ep1_task052,7,52,0.99,medium,28,5,27,0.0,1,,,,False
trial_007_ep1_task054,7,54,0.999,low,19,6,1,1.0315433259443125,1,5.0,5.0,5.0,False
trial_007_ep1_task054,7,54,0.999,low,19,6,3,0.6734882926936621,1,2.0,2.0,2.0,False
trial_007_ep1_task054,7,54,0.999,low,19,6,4,0.21513779872618866,1,2.0,2.0,2.0,False
trial_007_ep1_task054,7,54,0.999,low,19,6,5,0.027876032511737314,1,2.0,2.0,2.0,False
trial_007_ep1_task054,7,54,0.999,low,19,6,10,0.24264365287432854,1,2.0,2.0,2.0,False
trial_007_ep1_task054,7,54,0.999,low,19,6,12,0.4577814516005172,1,2.0,2.0,2.0,False
trial_007_ep1_task054,7,54,0.999,low,19,6,14,0.7886898977354235,2,5.0,5.0,5.0,False
trial_007_ep1_task054,7,54,0.999,low,19,6,15,0.7886898977354235,2,5.0,5.0,5.0,False
trial_007_ep1_task054,7,54,0.999,low,19,6,16,0.7886898977354235,2,5.0,5.0,5.0,False
trial_007_ep1_task054,7,54,0.999,low,19,6,17,0.7886898977354235,2,5.0,5.0,5.0,False
trial_007_ep1_task054,7,54,0.999,low,19,6,19,0.8733227820082132,1,3.0,3.0,3.0,False
trial_007_ep1_task054,7,54,0.999,low,19,6,21,1.0884605807344019,1,2.0,3.0,3.0,False
trial_007_ep1_task054,7,54,0.999,low,19,6,22,0.7270327703759287,1,2.0,2.0,2.0,False
trial_007_ep1_task054,7,54,0.999,low,19,6,23,0.9142945365903803,1,2.0,2.0,2.0,False
trial_007_ep1_task054,7,54,0.999,low,19,6,24,0.9421705691021174,1,2.0,2.0,2.0,False
trial_007_ep1_task054,7,54,0.999,low,19,6,25,1.3726450305578537,1,2.0,2.0,2.0,False
trial_007_ep1_task054,7,54,0.999,low,19,6,26,1.4005210630695908,1,2.0,2.0,2.0,False
trial_007_ep1_task054,7,54,0.999,low,19,6,27,1.5877828292840424,1,2.0,2.0,2.0,False
trial_007_ep1_task055,7,55,0.99,medium,27,5,0,0.7198561920101141,1,2.0,2.0,2.0,False
trial_007_ep1_task055,7,55,0.99,medium,27,5,1,0.6914997086640398,1,2.0,4.0,4.0,False
trial_007_ep1_task055,7,55,0.99,medium,27,5,2,0.11312888756971318,1,2.0,2.0,2.0,False
trial_007_ep1_task055,7,55,0.99,medium,27,5,3,0.6721345731488129,1,2.0,2.0,4.0,False
trial_007_ep1_task055,7,55,0.99,medium,27,5,4,0.0,1,,,,False
trial_007_ep1_task055,7,55,0.99,medium,27,5,6,0.0,1,,,,False
trial_007_ep1_task055,7,55,0.99,medium,27,5,7,0.30892755491639434,2,4.0,4.0,4.0,False
trial_007_ep1_task055,7,55,0.99,medium,27,5,9,0.14609786174578687,2,4.0,4.0,4.0,False
trial_007_ep1_task055,7,55,0.99,medium,27,5,10,0.5684676593200737,1,2.0,2.0,2.0,False
trial_007_ep1_task055,7,55,0.99,medium,27,5,11,0.5684676593200737,1,2.0,2.0,2.0,False
trial_007_ep1_task055,7,55,0.99,medium,27,5,12,0.5684676593200737,1,2.0,2.0,2.0,False
trial_007_ep1_task055,7,55,0.99,medium,27,5,13,0.48369525509643485,1,4.0,4.0,4.0,False
trial_007_ep1_task055,7,55,0.99,medium,27,5,14,1.8936802054459991,2,3.0,4.0,4.0,False
trial_007_ep1_task055,7,55,0.99,medium,27,5,15,0.596824142666148,1,4.0,4.0,4.0,False
trial_007_ep1_task055,7,55,0.99,medium,27,5,16,0.596824142666148,1,4.0,4.0,4.0,False
trial_007_ep1_task055,7,55,0.99,medium,27,5,17,0.596824142666148,1,4.0,4.0,4.0,False
trial_007_ep1_task055,7,55,0.99,medium,27,5,18,0.5030603906116617,1,2.0,4.0,4.0,False
trial_007_ep1_task055,7,55,0.99,medium,27,5,19,1.1751949637604746,1,2.0,2.0,2.0,False
trial_007_ep1_task055,7,55,0.99,medium,27,5,20,1.1751949637604746,1,2.0,2.0,2.0,False
trial_007_ep1_task055,7,55,0.99,medium,27,5,21,1.1751949637604746,1,2.0,2.0,2.0,False
trial_007_ep1_task055,7,55,0.99,medium,27,5,22,0.6161892781813749,1,2.0,2.0,4.0,False
trial_007_ep1_task055,7,55,0.99,medium,27,5,23,0.6161892781813749,1,2.0,2.0,4.0,False
trial_007_ep1_task055,7,55,0.99,medium,27,5,24,0.6161892781813749,1,2.0,2.0,4.0,False
trial_007_ep1_task055,7,55,0.99,medium,27,5,25,1.2883238513301878,1,2.0,2.0,2.0,False
trial_007_ep1_task055,7,55,0.99,medium,27,5,26,1.2883238513301878,1,2.0,2.0,2.0,False
trial_007_ep1_task055,7,55,0.99,medium,27,5,27,1.2883238513301878,1,2.0,2.0,2.0,False
trial_007_ep1_task057,7,57,0.99,high,27,5,0,0.0,1,,,,False
trial_007_ep1_task057,7,57,0.99,high,27,5,1,1.25,1,2.0,2.0,2.0,False
trial_007_ep1_task057,7,57,0.99,high,27,5,2,0.0,1,,,,False
trial_007_ep1_task057,7,57,0.99,high,27,5,3,0.6385061187881718,1,2.0,2.0,2.0,False
trial_007_ep1_task057,7,57,0.99,high,27,5,4,0.0,1,,,,False
trial_007_ep1_task057,7,57,0.99,high,27,5,6,0.0,1,,,,False
trial_007_ep1_task057,7,57,0.99,high,27,5,7,1.25,1,2.0,2.0,2.0,False
trial_007_ep1_task057,7,57,0.99,high,27,5,9,0.6385061187881718,1,2.0,2.0,2.0,False
trial_007_ep1_task057,7,57,0.99,high,27,5,10,0.0,1,,,,False
trial_007_ep1_task057,7,57,0.99,high,27,5,11,0.0,1,,,,False
trial_007_ep1_task057,7,57,0.99,high,27,5,12,0.0,1,,,,False
trial_007_ep1_task057,7,57,0.99,high,27,5,13,1.25,1,2.0,2.0,2.0,False
trial_007_ep1_task057,7,57,0.99,high,27,5,14,1.8885061187881718,1,2.0,2.0,2.0,False
trial_007_ep1_task057,7,57,0.99,high,27,5,15,1.25,1,2.0,2.0,2.0,False
trial_007_ep1_task057,7,57,0.99,high,27,5,16,1.25,1,2.0,2.0,2.0,False
trial_007_ep1_task057,7,57,0.99,high,27,5,17,1.25,1,2.0,2.0,2.0,False
trial_007_ep1_task057,7,57,0.99,high,27,5,18,0.6385061187881718,1,2.0,2.0,2.0,False
trial_007_ep1_task057,7,57,0.99,high,27,5,19,0.0,1,,,,False
trial_007_ep1_task057,7,57,0.99,high,27,5,20,0.0,1,,,,False
trial_007_ep1_task057,7,57,0.99,high,27,5,21,0.0,1,,,,False
trial_007_ep1_task057,7,57,0.99,high,27,5,22,0.6385061187881718,1,2.0,2.0,2.0,False
trial_007_ep1_task057,7,57,0.99,high,27,5,23,0.6385061187881718,1,2.0,2.0,2.0,False
trial_007_ep1_task057,7,57,0.99,high,27,5,24,0.6385061187881718,1,2.0,2.0,2.0,False
trial_007_ep1_task057,7,57,0.99,high,27,5,25,0.0,1,,,,False
trial_007_ep1_task057,7,57,0.99,high,27,5,26,0.0,1,,,,False
trial_007_ep1_task057,7,57,0.99,high,27,5,27,0.0,1,,,,False
trial_007_ep1_task058,7,58,0.99,medium,27,6,0,0.0,1,,,,False
trial_007_ep1_task058,7,58,0.99,medium,27,6,1,0.0,1,,,,False
trial_007_ep1_task058,7,58,0.99,medium,27,6,2,0.0,1,,,,False
trial_007_ep1_task058,7,58,0.99,medium,27,6,3,0.0,1,,,,False
trial_007_ep1_task058,7,58,0.99,medium,27,6,4,0.0,1,,,,False
trial_007_ep1_task058,7,58,0.99,medium,27,6,5,0.0,1,,,,False
trial_007_ep1_task058,7,58,0.99,medium,27,6,7,0.0,1,,,,False
trial_007_ep1_task058,7,58,0.99,medium,27,6,9,0.0,1,,,,False
trial_007_ep1_task058,7,58,0.99,medium,27,6,10,0.0,1,,,,False
trial_007_ep1_task058,7,58,0.99,medium,27,6,11,0.0,1,,,,False
trial_007_ep1_task058,7,58,0.99,medium,27,6,12,0.0,1,,,,False
trial_007_ep1_task058,7,58,0.99,medium,27,6,13,0.0,1,,,,False
trial_007_ep1_task058,7,58,0.99,medium,27,6,14,0.0,1,,,,False
trial_007_ep1_task058,7,58,0.99,medium,27,6,15,0.0,1,,,,False
trial_007_ep1_task058,7,58,0.99,medium,27,6,16,0.0,1,,,,False
trial_007_ep1_task058,7,58,0.99,medium,27,6,17,0.0,1,,,,False
trial_007_ep1_task058,7,58,0.99,medium,27,6,18,0.0,1,,,,False
trial_007_ep1_task058,7,58,0.99,medium,27,6,19,0.0,1,,,,False
trial_007_ep1_task058,7,58,0.99,medium,27,6,20,0.0,1,,,,False
trial_007_ep1_task058,7,58,0.99,medium,27,6,21,0.0,1,,,,False
trial_007_ep1_task058,7,58,0.99,medium,27,6,22,0.0,1,,,,False
trial_007_ep1_task058,7,58,0.99,medium,27,6,23,0.0,1,,,,False
trial_007_ep1_task058,7,58,0.99,medium,27,6,24,0.0,1,,,,False
trial_007_ep1_task058,7,58,0.99,medium,27,6,25,0.0,1,,,,False
trial_007_ep1_task058,7,58,0.99,medium,27,6,26,0.0,1,,,,False
trial_007_ep1_task058,7,58,0.99,medium,27,6,27,0.0,1,,,,False
trial_007_ep1_task059,7,59,0.9,low,28,5,0,0.0,1,,,,False
trial_007_ep1_task059,7,59,0.9,low,28,5,1,0.0,1,,,,False
trial_007_ep1_task059,7,59,0.9,low,28,5,2,0.0,1,,,,False
trial_007_ep1_task059,7,59,0.9,low,28,5,3,0.0,1,,,,False
trial_007_ep1_task059,7,59,0.9,low,28,5,4,0.0,1,,,,False
trial_007_ep1_task059,7,59,0.9,low,28,5,6,0.0,1,,,,False
trial_007_ep1_task059,7,59,0.9,low,28,5,7,0.0,1,,,,False
trial_007_ep1_task059,7,59,0.9,low,28,5,8,0.0,1,,,,False
trial_007_ep1_task059,7,59,0.9,low,28,5,9,0.0,1,,,,False
trial_007_ep1_task059,7,59,0.9,low,28,5,10,0.0,1,,,,False
trial_007_ep1_task059,7,59,0.9,low,28,5,11,0.0,1,,,,False
trial_007_ep1_task059,7,59,0.9,low,28,5,12,0.0,1,,,,False
trial_007_ep1_task059,7,59,0.9,low,28,5,13,0.0,1,,,,False
trial_007_ep1_task059,7,59,0.9,low,28,5,14,0.0,1,,,,False
trial_007_ep1_task059,7,59,0.9,low,28,5,15,0.0,1,,,,False
trial_007_ep1_task059,7,59,0.9,low,28,5,16,0.0,1,,,,False
trial_007_ep1_task059,7,59,0.9,low,28,5,17,0.0,1,,,,False
trial_007_ep1_task059,7,59,0.9,low,28,5,18,0.0,1,,,,False
trial_007_ep1_task059,7,59,0.9,low,28,5,19,0.0,1,,,,False
trial_007_ep1_task059,7,59,0.9,low,28,5,20,0.0,1,,,,False
trial_007_ep1_task059,7,59,0.9,low,28,5,21,0.0,1,,,,False
trial_007_ep1_task059,7,59,0.9,low,28,5,22,0.0,1,,,,False
trial_007_ep1_task059,7,59,0.9,low,28,5,23,0.0,1,,,,False
trial_007_ep1_task059,7,59,0.9,low,28,5,24,0.0,1,,,,False
trial_007_ep1_task059,7,59,0.9,low,28,5,25,0.0,1,,,,False
trial_007_ep1_task059,7,59,0.9,low,28,5,26,0.0,1,,,,False
trial_007_ep1_task059,7,59,0.9,low,28,5,27,0.0,1,,,,False
trial_007_ep1_task061,7,61,0.9999,medium,7,6,17,0.842232324423037,1,2.0,2.0,2.0,False
trial_007_ep1_task061,7,61,0.9999,medium,7,6,22,0.3885867018946749,1,2.0,2.0,2.0,False
trial_007_ep1_task061,7,61,0.9999,medium,7,6,24,1.4365902769591798,1,2.0,2.0,2.0,False
trial_007_ep1_task061,7,61,0.9999,medium,7,6,25,1.230999206315155,1,2.0,2.0,2.0,False
trial_007_ep1_task061,7,61,0.9999,medium,7,6,26,1.3288158710171638,1,2.0,2.0,2.0,False
trial_007_ep1_task061,7,61,0.9999,medium,7,6,27,2.2790027813796594,1,2.0,2.0,2.0,False
trial_007_ep1_task065,7,65,0.99,low,25,6,1,1.5060037419952699,1,4.0,4.0,4.0,False
trial_007_ep1_task065,7,65,0.99,low,25,6,3,2.08304529115743,1,2.0,5.0,5.0,False
trial_007_ep1_task065,7,65,0.99,low,25,6,4,0.32641989002986627,2,4.0,4.0,4.0,False
trial_007_ep1_task065,7,65,0.99,low,25,6,5,0.5713613129986506,3,5.0,5.0,5.0,False
trial_007_ep1_task065,7,65,0.99,low,25,6,7,5.302507467429817,1,2.0,2.0,5.0,False
trial_007_ep1_task065,7,65,0.99,low,25,6,9,1.7134584342771175,1,2.0,2.0,4.0,False
trial_007_ep1_task065,7,65,0.99,low,25,6,10,4.122923615464413,1,2.0,2.0,5.0,False
trial_007_ep1_task065,7,65,0.99,low,25,6,11,3.867865038433199,1,2.0,2.0,2.0,False
trial_007_ep1_task065,7,65,0.99,low,25,6,12,3.7965037254345475,1,2.0,2.0,5.0,False
trial_007_ep1_task065,7,65,0.99,low,25,6,13,4.387670233138353,1,2.0,2.0,5.0,False
trial_007_ep1_task065,7,65,0.99,low,25,6,14,1.5060037419952699,1,2.0,2.0,5.0,False
trial_007_ep1_task065,7,65,0.99,low,25,6,15,3.9154689231825657,1,2.0,2.0,5.0,False
trial_007_ep1_task065,7,65,0.99,low,25,6,16,3.660410346151351,1,2.0,2.0,3.0,False
trial_007_ep1_task065,7,65,0.99,low,25,6,17,3.5890490331527003,1,2.0,2.0,5.0,False
trial_007_ep1_task065,7,65,0.99,low,25,6,18,0.7986211999856532,1,2.0,3.0,5.0,False
trial_007_ep1_task065,7,65,0.99,low,25,6,19,3.208086381172949,1,2.0,3.0,5.0,False
trial_007_ep1_task065,7,65,0.99,low,25,6,20,2.953027804141734,1,2.0,3.0,5.0,False
trial_007_ep1_task065,7,65,0.99,low,25,6,21,2.8816664911430836,1,2.0,5.0,5.0,False
trial_007_ep1_task065,7,65,0.99,low,25,6,22,1.0681288052010576,2,4.0,4.0,5.0,False
trial_007_ep1_task065,7,65,0.99,low,25,6,23,1.0721104951595866,2,4.0,4.0,5.0,False
trial_007_ep1_task065,7,65,0.99,low,25,6,24,1.394548695230923,2,4.0,4.0,5.0,False
trial_007_ep1_task065,7,65,0.99,low,25,6,25,2.480826494185947,1,4.0,4.0,5.0,False
trial_007_ep1_task065,7,65,0.99,low,25,6,26,2.4094651811872962,1,4.0,5.0,5.0,False
trial_007_ep1_task065,7,65,0.99,low,25,6,27,2.1544066041560814,1,4.0,4.0,5.0,False
trial_007_ep1_task067,7,67,0.99,high,27,5,0,0.0,1,,,,False
trial_007_ep1_task067,7,67,0.99,high,27,5,1,2.09673457200635,2,3.0,3.0,3.0,False
trial_007_ep1_task067,7,67,0.99,high,27,5,2,0.0,1,,,,False
trial_007_ep1_task067,7,67,0.99,high,27,5,3,0.6259991542669467,2,3.0,3.0,3.0,False
trial_007_ep1_task067,7,67,0.99,high,27,5,4,1.3387193474919405,2,3.0,3.0,3.0,False
trial_007_ep1_task067,7,67,0.99,high,27,5,6,0.0,1,,,,False
trial_007_ep1_task067,7,67,0.99,high,27,5,7,1.9136575043899633,2,3.0,3.0,3.0,False
trial_007_ep1_task067,7,67,0.99,high,27,5,9,0.4429220866505601,2,3.0,3.0,3.0,False
trial_007_ep1_task067,7,67,0.99,high,27,5,10,1.155642279875554,2,3.0,3.0,3.0,False
trial_007_ep1_task067,7,67,0.99,high,27,5,11,0.18307706761638665,2,3.0,3.0,3.0,False
trial_007_ep1_task067,7,67,0.99,high,27,5,12,0.18307706761638665,2,3.0,3.0,3.0,False
trial_007_ep1_task067,7,67,0.99,high,27,5,13,1.9136575043899633,2,3.0,3.0,3.0,False
trial_007_ep1_task067,7,67,0.99,high,27,5,14,2.53965665865691,2,3.0,3.0,3.0,False
trial_007_ep1_task067,7,67,0.99,high,27,5,15,3.252376851881904,2,3.0,3.0,3.0,False
trial_007_ep1_task067,7,67,0.99,high,27,5,16,1.9136575043899633,2,3.0,3.0,3.0,False
trial_007_ep1_task067,7,67,0.99,high,27,5,17,1.9136575043899633,2,3.0,3.0,3.0,False
trial_007_ep1_task067,7,67,0.99,high,27,5,18,0.4429220866505601,2,3.0,3.0,3.0,False
trial_007_ep1_task067,7,67,0.99,high,27,5,19,1.155642279875554,2,3.0,3.0,3.0,False
trial_007_ep1_task067,7,67,0.99,high,27,5,20,0.18307706761638665,2,3.0,3.0,3.0,False
trial_007_ep1_task067,7,67,0.99,high,27,5,21,0.18307706761638665,2,3.0,3.0,3.0,False
trial_007_ep1_task067,7,67,0.99,high,27,5,22,1.7816414341425006,2,3.0,3.0,3.0,False
trial_007_ep1_task067,7,67,0.99,high,27,5,23,0.4429220866505601,2,3.0,3.0,3.0,False
trial_007_ep1_task067,7,67,0.99,high,27,5,24,0.4429220866505601,2,3.0,3.0,3.0,False
trial_007_ep1_task067,7,67,0.99,high,27,5,25,1.155642279875554,2,3.0,3.0,3.0,False
trial_007_ep1_task067,7,67,0.99,high,27,5,26,1.155642279875554,2,3.0,3.0,3.0,False
trial_007_ep1_task067,7,67,0.99,high,27,5,27,0.18307706761638665,2,3.0,3.0,3.0,False
trial_007_ep1_task069,7,69,0.999,low,24,5,1,0.0,1,,,,False
trial_007_ep1_task069,7,69,0.999,low,24,5,3,0.0,1,,,,False
trial_007_ep1_task069,7,69,0.999,low,24,5,4,0.0,1,,,,False
trial_007_ep1_task069,7,69,0.999,low,24,5,6,0.0,1,,,,False
trial_007_ep1_task069,7,69,0.999,low,24,5,9,0.0,1,,,,False
trial_007_ep1_task069,7,69,0.999,low,24,5,10,0.0,1,,,,False
trial_007_ep1_task069,7,69,0.999,low,24,5,11,0.0,1,,,,False
trial_007_ep1_task069,7,69,0.999,low,24,5,12,0.0,1,,,,False
trial_007_ep1_task069,7,69,0.999,low,24,5,13,0.0,1,,,,False
trial_007_ep1_task069,7,69,0.999,low,24,5,14,0.0,1,,,,False
trial_007_ep1_task069,7,69,0.999,low,24,5,15,0.0,1,,,,False
trial_007_ep1_task069,7,69,0.999,low,24,5,16,0.0,1,,,,False
trial_007_ep1_task069,7,69,0.999,low,24,5,17,0.0,1,,,,False
trial_007_ep1_task069,7,69,0.999,low,24,5,18,0.0,1,,,,False
trial_007_ep1_task069,7,69,0.999,low,24,5,19,0.0,1,,,,False
trial_007_ep1_task069,7,69,0.999,low,24,5,20,0.0,1,,,,False
trial_007_ep1_task069,7,69,0.999,low,24,5,21,0.0,1,,,,False
trial_007_ep1_task069,7,69,0.999,low,24,5,22,0.0,1,,,,False
trial_007_ep1_task069,7,69,0.999,low,24,5,23,0.0,1,,,,False
trial_007_ep1_task069,7,69,0.999,low,24,5,24,0.0,1,,,,False
trial_007_ep1_task069,7,69,0.999,low,24,5,25,0.0,1,,,,False
trial_007_ep1_task069,7,69,0.999,low,24,5,26,0.0,1,,,,False
trial_007_ep1_task069,7,69,0.999,low,24,5,27,0.0,1,,,,False
trial_007_ep1_task070,7,70,0.9999,low,10,23,4,1.7427209690143497,3,4.0,4.0,4.0,False
trial_007_ep1_task070,7,70,0.9999,low,10,23,6,1.544471789452693,2,4.0,4.0,4.0,False
trial_007_ep1_task070,7,70,0.9999,low,10,23,15,2.328244153025671,1,2.0,4.0,4.0,False
trial_007_ep1_task070,7,70,0.9999,low,10,23,17,2.185311735554972,1,2.0,4.0,4.0,False
trial_007_ep1_task070,7,70,0.9999,low,10,23,22,0.9769468741220917,3,4.0,4.0,4.0,False
trial_007_ep1_task070,7,70,0.9999,low,10,23,24,0.7786976945604354,2,4.0,4.0,4.0,False
trial_007_ep1_task070,7,70,0.9999,low,10,23,25,1.3088474466679527,1,2.0,4.0,4.0,False
trial_007_ep1_task070,7,70,0.9999,low,10,23,26,1.4065451744820614,1,4.0,4.0,4.0,False
trial_007_ep1_task070,7,70,0.9999,low,10,23,27,1.1659150291972538,1,2.0,2.0,4.0,False
trial_007_ep1_task071,7,71,0.9999,medium,8,25,6,0.41485881764418187,1,3.0,3.0,3.0,False
trial_007_ep1_task071,7,71,0.9999,medium,8,25,15,0.9400885097308276,1,3.0,3.0,3.0,False
trial_007_ep1_task071,7,71,0.9999,medium,8,25,17,0.2197768964179434,2,3.0,3.0,3.0,False
trial_007_ep1_task071,7,71,0.9999,medium,8,25,22,1.3804665534687954,2,3.0,3.0,3.0,False
trial_007_ep1_task071,7,71,0.9999,medium,8,25,24,0.22060114732002445,2,3.0,3.0,3.0,False
trial_007_ep1_task071,7,71,0.9999,medium,8,25,26,0.004886933854726383,1,3.0,3.0,3.0,False
trial_007_ep1_task071,7,71,0.9999,medium,8,25,27,1.159865406148771,2,3.0,3.0,3.0,False
trial_007_ep1_task073,7,73,0.9999,medium,13,16,4,0.0,1,,,,False
trial_007_ep1_task073,7,73,0.9999,medium,13,16,6,0.0,1,,,,False
trial_007_ep1_task073,7,73,0.9999,medium,13,16,14,0.0,1,,,,False
trial_007_ep1_task073,7,73,0.9999,medium,13,16,15,0.0,1,,,,False
trial_007_ep1_task073,7,73,0.9999,medium,13,16,17,0.0,1,,,,False
trial_007_ep1_task073,7,73,0.9999,medium,13,16,21,0.0,1,,,,False
trial_007_ep1_task073,7,73,0.9999,medium,13,16,22,0.0,1,,,,False
trial_007_ep1_task073,7,73,0.9999,medium,13,16,23,0.0,1,,,,False
trial_007_ep1_task073,7,73,0.9999,medium,13,16,24,0.0,1,,,,False
trial_007_ep1_task073,7,73,0.9999,medium,13,16,25,0.0,1,,,,False
trial_007_ep1_task073,7,73,0.9999,medium,13,16,26,0.0,1,,,,False
trial_007_ep1_task073,7,73,0.9999,medium,13,16,27,0.0,1,,,,False
trial_007_ep1_task079,7,79,0.9,high,27,5,0,0.0,1,,,,False
trial_007_ep1_task079,7,79,0.9,high,27,5,1,0.0,1,,,,False
trial_007_ep1_task079,7,79,0.9,high,27,5,2,0.0,1,,,,False
trial_007_ep1_task079,7,79,0.9,high,27,5,3,0.0,1,,,,False
trial_007_ep1_task079,7,79,0.9,high,27,5,4,0.0,1,,,,False
trial_007_ep1_task079,7,79,0.9,high,27,5,6,0.0,1,,,,False
trial_007_ep1_task079,7,79,0.9,high,27,5,7,0.0,1,,,,False
trial_007_ep1_task079,7,79,0.9,high,27,5,9,0.0,1,,,,False
trial_007_ep1_task079,7,79,0.9,high,27,5,10,0.0,1,,,,False
trial_007_ep1_task079,7,79,0.9,high,27,5,11,0.0,1,,,,False
trial_007_ep1_task079,7,79,0.9,high,27,5,12,0.0,1,,,,False
trial_007_ep1_task079,7,79,0.9,high,27,5,13,0.0,1,,,,False
trial_007_ep1_task079,7,79,0.9,high,27,5,14,0.0,1,,,,False
trial_007_ep1_task079,7,79,0.9,high,27,5,15,0.0,1,,,,False
trial_007_ep1_task079,7,79,0.9,high,27,5,16,0.0,1,,,,False
trial_007_ep1_task079,7,79,0.9,high,27,5,17,0.0,1,,,,False
trial_007_ep1_task079,7,79,0.9,high,27,5,18,0.0,1,,,,False
trial_007_ep1_task079,7,79,0.9,high,27,5,19,0.0,1,,,,False
trial_007_ep1_task079,7,79,0.9,high,27,5,20,0.0,1,,,,False
trial_007_ep1_task079,7,79,0.9,high,27,5,21,0.0,1,,,,False
trial_007_ep1_task079,7,79,0.9,high,27,5,22,0.0,1,,,,False
trial_007_ep1_task079,7,79,0.9,high,27,5,23,0.0,1,,,,False
trial_007_ep1_task079,7,79,0.9,high,27,5,24,0.0,1,,,,False
trial_007_ep1_task079,7,79,0.9,high,27,5,25,0.0,1,,,,False
trial_007_ep1_task079,7,79,0.9,high,27,5,26,0.0,1,,,,False
trial_007_ep1_task079,7,79,0.9,high,27,5,27,0.0,1,,,,False
trial_007_ep1_task082,7,82,0.99,low,28,5,0,0.0,1,,,,False
trial_007_ep1_task082,7,82,0.99,low,28,5,1,0.0,1,,,,False
trial_007_ep1_task082,7,82,0.99,low,28,5,2,0.0,1,,,,False
trial_007_ep1_task082,7,82,0.99,low,28,5,3,0.0,1,,,,False
trial_007_ep1_task082,7,82,0.99,low,28,5,4,0.0,1,,,,False
trial_007_ep1_task082,7,82,0.99,low,28,5,6,0.0,1,,,,False
trial_007_ep1_task082,7,82,0.99,low,28,5,7,0.0,1,,,,False
trial_007_ep1_task082,7,82,0.99,low,28,5,8,0.0,1,,,,False
trial_007_ep1_task082,7,82,0.99,low,28,5,9,0.0,1,,,,False
trial_007_ep1_task082,7,82,0.99,low,28,5,10,0.0,1,,,,False
trial_007_ep1_task082,7,82,0.99,low,28,5,11,0.0,1,,,,False
trial_007_ep1_task082,7,82,0.99,low,28,5,12,0.0,1,,,,False
trial_007_ep1_task082,7,82,0.99,low,28,5,13,0.0,1,,,,False
trial_007_ep1_task082,7,82,0.99,low,28,5,14,0.0,1,,,,False
trial_007_ep1_task082,7,82,0.99,low,28,5,15,0.0,1,,,,False
trial_007_ep1_task082,7,82,0.99,low,28,5,16,0.0,1,,,,False
trial_007_ep1_task082,7,82,0.99,low,28,5,17,0.0,1,,,,False
trial_007_ep1_task082,7,82,0.99,low,28,5,18,0.0,1,,,,False
trial_007_ep1_task082,7,82,0.99,low,28,5,19,0.0,1,,,,False
trial_007_ep1_task082,7,82,0.99,low,28,5,20,0.0,1,,,,False
trial_007_ep1_task082,7,82,0.99,low,28,5,21,0.0,1,,,,False
trial_007_ep1_task082,7,82,0.99,low,28,5,22,0.0,1,,,,False
trial_007_ep1_task082,7,82,0.99,low,28,5,23,0.0,1,,,,False
trial_007_ep1_task082,7,82,0.99,low,28,5,24,0.0,1,,,,False
trial_007_ep1_task082,7,82,0.99,low,28,5,25,0.0,1,,,,False
trial_007_ep1_task082,7,82,0.99,low,28,5,26,0.0,1,,,,False
trial_007_ep1_task082,7,82,0.99,low,28,5,27,0.0,1,,,,False
trial_007_ep1_task084,7,84,0.9,low,28,5,0,1.2180316717919881,1,3.0,3.0,3.0,False
trial_007_ep1_task084,7,84,0.9,low,28,5,1,1.5764604685487882,3,5.0,5.0,6.0,False
trial_007_ep1_task084,7,84,0.9,low,28,5,2,0.5327541840076142,2,3.0,3.0,3.0,False
trial_007_ep1_task084,7,84,0.9,low,28,5,3,1.561498096680503,1,3.0,3.0,3.0,False
trial_007_ep1_task084,7,84,0.9,low,28,5,4,1.5479152711955086,5,7.0,7.0,7.0,False
trial_007_ep1_task084,7,84,0.9,low,28,5,6,1.561498096680503,1,2.0,4.0,4.0,False
trial_007_ep1_task084,7,84,0.9,low,28,5,7,1.5764604685487882,4,5.0,5.0,6.0,False
trial_007_ep1_task084,7,84,0.9,low,28,5,8,3.3122839524801044,1,2.0,2.0,4.0,False
trial_007_ep1_task084,7,84,0.9,low,28,5,9,1.2180316717919881,1,2.0,4.0,4.0,False
trial_007_ep1_task084,7,84,0.9,low,28,5,10,3.037786769799503,1,6.0,7.0,7.0,False
trial_007_ep1_task084,7,84,0.9,low,28,5,11,2.779529768472491,1,2.0,2.0,4.0,False
trial_007_ep1_task084,7,84,0.9,low,28,5,12,1.2180316717919881,1,2.0,2.0,3.0,False
trial_007_ep1_task084,7,84,0.9,low,28,5,13,1.5764604685487882,4,5.0,5.0,6.0,False
trial_007_ep1_task084,7,84,0.9,low,28,5,14,1.5764604685487882,4,5.0,5.0,6.0,False
trial_007_ep1_task084,7,84,0.9,low,28,5,15,3.124375739744295,4,6.0,7.0,7.0,False
trial_007_ep1_task084,7,84,0.9,low,28,5,16,1.5764604685487882,4,5.0,5.0,6.0,False
trial_007_ep1_task084,7,84,0.9,low,28,5,17,1.5764604685487882,4,5.0,5.0,6.0,False
trial_007_ep1_task084,7,84,0.9,low,28,5,18,0.5327541840076133,1,4.0,4.0,4.0,False
trial_007_ep1_task084,7,84,0.9,low,28,5,19,2.352509282015128,1,6.0,7.0,7.0,False
trial_007_ep1_task084,7,84,0.9,low,28,5,20,2.0942522806881163,1,3.0,3.0,4.0,False
trial_007_ep1_task084,7,84,0.9,low,28,5,21,0.8305963424114866,2,3.0,3.0,3.0,False
trial_007_ep1_task084,7,84,0.9,low,28,5,22,1.5479152711955086,5,7.0,7.0,7.0,False
trial_007_ep1_task084,7,84,0.9,low,28,5,23,0.9316066034729724,2,3.0,4.0,4.0,False
trial_007_ep1_task084,7,84,0.9,low,28,5,24,1.561498096680503,1,2.0,3.0,3.0,False
trial_007_ep1_task084,7,84,0.9,low,28,5,25,1.8197550980075148,1,6.0,7.0,7.0,False
trial_007_ep1_task084,7,84,0.9,low,28,5,26,1.5479152711955086,5,7.0,7.0,7.0,False
trial_007_ep1_task084,7,84,0.9,low,28,5,27,1.3633505264191,2,3.0,3.0,3.0,False
trial_007_ep1_task085,7,85,0.9999,high,8,6,15,4.1756879593713165,3,5.0,5.0,6.0,False
trial_007_ep1_task085,7,85,0.9999,high,8,6,17,2.116864429959549,3,4.0,5.0,5.0,False
trial_007_ep1_task085,7,85,0.9999,high,8,6,22,2.05882352941177,4,5.0,6.0,6.0,False
trial_007_ep1_task085,7,85,0.9999,high,8,6,24,1.113808922564326,1,3.0,3.0,3.0,False
trial_007_ep1_task085,7,85,0.9999,high,8,6,25,2.05882352941177,4,5.0,6.0,6.0,False
trial_007_ep1_task085,7,85,0.9999,high,8,6,26,2.05882352941177,4,5.0,6.0,6.0,False
trial_007_ep1_task085,7,85,0.9999,high,8,6,27,1.2711681104586159,1,2.0,3.0,3.0,False
trial_007_ep1_task086,7,86,0.999,high,17,5,1,0.750948768090363,1,3.0,3.0,3.0,False
trial_007_ep1_task086,7,86,0.999,high,17,5,3,0.37615690478079955,2,4.0,4.0,4.0,False
trial_007_ep1_task086,7,86,0.999,high,17,5,4,2.4705882352941178,2,4.0,5.0,5.0,False
trial_007_ep1_task086,7,86,0.999,high,17,5,6,0.2723150346001706,1,2.0,2.0,2.0,False
trial_007_ep1_task086,7,86,0.999,high,17,5,12,0.5962110174659534,2,3.0,3.0,3.0,False
trial_007_ep1_task086,7,86,0.999,high,17,5,14,0.5820534707697353,1,3.0,4.0,4.0,False
trial_007_ep1_task086,7,86,0.999,high,17,5,15,2.212291240446196,3,4.0,5.0,5.0,False
trial_007_ep1_task086,7,86,0.999,high,17,5,16,0.7974512889308136,2,3.0,3.0,3.0,False
trial_007_ep1_task086,7,86,0.999,high,17,5,17,0.7974512889308136,2,3.0,3.0,3.0,False
trial_007_ep1_task086,7,86,0.999,high,17,5,21,1.1956760099595516,1,3.0,3.0,3.0,False
trial_007_ep1_task086,7,86,0.999,high,17,5,22,2.4130958467460895,3,4.0,5.0,5.0,False
trial_007_ep1_task086,7,86,0.999,high,17,5,23,1.333002238860098,1,3.0,3.0,4.0,False
trial_007_ep1_task086,7,86,0.999,high,17,5,24,1.0606872042599282,1,3.0,3.0,4.0,False
trial_007_ep1_task086,7,86,0.999,high,17,5,25,2.212291240446196,3,4.0,5.0,5.0,False
trial_007_ep1_task086,7,86,0.999,high,17,5,26,2.212291240446196,3,4.0,5.0,5.0,False
trial_007_ep1_task086,7,86,0.999,high,17,5,27,1.2760850224210056,1,3.0,3.0,3.0,False
trial_007_ep1_task088,7,88,0.9999,high,22,5,1,0.0,1,,,,False
trial_007_ep1_task088,7,88,0.9999,high,22,5,3,0.22464770151909752,1,2.0,2.0,2.0,False
trial_007_ep1_task088,7,88,0.9999,high,22,5,4,0.35294117647058876,2,4.0,4.0,4.0,False
trial_007_ep1_task088,7,88,0.9999,high,22,5,6,0.0,1,,,,False
trial_007_ep1_task088,7,88,0.9999,high,22,5,10,0.35294117647058876,2,4.0,4.0,4.0,False
trial_007_ep1_task088,7,88,0.9999,high,22,5,12,0.0,1,,,,False
trial_007_ep1_task088,7,88,0.9999,high,22,5,13,0.0,1,,,,False
trial_007_ep1_task088,7,88,0.9999,high,22,5,14,0.22464770151909752,1,2.0,2.0,2.0,False
trial_007_ep1_task088,7,88,0.9999,high,22,5,15,0.35294117647058876,2,4.0,4.0,4.0,False
trial_007_ep1_task088,7,88,0.9999,high,22,5,16,0.0,1,,,,False
trial_007_ep1_task088,7,88,0.9999,high,22,5,17,0.0,1,,,,False
trial_007_ep1_task088,7,88,0.9999,high,22,5,18,0.22464770151909752,1,2.0,2.0,2.0,False
trial_007_ep1_task088,7,88,0.9999,high,22,5,19,0.35294117647058876,2,4.0,4.0,4.0,False
trial_007_ep1_task088,7,88,0.9999,high,22,5,20,0.0,1,,,,False
trial_007_ep1_task088,7,88,0.9999,high,22,5,21,0.0,1,,,,False
trial_007_ep1_task088,7,88,0.9999,high,22,5,22,0.5775888779896854,1,4.0,4.0,4.0,False
trial_007_ep1_task088,7,88,0.9999,high,22,5,23,0.22464770151909752,1,2.0,2.0,2.0,False
trial_007_ep1_task088,7,88,0.9999,high,22,5,24,0.22464770151909752,1,2.0,2.0,2.0,False
trial_007_ep1_task088,7,88,0.9999,high,22,5,25,0.35294117647058876,2,4.0,4.0,4.0,False
trial_007_ep1_task088,7,88,0.9999,high,22,5,26,0.35294117647058876,2,4.0,4.0,4.0,False
trial_007_ep1_task088,7,88,0.9999,high,22,5,27,0.0,1,,,,False
trial_007_ep1_task089,7,89,0.9999,high,8,6,15,1.1167271468519528,2,3.0,3.0,3.0,False
trial_007_ep1_task089,7,89,0.9999,high,8,6,17,0.6147143462877844,1,3.0,3.0,3.0,False
trial_007_ep1_task089,7,89,0.9999,high,8,6,22,0.7655159395459155,2,3.0,3.0,3.0,False
trial_007_ep1_task089,7,89,0.9999,high,8,6,24,0.9659255535938218,1,3.0,3.0,3.0,False
trial_007_ep1_task089,7,89,0.9999,high,8,6,25,0.6116185812377966,2,3.0,3.0,3.0,False
trial_007_ep1_task089,7,89,0.9999,high,8,6,26,0.4567797224728407,1,3.0,3.0,3.0,False
trial_007_ep1_task089,7,89,0.9999,high,8,6,27,1.6743720086316332,1,3.0,3.0,3.0,False
trial_007_ep1_task092,7,92,0.999,low,19,5,1,1.0618120998085896,1,3.0,3.0,3.0,False
trial_007_ep1_task092,7,92,0.999,low,19,5,3,1.1656385158970548,1,2.0,3.0,3.0,False
trial_007_ep1_task092,7,92,0.999,low,19,5,4,0.8507405287931249,2,4.0,4.0,4.0,False
trial_007_ep1_task092,7,92,0.999,low,19,5,6,0.5787803781922545,3,5.0,5.0,5.0,False
trial_007_ep1_task092,7,92,0.999,low,19,5,10,0.6588841000847214,3,4.0,4.0,4.0,False
trial_007_ep1_task092,7,92,0.999,low,19,5,12,0.5787803781922545,3,5.0,5.0,5.0,False
trial_007_ep1_task092,7,92,0.999,low,19,5,14,1.7755182908368385,1,2.0,2.0,3.0,False
trial_007_ep1_task092,7,92,0.999,low,19,5,15,0.6588841000847214,3,4.0,4.0,4.0,False
trial_007_ep1_task092,7,92,0.999,low,19,5,16,0.6098797749397837,1,3.0,3.0,3.0,False
trial_007_ep1_task092,7,92,0.999,low,19,5,17,0.5787803781922545,3,5.0,5.0,5.0,False
trial_007_ep1_task092,7,92,0.999,low,19,5,19,0.9475732827408061,1,4.0,4.0,4.0,False
trial_007_ep1_task092,7,92,0.999,low,19,5,21,1.1288836254496095,1,5.0,5.0,5.0,False
trial_007_ep1_task092,7,92,0.999,low,19,5,22,2.6083295303971026,1,2.0,4.0,4.0,False
trial_007_ep1_task092,7,92,0.999,low,19,5,23,2.837330390645428,1,2.0,3.0,3.0,False
trial_007_ep1_task092,7,92,0.999,low,19,5,24,2.789639873105906,1,2.0,2.0,5.0,False
trial_007_ep1_task092,7,92,0.999,low,19,5,25,1.4426910145000482,1,2.0,4.0,4.0,False
trial_007_ep1_task092,7,92,0.999,low,19,5,26,1.395000496960526,1,4.0,5.0,5.0,False
trial_007_ep1_task092,7,92,0.999,low,19,5,27,1.6240013572088516,1,2.0,5.0,5.0,False
trial_007_ep1_task093,7,93,0.999,medium,17,6,1,1.4576862413858516,1,4.0,4.0,4.0,False
trial_007_ep1_task093,7,93,0.999,medium,17,6,3,1.2723169321309955,4,7.0,8.0,8.0,False
trial_007_ep1_task093,7,93,0.999,medium,17,6,4,1.1306789561951929,1,4.0,4.0,4.0,False
trial_007_ep1_task093,7,93,0.999,medium,17,6,5,0.7644231939860742,1,4.0,4.0,4.0,False
trial_007_ep1_task093,7,93,0.999,medium,17,6,12,0.7202441312818233,1,3.0,3.0,3.0,False
trial_007_ep1_task093,7,93,0.999,medium,17,6,14,1.2723169321309955,4,7.0,8.0,8.0,False
trial_007_ep1_task093,7,93,0.999,medium,17,6,15,0.9380419829775049,2,4.0,4.0,4.0,False
trial_007_ep1_task093,7,93,0.999,medium,17,6,16,1.3042977451866227,2,4.0,4.0,4.0,False
trial_007_ep1_task093,7,93,0.999,medium,17,6,17,0.8538299770289206,1,3.0,3.0,3.0,False
trial_007_ep1_task093,7,93,0.999,medium,17,6,21,1.6230324368295448,1,3.0,3.0,3.0,False
trial_007_ep1_task093,7,93,0.999,medium,17,6,22,1.2723169321309955,4,7.0,8.0,8.0,False
trial_007_ep1_task093,7,93,0.999,medium,17,6,23,1.2723169321309955,4,7.0,8.0,8.0,False
trial_007_ep1_task093,7,93,0.999,medium,17,6,24,1.5528482350582213,3,7.0,7.0,8.0,False
trial_007_ep1_task093,7,93,0.999,medium,17,6,25,1.6313050303772814,2,3.0,4.0,4.0,False
trial_007_ep1_task093,7,93,0.999,medium,17,6,26,1.1808372622195793,1,3.0,3.0,3.0,False
trial_007_ep1_task093,7,93,0.999,medium,17,6,27,1.5470930244286976,1,3.0,3.0,3.0,False
trial_007_ep1_task094,7,94,0.999,high,14,16,4,2.4583229302048046,1,2.0,2.0,3.0,False
trial_007_ep1_task094,7,94,0.999,high,14,16,6,1.5541751329178561,1,3.0,3.0,3.0,False
trial_007_ep1_task094,7,94,0.999,high,14,16,12,0.887363575626253,1,3.0,3.0,3.0,False
trial_007_ep1_task094,7,94,0.999,high,14,16,14,1.7507394897636175,2,3.0,3.0,3.0,False
trial_007_ep1_task094,7,94,0.999,high,14,16,15,1.5410394399758456,1,2.0,2.0,2.0,False
trial_007_ep1_task094,7,94,0.999,high,14,16,17,0.8748149870161965,2,3.0,3.0,3.0,False
trial_007_ep1_task094,7,94,0.999,high,14,16,21,0.8748149870161965,2,3.0,3.0,3.0,False
trial_007_ep1_task094,7,94,0.999,high,14,16,22,1.8885863741514934,2,3.0,3.0,3.0,False
trial_007_ep1_task094,7,94,0.999,high,14,16,23,1.7507394897636175,2,3.0,3.0,3.0,False
trial_007_ep1_task094,7,94,0.999,high,14,16,24,2.625554476779814,2,3.0,3.0,3.0,False
trial_007_ep1_task094,7,94,0.999,high,14,16,25,0.13784688438787596,2,3.0,3.0,3.0,False
trial_007_ep1_task094,7,94,0.999,high,14,16,26,1.0126618714040725,2,3.0,3.0,3.0,False
trial_007_ep1_task094,7,94,0.999,high,14,16,27,0.9279685361359,1,3.0,3.0,3.0,False
trial_007_ep1_task095,7,95,0.9999,high,5,25,17,1.674618827735522,1,2.0,2.0,2.0,False
trial_007_ep1_task095,7,95,0.9999,high,5,25,24,2.7973893999296915,1,2.0,2.0,2.0,False
trial_007_ep1_task095,7,95,0.9999,high,5,25,26,0.8748149870161965,1,2.0,2.0,2.0,False
trial_007_ep1_task095,7,95,0.9999,high,5,25,27,0.8748149870161965,1,2.0,2.0,2.0,False
trial_007_ep1_task097,7,97,0.999,high,23,5,1,0.7024619347308931,3,4.0,4.0,5.0,False
trial_007_ep1_task097,7,97,0.999,high,23,5,3,0.7269186214445984,2,5.0,5.0,5.0,False
trial_007_ep1_task097,7,97,0.999,high,23,5,4,1.0,5,6.0,7.0,7.0,False
trial_007_ep1_task097,7,97,0.999,high,23,5,6,0.4137221207395392,3,5.0,5.0,5.0,False
trial_007_ep1_task097,7,97,0.999,high,23,5,10,1.6616923547267932,2,6.0,6.0,7.0,False
trial_007_ep1_task097,7,97,0.999,high,23,5,11,1.3886109761713916,2,3.0,3.0,5.0,False
trial_007_ep1_task097,7,97,0.999,high,23,5,12,1.4223641766843995,2,5.0,5.0,5.0,False
trial_007_ep1_task097,7,97,0.999,high,23,5,13,1.702179929397417,2,3.0,3.0,5.0,False
trial_007_ep1_task097,7,97,0.999,high,23,5,14,0.6897480452220686,2,5.0,5.0,5.0,False
trial_007_ep1_task097,7,97,0.999,high,23,5,15,1.6897480452220686,2,6.0,6.0,7.0,False
trial_007_ep1_task097,7,97,0.999,high,23,5,16,1.416666666666667,2,3.0,3.0,4.0,False
trial_007_ep1_task097,7,97,0.999,high,23,5,17,1.4504198671796749,2,3.0,5.0,5.0,False
trial_007_ep1_task097,7,97,0.999,high,23,5,18,0.7211569716726154,4,5.0,5.0,5.0,False
trial_007_ep1_task097,7,97,0.999,high,23,5,19,1.28551326273075,2,6.0,7.0,7.0,False
trial_007_ep1_task097,7,97,0.999,high,23,5,20,1.0124318841753484,2,4.0,5.0,5.0,False
trial_007_ep1_task097,7,97,0.999,high,23,5,21,1.1311767359722822,3,5.0,5.0,5.0,False
trial_007_ep1_task097,7,97,0.999,high,23,5,22,1.0,5,6.0,7.0,7.0,False
trial_007_ep1_task097,7,97,0.999,high,23,5,23,0.517092866015167,3,5.0,5.0,5.0,False
trial_007_ep1_task097,7,97,0.999,high,23,5,24,0.9308149867547044,3,5.0,5.0,5.0,False
trial_007_ep1_task097,7,97,0.999,high,23,5,25,1.0,2,6.0,7.0,7.0,False
trial_007_ep1_task097,7,97,0.999,high,23,5,26,1.033753200513008,2,6.0,7.0,7.0,False
trial_007_ep1_task097,7,97,0.999,high,23,5,27,0.9692146774504877,3,4.0,5.0,5.0,False
trial_007_ep1_task099,7,99,0.9,high,27,6,0,4.372567616800766,1,2.0,3.0,3.0,False
trial_007_ep1_task099,7,99,0.9,high,27,6,1,4.043427358159666,4,6.0,7.0,7.0,False
trial_007_ep1_task099,7,99,0.9,high,27,6,2,3.499999999999999,1,2.0,3.0,3.0,False
trial_007_ep1_task099,7,99,0.9,high,27,6,3,0.35304877480209385,2,3.0,3.0,3.0,False
trial_007_ep1_task099,7,99,0.9,high,27,6,4,2.88235294117647,1,2.0,2.0,2.0,False
trial_007_ep1_task099,7,99,0.9,high,27,6,5,2.5456915412233565,1,2.0,2.0,3.0,False
trial_007_ep1_task099,7,99,0.9,high,27,6,7,4.372567616800766,1,6.0,7.0,7.0,False
trial_007_ep1_task099,7,99,0.9,high,27,6,9,4.372567616800766,1,2.0,4.0,5.0,False
trial_007_ep1_task099,7,99,0.9,high,27,6,10,7.254920557977237,1,2.0,4.0,5.0,False
trial_007_ep1_task099,7,99,0.9,high,27,6,11,6.9182591580241235,1,2.0,4.0,5.0,False
trial_007_ep1_task099,7,99,0.9,high,27,6,12,4.372567616800766,1,3.0,4.0,5.0,False
trial_007_ep1_task099,7,99,0.9,high,27,6,13,3.5311518434865974,5,6.0,7.0,7.0,False
trial_007_ep1_task099,7,99,0.9,high,27,6,14,3.5311518434865974,5,6.0,7.0,7.0,False
trial_007_ep1_task099,7,99,0.9,high,27,6,15,3.5311518434865974,5,6.0,7.0,7.0,False
trial_007_ep1_task099,7,99,0.9,high,27,6,16,3.5311518434865974,5,6.0,7.0,7.0,False
trial_007_ep1_task099,7,99,0.9,high,27,6,17,3.5311518434865974,5,6.0,7.0,7.0,False
trial_007_ep1_task099,7,99,0.9,high,27,6,18,3.499999999999999,1,4.0,4.0,5.0,False
trial_007_ep1_task099,7,99,0.9,high,27,6,19,6.38235294117647,1,2.0,4.0,5.0,False
trial_007_ep1_task099,7,99,0.9,high,27,6,20,6.045691541223355,1,3.0,4.0,5.0,False
trial_007_ep1_task099,7,99,0.9,high,27,6,21,3.499999999999999,1,4.0,4.0,5.0,False
trial_007_ep1_task099,7,99,0.9,high,27,6,22,3.1846977297221386,2,4.0,4.0,5.0,False
trial_007_ep1_task099,7,99,0.9,high,27,6,23,3.5893884174400474,2,4.0,4.0,5.0,False
trial_007_ep1_task099,7,99,0.9,high,27,6,24,3.277687194305971,2,4.0,4.0,5.0,False
trial_007_ep1_task099,7,99,0.9,high,27,6,25,5.428044482399826,1,3.0,4.0,5.0,False
trial_007_ep1_task099,7,99,0.9,high,27,6,26,3.5377465045242324,2,4.0,4.0,5.0,False
trial_007_ep1_task099,7,99,0.9,high,27,6,27,3.9424371922421417,2,4.0,4.0,5.0,False
trial_007_ep1_task100,7,100,0.9999,high,15,6,4,0.8235294117647058,1,3.0,4.0,4.0,False
trial_007_ep1_task100,7,100,0.9999,high,15,6,5,0.47259553662576725,1,2.0,2.0,2.0,False
trial_007_ep1_task100,7,100,0.9999,high,15,6,12,0.0,1,,,,False
trial_007_ep1_task100,7,100,0.9999,high,15,6,14,1.1666666666666667,1,5.0,5.0,5.0,False
trial_007_ep1_task100,7,100,0.9999,high,15,6,15,1.9901960784313724,1,2.0,2.0,3.0,False
trial_007_ep1_task100,7,100,0.9999,high,15,6,16,1.6392622032924338,1,4.0,5.0,5.0,False
trial_007_ep1_task100,7,100,0.9999,high,15,6,17,1.1666666666666667,1,5.0,5.0,5.0,False
trial_007_ep1_task100,7,100,0.9999,high,15,6,21,0.0,1,,,,False
trial_007_ep1_task100,7,100,0.9999,high,15,6,22,0.8235294117647058,1,3.0,4.0,4.0,False
trial_007_ep1_task100,7,100,0.9999,high,15,6,23,0.47259553662576725,1,2.0,2.0,2.0,False
trial_007_ep1_task100,7,100,0.9999,high,15,6,24,0.0,1,,,,False
trial_007_ep1_task100,7,100,0.9999,high,15,6,25,1.2961249483904729,1,3.0,3.0,4.0,False
trial_007_ep1_task100,7,100,0.9999,high,15,6,26,0.8235294117647058,1,3.0,4.0,4.0,False
trial_007_ep1_task100,7,100,0.9999,high,15,6,27,0.47259553662576725,1,2.0,2.0,2.0,False
trial_007_ep1_task101,7,101,0.9,medium,28,6,0,1.4500511671931364,1,2.0,3.0,3.0,False
trial_007_ep1_task101,7,101,0.9,medium,28,6,1,1.2622356953529694,1,2.0,2.0,3.0,False
trial_007_ep1_task101,7,101,0.9,medium,28,6,2,0.6868818154517538,1,2.0,2.0,2.0,False
trial_007_ep1_task101,7,101,0.9,medium,28,6,3,0.7756296577747075,1,2.0,2.0,2.0,False
trial_007_ep1_task101,7,101,0.9,medium,28,6,4,0.41323529373708645,1,2.0,2.0,2.0,False
trial_007_ep1_task101,7,101,0.9,medium,28,6,5,0.10868259361581067,2,3.0,4.0,4.0,False
trial_007_ep1_task101,7,101,0.9,medium,28,6,7,0.7563115351407448,1,2.0,3.0,4.0,False
trial_007_ep1_task101,7,101,0.9,medium,28,6,8,0.5059241602122244,2,3.0,4.0,4.0,False
trial_007_ep1_task101,7,101,0.9,medium,28,6,9,0.5059241602122244,2,3.0,4.0,4.0,False
trial_007_ep1_task101,7,101,0.9,medium,28,6,10,0.5059241602122244,2,3.0,4.0,4.0,False
trial_007_ep1_task101,7,101,0.9,medium,28,6,11,0.42753899754312474,1,3.0,4.0,4.0,False
trial_007_ep1_task101,7,101,0.9,medium,28,6,12,0.5059241602122246,1,3.0,4.0,4.0,False
trial_007_ep1_task101,7,101,0.9,medium,28,6,13,0.693739632052391,2,3.0,4.0,4.0,False
trial_007_ep1_task101,7,101,0.9,medium,28,6,14,0.693739632052391,2,3.0,4.0,4.0,False
trial_007_ep1_task101,7,101,0.9,medium,28,6,15,0.693739632052391,2,3.0,4.0,4.0,False
trial_007_ep1_task101,7,101,0.9,medium,28,6,16,0.6153544693832913,1,3.0,4.0,4.0,False
trial_007_ep1_task101,7,101,0.9,medium,28,6,17,0.6937396320523912,1,3.0,4.0,4.0,False
trial_007_ep1_task101,7,101,0.9,medium,28,6,18,0.9452688925710617,2,3.0,3.0,4.0,False
trial_007_ep1_task101,7,101,0.9,medium,28,6,19,0.9452688925710617,2,3.0,3.0,4.0,False
trial_007_ep1_task101,7,101,0.9,medium,28,6,20,1.190708349284507,1,3.0,3.0,4.0,False
trial_007_ep1_task101,7,101,0.9,medium,28,6,21,1.2690935119536069,1,3.0,3.0,4.0,False
trial_007_ep1_task101,7,101,0.9,medium,28,6,22,0.9452688925710617,2,3.0,3.0,4.0,False
trial_007_ep1_task101,7,101,0.9,medium,28,6,23,1.1019605069615532,1,3.0,3.0,4.0,False
trial_007_ep1_task101,7,101,0.9,medium,28,6,24,1.1803456696306531,1,3.0,3.0,4.0,False
trial_007_ep1_task101,7,101,0.9,medium,28,6,25,1.4643548709991743,1,3.0,3.0,4.0,False
trial_007_ep1_task101,7,101,0.9,medium,28,6,26,1.5427400336682742,1,3.0,3.0,4.0,False
trial_007_ep1_task101,7,101,0.9,medium,28,6,27,1.8775901647362607,1,2.0,3.0,3.0,False
trial_007_ep1_task102,7,102,0.9,medium,28,5,0,1.201113889274649,1,3.0,4.0,4.0,False
trial_007_ep1_task102,7,102,0.9,medium,28,5,1,1.9021149768921335,1,3.0,4.0,4.0,False
trial_007_ep1_task102,7,102,0.9,medium,28,5,2,0.5271149231685097,1,4.0,4.0,4.0,False
trial_007_ep1_task102,7,102,0.9,medium,28,5,3,0.8176387643621679,1,4.0,4.0,4.0,False
trial_007_ep1_task102,7,102,0.9,medium,28,5,4,0.5448399142263032,1,4.0,4.0,4.0,False
trial_007_ep1_task102,7,102,0.9,medium,28,5,6,0.17335130072104343,4,5.0,5.0,5.0,False
trial_007_ep1_task102,7,102,0.9,medium,28,5,7,1.3398853462338387,1,3.0,4.0,4.0,False
trial_007_ep1_task102,7,102,0.9,medium,28,5,8,0.6151911147395115,2,4.0,4.0,4.0,False
trial_007_ep1_task102,7,102,0.9,medium,28,5,9,0.5043075924533014,3,4.0,4.0,4.0,False
trial_007_ep1_task102,7,102,0.9,medium,28,5,10,0.597466123681718,2,4.0,4.0,4.0,False
trial_007_ep1_task102,7,102,0.9,medium,28,5,11,0.5622296306582948,2,3.0,3.0,3.0,False
trial_007_ep1_task102,7,102,0.9,medium,28,5,12,0.6420837755756859,2,3.0,5.0,5.0,False
trial_007_ep1_task102,7,102,0.9,medium,28,5,13,0.6658863801276995,1,4.0,4.0,4.0,False
trial_007_ep1_task102,7,102,0.9,medium,28,5,14,0.9564102213213586,1,4.0,4.0,4.0,False
trial_007_ep1_task102,7,102,0.9,medium,28,5,15,0.683611371185493,1,4.0,4.0,4.0,False
trial_007_ep1_task102,7,102,0.9,medium,28,5,16,0.390300717477869,2,3.0,3.0,3.0,False
trial_007_ep1_task102,7,102,0.9,medium,28,5,17,0.3104465725604779,2,5.0,5.0,5.0,False
trial_007_ep1_task102,7,102,0.9,medium,28,5,18,0.9986662396519916,2,4.0,4.0,4.0,False
trial_007_ep1_task102,7,102,0.9,medium,28,5,19,1.2714650897878572,2,3.0,4.0,4.0,False
trial_007_ep1_task102,7,102,0.9,medium,28,5,20,1.236228596764434,2,3.0,3.0,3.0,False
trial_007_ep1_task102,7,102,0.9,medium,28,5,21,1.316082741681825,2,3.0,3.0,5.0,False
trial_007_ep1_task102,7,102,0.9,medium,28,5,22,0.9809412485941982,2,4.0,4.0,4.0,False
trial_007_ep1_task102,7,102,0.9,medium,28,5,23,0.9457047555707758,2,3.0,3.0,3.0,False
trial_007_ep1_task102,7,102,0.9,medium,28,5,24,1.025558900488167,2,3.0,3.0,5.0,False
trial_007_ep1_task102,7,102,0.9,medium,28,5,25,1.2185036057066405,2,3.0,3.0,3.0,False
trial_007_ep1_task102,7,102,0.9,medium,28,5,26,1.2983577506240316,2,3.0,3.0,5.0,False
trial_007_ep1_task102,7,102,0.9,medium,28,5,27,1.7252571555250598,1,3.0,4.0,5.0,False
trial_007_ep1_task108,7,108,0.9999,low,8,25,6,1.6777205368971002,1,4.0,4.0,4.0,False
trial_007_ep1_task108,7,108,0.9999,low,8,25,15,1.2136950340770845,1,2.0,4.0,4.0,False
trial_007_ep1_task108,7,108,0.9999,low,8,25,17,0.975141370549008,1,2.0,4.0,4.0,False
trial_007_ep1_task108,7,108,0.9999,low,8,25,22,0.8315890439561462,1,2.0,2.0,2.0,False
trial_007_ep1_task108,7,108,0.9999,low,8,25,24,0.5930353804280697,1,2.0,2.0,4.0,False
trial_007_ep1_task108,7,108,0.9999,low,8,25,26,0.5965615524289944,2,4.0,4.0,4.0,False
trial_007_ep1_task108,7,108,0.9999,low,8,25,27,0.2385536635280765,1,2.0,2.0,2.0,False
trial_007_ep1_task109,7,109,0.9,high,28,5,0,0.7866394003750172,1,3.0,3.0,3.0,False
trial_007_ep1_task109,7,109,0.9,high,28,5,1,1.465410326279267,2,3.0,3.0,3.0,False
trial_007_ep1_task109,7,109,0.9,high,28,5,2,0.34398321522842057,1,3.0,3.0,3.0,False
trial_007_ep1_task109,7,109,0.9,high,28,5,3,0.5802813420916317,1,3.0,3.0,3.0,False
trial_007_ep1_task109,7,109,0.9,high,28,5,4,0.1676620828011366,1,3.0,3.0,3.0,False
trial_007_ep1_task109,7,109,0.9,high,28,5,6,0.4877616213477469,1,3.0,3.0,3.0,False
trial_007_ep1_task109,7,109,0.9,high,28,5,7,1.0714089623162586,2,3.0,3.0,3.0,False
trial_007_ep1_task109,7,109,0.9,high,28,5,8,0.050018148734587875,1,3.0,3.0,3.0,False
trial_007_ep1_task109,7,109,0.9,high,28,5,9,0.18627997812862285,2,3.0,3.0,3.0,False
trial_007_ep1_task109,7,109,0.9,high,28,5,10,0.22633928116187185,1,3.0,3.0,3.0,False
trial_007_ep1_task109,7,109,0.9,high,28,5,11,0.3940013639630089,1,3.0,3.0,3.0,False
trial_007_ep1_task109,7,109,0.9,high,28,5,12,0.09376025738473803,1,3.0,3.0,3.0,False
trial_007_ep1_task109,7,109,0.9,high,28,5,13,0.6287527771696624,2,3.0,3.0,3.0,False
trial_007_ep1_task109,7,109,0.9,high,28,5,14,0.8650509040328727,2,3.0,3.0,3.0,False
trial_007_ep1_task109,7,109,0.9,high,28,5,15,0.4524316447423784,2,3.0,3.0,3.0,False
trial_007_ep1_task109,7,109,0.9,high,28,5,16,0.28476956194124137,2,3.0,3.0,3.0,False
trial_007_ep1_task109,7,109,0.9,high,28,5,17,0.7725311832889883,2,3.0,3.0,3.0,False
trial_007_ep1_task109,7,109,0.9,high,28,5,18,0.25637620701797337,1,3.0,3.0,3.0,False
trial_007_ep1_task109,7,109,0.9,high,28,5,19,0.6689954663084681,1,3.0,3.0,3.0,False
trial_007_ep1_task109,7,109,0.9,high,28,5,20,0.8366575491096049,1,3.0,3.0,3.0,False
trial_007_ep1_task109,7,109,0.9,high,28,5,21,0.3488959277618582,1,3.0,3.0,3.0,False
trial_007_ep1_task109,7,109,0.9,high,28,5,22,0.43269733944525735,1,3.0,3.0,3.0,False
trial_007_ep1_task109,7,109,0.9,high,28,5,23,0.6003594222463944,1,3.0,3.0,3.0,False
trial_007_ep1_task109,7,109,0.9,high,28,5,24,0.11259780089864702,1,3.0,3.0,3.0,False
trial_007_ep1_task109,7,109,0.9,high,28,5,25,1.0129786815368889,1,3.0,3.0,3.0,False
trial_007_ep1_task109,7,109,0.9,high,28,5,26,0.5252170601891422,1,3.0,3.0,3.0,False
trial_007_ep1_task109,7,109,0.9,high,28,5,27,0.6928791429902788,1,3.0,3.0,3.0,False
trial_007_ep1_task110,7,110,0.9999,medium,12,16,4,0.0,1,,,,False
trial_007_ep1_task110,7,110,0.9999,medium,12,16,6,0.0,1,,,,False
trial_007_ep1_task110,7,110,0.9999,medium,12,16,14,0.0,1,,,,False
trial_007_ep1_task110,7,110,0.9999,medium,12,16,15,0.0,1,,,,False
trial_007_ep1_task110,7,110,0.9999,medium,12,16,17,0.0,1,,,,False
trial_007_ep1_task110,7,110,0.9999,medium,12,16,22,0.0,1,,,,False
trial_007_ep1_task110,7,110,0.9999,medium,12,16,23,0.0,1,,,,False
trial_007_ep1_task110,7,110,0.9999,medium,12,16,24,0.0,1,,,,False
trial_007_ep1_task110,7,110,0.9999,medium,12,16,25,0.0,1,,,,False
trial_007_ep1_task110,7,110,0.9999,medium,12,16,26,0.0,1,,,,False
trial_007_ep1_task110,7,110,0.9999,medium,12,16,27,0.0,1,,,,False
trial_007_ep1_task116,7,116,0.9,high,28,5,0,1.7962540024878564,5,8.0,10.0,10.0,False
trial_007_ep1_task116,7,116,0.9,high,28,5,1,2.1274493333763864,4,6.0,6.0,6.0,False
trial_007_ep1_task116,7,116,0.9,high,28,5,2,1.039217333290253,5,6.0,6.0,6.0,False
trial_007_ep1_task116,7,116,0.9,high,28,5,3,1.9632299210832933,1,2.0,5.0,6.0,False
trial_007_ep1_task116,7,116,0.9,high,28,5,4,1.039217333290253,5,6.0,6.0,6.0,False
trial_007_ep1_task116,7,116,0.9,high,28,5,6,0.8607826667097456,5,12.0,12.0,12.0,False
trial_007_ep1_task116,7,116,0.9,high,28,5,7,4.556539408475969,1,7.0,7.0,10.0,False
trial_007_ep1_task116,7,116,0.9,high,28,5,8,3.971756732192186,1,2.0,2.0,10.0,False
trial_007_ep1_task116,7,116,0.9,high,28,5,9,1.634952667800322,5,9.0,10.0,10.0,False
trial_007_ep1_task116,7,116,0.9,high,28,5,10,3.536992181624931,1,2.0,2.0,2.0,False
trial_007_ep1_task116,7,116,0.9,high,28,5,11,3.3531026628925966,1,2.0,2.0,10.0,False
trial_007_ep1_task116,7,116,0.9,high,28,5,12,3.2898727418093037,1,2.0,12.0,12.0,False
trial_007_ep1_task116,7,116,0.9,high,28,5,13,3.7853207359662564,1,2.0,2.0,6.0,False
trial_007_ep1_task116,7,116,0.9,high,28,5,14,1.3247194844629426,4,6.0,6.0,6.0,False
trial_007_ep1_task116,7,116,0.9,high,28,5,15,3.3505561853989994,1,2.0,2.0,6.0,False
trial_007_ep1_task116,7,116,0.9,high,28,5,16,3.166666666666665,1,2.0,2.0,6.0,False
trial_007_ep1_task116,7,116,0.9,high,28,5,17,3.1034367455833722,1,8.0,12.0,12.0,False
trial_007_ep1_task116,7,116,0.9,high,28,5,18,1.2005186679777893,5,6.0,6.0,6.0,False
trial_007_ep1_task116,7,116,0.9,high,28,5,19,2.765773509115216,1,6.0,6.0,6.0,False
trial_007_ep1_task116,7,116,0.9,high,28,5,20,2.5818839903828836,1,2.0,6.0,6.0,False
trial_007_ep1_task116,7,116,0.9,high,28,5,21,2.518654069299589,1,2.0,3.0,12.0,False
trial_007_ep1_task116,7,116,0.9,high,28,5,22,1.2005186679777893,5,6.0,6.0,6.0,False
trial_007_ep1_task116,7,116,0.9,high,28,5,23,1.2279680013542293,2,5.0,5.0,6.0,False
trial_007_ep1_task116,7,116,0.9,high,28,5,24,0.7984507358607589,2,12.0,12.0,12.0,False
trial_007_ep1_task116,7,116,0.9,high,28,5,25,2.1471194398156275,1,5.0,6.0,6.0,False
trial_007_ep1_task116,7,116,0.9,high,28,5,26,2.0838895187323327,1,3.0,12.0,12.0,False
trial_007_ep1_task116,7,116,0.9,high,28,5,27,1.8999999999999995,1,12.0,12.0,12.0,False
trial_007_ep1_task120,7,120,0.9999,high,8,15,6,1.6240448318880456,2,3.0,3.0,3.0,False
trial_007_ep1_task120,7,120,0.9999,high,8,15,17,1.6240448318880456,2,3.0,3.0,3.0,False
trial_007_ep1_task120,7,120,0.9999,high,8,15,22,0.6068865777469696,1,2.0,2.0,2.0,False
trial_007_ep1_task120,7,120,0.9999,high,8,15,24,1.6240448318880456,2,3.0,3.0,3.0,False
trial_007_ep1_task120,7,120,0.9999,high,8,15,25,0.3252329163010472,1,2.0,2.0,2.0,False
trial_007_ep1_task120,7,120,0.9999,high,8,15,26,1.6240448318880456,2,3.0,3.0,3.0,False
trial_007_ep1_task120,7,120,0.9999,high,8,15,27,1.6240448318880456,2,3.0,3.0,3.0,False
trial_007_ep1_task122,7,122,0.99,high,27,5,0,2.090909090909091,1,4.0,4.0,6.0,False
trial_007_ep1_task122,7,122,0.99,high,27,5,1,0.41700770123717756,1,4.0,4.0,4.0,False
trial_007_ep1_task122,7,122,0.99,high,27,5,2,0.0,1,,,,False
trial_007_ep1_task122,7,122,0.99,high,27,5,3,0.19869799681524292,1,2.0,3.0,4.0,False
trial_007_ep1_task122,7,122,0.99,high,27,5,4,0.0,1,,,,False
trial_007_ep1_task122,7,122,0.99,high,27,5,6,0.8343228560283023,1,6.0,6.0,6.0,False
trial_007_ep1_task122,7,122,0.99,high,27,5,7,1.6097839774801246,1,4.0,4.0,6.0,False
trial_007_ep1_task122,7,122,0.99,high,27,5,9,1.39147427305819,1,4.0,5.0,6.0,False
trial_007_ep1_task122,7,122,0.99,high,27,5,10,1.3694174752003878,3,4.0,6.0,6.0,False
trial_007_ep1_task122,7,122,0.99,high,27,5,11,1.3694174752003878,3,4.0,6.0,6.0,False
trial_007_ep1_task122,7,122,0.99,high,27,5,12,2.0270991322712493,1,4.0,6.0,6.0,False
trial_007_ep1_task122,7,122,0.99,high,27,5,13,0.48112511342896647,1,4.0,4.0,4.0,False
trial_007_ep1_task122,7,122,0.99,high,27,5,14,0.4590683155711641,3,4.0,4.0,4.0,False
trial_007_ep1_task122,7,122,0.99,high,27,5,15,0.48112511342896647,1,4.0,4.0,4.0,False
trial_007_ep1_task122,7,122,0.99,high,27,5,16,0.48112511342896647,1,4.0,4.0,4.0,False
trial_007_ep1_task122,7,122,0.99,high,27,5,17,0.5232082067814758,4,6.0,6.0,6.0,False
trial_007_ep1_task122,7,122,0.99,high,27,5,18,0.6994348178509007,1,4.0,4.0,4.0,False
trial_007_ep1_task122,7,122,0.99,high,27,5,19,0.8981328146661438,1,4.0,4.0,4.0,False
trial_007_ep1_task122,7,122,0.99,high,27,5,20,0.8981328146661438,1,4.0,4.0,4.0,False
trial_007_ep1_task122,7,122,0.99,high,27,5,21,0.5232082067814758,4,6.0,6.0,6.0,False
trial_007_ep1_task122,7,122,0.99,high,27,5,22,0.6994348178509007,1,4.0,4.0,4.0,False
trial_007_ep1_task122,7,122,0.99,high,27,5,23,0.6994348178509007,1,4.0,4.0,4.0,False
trial_007_ep1_task122,7,122,0.99,high,27,5,24,0.5232082067814758,4,6.0,6.0,6.0,False
trial_007_ep1_task122,7,122,0.99,high,27,5,25,0.8981328146661438,1,4.0,4.0,4.0,False
trial_007_ep1_task122,7,122,0.99,high,27,5,26,0.5232082067814758,4,6.0,6.0,6.0,False
trial_007_ep1_task122,7,122,0.99,high,27,5,27,0.5232082067814758,4,6.0,6.0,6.0,False
trial_007_ep1_task125,7,125,0.999,medium,18,5,1,0.1488418590855387,1,3.0,3.0,3.0,False
trial_007_ep1_task125,7,125,0.999,medium,18,5,3,0.14330025182778083,1,3.0,3.0,3.0,False
trial_007_ep1_task125,7,125,0.999,medium,18,5,4,0.6893541166475707,1,3.0,3.0,3.0,False
trial_007_ep1_task125,7,125,0.999,medium,18,5,6,0.9538715611434148,2,3.0,3.0,3.0,False
trial_007_ep1_task125,7,125,0.999,medium,18,5,12,0.647677540267968,2,3.0,3.0,3.0,False
trial_007_ep1_task125,7,125,0.999,medium,18,5,14,0.8195617169655816,1,3.0,3.0,3.0,False
trial_007_ep1_task125,7,125,0.999,medium,18,5,15,1.3656155817853717,1,3.0,3.0,3.0,False
trial_007_ep1_task125,7,125,0.999,medium,18,5,16,0.6762614651378012,1,3.0,3.0,3.0,False
trial_007_ep1_task125,7,125,0.999,medium,18,5,17,0.27761009600561426,2,3.0,3.0,3.0,False
trial_007_ep1_task125,7,125,0.999,medium,18,5,19,0.14140403531633705,1,3.0,3.0,3.0,False
trial_007_ep1_task125,7,125,0.999,medium,18,5,21,1.5018216424746482,2,3.0,3.0,3.0,False
trial_007_ep1_task125,7,125,0.999,medium,18,5,22,1.6577576926986912,1,3.0,3.0,3.0,False
trial_007_ep1_task125,7,125,0.999,medium,18,5,23,0.9684035760511207,1,3.0,3.0,3.0,False
trial_007_ep1_task125,7,125,0.999,medium,18,5,24,0.05775769269869091,1,2.0,3.0,3.0,False
trial_007_ep1_task125,7,125,0.999,medium,18,5,25,1.5144574408709108,1,3.0,3.0,3.0,False
trial_007_ep1_task125,7,125,0.999,medium,18,5,26,0.6038115575184813,1,3.0,3.0,3.0,False
trial_007_ep1_task125,7,125,0.999,medium,18,5,27,0.12876823692007466,2,3.0,3.0,3.0,False
trial_007_ep1_task127,7,127,0.999,medium,27,4,0,0.0,1,,,,False
trial_007_ep1_task127,7,127,0.999,medium,27,4,1,0.0,1,,,,False
trial_007_ep1_task127,7,127,0.999,medium,27,4,2,0.0,1,,,,False
trial_007_ep1_task127,7,127,0.999,medium,27,4,3,0.0,1,,,,False
trial_007_ep1_task127,7,127,0.999,medium,27,4,5,0.0,1,,,,False
trial_007_ep1_task127,7,127,0.999,medium,27,4,6,0.0,1,,,,False
trial_007_ep1_task127,7,127,0.999,medium,27,4,7,0.0,1,,,,False
trial_007_ep1_task127,7,127,0.999,medium,27,4,9,0.0,1,,,,False
trial_007_ep1_task127,7,127,0.999,medium,27,4,10,0.0,1,,,,False
trial_007_ep1_task127,7,127,0.999,medium,27,4,11,0.0,1,,,,False
trial_007_ep1_task127,7,127,0.999,medium,27,4,12,0.0,1,,,,False
trial_007_ep1_task127,7,127,0.999,medium,27,4,13,0.0,1,,,,False
trial_007_ep1_task127,7,127,0.999,medium,27,4,14,0.0,1,,,,False
trial_007_ep1_task127,7,127,0.999,medium,27,4,15,0.0,1,,,,False
trial_007_ep1_task127,7,127,0.999,medium,27,4,16,0.0,1,,,,False
trial_007_ep1_task127,7,127,0.999,medium,27,4,17,0.0,1,,,,False
trial_007_ep1_task127,7,127,0.999,medium,27,4,18,0.0,1,,,,False
trial_007_ep1_task127,7,127,0.999,medium,27,4,19,0.0,1,,,,False
trial_007_ep1_task127,7,127,0.999,medium,27,4,20,0.0,1,,,,False
trial_007_ep1_task127,7,127,0.999,medium,27,4,21,0.0,1,,,,False
trial_007_ep1_task127,7,127,0.999,medium,27,4,22,0.0,1,,,,False
trial_007_ep1_task127,7,127,0.999,medium,27,4,23,0.0,1,,,,False
trial_007_ep1_task127,7,127,0.999,medium,27,4,24,0.0,1,,,,False
trial_007_ep1_task127,7,127,0.999,medium,27,4,25,0.0,1,,,,False
trial_007_ep1_task127,7,127,0.999,medium,27,4,26,0.0,1,,,,False
trial_007_ep1_task127,7,127,0.999,medium,27,4,27,0.0,1,,,,False
trial_007_ep1_task128,7,128,0.999,low,18,5,1,0.2168690636295687,1,2.0,2.0,2.0,False
trial_007_ep1_task128,7,128,0.999,low,18,5,3,0.0,1,,,,False
trial_007_ep1_task128,7,128,0.999,low,18,5,4,0.0,1,,,,False
trial_007_ep1_task128,7,128,0.999,low,18,5,6,0.0,1,,,,False
trial_007_ep1_task128,7,128,0.999,low,18,5,12,0.6868584275107721,1,3.0,3.0,3.0,False
trial_007_ep1_task128,7,128,0.999,low,18,5,14,0.788516916086174,1,3.0,3.0,3.0,False
trial_007_ep1_task128,7,128,0.999,low,18,5,15,0.788516916086174,1,3.0,3.0,3.0,False
trial_007_ep1_task128,7,128,0.999,low,18,5,16,0.788516916086174,1,3.0,3.0,3.0,False
trial_007_ep1_task128,7,128,0.999,low,18,5,17,0.788516916086174,1,3.0,3.0,3.0,False
trial_007_ep1_task128,7,128,0.999,low,18,5,19,1.0053859797157427,1,3.0,3.0,3.0,False
trial_007_ep1_task128,7,128,0.999,low,18,5,21,1.0053859797157427,1,3.0,3.0,3.0,False
trial_007_ep1_task128,7,128,0.999,low,18,5,22,1.0053859797157427,1,3.0,3.0,3.0,False
trial_007_ep1_task128,7,128,0.999,low,18,5,23,1.0053859797157427,1,3.0,3.0,3.0,False
trial_007_ep1_task128,7,128,0.999,low,18,5,24,1.0053859797157427,1,3.0,3.0,3.0,False
trial_007_ep1_task128,7,128,0.999,low,18,5,25,1.0053859797157427,1,3.0,3.0,3.0,False
trial_007_ep1_task128,7,128,0.999,low,18,5,26,1.0053859797157427,1,3.0,3.0,3.0,False
trial_007_ep1_task128,7,128,0.999,low,18,5,27,1.0053859797157427,1,3.0,3.0,3.0,False
trial_007_ep1_task129,7,129,0.9999,low,8,25,6,0.0,1,,,,False
trial_007_ep1_task129,7,129,0.9999,low,8,25,15,0.0,1,,,,False
trial_007_ep1_task129,7,129,0.9999,low,8,25,17,0.0,1,,,,False
trial_007_ep1_task129,7,129,0.9999,low,8,25,22,0.0,1,,,,False
trial_007_ep1_task129,7,129,0.9999,low,8,25,24,0.0,1,,,,False
trial_007_ep1_task129,7,129,0.9999,low,8,25,26,0.0,1,,,,False
trial_007_ep1_task129,7,129,0.9999,low,8,25,27,0.0,1,,,,False
trial_007_ep1_task132,7,132,0.99,low,25,6,1,0.8885737716042628,2,3.0,3.0,3.0,False
trial_007_ep1_task132,7,132,0.99,low,25,6,3,0.26215574382330287,2,3.0,3.0,3.0,False
trial_007_ep1_task132,7,132,0.99,low,25,6,4,0.4952664261345432,2,3.0,3.0,3.0,False
trial_007_ep1_task132,7,132,0.99,low,25,6,5,2.6334074824805875,1,2.0,2.0,3.0,False
trial_007_ep1_task132,7,132,0.99,low,25,6,7,1.5938579535243775,3,5.0,5.0,5.0,False
trial_007_ep1_task132,7,132,0.99,low,25,6,9,1.5938579535243775,3,5.0,5.0,5.0,False
trial_007_ep1_task132,7,132,0.99,low,25,6,10,1.5938579535243775,3,5.0,5.0,5.0,False
trial_007_ep1_task132,7,132,0.99,low,25,6,11,2.6334074824805875,1,4.0,5.0,5.0,False
trial_007_ep1_task132,7,132,0.99,low,25,6,12,1.5938579535243775,3,5.0,5.0,5.0,False
trial_007_ep1_task132,7,132,0.99,low,25,6,13,3.4235996768951344,1,2.0,2.0,3.0,False
trial_007_ep1_task132,7,132,0.99,low,25,6,14,0.6407076471213027,2,3.0,3.0,3.0,False
trial_007_ep1_task132,7,132,0.99,low,25,6,15,0.40759696481006236,2,3.0,3.0,3.0,False
trial_007_ep1_task132,7,132,0.99,low,25,6,16,2.6334074824805875,1,3.0,3.0,3.0,False
trial_007_ep1_task132,7,132,0.99,low,25,6,17,0.9028633909446055,2,3.0,3.0,3.0,False
trial_007_ep1_task132,7,132,0.99,low,25,6,18,3.4235996768951344,1,2.0,3.0,3.0,False
trial_007_ep1_task132,7,132,0.99,low,25,6,19,3.4235996768951344,1,2.0,3.0,3.0,False
trial_007_ep1_task132,7,132,0.99,low,25,6,20,6.057007159375722,1,2.0,3.0,3.0,False
trial_007_ep1_task132,7,132,0.99,low,25,6,21,3.4235996768951344,1,2.0,3.0,3.0,False
trial_007_ep1_task132,7,132,0.99,low,25,6,22,1.0340149925910223,2,3.0,3.0,3.0,False
trial_007_ep1_task132,7,132,0.99,low,25,6,23,2.6334074824805875,1,3.0,3.0,3.0,False
trial_007_ep1_task132,7,132,0.99,low,25,6,24,1.5292814187255654,2,3.0,3.0,3.0,False
trial_007_ep1_task132,7,132,0.99,low,25,6,25,2.6334074824805875,1,3.0,3.0,3.0,False
trial_007_ep1_task132,7,132,0.99,low,25,6,26,1.2961707364143251,2,3.0,3.0,3.0,False
trial_007_ep1_task132,7,132,0.99,low,25,6,27,2.6334074824805875,1,3.0,3.0,3.0,False
trial_007_ep1_task133,7,133,0.99,low,27,5,0,0.0,1,,,,False
trial_007_ep1_task133,7,133,0.99,low,27,5,1,0.0,1,,,,False
trial_007_ep1_task133,7,133,0.99,low,27,5,2,0.0,1,,,,False
trial_007_ep1_task133,7,133,0.99,low,27,5,3,1.0,1,2.0,2.0,2.0,False
trial_007_ep1_task133,7,133,0.99,low,27,5,4,0.8823529411764706,1,2.0,2.0,2.0,False
trial_007_ep1_task133,7,133,0.99,low,27,5,6,0.0,1,,,,False
trial_007_ep1_task133,7,133,0.99,low,27,5,7,0.0,1,,,,False
trial_007_ep1_task133,7,133,0.99,low,27,5,9,1.0,1,2.0,2.0,2.0,False
trial_007_ep1_task133,7,133,0.99,low,27,5,10,0.8823529411764706,1,2.0,2.0,2.0,False
trial_007_ep1_task133,7,133,0.99,low,27,5,11,0.0,1,,,,False
trial_007_ep1_task133,7,133,0.99,low,27,5,12,0.0,1,,,,False
trial_007_ep1_task133,7,133,0.99,low,27,5,13,0.0,1,,,,False
trial_007_ep1_task133,7,133,0.99,low,27,5,14,1.0,1,2.0,2.0,2.0,False
trial_007_ep1_task133,7,133,0.99,low,27,5,15,0.8823529411764706,1,2.0,2.0,2.0,False
trial_007_ep1_task133,7,133,0.99,low,27,5,16,0.0,1,,,,False
trial_007_ep1_task133,7,133,0.99,low,27,5,17,0.0,1,,,,False
trial_007_ep1_task133,7,133,0.99,low,27,5,18,1.0,1,2.0,2.0,2.0,False
trial_007_ep1_task133,7,133,0.99,low,27,5,19,0.8823529411764706,1,2.0,2.0,2.0,False
trial_007_ep1_task133,7,133,0.99,low,27,5,20,0.0,1,,,,False
trial_007_ep1_task133,7,133,0.99,low,27,5,21,0.0,1,,,,False
trial_007_ep1_task133,7,133,0.99,low,27,5,22,1.8823529411764706,1,2.0,2.0,2.0,False
trial_007_ep1_task133,7,133,0.99,low,27,5,23,1.0,1,2.0,2.0,2.0,False
trial_007_ep1_task133,7,133,0.99,low,27,5,24,1.0,1,2.0,2.0,2.0,False
trial_007_ep1_task133,7,133,0.99,low,27,5,25,0.8823529411764706,1,2.0,2.0,2.0,False
trial_007_ep1_task133,7,133,0.99,low,27,5,26,0.8823529411764706,1,2.0,2.0,2.0,False
trial_007_ep1_task133,7,133,0.99,low,27,5,27,0.0,1,,,,False
trial_007_ep1_task135,7,135,0.999,medium,18,6,1,1.1640827491686503,1,2.0,2.0,2.0,False
trial_007_ep1_task135,7,135,0.999,medium,18,6,3,0.7357884537610779,1,2.0,2.0,2.0,False
trial_007_ep1_task135,7,135,0.999,medium,18,6,4,0.2516794894015568,1,2.0,2.0,2.0,False
trial_007_ep1_task135,7,135,0.999,medium,18,6,5,0.05359145921331443,1,2.0,2.0,2.0,False
trial_007_ep1_task135,7,135,0.999,medium,18,6,12,0.4894874819916559,1,2.0,3.0,3.0,False
trial_007_ep1_task135,7,135,0.999,medium,18,6,14,0.18038781429228257,2,3.0,3.0,3.0,False
trial_007_ep1_task135,7,135,0.999,medium,18,6,15,0.396985619492753,1,2.0,3.0,3.0,False
trial_007_ep1_task135,7,135,0.999,medium,18,6,16,0.5950736496809954,1,2.0,3.0,3.0,False
trial_007_ep1_task135,7,135,0.999,medium,18,6,17,0.6486651088943098,1,2.0,3.0,3.0,False
trial_007_ep1_task135,7,135,0.999,medium,18,6,19,0.945244798152935,1,2.0,2.0,3.0,False
trial_007_ep1_task135,7,135,0.999,medium,18,6,21,1.1969242875544914,1,2.0,2.0,3.0,False
trial_007_ep1_task135,7,135,0.999,medium,18,6,22,0.8252799149003254,1,2.0,2.0,3.0,False
trial_007_ep1_task135,7,135,0.999,medium,18,6,23,1.0233679450885673,1,2.0,2.0,3.0,False
trial_007_ep1_task135,7,135,0.999,medium,18,6,24,1.0769594043018813,1,2.0,2.0,3.0,False
trial_007_ep1_task135,7,135,0.999,medium,18,6,25,1.5074769094480893,1,2.0,2.0,3.0,False
trial_007_ep1_task135,7,135,0.999,medium,18,6,26,1.5610683686614033,1,2.0,2.0,3.0,False
trial_007_ep1_task135,7,135,0.999,medium,18,6,27,1.7591563988496457,1,2.0,2.0,3.0,False
trial_007_ep1_task136,7,136,0.999,high,27,5,0,0.0,1,,,,False
trial_007_ep1_task136,7,136,0.999,high,27,5,1,0.19838937206462026,1,2.0,2.0,2.0,False
trial_007_ep1_task136,7,136,0.999,high,27,5,2,0.0,1,,,,False
trial_007_ep1_task136,7,136,0.999,high,27,5,3,0.0,1,,,,False
trial_007_ep1_task136,7,136,0.999,high,27,5,4,0.0,1,,,,False
trial_007_ep1_task136,7,136,0.999,high,27,5,6,0.0,1,,,,False
trial_007_ep1_task136,7,136,0.999,high,27,5,7,0.19838937206462026,1,2.0,2.0,2.0,False
trial_007_ep1_task136,7,136,0.999,high,27,5,9,0.0,1,,,,False
trial_007_ep1_task136,7,136,0.999,high,27,5,10,0.0,1,,,,False
trial_007_ep1_task136,7,136,0.999,high,27,5,11,0.0,1,,,,False
trial_007_ep1_task136,7,136,0.999,high,27,5,12,0.0,1,,,,False
trial_007_ep1_task136,7,136,0.999,high,27,5,13,0.19838937206462026,1,2.0,2.0,2.0,False
trial_007_ep1_task136,7,136,0.999,high,27,5,14,0.19838937206462026,1,2.0,2.0,2.0,False
trial_007_ep1_task136,7,136,0.999,high,27,5,15,0.19838937206462026,1,2.0,2.0,2.0,False
trial_007_ep1_task136,7,136,0.999,high,27,5,16,0.19838937206462026,1,2.0,2.0,2.0,False
trial_007_ep1_task136,7,136,0.999,high,27,5,17,0.19838937206462026,1,2.0,2.0,2.0,False
trial_007_ep1_task136,7,136,0.999,high,27,5,18,0.0,1,,,,False
trial_007_ep1_task136,7,136,0.999,high,27,5,19,0.0,1,,,,False
trial_007_ep1_task136,7,136,0.999,high,27,5,20,0.0,1,,,,False
trial_007_ep1_task136,7,136,0.999,high,27,5,21,0.0,1,,,,False
trial_007_ep1_task136,7,136,0.999,high,27,5,22,0.0,1,,,,False
trial_007_ep1_task136,7,136,0.999,high,27,5,23,0.0,1,,,,False
trial_007_ep1_task136,7,136,0.999,high,27,5,24,0.0,1,,,,False
trial_007_ep1_task136,7,136,0.999,high,27,5,25,0.0,1,,,,False
trial_007_ep1_task136,7,136,0.999,high,27,5,26,0.0,1,,,,False
trial_007_ep1_task136,7,136,0.999,high,27,5,27,0.0,1,,,,False
trial_007_ep1_task137,7,137,0.999,low,18,6,1,1.111973099117582,1,2.0,3.0,3.0,False
trial_007_ep1_task137,7,137,0.999,low,18,6,3,0.620193801985435,1,2.0,2.0,2.0,False
trial_007_ep1_task137,7,137,0.999,low,18,6,4,0.13374614285696795,1,2.0,2.0,2.0,False
trial_007_ep1_task137,7,137,0.999,low,18,6,5,0.0,1,,,,False
trial_007_ep1_task137,7,137,0.999,low,18,6,12,0.49917976257162233,2,3.0,3.0,3.0,False
trial_007_ep1_task137,7,137,0.999,low,18,6,14,0.6408136608999031,2,3.0,3.0,3.0,False
trial_007_ep1_task137,7,137,0.999,low,18,6,15,0.6906739967612265,2,3.0,3.0,3.0,False
trial_007_ep1_task137,7,137,0.999,low,18,6,16,0.6906739967612265,2,3.0,3.0,3.0,False
trial_007_ep1_task137,7,137,0.999,low,18,6,17,0.6906739967612265,2,3.0,3.0,3.0,False
trial_007_ep1_task137,7,137,0.999,low,18,6,19,1.232313629754697,2,3.0,3.0,3.0,False
trial_007_ep1_task137,7,137,0.999,low,18,6,21,1.260663014902868,1,3.0,3.0,3.0,False
trial_007_ep1_task137,7,137,0.999,low,18,6,22,1.1824532938933736,2,3.0,3.0,3.0,False
trial_007_ep1_task137,7,137,0.999,low,18,6,23,1.1824532938933736,2,3.0,3.0,3.0,False
trial_007_ep1_task137,7,137,0.999,low,18,6,24,1.1824532938933736,2,3.0,3.0,3.0,False
trial_007_ep1_task137,7,137,0.999,low,18,6,25,1.6689009530218404,1,3.0,3.0,3.0,False
trial_007_ep1_task137,7,137,0.999,low,18,6,26,1.6689009530218404,1,3.0,3.0,3.0,False
trial_007_ep1_task137,7,137,0.999,low,18,6,27,1.8026470958788083,1,3.0,3.0,3.0,False
trial_007_ep1_task140,7,140,0.9999,medium,8,6,15,0.9384605693700285,2,3.0,3.0,3.0,False
trial_007_ep1_task140,7,140,0.9999,medium,8,6,17,0.5117725692591915,2,3.0,3.0,3.0,False
trial_007_ep1_task140,7,140,0.9999,medium,8,6,22,0.5747479094857555,2,3.0,3.0,3.0,False
trial_007_ep1_task140,7,140,0.9999,medium,8,6,24,0.3858524904006764,1,2.0,3.0,3.0,False
trial_007_ep1_task140,7,140,0.9999,medium,8,6,25,1.1604112402851925,1,3.0,3.0,3.0,False
trial_007_ep1_task140,7,140,0.9999,medium,8,6,26,1.2415420565630741,2,3.0,3.0,3.0,False
trial_007_ep1_task140,7,140,0.9999,medium,8,6,27,1.3808897997868472,1,2.0,3.0,3.0,False
trial_007_ep1_task142,7,142,0.99,medium,28,2,0,0.0,1,,,,False
trial_007_ep1_task142,7,142,0.99,medium,28,2,1,0.0,1,,,,False
trial_007_ep1_task142,7,142,0.99,medium,28,2,3,0.0,1,,,,False
trial_007_ep1_task142,7,142,0.99,medium,28,2,4,0.0,1,,,,False
trial_007_ep1_task142,7,142,0.99,medium,28,2,5,0.0,1,,,,False
trial_007_ep1_task142,7,142,0.99,medium,28,2,6,0.0,1,,,,False
trial_007_ep1_task142,7,142,0.99,medium,28,2,7,0.0,1,,,,False
trial_007_ep1_task142,7,142,0.99,medium,28,2,8,0.0,1,,,,False
trial_007_ep1_task142,7,142,0.99,medium,28,2,9,0.0,1,,,,False
trial_007_ep1_task142,7,142,0.99,medium,28,2,10,0.0,1,,,,False
trial_007_ep1_task142,7,142,0.99,medium,28,2,11,0.0,1,,,,False
trial_007_ep1_task142,7,142,0.99,medium,28,2,12,0.0,1,,,,False
trial_007_ep1_task142,7,142,0.99,medium,28,2,13,0.0,1,,,,False
trial_007_ep1_task142,7,142,0.99,medium,28,2,14,0.0,1,,,,False
trial_007_ep1_task142,7,142,0.99,medium,28,2,15,0.0,1,,,,False
trial_007_ep1_task142,7,142,0.99,medium,28,2,16,0.0,1,,,,False
trial_007_ep1_task142,7,142,0.99,medium,28,2,17,0.0,1,,,,False
trial_007_ep1_task142,7,142,0.99,medium,28,2,18,0.0,1,,,,False
trial_007_ep1_task142,7,142,0.99,medium,28,2,19,0.0,1,,,,False
trial_007_ep1_task142,7,142,0.99,medium,28,2,20,0.0,1,,,,False
trial_007_ep1_task142,7,142,0.99,medium,28,2,21,0.0,1,,,,False
trial_007_ep1_task142,7,142,0.99,medium,28,2,22,0.0,1,,,,False
trial_007_ep1_task142,7,142,0.99,medium,28,2,23,0.0,1,,,,False
trial_007_ep1_task142,7,142,0.99,medium,28,2,24,0.0,1,,,,False
trial_007_ep1_task142,7,142,0.99,medium,28,2,25,0.0,1,,,,False
trial_007_ep1_task142,7,142,0.99,medium,28,2,26,0.0,1,,,,False
trial_007_ep1_task142,7,142,0.99,medium,28,2,27,0.0,1,,,,False
trial_007_ep1_task143,7,143,0.999,low,21,5,1,0.13121750317640135,1,2.0,2.0,2.0,False
trial_007_ep1_task143,7,143,0.999,low,21,5,3,0.0,1,,,,False
trial_007_ep1_task143,7,143,0.999,low,21,5,4,0.0,1,,,,False
trial_007_ep1_task143,7,143,0.999,low,21,5,6,0.0,1,,,,False
trial_007_ep1_task143,7,143,0.999,low,21,5,10,0.4442460250138569,1,2.0,2.0,2.0,False
trial_007_ep1_task143,7,143,0.999,low,21,5,12,0.4442460250138569,1,2.0,2.0,2.0,False
trial_007_ep1_task143,7,143,0.999,low,21,5,14,0.46515315186579764,1,2.0,2.0,2.0,False
trial_007_ep1_task143,7,143,0.999,low,21,5,15,0.46515315186579764,1,2.0,2.0,2.0,False
trial_007_ep1_task143,7,143,0.999,low,21,5,16,0.46515315186579764,1,2.0,2.0,2.0,False
trial_007_ep1_task143,7,143,0.999,low,21,5,17,0.46515315186579764,1,2.0,2.0,2.0,False
trial_007_ep1_task143,7,143,0.999,low,21,5,18,0.596370655042199,1,2.0,2.0,2.0,False
trial_007_ep1_task143,7,143,0.999,low,21,5,19,0.596370655042199,1,2.0,2.0,2.0,False
trial_007_ep1_task143,7,143,0.999,low,21,5,20,0.596370655042199,1,2.0,2.0,2.0,False
trial_007_ep1_task143,7,143,0.999,low,21,5,21,0.596370655042199,1,2.0,2.0,2.0,False
trial_007_ep1_task143,7,143,0.999,low,21,5,22,0.596370655042199,1,2.0,2.0,2.0,False
trial_007_ep1_task143,7,143,0.999,low,21,5,23,0.596370655042199,1,2.0,2.0,2.0,False
trial_007_ep1_task143,7,143,0.999,low,21,5,24,0.596370655042199,1,2.0,2.0,2.0,False
trial_007_ep1_task143,7,143,0.999,low,21,5,25,0.596370655042199,1,2.0,2.0,2.0,False
trial_007_ep1_task143,7,143,0.999,low,21,5,26,0.596370655042199,1,2.0,2.0,2.0,False
trial_007_ep1_task143,7,143,0.999,low,21,5,27,0.596370655042199,1,2.0,2.0,2.0,False
trial_007_ep1_task145,7,145,0.9,high,28,6,0,1.7619670527824143,3,4.0,4.0,4.0,False
trial_007_ep1_task145,7,145,0.9,high,28,6,1,1.224266458108855,3,4.0,5.0,5.0,False
trial_007_ep1_task145,7,145,0.9,high,28,6,2,0.6824515583627706,3,4.0,4.0,4.0,False
trial_007_ep1_task145,7,145,0.9,high,28,6,3,2.2205460863017157,3,4.0,4.0,4.0,False
trial_007_ep1_task145,7,145,0.9,high,28,6,4,1.7196885478609305,3,5.0,5.0,5.0,False
trial_007_ep1_task145,7,145,0.9,high,28,6,5,1.081771220499502,3,4.0,4.0,4.0,False
trial_007_ep1_task145,7,145,0.9,high,28,6,7,1.0647105549569118,4,5.0,5.0,5.0,False
trial_007_ep1_task145,7,145,0.9,high,28,6,8,1.5307050500323611,4,5.0,5.0,5.0,False
trial_007_ep1_task145,7,145,0.9,high,28,6,9,1.5307050500323611,4,5.0,5.0,5.0,False
trial_007_ep1_task145,7,145,0.9,high,28,6,10,0.8918159010183055,4,5.0,5.0,5.0,False
trial_007_ep1_task145,7,145,0.9,high,28,6,11,1.5307050500323611,4,5.0,5.0,5.0,False
trial_007_ep1_task145,7,145,0.9,high,28,6,12,1.5307050500323611,4,5.0,5.0,5.0,False
trial_007_ep1_task145,7,145,0.9,high,28,6,13,1.1937223372350507,3,5.0,5.0,5.0,False
trial_007_ep1_task145,7,145,0.9,high,28,6,14,1.0647105549569118,4,5.0,5.0,5.0,False
trial_007_ep1_task145,7,145,0.9,high,28,6,15,0.1564853477368917,2,4.0,5.0,5.0,False
trial_007_ep1_task145,7,145,0.9,high,28,6,16,1.0647105549569118,4,5.0,5.0,5.0,False
trial_007_ep1_task145,7,145,0.9,high,28,6,17,1.8761738955978213,3,5.0,5.0,5.0,False
trial_007_ep1_task145,7,145,0.9,high,28,6,18,1.5307050500323611,4,5.0,5.0,5.0,False
trial_007_ep1_task145,7,145,0.9,high,28,6,19,0.698300247482976,2,5.0,5.0,5.0,False
trial_007_ep1_task145,7,145,0.9,high,28,6,20,1.5307050500323611,4,5.0,5.0,5.0,False
trial_007_ep1_task145,7,145,0.9,high,28,6,21,2.4179887953439057,3,5.0,5.0,5.0,False
trial_007_ep1_task145,7,145,0.9,high,28,6,22,0.8397942804559699,3,5.0,5.0,5.0,False
trial_007_ep1_task145,7,145,0.9,high,28,6,23,1.5307050500323611,4,5.0,5.0,5.0,False
trial_007_ep1_task145,7,145,0.9,high,28,6,24,1.5307050500323611,4,5.0,5.0,5.0,False
trial_007_ep1_task145,7,145,0.9,high,28,6,25,0.5388747245476972,4,5.0,5.0,5.0,False
trial_007_ep1_task145,7,145,0.9,high,28,6,26,1.3807518058457466,2,4.0,5.0,5.0,False
trial_007_ep1_task145,7,145,0.9,high,28,6,27,2.0186691332071742,3,5.0,5.0,5.0,False
trial_007_ep1_task147,7,147,0.9,high,28,5,0,0.2028285575599238,1,2.0,2.0,2.0,False
trial_007_ep1_task147,7,147,0.9,high,28,5,1,0.5,1,3.0,3.0,3.0,False
trial_007_ep1_task147,7,147,0.9,high,28,5,2,0.05415153123622751,1,2.0,2.0,2.0,False
trial_007_ep1_task147,7,147,0.9,high,28,5,3,0.40000000000000036,1,2.0,2.0,2.0,False
trial_007_ep1_task147,7,147,0.9,high,28,5,4,0.35294117647058876,1,2.0,2.0,2.0,False
trial_007_ep1_task147,7,147,0.9,high,28,5,6,0.2999999999999998,1,2.0,2.0,2.0,False
trial_007_ep1_task147,7,147,0.9,high,28,5,7,0.5,2,3.0,3.0,3.0,False
trial_007_ep1_task147,7,147,0.9,high,28,5,8,0.34301991120384834,1,2.0,2.0,2.0,False
trial_007_ep1_task147,7,147,0.9,high,28,5,9,0.002828557559924505,1,2.0,2.0,2.0,False
trial_007_ep1_task147,7,147,0.9,high,28,5,10,0.04423026596948709,1,2.0,2.0,2.0,False
trial_007_ep1_task147,7,147,0.9,high,28,5,11,0.39717144244007585,1,2.0,2.0,2.0,False
trial_007_ep1_task147,7,147,0.9,high,28,5,12,0.09717144244007603,1,2.0,2.0,2.0,False
trial_007_ep1_task147,7,147,0.9,high,28,5,13,0.5,2,3.0,3.0,3.0,False
trial_007_ep1_task147,7,147,0.9,high,28,5,14,0.5,2,3.0,3.0,3.0,False
trial_007_ep1_task147,7,147,0.9,high,28,5,15,0.5,2,3.0,3.0,3.0,False
trial_007_ep1_task147,7,147,0.9,high,28,5,16,0.5,2,3.0,3.0,3.0,False
trial_007_ep1_task147,7,147,0.9,high,28,5,17,0.5,2,3.0,3.0,3.0,False
trial_007_ep1_task147,7,147,0.9,high,28,5,18,0.14584846876377267,1,2.0,2.0,2.0,False
trial_007_ep1_task147,7,147,0.9,high,28,5,19,0.19290729229318515,1,2.0,2.0,2.0,False
trial_007_ep1_task147,7,147,0.9,high,28,5,20,0.545848468763773,1,2.0,2.0,2.0,False
trial_007_ep1_task147,7,147,0.9,high,28,5,21,0.2458484687637732,1,2.0,2.0,2.0,False
trial_007_ep1_task147,7,147,0.9,high,28,5,22,0.1529411764705877,1,2.0,2.0,2.0,False
trial_007_ep1_task147,7,147,0.9,high,28,5,23,0.20000000000000018,1,2.0,2.0,2.0,False
trial_007_ep1_task147,7,147,0.9,high,28,5,24,0.09999999999999964,1,2.0,2.0,2.0,False
trial_007_ep1_task147,7,147,0.9,high,28,5,25,0.24705882352941178,1,2.0,2.0,2.0,False
trial_007_ep1_task147,7,147,0.9,high,28,5,26,0.05294117647058805,1,2.0,2.0,2.0,False
trial_007_ep1_task147,7,147,0.9,high,28,5,27,0.2999999999999998,1,2.0,2.0,2.0,False
trial_007_ep1_task148,7,148,0.999,high,18,5,1,0.4659944950754493,1,2.0,2.0,2.0,False
trial_007_ep1_task148,7,148,0.999,high,18,5,3,0.0,1,,,,False
trial_007_ep1_task148,7,148,0.999,high,18,5,4,0.0,1,,,,False
trial_007_ep1_task148,7,148,0.999,high,18,5,6,0.0,1,,,,False
trial_007_ep1_task148,7,148,0.999,high,18,5,12,1.8508107826273545,1,2.0,2.0,2.0,False
trial_007_ep1_task148,7,148,0.999,high,18,5,14,1.3848162875519052,1,2.0,2.0,2.0,False
trial_007_ep1_task148,7,148,0.999,high,18,5,15,1.3848162875519052,1,2.0,2.0,2.0,False
trial_007_ep1_task148,7,148,0.999,high,18,5,16,1.3848162875519052,1,2.0,2.0,2.0,False
trial_007_ep1_task148,7,148,0.999,high,18,5,17,1.3848162875519052,1,2.0,2.0,2.0,False
trial_007_ep1_task148,7,148,0.999,high,18,5,19,1.8508107826273545,1,2.0,2.0,2.0,False
trial_007_ep1_task148,7,148,0.999,high,18,5,21,1.8508107826273545,1,2.0,2.0,2.0,False
trial_007_ep1_task148,7,148,0.999,high,18,5,22,1.8508107826273545,1,2.0,2.0,2.0,False
trial_007_ep1_task148,7,148,0.999,high,18,5,23,1.8508107826273545,1,2.0,2.0,2.0,False
trial_007_ep1_task148,7,148,0.999,high,18,5,24,1.8508107826273545,1,2.0,2.0,2.0,False
trial_007_ep1_task148,7,148,0.999,high,18,5,25,1.8508107826273545,1,2.0,2.0,2.0,False
trial_007_ep1_task148,7,148,0.999,high,18,5,26,1.8508107826273545,1,2.0,2.0,2.0,False
trial_007_ep1_task148,7,148,0.999,high,18,5,27,1.8508107826273545,1,2.0,2.0,2.0,False
trial_007_ep1_task151,7,151,0.99,low,28,5,0,0.0,1,,,,False
trial_007_ep1_task151,7,151,0.99,low,28,5,1,0.0,1,,,,False
trial_007_ep1_task151,7,151,0.99,low,28,5,2,0.0,1,,,,False
trial_007_ep1_task151,7,151,0.99,low,28,5,3,0.1374146772332665,2,3.0,3.0,3.0,False
trial_007_ep1_task151,7,151,0.99,low,28,5,4,0.12641639548331796,2,3.0,3.0,3.0,False
trial_007_ep1_task151,7,151,0.99,low,28,5,6,0.0,1,,,,False
trial_007_ep1_task151,7,151,0.99,low,28,5,7,0.0,1,,,,False
trial_007_ep1_task151,7,151,0.99,low,28,5,8,0.0,1,,,,False
trial_007_ep1_task151,7,151,0.99,low,28,5,9,0.1374146772332665,2,3.0,3.0,3.0,False
trial_007_ep1_task151,7,151,0.99,low,28,5,10,0.12641639548331796,2,3.0,3.0,3.0,False
trial_007_ep1_task151,7,151,0.99,low,28,5,11,0.0,1,,,,False
trial_007_ep1_task151,7,151,0.99,low,28,5,12,0.0,1,,,,False
trial_007_ep1_task151,7,151,0.99,low,28,5,13,0.0,1,,,,False
trial_007_ep1_task151,7,151,0.99,low,28,5,14,0.1374146772332665,2,3.0,3.0,3.0,False
trial_007_ep1_task151,7,151,0.99,low,28,5,15,0.12641639548331796,2,3.0,3.0,3.0,False
trial_007_ep1_task151,7,151,0.99,low,28,5,16,0.0,1,,,,False
trial_007_ep1_task151,7,151,0.99,low,28,5,17,0.0,1,,,,False
trial_007_ep1_task151,7,151,0.99,low,28,5,18,0.1374146772332665,2,3.0,3.0,3.0,False
trial_007_ep1_task151,7,151,0.99,low,28,5,19,0.12641639548331796,2,3.0,3.0,3.0,False
trial_007_ep1_task151,7,151,0.99,low,28,5,20,0.0,1,,,,False
trial_007_ep1_task151,7,151,0.99,low,28,5,21,0.0,1,,,,False
trial_007_ep1_task151,7,151,0.99,low,28,5,22,0.26383107271658446,2,3.0,3.0,3.0,False
trial_007_ep1_task151,7,151,0.99,low,28,5,23,0.1374146772332665,2,3.0,3.0,3.0,False
trial_007_ep1_task151,7,151,0.99,low,28,5,24,0.1374146772332665,2,3.0,3.0,3.0,False
trial_007_ep1_task151,7,151,0.99,low,28,5,25,0.12641639548331796,2,3.0,3.0,3.0,False
trial_007_ep1_task151,7,151,0.99,low,28,5,26,0.12641639548331796,2,3.0,3.0,3.0,False
trial_007_ep1_task151,7,151,0.99,low,28,5,27,0.0,1,,,,False
trial_007_ep1_task152,7,152,0.99,low,26,5,1,1.1942134272511375,1,4.0,4.0,4.0,False
trial_007_ep1_task152,7,152,0.99,low,26,5,2,0.48348866976510063,1,2.0,2.0,2.0,False
trial_007_ep1_task152,7,152,0.99,low,26,5,3,0.9474120117881473,1,2.0,2.0,2.0,False
trial_007_ep1_task152,7,152,0.99,low,26,5,4,0.12048816929608197,1,2.0,2.0,2.0,False
trial_007_ep1_task152,7,152,0.99,low,26,5,6,0.0,1,,,,False
trial_007_ep1_task152,7,152,0.99,low,26,5,7,0.8230294566779999,3,4.0,4.0,4.0,False
trial_007_ep1_task152,7,152,0.99,low,26,5,9,0.6702296147294939,2,3.0,3.0,3.0,False
trial_007_ep1_task152,7,152,0.99,low,26,5,10,0.6702296147294939,2,3.0,3.0,3.0,False
trial_007_ep1_task152,7,152,0.99,low,26,5,11,0.6702296147294944,1,3.0,3.0,3.0,False
trial_007_ep1_task152,7,152,0.99,low,26,5,12,0.6702296147294944,1,3.0,3.0,3.0,False
trial_007_ep1_task152,7,152,0.99,low,26,5,13,0.8230294566779999,3,4.0,4.0,4.0,False
trial_007_ep1_task152,7,152,0.99,low,26,5,14,0.8230294566779999,3,4.0,4.0,4.0,False
trial_007_ep1_task152,7,152,0.99,low,26,5,15,0.8230294566779999,3,4.0,4.0,4.0,False
trial_007_ep1_task152,7,152,0.99,low,26,5,16,0.8230294566779999,3,4.0,4.0,4.0,False
trial_007_ep1_task152,7,152,0.99,low,26,5,17,0.8230294566779999,3,4.0,4.0,4.0,False
trial_007_ep1_task152,7,152,0.99,low,26,5,18,0.8843454259639314,2,3.0,3.0,3.0,False
trial_007_ep1_task152,7,152,0.99,low,26,5,19,1.3711949530119325,1,3.0,3.0,3.0,False
trial_007_ep1_task152,7,152,0.99,low,26,5,20,1.4916831223080145,1,3.0,3.0,3.0,False
trial_007_ep1_task152,7,152,0.99,low,26,5,21,1.4916831223080145,1,3.0,3.0,3.0,False
trial_007_ep1_task152,7,152,0.99,low,26,5,22,0.9072716109888859,1,3.0,3.0,3.0,False
trial_007_ep1_task152,7,152,0.99,low,26,5,23,1.0277597802849678,1,3.0,3.0,3.0,False
trial_007_ep1_task152,7,152,0.99,low,26,5,24,1.0277597802849678,1,3.0,3.0,3.0,False
trial_007_ep1_task152,7,152,0.99,low,26,5,25,1.8546836227770331,1,2.0,3.0,3.0,False
trial_007_ep1_task152,7,152,0.99,low,26,5,26,1.8546836227770331,1,2.0,3.0,3.0,False
trial_007_ep1_task152,7,152,0.99,low,26,5,27,1.975171792073115,1,2.0,3.0,3.0,False
trial_007_ep1_task157,7,157,0.999,high,23,6,1,0.9008476694778595,2,3.0,3.0,3.0,False
trial_007_ep1_task157,7,157,0.999,high,23,6,3,0.6098418579748879,2,3.0,3.0,3.0,False
trial_007_ep1_task157,7,157,0.999,high,23,6,4,0.05671185010239732,1,3.0,3.0,3.0,False
trial_007_ep1_task157,7,157,0.999,high,23,6,5,0.4286254472556372,2,3.0,3.0,3.0,False
trial_007_ep1_task157,7,157,0.999,high,23,6,10,0.4461093640607068,1,3.0,3.0,3.0,False
trial_007_ep1_task157,7,157,0.999,high,23,6,11,0.08650541097127196,1,3.0,3.0,3.0,False
trial_007_ep1_task157,7,157,0.999,high,23,6,12,0.5028212141631041,1,3.0,3.0,3.0,False
trial_007_ep1_task157,7,157,0.999,high,23,6,13,0.032520959822265105,1,3.0,3.0,3.0,False
trial_007_ep1_task157,7,157,0.999,high,23,6,14,0.7072629655995755,1,3.0,3.0,3.0,False
trial_007_ep1_task157,7,157,0.999,high,23,6,15,0.12242247424456565,1,3.0,3.0,3.0,False
trial_007_ep1_task157,7,157,0.999,high,23,6,16,0.26180076697247934,2,3.0,3.0,3.0,False
trial_007_ep1_task157,7,157,0.999,high,23,6,17,0.17913432434696297,1,3.0,3.0,3.0,False
trial_007_ep1_task157,7,157,0.999,high,23,6,18,1.449187626488932,1,2.0,2.0,3.0,False
trial_007_ep1_task157,7,157,0.999,high,23,6,19,0.8643471351339223,1,3.0,3.0,3.0,False
trial_007_ep1_task157,7,157,0.999,high,23,6,20,0.5047431820444874,1,3.0,3.0,3.0,False
trial_007_ep1_task157,7,157,0.999,high,23,6,21,0.9210589852363191,1,3.0,3.0,3.0,False
trial_007_ep1_task157,7,157,0.999,high,23,6,22,1.5390891409112322,1,2.0,3.0,3.0,False
trial_007_ep1_task157,7,157,0.999,high,23,6,23,1.1794851878217978,1,2.0,2.0,2.0,False
trial_007_ep1_task157,7,157,0.999,high,23,6,24,1.595800991013629,1,2.0,3.0,3.0,False
trial_007_ep1_task157,7,157,0.999,high,23,6,25,0.594644696466788,1,3.0,3.0,3.0,False
trial_007_ep1_task157,7,157,0.999,high,23,6,26,1.0109604996586192,1,3.0,3.0,3.0,False
trial_007_ep1_task157,7,157,0.999,high,23,6,27,0.6513565465691853,1,3.0,3.0,3.0,False
trial_007_ep1_task158,7,158,0.9999,high,18,6,1,0.0,1,,,,False
trial_007_ep1_task158,7,158,0.9999,high,18,6,3,0.0,1,,,,False
trial_007_ep1_task158,7,158,0.9999,high,18,6,4,0.0,1,,,,False
trial_007_ep1_task158,7,158,0.9999,high,18,6,5,0.0,1,,,,False
trial_007_ep1_task158,7,158,0.9999,high,18,6,12,0.0,1,,,,False
trial_007_ep1_task158,7,158,0.9999,high,18,6,14,0.0,1,,,,False
trial_007_ep1_task158,7,158,0.9999,high,18,6,15,0.0,1,,,,False
trial_007_ep1_task158,7,158,0.9999,high,18,6,16,0.0,1,,,,False
trial_007_ep1_task158,7,158,0.9999,high,18,6,17,0.0,1,,,,False
trial_007_ep1_task158,7,158,0.9999,high,18,6,19,0.0,1,,,,False
trial_007_ep1_task158,7,158,0.9999,high,18,6,21,0.0,1,,,,False
trial_007_ep1_task158,7,158,0.9999,high,18,6,22,0.0,1,,,,False
trial_007_ep1_task158,7,158,0.9999,high,18,6,23,0.0,1,,,,False
trial_007_ep1_task158,7,158,0.9999,high,18,6,24,0.0,1,,,,False
trial_007_ep1_task158,7,158,0.9999,high,18,6,25,0.0,1,,,,False
trial_007_ep1_task158,7,158,0.9999,high,18,6,26,0.0,1,,,,False
trial_007_ep1_task158,7,158,0.9999,high,18,6,27,0.0,1,,,,False
trial_007_ep1_task159,7,159,0.9999,high,15,4,5,0.0,1,,,,False
trial_007_ep1_task159,7,159,0.9999,high,15,4,6,0.0,1,,,,False
trial_007_ep1_task159,7,159,0.9999,high,15,4,12,0.0,1,,,,False
trial_007_ep1_task159,7,159,0.9999,high,15,4,14,0.0,1,,,,False
trial_007_ep1_task159,7,159,0.9999,high,15,4,15,0.0,1,,,,False
trial_007_ep1_task159,7,159,0.9999,high,15,4,16,0.0,1,,,,False
trial_007_ep1_task159,7,159,0.9999,high,15,4,17,0.0,1,,,,False
trial_007_ep1_task159,7,159,0.9999,high,15,4,21,0.0,1,,,,False
trial_007_ep1_task159,7,159,0.9999,high,15,4,22,0.0,1,,,,False
trial_007_ep1_task159,7,159,0.9999,high,15,4,23,0.0,1,,,,False
trial_007_ep1_task159,7,159,0.9999,high,15,4,24,0.0,1,,,,False
trial_007_ep1_task159,7,159,0.9999,high,15,4,25,0.0,1,,,,False
trial_007_ep1_task159,7,159,0.9999,high,15,4,26,0.0,1,,,,False
trial_007_ep1_task159,7,159,0.9999,high,15,4,27,0.0,1,,,,False
trial_007_ep1_task163,7,163,0.9,low,28,5,0,0.0,1,,,,False
trial_007_ep1_task163,7,163,0.9,low,28,5,1,0.41847634215777885,1,2.0,2.0,2.0,False
trial_007_ep1_task163,7,163,0.9,low,28,5,2,0.0,1,,,,False
trial_007_ep1_task163,7,163,0.9,low,28,5,3,0.0,1,,,,False
trial_007_ep1_task163,7,163,0.9,low,28,5,4,0.0,1,,,,False
trial_007_ep1_task163,7,163,0.9,low,28,5,6,0.0,1,,,,False
trial_007_ep1_task163,7,163,0.9,low,28,5,7,0.19459887302742396,1,2.0,2.0,2.0,False
trial_007_ep1_task163,7,163,0.9,low,28,5,8,0.2238774691303549,1,2.0,2.0,2.0,False
trial_007_ep1_task163,7,163,0.9,low,28,5,9,0.2238774691303549,1,2.0,2.0,2.0,False
trial_007_ep1_task163,7,163,0.9,low,28,5,10,0.2238774691303549,1,2.0,2.0,2.0,False
trial_007_ep1_task163,7,163,0.9,low,28,5,11,0.2238774691303549,1,2.0,2.0,2.0,False
trial_007_ep1_task163,7,163,0.9,low,28,5,12,0.2238774691303549,1,2.0,2.0,2.0,False
trial_007_ep1_task163,7,163,0.9,low,28,5,13,0.19459887302742396,1,2.0,2.0,2.0,False
trial_007_ep1_task163,7,163,0.9,low,28,5,14,0.19459887302742396,1,2.0,2.0,2.0,False
trial_007_ep1_task163,7,163,0.9,low,28,5,15,0.19459887302742396,1,2.0,2.0,2.0,False
trial_007_ep1_task163,7,163,0.9,low,28,5,16,0.19459887302742396,1,2.0,2.0,2.0,False
trial_007_ep1_task163,7,163,0.9,low,28,5,17,0.19459887302742396,1,2.0,2.0,2.0,False
trial_007_ep1_task163,7,163,0.9,low,28,5,18,0.2238774691303549,1,2.0,2.0,2.0,False
trial_007_ep1_task163,7,163,0.9,low,28,5,19,0.2238774691303549,1,2.0,2.0,2.0,False
trial_007_ep1_task163,7,163,0.9,low,28,5,20,0.2238774691303549,1,2.0,2.0,2.0,False
trial_007_ep1_task163,7,163,0.9,low,28,5,21,0.2238774691303549,1,2.0,2.0,2.0,False
trial_007_ep1_task163,7,163,0.9,low,28,5,22,0.2238774691303549,1,2.0,2.0,2.0,False
trial_007_ep1_task163,7,163,0.9,low,28,5,23,0.2238774691303549,1,2.0,2.0,2.0,False
trial_007_ep1_task163,7,163,0.9,low,28,5,24,0.2238774691303549,1,2.0,2.0,2.0,False
trial_007_ep1_task163,7,163,0.9,low,28,5,25,0.2238774691303549,1,2.0,2.0,2.0,False
trial_007_ep1_task163,7,163,0.9,low,28,5,26,0.2238774691303549,1,2.0,2.0,2.0,False
trial_007_ep1_task163,7,163,0.9,low,28,5,27,0.2238774691303549,1,2.0,2.0,2.0,False
trial_007_ep1_task165,7,165,0.99,high,25,5,1,0.0,1,,,,False
trial_007_ep1_task165,7,165,0.99,high,25,5,3,0.0,1,,,,False
trial_007_ep1_task165,7,165,0.99,high,25,5,4,0.0,1,,,,False
trial_007_ep1_task165,7,165,0.99,high,25,5,6,0.0,1,,,,False
trial_007_ep1_task165,7,165,0.99,high,25,5,7,2.5625242681131564,1,3.0,4.0,4.0,False
trial_007_ep1_task165,7,165,0.99,high,25,5,9,2.5625242681131564,1,3.0,4.0,4.0,False
trial_007_ep1_task165,7,165,0.99,high,25,5,10,2.5625242681131564,1,3.0,4.0,4.0,False
trial_007_ep1_task165,7,165,0.99,high,25,5,11,2.5625242681131564,1,3.0,4.0,4.0,False
trial_007_ep1_task165,7,165,0.99,high,25,5,12,2.5625242681131564,1,3.0,4.0,4.0,False
trial_007_ep1_task165,7,165,0.99,high,25,5,13,0.714702162479421,1,2.0,3.0,3.0,False
trial_007_ep1_task165,7,165,0.99,high,25,5,14,0.714702162479421,1,2.0,3.0,3.0,False
trial_007_ep1_task165,7,165,0.99,high,25,5,15,0.714702162479421,1,2.0,3.0,3.0,False
trial_007_ep1_task165,7,165,0.99,high,25,5,16,0.714702162479421,1,2.0,3.0,3.0,False
trial_007_ep1_task165,7,165,0.99,high,25,5,17,0.714702162479421,1,2.0,3.0,3.0,False
trial_007_ep1_task165,7,165,0.99,high,25,5,18,0.714702162479421,1,2.0,3.0,3.0,False
trial_007_ep1_task165,7,165,0.99,high,25,5,19,0.714702162479421,1,2.0,3.0,3.0,False
trial_007_ep1_task165,7,165,0.99,high,25,5,20,0.714702162479421,1,2.0,3.0,3.0,False
trial_007_ep1_task165,7,165,0.99,high,25,5,21,0.714702162479421,1,2.0,3.0,3.0,False
trial_007_ep1_task165,7,165,0.99,high,25,5,22,0.714702162479421,1,2.0,3.0,3.0,False
trial_007_ep1_task165,7,165,0.99,high,25,5,23,0.714702162479421,1,2.0,3.0,3.0,False
trial_007_ep1_task165,7,165,0.99,high,25,5,24,0.714702162479421,1,2.0,3.0,3.0,False
trial_007_ep1_task165,7,165,0.99,high,25,5,25,0.714702162479421,1,2.0,3.0,3.0,False
trial_007_ep1_task165,7,165,0.99,high,25,5,26,0.714702162479421,1,2.0,3.0,3.0,False
trial_007_ep1_task165,7,165,0.99,high,25,5,27,0.714702162479421,1,2.0,3.0,3.0,False
trial_007_ep1_task166,7,166,0.999,low,14,6,4,1.0657083413506676,2,3.0,3.0,3.0,False
trial_007_ep1_task166,7,166,0.999,low,14,6,12,0.5641558926769941,1,3.0,3.0,3.0,False
trial_007_ep1_task166,7,166,0.999,low,14,6,14,1.424588013828724,2,3.0,3.0,3.0,False
trial_007_ep1_task166,7,166,0.999,low,14,6,15,1.9488646011074175,2,3.0,3.0,3.0,False
trial_007_ep1_task166,7,166,0.999,low,14,6,16,0.6875863105776272,1,3.0,3.0,3.0,False
trial_007_ep1_task166,7,166,0.999,low,14,6,17,0.8831562597567499,1,3.0,3.0,3.0,False
trial_007_ep1_task166,7,166,0.999,low,14,6,21,1.5655844762358537,1,3.0,3.0,3.0,False
trial_007_ep1_task166,7,166,0.999,low,14,6,22,2.6981217461011853,2,3.0,3.0,3.0,False
trial_007_ep1_task166,7,166,0.999,low,14,6,23,1.4368434555713954,1,3.0,3.0,3.0,False
trial_007_ep1_task166,7,166,0.999,low,14,6,24,1.632413404750518,2,3.0,3.0,3.0,False
trial_007_ep1_task166,7,166,0.999,low,14,6,25,1.9611200428500881,1,3.0,3.0,3.0,False
trial_007_ep1_task166,7,166,0.999,low,14,6,26,2.156689992029211,1,3.0,3.0,3.0,False
trial_007_ep1_task166,7,166,0.999,low,14,6,27,2.372936574653118,1,2.0,3.0,3.0,False
trial_007_ep1_task169,7,169,0.9999,low,8,6,15,0.2843486731896694,1,2.0,2.0,2.0,False
trial_007_ep1_task169,7,169,0.9999,low,8,6,17,0.5074024698456845,1,2.0,2.0,2.0,False
trial_007_ep1_task169,7,169,0.9999,low,8,6,22,0.6822736719917075,1,2.0,2.0,2.0,False
trial_007_ep1_task169,7,169,0.9999,low,8,6,24,0.9053274686477226,1,2.0,2.0,2.0,False
trial_007_ep1_task169,7,169,0.9999,low,8,6,25,1.1446164524050242,1,2.0,2.0,2.0,False
trial_007_ep1_task169,7,169,0.9999,low,8,6,26,1.232957932715149,1,2.0,2.0,2.0,False
trial_007_ep1_task169,7,169,0.9999,low,8,6,27,1.3676702490610393,1,2.0,2.0,2.0,False
trial_007_ep1_task171,7,171,0.999,low,25,5,1,0.681806450361023,2,3.0,3.0,3.0,False
trial_007_ep1_task171,7,171,0.999,low,25,5,3,0.0,1,,,,False
trial_007_ep1_task171,7,171,0.999,low,25,5,4,0.0,1,,,,False
trial_007_ep1_task171,7,171,0.999,low,25,5,6,0.23981177014951527,2,3.0,3.0,3.0,False
trial_007_ep1_task171,7,171,0.999,low,25,5,7,0.681806450361023,2,3.0,3.0,3.0,False
trial_007_ep1_task171,7,171,0.999,low,25,5,9,0.0,1,,,,False
trial_007_ep1_task171,7,171,0.999,low,25,5,10,0.0,1,,,,False
trial_007_ep1_task171,7,171,0.999,low,25,5,11,0.0,1,,,,False
trial_007_ep1_task171,7,171,0.999,low,25,5,12,0.23981177014951527,2,3.0,3.0,3.0,False
trial_007_ep1_task171,7,171,0.999,low,25,5,13,0.681806450361023,2,3.0,3.0,3.0,False
trial_007_ep1_task171,7,171,0.999,low,25,5,14,0.681806450361023,2,3.0,3.0,3.0,False
trial_007_ep1_task171,7,171,0.999,low,25,5,15,0.681806450361023,2,3.0,3.0,3.0,False
trial_007_ep1_task171,7,171,0.999,low,25,5,16,0.681806450361023,2,3.0,3.0,3.0,False
trial_007_ep1_task171,7,171,0.999,low,25,5,17,0.9216182205105383,2,3.0,3.0,3.0,False
trial_007_ep1_task171,7,171,0.999,low,25,5,18,0.0,1,,,,False
trial_007_ep1_task171,7,171,0.999,low,25,5,19,0.0,1,,,,False
trial_007_ep1_task171,7,171,0.999,low,25,5,20,0.0,1,,,,False
trial_007_ep1_task171,7,171,0.999,low,25,5,21,0.23981177014951527,2,3.0,3.0,3.0,False
trial_007_ep1_task171,7,171,0.999,low,25,5,22,0.0,1,,,,False
trial_007_ep1_task171,7,171,0.999,low,25,5,23,0.0,1,,,,False
trial_007_ep1_task171,7,171,0.999,low,25,5,24,0.23981177014951527,2,3.0,3.0,3.0,False
trial_007_ep1_task171,7,171,0.999,low,25,5,25,0.0,1,,,,False
trial_007_ep1_task171,7,171,0.999,low,25,5,26,0.23981177014951527,2,3.0,3.0,3.0,False
trial_007_ep1_task171,7,171,0.999,low,25,5,27,0.23981177014951527,2,3.0,3.0,3.0,False
trial_007_ep1_task173,7,173,0.9,medium,28,5,0,0.0,1,,,,False
trial_007_ep1_task173,7,173,0.9,medium,28,5,1,0.0,1,,,,False
trial_007_ep1_task173,7,173,0.9,medium,28,5,2,0.0,1,,,,False
trial_007_ep1_task173,7,173,0.9,medium,28,5,3,0.0,1,,,,False
trial_007_ep1_task173,7,173,0.9,medium,28,5,4,0.0,1,,,,False
trial_007_ep1_task173,7,173,0.9,medium,28,5,6,0.0,1,,,,False
trial_007_ep1_task173,7,173,0.9,medium,28,5,7,0.0,1,,,,False
trial_007_ep1_task173,7,173,0.9,medium,28,5,8,0.0,1,,,,False
trial_007_ep1_task173,7,173,0.9,medium,28,5,9,0.0,1,,,,False
trial_007_ep1_task173,7,173,0.9,medium,28,5,10,0.0,1,,,,False
trial_007_ep1_task173,7,173,0.9,medium,28,5,11,0.0,1,,,,False
trial_007_ep1_task173,7,173,0.9,medium,28,5,12,0.0,1,,,,False
trial_007_ep1_task173,7,173,0.9,medium,28,5,13,0.0,1,,,,False
trial_007_ep1_task173,7,173,0.9,medium,28,5,14,0.0,1,,,,False
trial_007_ep1_task173,7,173,0.9,medium,28,5,15,0.0,1,,,,False
trial_007_ep1_task173,7,173,0.9,medium,28,5,16,0.0,1,,,,False
trial_007_ep1_task173,7,173,0.9,medium,28,5,17,0.0,1,,,,False
trial_007_ep1_task173,7,173,0.9,medium,28,5,18,0.0,1,,,,False
trial_007_ep1_task173,7,173,0.9,medium,28,5,19,0.0,1,,,,False
trial_007_ep1_task173,7,173,0.9,medium,28,5,20,0.0,1,,,,False
trial_007_ep1_task173,7,173,0.9,medium,28,5,21,0.0,1,,,,False
trial_007_ep1_task173,7,173,0.9,medium,28,5,22,0.0,1,,,,False
trial_007_ep1_task173,7,173,0.9,medium,28,5,23,0.0,1,,,,False
trial_007_ep1_task173,7,173,0.9,medium,28,5,24,0.0,1,,,,False
trial_007_ep1_task173,7,173,0.9,medium,28,5,25,0.0,1,,,,False
trial_007_ep1_task173,7,173,0.9,medium,28,5,26,0.0,1,,,,False
trial_007_ep1_task173,7,173,0.9,medium,28,5,27,0.0,1,,,,False
trial_007_ep1_task174,7,174,0.9999,low,8,6,15,0.4772171406043899,1,6.0,6.0,7.0,False
trial_007_ep1_task174,7,174,0.9999,low,8,6,17,0.7343428406182326,1,6.0,6.0,6.0,False
trial_007_ep1_task174,7,174,0.9999,low,8,6,22,1.6637289081344244,5,6.0,6.0,6.0,False
trial_007_ep1_task174,7,174,0.9999,low,8,6,24,1.3393216419078042,5,6.0,6.0,6.0,False
trial_007_ep1_task174,7,174,0.9999,low,8,6,25,1.743289170634044,1,5.0,5.0,6.0,False
trial_007_ep1_task174,7,174,0.9999,low,8,6,26,1.7546790391695248,1,5.0,6.0,6.0,False
trial_007_ep1_task174,7,174,0.9999,low,8,6,27,2.000414870647887,1,5.0,6.0,6.0,False
trial_007_ep1_task175,7,175,0.9,high,28,5,0,1.3780714499733797,2,5.0,5.0,5.0,False
trial_007_ep1_task175,7,175,0.9,high,28,5,1,1.1405739079695643,2,5.0,5.0,5.0,False
trial_007_ep1_task175,7,175,0.9,high,28,5,2,0.614720305354318,2,5.0,5.0,5.0,False
trial_007_ep1_task175,7,175,0.9,high,28,5,3,1.958940060405412,4,5.0,5.0,5.0,False
trial_007_ep1_task175,7,175,0.9,high,28,5,4,1.946450222888148,4,5.0,5.0,5.0,False
trial_007_ep1_task175,7,175,0.9,high,28,5,6,1.9,4,7.0,8.0,9.0,False
trial_007_ep1_task175,7,175,0.9,high,28,5,7,0.7027537450776258,2,4.0,4.0,5.0,False
trial_007_ep1_task175,7,175,0.9,high,28,5,8,0.1769001424623795,2,4.0,4.0,4.0,False
trial_007_ep1_task175,7,175,0.9,high,28,5,9,1.5211198975134725,4,5.0,5.0,5.0,False
trial_007_ep1_task175,7,175,0.9,high,28,5,10,1.5086300599962086,4,5.0,5.0,5.0,False
trial_007_ep1_task175,7,175,0.9,high,28,5,11,0.4378201628919398,4,5.0,5.0,5.0,False
trial_007_ep1_task175,7,175,0.9,high,28,5,12,1.8999999999999773,5,7.0,8.0,9.0,False
trial_007_ep1_task175,7,175,0.9,high,28,5,13,0.23996301636258544,4,5.0,5.0,5.0,False
trial_007_ep1_task175,7,175,0.9,high,28,5,14,1.283622355509658,4,5.0,5.0,5.0,False
trial_007_ep1_task175,7,175,0.9,high,28,5,15,1.271132517992394,4,5.0,5.0,5.0,False
trial_007_ep1_task175,7,175,0.9,high,28,5,16,0.6753177048957544,4,5.0,5.0,5.0,False
trial_007_ep1_task175,7,175,0.9,high,28,5,17,1.8999999999999773,5,7.0,8.0,9.0,False
trial_007_ep1_task175,7,175,0.9,high,28,5,18,1.1149116100372694,4,5.0,5.0,5.0,False
trial_007_ep1_task175,7,175,0.9,high,28,5,19,1.1024217725200054,4,5.0,5.0,5.0,False
trial_007_ep1_task175,7,175,0.9,high,28,5,20,1.2011713075110002,2,5.0,5.0,5.0,False
trial_007_ep1_task175,7,175,0.9,high,28,5,21,1.8999999999999773,5,7.0,8.0,9.0,False
trial_007_ep1_task175,7,175,0.9,high,28,5,22,2.6260071443922484,4,5.0,5.0,5.0,False
trial_007_ep1_task175,7,175,0.9,high,28,5,23,0.9084633483769409,2,5.0,5.0,5.0,False
trial_007_ep1_task175,7,175,0.9,high,28,5,24,2.5795569215041003,4,7.0,7.0,9.0,False
trial_007_ep1_task175,7,175,0.9,high,28,5,25,1.4953464588221586,2,4.0,5.0,5.0,False
trial_007_ep1_task175,7,175,0.9,high,28,5,26,2.5670670839868355,4,7.0,7.0,9.0,False
trial_007_ep1_task175,7,175,0.9,high,28,5,27,1.8999999999999773,5,7.0,8.0,9.0,False
trial_007_ep1_task180,7,180,0.99,medium,26,6,1,1.0959440266240712,1,2.0,2.0,2.0,False
trial_007_ep1_task180,7,180,0.99,medium,26,6,2,0.5783639658704112,1,2.0,2.0,2.0,False
trial_007_ep1_task180,7,180,0.99,medium,26,6,3,0.6943588130990594,1,2.0,2.0,2.0,False
trial_007_ep1_task180,7,180,0.99,medium,26,6,4,0.236345661243349,1,7.0,7.0,7.0,False
trial_007_ep1_task180,7,180,0.99,medium,26,6,5,0.11124044830262392,2,5.0,5.0,5.0,False
trial_007_ep1_task180,7,180,0.99,medium,26,6,7,0.6332744239648154,1,4.0,4.0,4.0,False
trial_007_ep1_task180,7,180,0.99,medium,26,6,9,0.46266960265925583,2,4.0,4.0,4.0,False
trial_007_ep1_task180,7,180,0.99,medium,26,6,10,0.25121182141905685,2,7.0,7.0,7.0,False
trial_007_ep1_task180,7,180,0.99,medium,26,6,11,0.41371220869411607,1,4.0,4.0,5.0,False
trial_007_ep1_task180,7,180,0.99,medium,26,6,12,0.46266960265925583,1,4.0,4.0,4.0,False
trial_007_ep1_task180,7,180,0.99,medium,26,6,13,0.5506670611919846,2,4.0,4.0,4.0,False
trial_007_ep1_task180,7,180,0.99,medium,26,6,14,0.5506670611919846,2,4.0,4.0,4.0,False
trial_007_ep1_task180,7,180,0.99,medium,26,6,15,0.3750606319763974,1,7.0,7.0,7.0,False
trial_007_ep1_task180,7,180,0.99,medium,26,6,16,0.5624488992546066,1,3.0,4.0,5.0,False
trial_007_ep1_task180,7,180,0.99,medium,26,6,17,0.6114062932197464,1,4.0,4.0,4.0,False
trial_007_ep1_task180,7,180,0.99,medium,26,6,18,0.5506670611919846,2,4.0,4.0,4.0,False
trial_007_ep1_task180,7,180,0.99,medium,26,6,19,0.8926406927300574,1,2.0,3.0,7.0,False
trial_007_ep1_task180,7,180,0.99,medium,26,6,20,1.0800289600082666,1,2.0,3.0,4.0,False
trial_007_ep1_task180,7,180,0.99,medium,26,6,21,1.1289863539734064,1,2.0,4.0,4.0,False
trial_007_ep1_task180,7,180,0.99,medium,26,6,22,0.7766458455014091,1,2.0,7.0,7.0,False
trial_007_ep1_task180,7,180,0.99,medium,26,6,23,0.9640341127796184,1,2.0,4.0,4.0,False
trial_007_ep1_task180,7,180,0.99,medium,26,6,24,1.0129915067447581,1,3.0,4.0,4.0,False
trial_007_ep1_task180,7,180,0.99,medium,26,6,25,1.4220472646353288,1,2.0,2.0,7.0,False
trial_007_ep1_task180,7,180,0.99,medium,26,6,26,1.4710046586004686,1,2.0,2.0,7.0,False
trial_007_ep1_task180,7,180,0.99,medium,26,6,27,1.6583929258786778,1,2.0,3.0,4.0,False
trial_007_ep1_task181,7,181,0.9,medium,28,6,0,1.2822003844017105,1,5.0,5.0,5.0,False
trial_007_ep1_task181,7,181,0.9,medium,28,6,1,1.228607143606439,3,5.0,6.0,6.0,False
trial_007_ep1_task181,7,181,0.9,medium,28,6,2,0.7704672658224148,3,5.0,5.0,5.0,False
trial_007_ep1_task181,7,181,0.9,medium,28,6,3,1.1710426362399633,1,5.0,5.0,5.0,False
trial_007_ep1_task181,7,181,0.9,medium,28,6,4,0.44100383489666584,3,5.0,6.0,6.0,False
trial_007_ep1_task181,7,181,0.9,medium,28,6,5,0.047734102136753886,1,3.0,3.0,3.0,False
trial_007_ep1_task181,7,181,0.9,medium,28,6,7,0.7478081686777056,3,5.0,6.0,6.0,False
trial_007_ep1_task181,7,181,0.9,medium,28,6,8,0.2896682908936814,3,5.0,5.0,5.0,False
trial_007_ep1_task181,7,181,0.9,medium,28,6,9,0.690243661311229,1,5.0,5.0,5.0,False
trial_007_ep1_task181,7,181,0.9,medium,28,6,10,0.23805080119644417,1,6.0,6.0,6.0,False
trial_007_ep1_task181,7,181,0.9,medium,28,6,11,0.48079897492873336,3,5.0,5.0,5.0,False
trial_007_ep1_task181,7,181,0.9,medium,28,6,12,0.48079897492873425,1,5.0,5.0,5.0,False
trial_007_ep1_task181,7,181,0.9,medium,28,6,13,0.5871903309784248,4,6.0,6.0,6.0,False
trial_007_ep1_task181,7,181,0.9,medium,28,6,14,0.9228439060853129,4,5.0,6.0,6.0,False
trial_007_ep1_task181,7,181,0.9,medium,28,6,15,0.5082698331920463,5,6.0,6.0,6.0,False
trial_007_ep1_task181,7,181,0.9,medium,28,6,16,0.5844472501035436,1,6.0,6.0,6.0,False
trial_007_ep1_task181,7,181,0.9,medium,28,6,17,0.6321813522402975,1,6.0,6.0,6.0,False
trial_007_ep1_task181,7,181,0.9,medium,28,6,18,0.46470402830128954,4,5.0,5.0,5.0,False
trial_007_ep1_task181,7,181,0.9,medium,28,6,19,0.9261076877857992,1,3.0,4.0,6.0,False
trial_007_ep1_task181,7,181,0.9,medium,28,6,20,1.121121759381335,1,5.0,5.0,5.0,False
trial_007_ep1_task181,7,181,0.9,medium,28,6,21,1.168855861518089,1,5.0,5.0,5.0,False
trial_007_ep1_task181,7,181,0.9,medium,28,6,22,0.34920854935819134,1,6.0,6.0,6.0,False
trial_007_ep1_task181,7,181,0.9,medium,28,6,23,0.5554385185439852,3,5.0,5.0,5.0,False
trial_007_ep1_task181,7,181,0.9,medium,28,6,24,0.5919567230904814,1,5.0,5.0,5.0,False
trial_007_ep1_task181,7,181,0.9,medium,28,6,25,1.4725170834614008,1,5.0,5.0,6.0,False
trial_007_ep1_task181,7,181,0.9,medium,28,6,26,1.5202511855981549,1,5.0,5.0,6.0,False
trial_007_ep1_task181,7,181,0.9,medium,28,6,27,1.7152652571936906,1,5.0,5.0,5.0,False
trial_007_ep1_task182,7,182,0.9,medium,28,6,0,0.7731362157809238,2,4.0,4.0,4.0,False
trial_007_ep1_task182,7,182,0.9,medium,28,6,1,0.7390703151409186,2,4.0,4.0,4.0,False
trial_007_ep1_task182,7,182,0.9,medium,28,6,2,0.758940650291561,3,4.0,4.0,5.0,False
trial_007_ep1_task182,7,182,0.9,medium,28,6,3,0.7627341561220424,3,4.0,5.0,5.0,False
trial_007_ep1_task182,7,182,0.9,medium,28,6,4,0.4896611666213726,3,4.0,5.0,5.0,False
trial_007_ep1_task182,7,182,0.9,medium,28,6,5,0.8381251440078283,4,5.0,5.0,5.0,False
trial_007_ep1_task182,7,182,0.9,medium,28,6,7,0.3189487087385112,2,4.0,4.0,4.0,False
trial_007_ep1_task182,7,182,0.9,medium,28,6,8,0.3388190438891536,3,5.0,5.0,5.0,False
trial_007_ep1_task182,7,182,0.9,medium,28,6,9,0.34261254971963506,3,5.0,5.0,5.0,False
trial_007_ep1_task182,7,182,0.9,medium,28,6,10,0.17039411756415834,4,5.0,5.0,5.0,False
trial_007_ep1_task182,7,182,0.9,medium,28,6,11,0.8381251440078283,4,5.0,5.0,5.0,False
trial_007_ep1_task182,7,182,0.9,medium,28,6,12,0.42012160640240737,2,4.0,4.0,4.0,False
trial_007_ep1_task182,7,182,0.9,medium,28,6,13,0.30475314324915015,3,5.0,5.0,5.0,False
trial_007_ep1_task182,7,182,0.9,medium,28,6,14,0.3219795038483766,4,5.0,5.0,5.0,False
trial_007_ep1_task182,7,182,0.9,medium,28,6,15,0.17039411756415834,4,5.0,5.0,5.0,False
trial_007_ep1_task182,7,182,0.9,medium,28,6,16,0.8381251440078283,4,5.0,5.0,5.0,False
trial_007_ep1_task182,7,182,0.9,medium,28,6,17,0.45418750704241084,2,4.0,4.0,4.0,False
trial_007_ep1_task182,7,182,0.9,medium,28,6,18,0.4989199385455776,4,5.0,5.0,5.0,False
trial_007_ep1_task182,7,182,0.9,medium,28,6,19,0.34733455226135934,4,5.0,5.0,5.0,False
trial_007_ep1_task182,7,182,0.9,medium,28,6,20,1.0150655787050293,4,5.0,5.0,5.0,False
trial_007_ep1_task182,7,182,0.9,medium,28,6,21,0.6087518764994462,2,4.0,5.0,5.0,False
trial_007_ep1_task182,7,182,0.9,medium,28,6,22,0.49237362141253493,4,5.0,5.0,5.0,False
trial_007_ep1_task182,7,182,0.9,medium,28,6,23,1.160104647856205,4,5.0,5.0,5.0,False
trial_007_ep1_task182,7,182,0.9,medium,28,6,24,0.6049583706689647,2,5.0,5.0,5.0,False
trial_007_ep1_task182,7,182,0.9,medium,28,6,25,1.0085192615719867,4,5.0,5.0,5.0,False
trial_007_ep1_task182,7,182,0.9,medium,28,6,26,0.7696642530219062,2,4.0,4.0,5.0,False
trial_007_ep1_task182,7,182,0.9,medium,28,6,27,0.8919976017227178,2,5.0,5.0,5.0,False
trial_007_ep1_task183,7,183,0.999,medium,21,6,1,1.0557002471466141,2,4.0,4.0,5.0,False
trial_007_ep1_task183,7,183,0.999,medium,21,6,3,0.4947473379924423,1,3.0,3.0,3.0,False
trial_007_ep1_task183,7,183,0.999,medium,21,6,4,1.2352941176470589,3,4.0,4.0,4.0,False
trial_007_ep1_task183,7,183,0.999,medium,21,6,5,0.8381251440078283,3,4.0,4.0,4.0,False
trial_007_ep1_task183,7,183,0.999,medium,21,6,10,1.2352941176470589,3,4.0,4.0,4.0,False
trial_007_ep1_task183,7,183,0.999,medium,21,6,12,0.34530625143429816,2,3.0,3.0,3.0,False
trial_007_ep1_task183,7,183,0.999,medium,21,6,14,0.859268572021449,3,4.0,4.0,5.0,False
trial_007_ep1_task183,7,183,0.999,medium,21,6,15,2.094562689668508,3,4.0,4.0,4.0,False
trial_007_ep1_task183,7,183,0.999,medium,21,6,16,1.6973937160292774,3,4.0,4.0,4.0,False
trial_007_ep1_task183,7,183,0.999,medium,21,6,17,0.859268572021449,3,4.0,4.0,5.0,False
trial_007_ep1_task183,7,183,0.999,medium,21,6,18,0.37348968907929336,2,3.0,3.0,3.0,False
trial_007_ep1_task183,7,183,0.999,medium,21,6,19,1.2352941176470589,3,4.0,4.0,4.0,False
trial_007_ep1_task183,7,183,0.999,medium,21,6,20,0.8381251440078283,3,4.0,4.0,4.0,False
trial_007_ep1_task183,7,183,0.999,medium,21,6,21,0.7929964506565517,2,3.0,3.0,3.0,False
trial_007_ep1_task183,7,183,0.999,medium,21,6,22,1.2352941176470589,3,4.0,4.0,4.0,False
trial_007_ep1_task183,7,183,0.999,medium,21,6,23,0.8381251440078283,3,4.0,4.0,4.0,False
trial_007_ep1_task183,7,183,0.999,medium,21,6,24,0.6517508873358349,2,3.0,3.0,3.0,False
trial_007_ep1_task183,7,183,0.999,medium,21,6,25,2.0734192616548874,3,4.0,4.0,4.0,False
trial_007_ep1_task183,7,183,0.999,medium,21,6,26,1.2352941176470589,3,4.0,4.0,4.0,False
trial_007_ep1_task183,7,183,0.999,medium,21,6,27,0.9022719138430899,1,4.0,4.0,4.0,False
trial_007_ep1_task185,7,185,0.9,medium,28,6,0,0.005500401941477939,1,2.0,2.0,2.0,False
trial_007_ep1_task185,7,185,0.9,medium,28,6,1,0.859268572021449,1,2.0,2.0,3.0,False
trial_007_ep1_task185,7,185,0.9,medium,28,6,2,0.2807339405276821,1,2.0,2.0,2.0,False
trial_007_ep1_task185,7,185,0.9,medium,28,6,3,0.3219795038483766,1,2.0,2.0,2.0,False
trial_007_ep1_task185,7,185,0.9,medium,28,6,4,0.17039411756415834,1,2.0,2.0,2.0,False
trial_007_ep1_task185,7,185,0.9,medium,28,6,5,0.0,1,,,,False
trial_007_ep1_task185,7,185,0.9,medium,28,6,7,0.47620181215711144,1,2.0,3.0,3.0,False
trial_007_ep1_task185,7,185,0.9,medium,28,6,8,0.1023328193366555,1,2.0,2.0,2.0,False
trial_007_ep1_task185,7,185,0.9,medium,28,6,9,0.06108725601596099,1,2.0,2.0,2.0,False
trial_007_ep1_task185,7,185,0.9,medium,28,6,10,0.21267264230017924,1,2.0,2.0,2.0,False
trial_007_ep1_task185,7,185,0.9,medium,28,6,11,0.3830667598643376,1,2.0,2.0,2.0,False
trial_007_ep1_task185,7,185,0.9,medium,28,6,12,0.3830667598643376,1,2.0,2.0,2.0,False
trial_007_ep1_task185,7,185,0.9,medium,28,6,13,0.7514353507433156,1,2.0,2.0,3.0,False
trial_007_ep1_task185,7,185,0.9,medium,28,6,14,0.7926809140640101,1,2.0,2.0,3.0,False
trial_007_ep1_task185,7,185,0.9,medium,28,6,15,0.6410955277797918,1,2.0,2.0,3.0,False
trial_007_ep1_task185,7,185,0.9,medium,28,6,16,0.4707014102156335,1,2.0,3.0,3.0,False
trial_007_ep1_task185,7,185,0.9,medium,28,6,17,0.4707014102156335,1,2.0,3.0,3.0,False
trial_007_ep1_task185,7,185,0.9,medium,28,6,18,0.21414628257024315,1,2.0,2.0,2.0,False
trial_007_ep1_task185,7,185,0.9,medium,28,6,19,0.0625608962860249,1,2.0,2.0,2.0,False
trial_007_ep1_task185,7,185,0.9,medium,28,6,20,0.10783322127813344,1,2.0,2.0,2.0,False
trial_007_ep1_task185,7,185,0.9,medium,28,6,21,0.10783322127813344,1,2.0,2.0,2.0,False
trial_007_ep1_task185,7,185,0.9,medium,28,6,22,0.10380645960671941,1,2.0,2.0,2.0,False
trial_007_ep1_task185,7,185,0.9,medium,28,6,23,0.06658765795743893,1,2.0,2.0,2.0,False
trial_007_ep1_task185,7,185,0.9,medium,28,6,24,0.06658765795743893,1,2.0,2.0,2.0,False
trial_007_ep1_task185,7,185,0.9,medium,28,6,25,0.21817304424165718,1,2.0,2.0,2.0,False
trial_007_ep1_task185,7,185,0.9,medium,28,6,26,0.21817304424165718,1,2.0,2.0,2.0,False
trial_007_ep1_task185,7,185,0.9,medium,28,6,27,0.3885671618058155,1,2.0,2.0,2.0,False
trial_007_ep1_task186,7,186,0.9,medium,28,5,0,0.40857183777176864,1,2.0,2.0,2.0,False
trial_007_ep1_task186,7,186,0.9,medium,28,5,1,0.33115389779656335,1,2.0,2.0,2.0,False
trial_007_ep1_task186,7,186,0.9,medium,28,5,2,0.0,1,,,,False
trial_007_ep1_task186,7,186,0.9,medium,28,5,3,0.011820904554914247,1,2.0,2.0,2.0,False
trial_007_ep1_task186,7,186,0.9,medium,28,5,4,0.0,1,,,,False
trial_007_ep1_task186,7,186,0.9,medium,28,5,6,0.0,1,,,,False
trial_007_ep1_task186,7,186,0.9,medium,28,5,7,0.3312061415417946,1,2.0,2.0,2.0,False
trial_007_ep1_task186,7,186,0.9,medium,28,5,8,0.662360039338358,1,2.0,2.0,2.0,False
trial_007_ep1_task186,7,186,0.9,medium,28,5,9,0.6505391347834437,1,2.0,2.0,2.0,False
trial_007_ep1_task186,7,186,0.9,medium,28,5,10,0.662360039338358,1,2.0,2.0,2.0,False
trial_007_ep1_task186,7,186,0.9,medium,28,5,11,0.662360039338358,1,2.0,2.0,2.0,False
trial_007_ep1_task186,7,186,0.9,medium,28,5,12,0.662360039338358,1,2.0,2.0,2.0,False
trial_007_ep1_task186,7,186,0.9,medium,28,5,13,0.7397779793135633,1,2.0,2.0,2.0,False
trial_007_ep1_task186,7,186,0.9,medium,28,5,14,0.727957074758649,1,2.0,2.0,2.0,False
trial_007_ep1_task186,7,186,0.9,medium,28,5,15,0.7397779793135633,1,2.0,2.0,2.0,False
trial_007_ep1_task186,7,186,0.9,medium,28,5,16,0.7397779793135633,1,2.0,2.0,2.0,False
trial_007_ep1_task186,7,186,0.9,medium,28,5,17,0.7397779793135633,1,2.0,2.0,2.0,False
trial_007_ep1_task186,7,186,0.9,medium,28,5,18,1.0591109725552124,1,2.0,2.0,2.0,False
trial_007_ep1_task186,7,186,0.9,medium,28,5,19,1.0709318771101266,1,2.0,2.0,2.0,False
trial_007_ep1_task186,7,186,0.9,medium,28,5,20,1.0709318771101266,1,2.0,2.0,2.0,False
trial_007_ep1_task186,7,186,0.9,medium,28,5,21,1.0709318771101266,1,2.0,2.0,2.0,False
trial_007_ep1_task186,7,186,0.9,medium,28,5,22,1.0591109725552124,1,2.0,2.0,2.0,False
trial_007_ep1_task186,7,186,0.9,medium,28,5,23,1.0591109725552124,1,2.0,2.0,2.0,False
trial_007_ep1_task186,7,186,0.9,medium,28,5,24,1.0591109725552124,1,2.0,2.0,2.0,False
trial_007_ep1_task186,7,186,0.9,medium,28,5,25,1.0709318771101266,1,2.0,2.0,2.0,False
trial_007_ep1_task186,7,186,0.9,medium,28,5,26,1.0709318771101266,1,2.0,2.0,2.0,False
trial_007_ep1_task186,7,186,0.9,medium,28,5,27,1.0709318771101266,1,2.0,2.0,2.0,False
trial_007_ep1_task187,7,187,0.9999,medium,18,5,1,0.0,1,,,,False
trial_007_ep1_task187,7,187,0.9999,medium,18,5,3,0.0,1,,,,False
trial_007_ep1_task187,7,187,0.9999,medium,18,5,4,0.0,1,,,,False
trial_007_ep1_task187,7,187,0.9999,medium,18,5,6,0.0,1,,,,False
trial_007_ep1_task187,7,187,0.9999,medium,18,5,12,0.0,1,,,,False
trial_007_ep1_task187,7,187,0.9999,medium,18,5,14,0.0,1,,,,False
trial_007_ep1_task187,7,187,0.9999,medium,18,5,15,0.0,1,,,,False
trial_007_ep1_task187,7,187,0.9999,medium,18,5,16,0.0,1,,,,False
trial_007_ep1_task187,7,187,0.9999,medium,18,5,17,0.0,1,,,,False
trial_007_ep1_task187,7,187,0.9999,medium,18,5,19,0.0,1,,,,False
trial_007_ep1_task187,7,187,0.9999,medium,18,5,21,0.0,1,,,,False
trial_007_ep1_task187,7,187,0.9999,medium,18,5,22,0.0,1,,,,False
trial_007_ep1_task187,7,187,0.9999,medium,18,5,23,0.0,1,,,,False
trial_007_ep1_task187,7,187,0.9999,medium,18,5,24,0.0,1,,,,False
trial_007_ep1_task187,7,187,0.9999,medium,18,5,25,0.0,1,,,,False
trial_007_ep1_task187,7,187,0.9999,medium,18,5,26,0.0,1,,,,False
trial_007_ep1_task187,7,187,0.9999,medium,18,5,27,0.0,1,,,,False
trial_007_ep1_task188,7,188,0.99,low,28,5,0,0.0,1,,,,False
trial_007_ep1_task188,7,188,0.99,low,28,5,1,0.0,1,,,,False
trial_007_ep1_task188,7,188,0.99,low,28,5,2,0.0,1,,,,False
trial_007_ep1_task188,7,188,0.99,low,28,5,3,0.0,1,,,,False
trial_007_ep1_task188,7,188,0.99,low,28,5,4,0.0,1,,,,False
trial_007_ep1_task188,7,188,0.99,low,28,5,6,0.0,1,,,,False
trial_007_ep1_task188,7,188,0.99,low,28,5,7,0.0,1,,,,False
trial_007_ep1_task188,7,188,0.99,low,28,5,8,0.0,1,,,,False
trial_007_ep1_task188,7,188,0.99,low,28,5,9,0.0,1,,,,False
trial_007_ep1_task188,7,188,0.99,low,28,5,10,0.0,1,,,,False
trial_007_ep1_task188,7,188,0.99,low,28,5,11,0.0,1,,,,False
trial_007_ep1_task188,7,188,0.99,low,28,5,12,0.0,1,,,,False
trial_007_ep1_task188,7,188,0.99,low,28,5,13,0.0,1,,,,False
trial_007_ep1_task188,7,188,0.99,low,28,5,14,0.0,1,,,,False
trial_007_ep1_task188,7,188,0.99,low,28,5,15,0.0,1,,,,False
trial_007_ep1_task188,7,188,0.99,low,28,5,16,0.0,1,,,,False
trial_007_ep1_task188,7,188,0.99,low,28,5,17,0.0,1,,,,False
trial_007_ep1_task188,7,188,0.99,low,28,5,18,0.0,1,,,,False
trial_007_ep1_task188,7,188,0.99,low,28,5,19,0.0,1,,,,False
trial_007_ep1_task188,7,188,0.99,low,28,5,20,0.0,1,,,,False
trial_007_ep1_task188,7,188,0.99,low,28,5,21,0.0,1,,,,False
trial_007_ep1_task188,7,188,0.99,low,28,5,22,0.0,1,,,,False
trial_007_ep1_task188,7,188,0.99,low,28,5,23,0.0,1,,,,False
trial_007_ep1_task188,7,188,0.99,low,28,5,24,0.0,1,,,,False
trial_007_ep1_task188,7,188,0.99,low,28,5,25,0.0,1,,,,False
trial_007_ep1_task188,7,188,0.99,low,28,5,26,0.0,1,,,,False
trial_007_ep1_task188,7,188,0.99,low,28,5,27,0.0,1,,,,False
trial_007_ep1_task189,7,189,0.9,low,28,5,0,0.0,1,,,,False
trial_007_ep1_task189,7,189,0.9,low,28,5,1,0.0,1,,,,False
trial_007_ep1_task189,7,189,0.9,low,28,5,2,0.0,1,,,,False
trial_007_ep1_task189,7,189,0.9,low,28,5,3,0.0,1,,,,False
trial_007_ep1_task189,7,189,0.9,low,28,5,4,0.0,1,,,,False
trial_007_ep1_task189,7,189,0.9,low,28,5,6,0.0,1,,,,False
trial_007_ep1_task189,7,189,0.9,low,28,5,7,0.0,1,,,,False
trial_007_ep1_task189,7,189,0.9,low,28,5,8,0.0,1,,,,False
trial_007_ep1_task189,7,189,0.9,low,28,5,9,0.0,1,,,,False
trial_007_ep1_task189,7,189,0.9,low,28,5,10,0.0,1,,,,False
trial_007_ep1_task189,7,189,0.9,low,28,5,11,0.0,1,,,,False
trial_007_ep1_task189,7,189,0.9,low,28,5,12,0.0,1,,,,False
trial_007_ep1_task189,7,189,0.9,low,28,5,13,0.0,1,,,,False
trial_007_ep1_task189,7,189,0.9,low,28,5,14,0.0,1,,,,False
trial_007_ep1_task189,7,189,0.9,low,28,5,15,0.0,1,,,,False
trial_007_ep1_task189,7,189,0.9,low,28,5,16,0.0,1,,,,False
trial_007_ep1_task189,7,189,0.9,low,28,5,17,0.0,1,,,,False
trial_007_ep1_task189,7,189,0.9,low,28,5,18,0.0,1,,,,False
trial_007_ep1_task189,7,189,0.9,low,28,5,19,0.0,1,,,,False
trial_007_ep1_task189,7,189,0.9,low,28,5,20,0.0,1,,,,False
trial_007_ep1_task189,7,189,0.9,low,28,5,21,0.0,1,,,,False
trial_007_ep1_task189,7,189,0.9,low,28,5,22,0.0,1,,,,False
trial_007_ep1_task189,7,189,0.9,low,28,5,23,0.0,1,,,,False
trial_007_ep1_task189,7,189,0.9,low,28,5,24,0.0,1,,,,False
trial_007_ep1_task189,7,189,0.9,low,28,5,25,0.0,1,,,,False
trial_007_ep1_task189,7,189,0.9,low,28,5,26,0.0,1,,,,False
trial_007_ep1_task189,7,189,0.9,low,28,5,27,0.0,1,,,,False
trial_007_ep1_task193,7,193,0.9,medium,28,5,0,0.17956472770436516,1,2.0,2.0,2.0,False
trial_007_ep1_task193,7,193,0.9,medium,28,5,1,0.21213325320672993,1,2.0,2.0,2.0,False
trial_007_ep1_task193,7,193,0.9,medium,28,5,2,0.0,1,,,,False
trial_007_ep1_task193,7,193,0.9,medium,28,5,3,0.5125387271627119,1,2.0,2.0,2.0,False
trial_007_ep1_task193,7,193,0.9,medium,28,5,4,0.0720579209506963,1,2.0,2.0,2.0,False
trial_007_ep1_task193,7,193,0.9,medium,28,5,6,0.0,1,,,,False
trial_007_ep1_task193,7,193,0.9,medium,28,5,7,0.05439389203248246,1,2.0,2.0,2.0,False
trial_007_ep1_task193,7,193,0.9,medium,28,5,8,0.2665271452392124,1,2.0,2.0,2.0,False
trial_007_ep1_task193,7,193,0.9,medium,28,5,9,0.24601158192349948,1,2.0,2.0,2.0,False
trial_007_ep1_task193,7,193,0.9,medium,28,5,10,0.1944692242885161,1,2.0,2.0,2.0,False
trial_007_ep1_task193,7,193,0.9,medium,28,5,11,0.2665271452392124,1,2.0,2.0,2.0,False
trial_007_ep1_task193,7,193,0.9,medium,28,5,12,0.2665271452392124,1,2.0,2.0,2.0,False
trial_007_ep1_task193,7,193,0.9,medium,28,5,13,0.23395861973684762,1,2.0,2.0,2.0,False
trial_007_ep1_task193,7,193,0.9,medium,28,5,14,0.27858010742586425,1,2.0,2.0,2.0,False
trial_007_ep1_task193,7,193,0.9,medium,28,5,15,0.16190069878615132,1,2.0,2.0,2.0,False
trial_007_ep1_task193,7,193,0.9,medium,28,5,16,0.23395861973684762,1,2.0,2.0,2.0,False
trial_007_ep1_task193,7,193,0.9,medium,28,5,17,0.23395861973684762,1,2.0,2.0,2.0,False
trial_007_ep1_task193,7,193,0.9,medium,28,5,18,0.06644685421913432,1,2.0,2.0,2.0,False
trial_007_ep1_task193,7,193,0.9,medium,28,5,19,0.37403395199288125,1,2.0,2.0,2.0,False
trial_007_ep1_task193,7,193,0.9,medium,28,5,20,0.44609187294357755,1,2.0,2.0,2.0,False
trial_007_ep1_task193,7,193,0.9,medium,28,5,21,0.44609187294357755,1,2.0,2.0,2.0,False
trial_007_ep1_task193,7,193,0.9,medium,28,5,22,0.13850477516983062,1,2.0,2.0,2.0,False
trial_007_ep1_task193,7,193,0.9,medium,28,5,23,0.06644685421913432,1,2.0,2.0,2.0,False
trial_007_ep1_task193,7,193,0.9,medium,28,5,24,0.06644685421913432,1,2.0,2.0,2.0,False
trial_007_ep1_task193,7,193,0.9,medium,28,5,25,0.37403395199288125,1,2.0,2.0,2.0,False
trial_007_ep1_task193,7,193,0.9,medium,28,5,26,0.37403395199288125,1,2.0,2.0,2.0,False
trial_007_ep1_task193,7,193,0.9,medium,28,5,27,0.44609187294357755,1,2.0,2.0,2.0,False
trial_007_ep1_task194,7,194,0.9,medium,28,6,0,2.672720952942491,4,,,,True
trial_007_ep1_task194,7,194,0.9,medium,28,6,1,1.5716481755038414,1,,,,True
trial_007_ep1_task194,7,194,0.9,medium,28,6,2,0.8452265310891871,1,,,,True
trial_007_ep1_task194,7,194,0.9,medium,28,6,3,2.130350894530909,1,2.0,3.0,,False
trial_007_ep1_task194,7,194,0.9,medium,28,6,4,0.5244991716399845,5,,,,True
trial_007_ep1_task194,7,194,0.9,medium,28,6,5,1.0102550693660213,4,,,,True
trial_007_ep1_task194,7,194,0.9,medium,28,6,7,1.803881373821234,4,,,,True
trial_007_ep1_task194,7,194,0.9,medium,28,6,8,1.0774597294065789,3,,,,True
trial_007_ep1_task194,7,194,0.9,medium,28,6,9,2.7733131201128733,1,2.0,,,False
trial_007_ep1_task194,7,194,0.9,medium,28,6,10,0.8078631190177035,5,,,,True
trial_007_ep1_task194,7,194,0.9,medium,28,6,11,2.3426173600236844,5,,,,True
trial_007_ep1_task194,7,194,0.9,medium,28,6,12,1.332362290657688,5,,,,True
trial_007_ep1_task194,7,194,0.9,medium,28,6,13,1.7234332472359668,5,,,,True
trial_007_ep1_task194,7,194,0.9,medium,28,6,14,2.9991904736521664,1,2.0,,,False
trial_007_ep1_task194,7,194,0.9,medium,28,6,15,1.6931843041930357,5,,,,True
trial_007_ep1_task194,7,194,0.9,medium,28,6,16,0.781869329115854,1,3.0,3.0,,False
trial_007_ep1_task194,7,194,0.9,medium,28,6,17,1.1686851325530512,5,,,,True
trial_007_ep1_task194,7,194,0.9,medium,28,6,18,3.7256121180668202,1,2.0,,,False
trial_007_ep1_task194,7,194,0.9,medium,28,6,19,2.419605948607689,5,,,,True
trial_007_ep1_task194,7,194,0.9,medium,28,6,20,1.5082909735305083,1,,,,True
trial_007_ep1_task194,7,194,0.9,medium,28,6,21,1.8951067769677046,5,,,,True
trial_007_ep1_task194,7,194,0.9,medium,28,6,22,4.225165333911326,1,2.0,,,False
trial_007_ep1_task194,7,194,0.9,medium,28,6,23,4.483868399150604,1,2.0,2.0,,False
trial_007_ep1_task194,7,194,0.9,medium,28,6,24,4.570838649156007,1,2.0,,,False
trial_007_ep1_task194,7,194,0.9,medium,28,6,25,2.007844189375014,1,4.0,,,False
trial_007_ep1_task194,7,194,0.9,medium,28,6,26,2.0948144393804187,2,,,,True
trial_007_ep1_task194,7,194,0.9,medium,28,6,27,2.3535175046196954,1,3.0,4.0,,False
trial_007_ep1_task195,7,195,0.99,high,27,6,0,1.0564560590841374,1,3.0,,,False
trial_007_ep1_task195,7,195,0.99,high,27,6,1,0.9218588161187657,1,,,,True
trial_007_ep1_task195,7,195,0.99,high,27,6,2,0.5228939715619845,4,,,,True
trial_007_ep1_task195,7,195,0.99,high,27,6,3,0.5702234886532667,1,,,,True
trial_007_ep1_task195,7,195,0.99,high,27,6,4,1.0653413225556854,2,,,,True
trial_007_ep1_task195,7,195,0.99,high,27,6,5,0.9771060284380368,2,,,,True
trial_007_ep1_task195,7,195,0.99,high,27,6,7,1.3758078432191496,5,,,,True
trial_007_ep1_task195,7,195,0.99,high,27,6,9,1.3758078432191496,5,,,,True
trial_007_ep1_task195,7,195,0.99,high,27,6,10,0.6916483892043104,2,,,,True
trial_007_ep1_task195,7,195,0.99,high,27,6,11,0.6034130950866619,2,,,,True
trial_007_ep1_task195,7,195,0.99,high,27,6,12,0.8529138716571651,5,,,,True
trial_007_ep1_task195,7,195,0.99,high,27,6,13,1.3758078432191496,5,,,,True
trial_007_ep1_task195,7,195,0.99,high,27,6,14,1.3758078432191496,5,,,,True
trial_007_ep1_task195,7,195,0.99,high,27,6,15,0.5570511462389387,2,4.0,,,False
trial_007_ep1_task195,7,195,0.99,high,27,6,16,0.46881585212129195,2,4.0,,,False
trial_007_ep1_task195,7,195,0.99,high,27,6,17,0.8529138716571651,5,,,,True
trial_007_ep1_task195,7,195,0.99,high,27,6,18,1.3758078432191603,4,,,,True
trial_007_ep1_task195,7,195,0.99,high,27,6,19,0.46135264494686634,1,2.0,,,False
trial_007_ep1_task195,7,195,0.99,high,27,6,20,0.5495879390645131,1,2.0,2.0,,False
trial_007_ep1_task195,7,195,0.99,high,27,6,21,0.9317265562995942,2,,,,True
trial_007_ep1_task195,7,195,0.99,high,27,6,22,0.38955159242951787,1,,,,True
trial_007_ep1_task195,7,195,0.99,high,27,6,23,0.4777868865471646,1,2.0,,,False
trial_007_ep1_task195,7,195,0.99,high,27,6,24,0.8599255037822449,1,,,,True
trial_007_ep1_task195,7,195,0.99,high,27,6,25,1.7124274508984971,5,,,,True
trial_007_ep1_task195,7,195,0.99,high,27,6,26,0.9597750810827836,1,,,,True
trial_007_ep1_task195,7,195,0.99,high,27,6,27,1.0480103752004304,1,,,,True
